effect_id,fred_id,doi_o,is_focal,focal_role,focal_source,confidence,needs_review,coverage,proposed_row
1,add_ai57,10.1037/0003-066x.54.6.408,TRUE,focal,abstract,high,FALSE,resolved,
2,CORE_160,10.1006/cogp.1998.0708,FALSE,constituent,report,low,FALSE,constituent_set,
3,CORE_146,10.3758/bf03197186,FALSE,constituent,report,low,FALSE,constituent_set,
4,add_ai57,10.1037/0003-066x.54.6.408,FALSE,none,abstract,high,FALSE,resolved,
5,CORE_160,10.1006/cogp.1998.0708,FALSE,constituent,report,low,FALSE,constituent_set,
6,CORE_146,10.3758/bf03197186,FALSE,constituent,report,low,FALSE,constituent_set,
7,CORE_160,10.1006/cogp.1998.0708,FALSE,constituent,report,low,FALSE,constituent_set,
8,CORE_146,10.3758/bf03197186,FALSE,constituent,report,low,FALSE,constituent_set,
9,add_ai57,10.1037/0003-066x.54.6.408,FALSE,none,abstract,high,FALSE,resolved,
10,CORE_160,10.1006/cogp.1998.0708,FALSE,constituent,report,low,FALSE,constituent_set,
11,CORE_146,10.3758/bf03197186,FALSE,constituent,report,low,FALSE,constituent_set,
12,CORE_147,10.1037/0022-3514.83.1.138,FALSE,none,abstract,high,FALSE,resolved,
13,CORE_160,10.1006/cogp.1998.0708,FALSE,constituent,report,low,FALSE,constituent_set,
14,CORE_146,10.3758/bf03197186,FALSE,constituent,report,low,FALSE,constituent_set,
15,CORE_147,10.1037/0022-3514.83.1.138,FALSE,none,abstract,high,FALSE,resolved,
16,add_ai57,10.1037/0003-066x.54.6.408,FALSE,none,abstract,high,FALSE,resolved,
17,CORE_160,10.1006/cogp.1998.0708,FALSE,constituent,report,low,FALSE,constituent_set,
18,39xuw,10.1111/j.1468-0068.2010.00795.x,TRUE,focal,single_effect,high,FALSE,resolved,
19,CORE_146,10.3758/bf03197186,FALSE,constituent,report,low,FALSE,constituent_set,
20,CORE_147,10.1037/0022-3514.83.1.138,FALSE,none,abstract,high,FALSE,resolved,
21,CORE_160,10.1006/cogp.1998.0708,FALSE,constituent,report,low,FALSE,constituent_set,
22,CORE_146,10.3758/bf03197186,FALSE,constituent,report,low,FALSE,constituent_set,
23,CORE_147,10.1037/0022-3514.83.1.138,FALSE,none,abstract,high,FALSE,resolved,
24,add_ai57,10.1037/0003-066x.54.6.408,FALSE,none,abstract,high,FALSE,resolved,
25,CORE_160,10.1006/cogp.1998.0708,FALSE,constituent,report,low,FALSE,constituent_set,
26,CORE_160,10.1006/cogp.1998.0708,FALSE,constituent,report,low,FALSE,constituent_set,
27,CORE_146,10.3758/bf03197186,FALSE,constituent,report,low,FALSE,constituent_set,
28,CORE_147,10.1037/0022-3514.83.1.138,TRUE,focal,abstract,high,FALSE,resolved,
29,add_ai57,10.1037/0003-066x.54.6.408,FALSE,none,abstract,high,FALSE,resolved,
30,CORE_160,10.1006/cogp.1998.0708,FALSE,constituent,report,low,FALSE,constituent_set,
31,CORE_160,10.1006/cogp.1998.0708,FALSE,constituent,report,low,FALSE,constituent_set,
32,acykd,10.1016/j.obhdp.2004.12.002,TRUE,focal,single_effect,high,FALSE,resolved,
33,CORE_146,10.3758/bf03197186,FALSE,constituent,report,low,FALSE,constituent_set,
34,add_ai57,10.1037/0003-066x.54.6.408,FALSE,none,abstract,high,FALSE,resolved,
35,CORE_160,10.1006/cogp.1998.0708,FALSE,constituent,report,low,FALSE,constituent_set,
36,additional_studies1,10.1007/s11858-016-0819-3,TRUE,focal,abstract,high,FALSE,resolved,
37,CORE_146,10.3758/bf03197186,FALSE,constituent,report,low,FALSE,constituent_set,
38,CORE_160,10.1006/cogp.1998.0708,FALSE,constituent,report,low,FALSE,constituent_set,
39,CORE_146,10.3758/bf03197186,FALSE,constituent,report,low,FALSE,constituent_set,
40,add_ai57,10.1037/0003-066x.54.6.408,FALSE,none,abstract,high,FALSE,resolved,
41,CORE_160,10.1006/cogp.1998.0708,FALSE,constituent,report,low,FALSE,constituent_set,
42,additional_studies1,10.1007/s11858-016-0819-3,FALSE,none,abstract,high,FALSE,resolved,
43,CORE_160,10.1006/cogp.1998.0708,FALSE,constituent,report,low,FALSE,constituent_set,
44,add_ai57,10.1037/0003-066x.54.6.408,FALSE,none,abstract,high,FALSE,resolved,
45,CORE_160,10.1006/cogp.1998.0708,FALSE,constituent,report,low,FALSE,constituent_set,
46,add_ai57,10.1037/0003-066x.54.6.408,FALSE,none,abstract,high,FALSE,resolved,
47,add_ai57,10.1037/0003-066x.54.6.408,FALSE,none,abstract,high,FALSE,resolved,
48,add_ai57,10.1037/0003-066x.54.6.408,FALSE,none,abstract,high,FALSE,resolved,
49,additional_studies10,10.1111/lang.12161,TRUE,focal,abstract,high,FALSE,resolved,
50,additional_studies10,10.1111/lang.12161,FALSE,none,abstract,high,FALSE,resolved,
51,additional_studies10,10.1111/lang.12161,FALSE,none,abstract,high,FALSE,resolved,
52,additional_studies11,10.4148/1944-9771.1299,FALSE,none,abstract,high,FALSE,resolved,
53,additional_studies11,10.4148/1944-9771.1299,FALSE,none,abstract,high,FALSE,resolved,
54,additional_studies11,10.4148/1944-9771.1299,TRUE,focal,abstract,high,FALSE,resolved,
55,additional_studies11,10.4148/1944-9771.1299,FALSE,none,abstract,high,FALSE,resolved,
56,additional_studies12,10.1037/pspi0000109,FALSE,none,abstract,high,FALSE,resolved,
57,additional_studies12,10.1037/pspi0000109,TRUE,focal,abstract,high,FALSE,resolved,
58,additional_studies12,10.1037/pspi0000109,FALSE,none,abstract,high,FALSE,resolved,
59,additional_studies125,10.1016/j.jsams.2017.06.007,TRUE,focal,quote,high,FALSE,resolved,
60,additional_studies125,10.1016/j.jsams.2017.06.007,FALSE,none,quote,high,FALSE,resolved,
61,additional_studies15,10.1016/j.jsp.2021.09.004,FALSE,none,abstract,medium,FALSE,resolved,
62,additional_studies15,10.1016/j.jsp.2021.09.004,TRUE,focal,abstract,medium,FALSE,resolved,
63,additional_studies15,10.1016/j.jsp.2021.09.004,FALSE,none,abstract,medium,FALSE,resolved,
64,additional_studies15,10.1016/j.jsp.2021.09.004,FALSE,none,abstract,medium,FALSE,resolved,
65,additional_studies16,10.1016/j.learninstruc.2018.05.004,FALSE,constituent,report,low,FALSE,constituent_set,
66,additional_studies16,10.1016/j.learninstruc.2018.05.004,FALSE,constituent,report,low,FALSE,constituent_set,
67,additional_studies16,10.1016/j.learninstruc.2018.05.004,FALSE,constituent,report,low,FALSE,constituent_set,
68,additional_studies17,10.3102/0013189x13507104,FALSE,none,abstract,high,FALSE,resolved,
69,additional_studies17,10.3102/0013189x13507104,FALSE,none,abstract,high,FALSE,resolved,
70,additional_studies17,10.3102/0013189x13507104,FALSE,none,abstract,high,FALSE,resolved,
71,additional_studies17,10.3102/0013189x13507104,FALSE,none,abstract,high,FALSE,resolved,
72,additional_studies17,10.3102/0013189x13507104,TRUE,focal,abstract,high,FALSE,resolved,
73,additional_studies2,10.1016/s2215-0366(21)00241-8,FALSE,none,abstract,high,FALSE,resolved,
74,additional_studies2,10.1016/s2215-0366(21)00241-8,TRUE,focal,abstract,high,FALSE,resolved,
75,additional_studies2,10.1016/s2215-0366(21)00241-8,FALSE,none,abstract,high,FALSE,resolved,
76,additional_studies2,10.1016/s2215-0366(21)00241-8,FALSE,none,abstract,high,FALSE,resolved,
77,additional_studies20,10.1038/s41467-018-06785-y,FALSE,none,abstract,high,FALSE,resolved,
78,additional_studies20,10.1038/s41467-018-06785-y,FALSE,none,abstract,high,FALSE,resolved,
79,additional_studies20,10.1038/s41467-018-06785-y,FALSE,none,abstract,high,FALSE,resolved,
80,additional_studies20,10.1038/s41467-018-06785-y,TRUE,focal,abstract,high,FALSE,resolved,
81,additional_studies20,10.1038/s41467-018-06785-y,FALSE,none,abstract,high,FALSE,resolved,
82,additional_studies21,10.1016/j.ijinfomgt.2018.03.001,FALSE,constituent,report,low,FALSE,constituent_set,
83,additional_studies21,10.1016/j.ijinfomgt.2018.03.001,FALSE,constituent,report,low,FALSE,constituent_set,
84,additional_studies26,10.1016/j.jenvp.2022.101868,FALSE,constituent,report,low,FALSE,constituent_set,
85,additional_studies26,10.1016/j.jenvp.2022.101868,FALSE,constituent,report,low,FALSE,constituent_set,
86,additional_studies28,10.1016/j.drugalcdep.2021.108610,TRUE,focal,abstract,high,FALSE,resolved,
87,additional_studies28,10.1016/j.drugalcdep.2021.108610,FALSE,none,abstract,high,FALSE,resolved,
88,additional_studies29,10.1002/jeab.432,TRUE,focal,single_effect,high,FALSE,resolved,
89,additional_studies3,10.1016/j.paid.2021.111472,TRUE,focal,abstract,high,FALSE,resolved,
90,additional_studies3,10.1016/j.paid.2021.111472,FALSE,none,abstract,high,FALSE,resolved,
91,additional_studies3,10.1016/j.paid.2021.111472,FALSE,none,abstract,high,FALSE,resolved,
92,additional_studies30,10.1016/j.learninstruc.2018.04.006,FALSE,none,abstract,medium,FALSE,resolved,
93,additional_studies30,10.1016/j.learninstruc.2018.04.006,FALSE,none,abstract,medium,FALSE,resolved,
94,additional_studies30,10.1016/j.learninstruc.2018.04.006,FALSE,none,abstract,medium,FALSE,resolved,
95,additional_studies30,10.1016/j.learninstruc.2018.04.006,FALSE,none,abstract,medium,FALSE,resolved,
96,additional_studies30,10.1016/j.learninstruc.2018.04.006,FALSE,none,abstract,medium,FALSE,resolved,
97,additional_studies30,10.1016/j.learninstruc.2018.04.006,FALSE,none,abstract,medium,FALSE,resolved,
98,additional_studies30,10.1016/j.learninstruc.2018.04.006,TRUE,focal,abstract,medium,FALSE,resolved,
99,additional_studies30,10.1016/j.learninstruc.2018.04.006,FALSE,none,abstract,medium,FALSE,resolved,
100,additional_studies31,10.1016/j.jarmac.2021.08.001,TRUE,focal,abstract,high,FALSE,resolved,
101,additional_studies31,10.1016/j.jarmac.2021.08.001,FALSE,none,abstract,high,FALSE,resolved,
102,additional_studies32,10.1080/23273798.2020.1810292,FALSE,none,abstract,high,FALSE,resolved,
103,additional_studies32,10.1080/23273798.2020.1810292,TRUE,focal,abstract,high,FALSE,resolved,
104,additional_studies32,10.1080/23273798.2020.1810292,FALSE,none,abstract,high,FALSE,resolved,
105,additional_studies32,10.1080/23273798.2020.1810292,FALSE,none,abstract,high,FALSE,resolved,
106,additional_studies32,10.1080/23273798.2020.1810292,FALSE,none,abstract,high,FALSE,resolved,
107,additional_studies32,10.1080/23273798.2020.1810292,FALSE,none,abstract,high,FALSE,resolved,
108,additional_studies32,10.1080/23273798.2020.1810292,FALSE,none,abstract,high,FALSE,resolved,
109,additional_studies35,10.1002/jeab.705,TRUE,focal,single_effect,high,FALSE,resolved,
110,additional_studies36,10.1016/j.psychres.2017.09.048,FALSE,none,abstract,high,FALSE,resolved,
111,additional_studies36,10.1016/j.psychres.2017.09.048,FALSE,none,abstract,high,FALSE,resolved,
112,additional_studies36,10.1016/j.psychres.2017.09.048,FALSE,none,abstract,high,FALSE,resolved,
113,additional_studies36,10.1016/j.psychres.2017.09.048,FALSE,none,abstract,high,FALSE,resolved,
114,additional_studies36,10.1016/j.psychres.2017.09.048,FALSE,none,abstract,high,FALSE,resolved,
115,additional_studies36,10.1016/j.psychres.2017.09.048,FALSE,none,abstract,high,FALSE,resolved,
116,additional_studies36,10.1016/j.psychres.2017.09.048,TRUE,focal,abstract,high,FALSE,resolved,
117,additional_studies36,10.1016/j.psychres.2017.09.048,FALSE,none,abstract,high,FALSE,resolved,
118,additional_studies36,10.1016/j.psychres.2017.09.048,FALSE,none,abstract,high,FALSE,resolved,
119,additional_studies36,10.1016/j.psychres.2017.09.048,FALSE,none,abstract,high,FALSE,resolved,
120,additional_studies36,10.1016/j.psychres.2017.09.048,FALSE,none,abstract,high,FALSE,resolved,
121,additional_studies36,10.1016/j.psychres.2017.09.048,FALSE,none,abstract,high,FALSE,resolved,
122,additional_studies36,10.1016/j.psychres.2017.09.048,FALSE,none,abstract,high,FALSE,resolved,
123,additional_studies36,10.1016/j.psychres.2017.09.048,FALSE,none,abstract,high,FALSE,resolved,
124,additional_studies36,10.1016/j.psychres.2017.09.048,FALSE,none,abstract,high,FALSE,resolved,
125,additional_studies36,10.1016/j.psychres.2017.09.048,FALSE,none,abstract,high,FALSE,resolved,
126,additional_studies36,10.1016/j.psychres.2017.09.048,FALSE,none,abstract,high,FALSE,resolved,
127,additional_studies36,10.1016/j.psychres.2017.09.048,FALSE,none,abstract,high,FALSE,resolved,
128,additional_studies36,10.1016/j.psychres.2017.09.048,FALSE,none,abstract,high,FALSE,resolved,
129,additional_studies36,10.1016/j.psychres.2017.09.048,FALSE,none,abstract,high,FALSE,resolved,
130,additional_studies36,10.1016/j.psychres.2017.09.048,FALSE,none,abstract,high,FALSE,resolved,
131,additional_studies36,10.1016/j.psychres.2017.09.048,FALSE,none,abstract,high,FALSE,resolved,
132,additional_studies36,10.1016/j.psychres.2017.09.048,FALSE,none,abstract,high,FALSE,resolved,
133,additional_studies36,10.1016/j.psychres.2017.09.048,FALSE,none,abstract,high,FALSE,resolved,
134,additional_studies36,10.1016/j.psychres.2017.09.048,FALSE,none,abstract,high,FALSE,resolved,
135,additional_studies36,10.1016/j.psychres.2017.09.048,FALSE,none,abstract,high,FALSE,resolved,
136,additional_studies37,10.1177/0267658310386439,FALSE,none,abstract,high,FALSE,resolved,
137,additional_studies37,10.1177/0267658310386439,FALSE,none,abstract,high,FALSE,resolved,
138,additional_studies37,10.1177/0267658310386439,TRUE,focal,abstract,high,FALSE,resolved,
139,additional_studies37,10.1177/0267658310386439,FALSE,none,abstract,high,FALSE,resolved,
140,additional_studies37,10.1177/0267658310386439,FALSE,none,abstract,high,FALSE,resolved,
141,additional_studies37,10.1177/0267658310386439,FALSE,none,abstract,high,FALSE,resolved,
142,additional_studies4,10.1016/j.obhdp.2018.10.004,TRUE,focal,abstract,high,FALSE,resolved,
143,additional_studies4,10.1016/j.obhdp.2018.10.004,FALSE,none,abstract,high,FALSE,resolved,
144,additional_studies4,10.1016/j.obhdp.2018.10.004,FALSE,none,abstract,high,FALSE,resolved,
145,additional_studies4,10.1016/j.obhdp.2018.10.004,FALSE,none,abstract,high,FALSE,resolved,
146,additional_studies4,10.1016/j.obhdp.2018.10.004,FALSE,none,abstract,high,FALSE,resolved,
147,additional_studies40,thekeep.eiu.edu/theses/4783,FALSE,constituent,report,low,FALSE,constituent_set,
148,additional_studies40,thekeep.eiu.edu/theses/4783,FALSE,constituent,report,low,FALSE,constituent_set,
149,additional_studies40,thekeep.eiu.edu/theses/4783,FALSE,constituent,report,low,FALSE,constituent_set,
150,additional_studies40,thekeep.eiu.edu/theses/4783,FALSE,constituent,report,low,FALSE,constituent_set,
151,additional_studies40,thekeep.eiu.edu/theses/4783,FALSE,constituent,report,low,FALSE,constituent_set,
152,additional_studies40,thekeep.eiu.edu/theses/4783,FALSE,constituent,report,low,FALSE,constituent_set,
153,additional_studies40,thekeep.eiu.edu/theses/4783,FALSE,constituent,report,low,FALSE,constituent_set,
154,additional_studies40,thekeep.eiu.edu/theses/4783,FALSE,constituent,report,low,FALSE,constituent_set,
155,additional_studies40,thekeep.eiu.edu/theses/4783,FALSE,constituent,report,low,FALSE,constituent_set,
156,additional_studies40,thekeep.eiu.edu/theses/4783,FALSE,constituent,report,low,FALSE,constituent_set,
157,additional_studies41,10.1002/pam.21702,TRUE,focal,report,high,FALSE,resolved,
158,additional_studies41,10.1002/pam.21702,FALSE,none,report,high,FALSE,resolved,
159,additional_studies41,10.1002/pam.21702,FALSE,none,report,high,FALSE,resolved,
160,additional_studies41,10.1002/pam.21702,FALSE,none,report,high,FALSE,resolved,
161,additional_studies41,10.1002/pam.21702,FALSE,none,report,high,FALSE,resolved,
162,additional_studies41,10.1002/pam.21702,FALSE,none,report,high,FALSE,resolved,
163,additional_studies41,10.1002/pam.21702,FALSE,none,report,high,FALSE,resolved,
164,additional_studies41,10.1002/pam.21702,FALSE,none,report,high,FALSE,resolved,
165,additional_studies41,10.1002/pam.21702,FALSE,none,report,high,FALSE,resolved,
166,additional_studies41,10.1002/pam.21702,FALSE,none,report,high,FALSE,resolved,
167,additional_studies41,10.1002/pam.21702,FALSE,none,report,high,FALSE,resolved,
168,additional_studies41,10.1002/pam.21702,FALSE,none,report,high,FALSE,resolved,
169,additional_studies41,10.1002/pam.21702,FALSE,none,report,high,FALSE,resolved,
170,additional_studies41,10.1002/pam.21702,FALSE,none,report,high,FALSE,resolved,
171,additional_studies41,10.1002/pam.21702,FALSE,none,report,high,FALSE,resolved,
172,additional_studies41,10.1002/pam.21702,FALSE,none,report,high,FALSE,resolved,
173,additional_studies47,10.1017/s1366728914000273,FALSE,none,abstract,high,FALSE,resolved,
174,additional_studies47,10.1017/s1366728914000273,FALSE,none,abstract,high,FALSE,resolved,
175,additional_studies47,10.1017/s1366728914000273,TRUE,focal,abstract,high,FALSE,resolved,
176,additional_studies47,10.1017/s1366728914000273,FALSE,none,abstract,high,FALSE,resolved,
177,additional_studies47,10.1017/s1366728914000273,FALSE,none,abstract,high,FALSE,resolved,
178,additional_studies47,10.1017/s1366728914000273,FALSE,none,abstract,high,FALSE,resolved,
179,additional_studies48,scholars.indianastate.eduetds--2136,TRUE,focal,single_effect,high,FALSE,resolved,
180,additional_studies49,10.1075/resla.17019.loz,TRUE,focal,abstract,high,FALSE,resolved,
181,additional_studies49,10.1075/resla.17019.loz,FALSE,none,abstract,high,FALSE,resolved,
182,additional_studies49,10.1075/resla.17019.loz,FALSE,none,abstract,high,FALSE,resolved,
183,additional_studies49,10.1075/resla.17019.loz,FALSE,none,abstract,high,FALSE,resolved,
184,additional_studies49,10.1075/resla.17019.loz,FALSE,none,abstract,high,FALSE,resolved,
185,additional_studies49,10.1075/resla.17019.loz,FALSE,none,abstract,high,FALSE,resolved,
186,additional_studies49,10.1075/resla.17019.loz,FALSE,none,abstract,high,FALSE,resolved,
187,additional_studies49,10.1075/resla.17019.loz,FALSE,none,abstract,high,FALSE,resolved,
188,additional_studies5,10.1111/0023-8333.00112,TRUE,focal,report,medium,FALSE,resolved,
189,additional_studies56,10.1089/cyber.2015.0311,TRUE,focal,abstract,high,FALSE,resolved,
190,additional_studies56,10.1089/cyber.2015.0311,FALSE,none,abstract,high,FALSE,resolved,
191,additional_studies56,10.1089/cyber.2015.0311,FALSE,none,abstract,high,FALSE,resolved,
192,additional_studies56,10.1089/cyber.2015.0311,FALSE,none,abstract,high,FALSE,resolved,
193,additional_studies56,10.1089/cyber.2015.0311,FALSE,none,abstract,high,FALSE,resolved,
194,additional_studies56,10.1089/cyber.2015.0311,FALSE,none,abstract,high,FALSE,resolved,
195,additional_studies56,10.1089/cyber.2015.0311,FALSE,none,abstract,high,FALSE,resolved,
196,additional_studies56,10.1089/cyber.2015.0311,FALSE,none,abstract,high,FALSE,resolved,
197,additional_studies56,10.1089/cyber.2015.0311,FALSE,none,abstract,high,FALSE,resolved,
198,additional_studies56,10.1089/cyber.2015.0311,FALSE,none,abstract,high,FALSE,resolved,
199,additional_studies56,10.1089/cyber.2015.0311,FALSE,none,abstract,high,FALSE,resolved,
200,additional_studies56,10.1089/cyber.2015.0311,FALSE,none,abstract,high,FALSE,resolved,
201,additional_studies56,10.1089/cyber.2015.0311,FALSE,none,abstract,high,FALSE,resolved,
202,additional_studies57,10.1037/0021-9010.77.4.419,TRUE,focal,abstract,high,FALSE,resolved,
203,additional_studies57,10.1037/0021-9010.77.4.419,FALSE,none,abstract,high,FALSE,resolved,
204,additional_studies57,10.1037/0021-9010.77.4.419,FALSE,none,abstract,high,FALSE,resolved,
205,additional_studies84,10.1016/j.learninstruc.2014.08.004,FALSE,none,abstract,high,FALSE,resolved,
206,additional_studies84,10.1016/j.learninstruc.2014.08.004,FALSE,none,abstract,high,FALSE,resolved,
207,additional_studies84,10.1016/j.learninstruc.2014.08.004,FALSE,none,abstract,high,FALSE,resolved,
208,additional_studies84,10.1016/j.learninstruc.2014.08.004,FALSE,none,abstract,high,FALSE,resolved,
209,additional_studies84,10.1016/j.learninstruc.2014.08.004,FALSE,none,abstract,high,FALSE,resolved,
210,additional_studies84,10.1016/j.learninstruc.2014.08.004,FALSE,none,abstract,high,FALSE,resolved,
211,additional_studies84,10.1016/j.learninstruc.2014.08.004,FALSE,none,abstract,high,FALSE,resolved,
212,additional_studies84,10.1016/j.learninstruc.2014.08.004,FALSE,none,abstract,high,FALSE,resolved,
213,additional_studies84,10.1016/j.learninstruc.2014.08.004,FALSE,none,abstract,high,FALSE,resolved,
214,additional_studies84,10.1016/j.learninstruc.2014.08.004,FALSE,none,abstract,high,FALSE,resolved,
215,additional_studies84,10.1016/j.learninstruc.2014.08.004,FALSE,none,abstract,high,FALSE,resolved,
216,additional_studies84,10.1016/j.learninstruc.2014.08.004,TRUE,focal,abstract,high,FALSE,resolved,
217,additional_studies84,10.1016/j.learninstruc.2014.08.004,FALSE,none,abstract,high,FALSE,resolved,
218,additional_studies84,10.1016/j.learninstruc.2014.08.004,FALSE,none,abstract,high,FALSE,resolved,
219,additional_studies84,10.1016/j.learninstruc.2014.08.004,FALSE,none,abstract,high,FALSE,resolved,
220,additional_studies84,10.1016/j.learninstruc.2014.08.004,FALSE,none,abstract,high,FALSE,resolved,
221,additional_studies58,10.1016/0030-5073(76)90005-2,TRUE,focal,report,medium,FALSE,resolved,
222,additional_studies58,10.1016/0030-5073(76)90005-2,FALSE,none,report,medium,FALSE,resolved,
223,additional_studies61,10.1037/a0019006,FALSE,none,abstract,medium,FALSE,resolved,
224,additional_studies61,10.1037/a0019006,FALSE,none,abstract,medium,FALSE,resolved,
225,additional_studies61,10.1037/a0019006,FALSE,none,abstract,medium,FALSE,resolved,
226,additional_studies61,10.1037/a0019006,TRUE,focal,abstract,medium,FALSE,resolved,
227,additional_studies61,10.1037/a0019006,FALSE,none,abstract,medium,FALSE,resolved,
228,additional_studies76,10.1177/1948550611432938,TRUE,focal,single_effect,high,FALSE,resolved,
229,additional_studies79,10.1016/j.biopsycho.2018.08.007,TRUE,focal,abstract,high,FALSE,resolved,
230,additional_studies79,10.1016/j.biopsycho.2018.08.007,FALSE,none,abstract,high,FALSE,resolved,
231,additional_studies79,10.1016/j.biopsycho.2018.08.007,FALSE,none,abstract,high,FALSE,resolved,
232,additional_studies81,10.1145/3105726.3106182,TRUE,focal,single_effect,high,FALSE,resolved,
233,additional_studies83,10.1109/tse.2016.2527791,TRUE,focal,abstract,high,FALSE,resolved,
234,additional_studies83,10.1109/tse.2016.2527791,FALSE,none,abstract,high,FALSE,resolved,
235,additional_studies83,10.1109/tse.2016.2527791,FALSE,none,abstract,high,FALSE,resolved,
236,additional_studies59,10.1007/s10802-020-00712-w,TRUE,focal,abstract,high,FALSE,resolved,
237,additional_studies59,10.1007/s10802-020-00712-w,FALSE,none,abstract,high,FALSE,resolved,
238,additional_studies6,10.1086/648381,FALSE,none,abstract,high,FALSE,resolved,
239,additional_studies6,10.1086/648381,FALSE,none,abstract,high,FALSE,resolved,
240,additional_studies6,10.1086/648381,FALSE,none,abstract,high,FALSE,resolved,
241,additional_studies6,10.1086/648381,TRUE,focal,abstract,high,FALSE,resolved,
242,additional_studies6,10.1086/648381,FALSE,none,abstract,high,FALSE,resolved,
243,additional_studies6,10.1086/648381,FALSE,none,abstract,high,FALSE,resolved,
244,additional_studies60,10.1007/s40732-020-00453-8,TRUE,focal,report,high,FALSE,resolved,
245,additional_studies60,10.1007/s40732-020-00453-8,FALSE,none,report,high,FALSE,resolved,
246,additional_studies62,10.1016/j.appet.2020.104808,FALSE,none,abstract,high,FALSE,resolved,
247,additional_studies62,10.1016/j.appet.2020.104808,FALSE,none,abstract,high,FALSE,resolved,
248,additional_studies62,10.1016/j.appet.2020.104808,TRUE,focal,abstract,high,FALSE,resolved,
249,additional_studies63,10.1016/j.appet.2020.104808,FALSE,none,report,low,FALSE,target_absent,
250,additional_studies63,10.1016/j.appet.2020.104808,FALSE,none,report,low,FALSE,target_absent,
251,additional_studies66,10.1177/1948550619843931,TRUE,focal,abstract,high,FALSE,resolved,
252,additional_studies66,10.1177/1948550619843931,FALSE,none,abstract,high,FALSE,resolved,
253,additional_studies7,10.3233/jad-2009-1163,TRUE,focal,report,medium,FALSE,resolved,
254,additional_studies7,10.3233/jad-2009-1163,FALSE,none,report,medium,FALSE,resolved,
255,additional_studies70,10.1186/s40163-021-00141-0,TRUE,focal,single_effect,high,FALSE,resolved,
256,additional_studies71,10.1177/2f10986111211035002,TRUE,focal,single_effect,high,FALSE,resolved,
257,additional_studies72,10.1017/s0007123421000557,TRUE,focal,abstract,high,FALSE,resolved,
258,additional_studies72,10.1017/s0007123421000557,FALSE,none,abstract,high,FALSE,resolved,
259,additional_studies72,10.1017/s0007123421000557,FALSE,none,abstract,high,FALSE,resolved,
260,additional_studies74,10.1007/s11150-021-09593-4,FALSE,constituent,report,low,FALSE,constituent_set,
261,additional_studies74,10.1007/s11150-021-09593-4,FALSE,constituent,report,low,FALSE,constituent_set,
262,additional_studies74,10.1007/s11150-021-09593-4,FALSE,constituent,report,low,FALSE,constituent_set,
263,additional_studies77,10.1073/pnas.2120668119,TRUE,focal,single_effect,high,FALSE,resolved,
264,additional_studies78,10.1038/s41586-022-04452-3,TRUE,focal,report,high,FALSE,resolved,
265,additional_studies78,10.1038/s41586-022-04452-3,FALSE,none,report,high,FALSE,resolved,
266,additional_studies78,10.1038/s41586-022-04452-3,FALSE,none,report,high,FALSE,resolved,
267,additional_studies78,10.1038/s41586-022-04452-3,FALSE,none,report,high,FALSE,resolved,
268,additional_studies85,10.3758/bf03211160,FALSE,none,abstract,high,FALSE,resolved,
269,additional_studies85,10.3758/bf03211160,FALSE,none,abstract,high,FALSE,resolved,
270,additional_studies85,10.3758/bf03211160,TRUE,focal,abstract,high,FALSE,resolved,
271,additional_studies85,10.3758/bf03211160,FALSE,none,abstract,high,FALSE,resolved,
272,additional_studies85,10.3758/bf03211160,FALSE,none,abstract,high,FALSE,resolved,
273,additional_studies85,10.3758/bf03211160,FALSE,none,abstract,high,FALSE,resolved,
274,additional_studies85,10.3758/bf03211160,FALSE,none,abstract,high,FALSE,resolved,
275,additional_studies85,10.3758/bf03211160,FALSE,none,abstract,high,FALSE,resolved,
276,additional_studies85,10.3758/bf03211160,FALSE,none,abstract,high,FALSE,resolved,
277,additional_studies85,10.3758/bf03211160,FALSE,none,abstract,high,FALSE,resolved,
278,additional_studies85,10.3758/bf03211160,FALSE,none,abstract,high,FALSE,resolved,
279,additional_studies85,10.3758/bf03211160,FALSE,none,abstract,high,FALSE,resolved,
280,additional_studies85,10.3758/bf03211160,FALSE,none,abstract,high,FALSE,resolved,
281,additional_studies86,10.1075/jslp.22013.tel,TRUE,focal,report,medium,FALSE,resolved,
282,additional_studies86,10.1075/jslp.22013.tel,FALSE,none,report,medium,FALSE,resolved,
283,additional_studies86,10.1075/jslp.22013.tel,FALSE,none,report,medium,FALSE,resolved,
284,additional_studies86,10.1075/jslp.22013.tel,FALSE,none,report,medium,FALSE,resolved,
285,additional_studies86,10.1075/jslp.22013.tel,FALSE,none,report,medium,FALSE,resolved,
286,additional_studies86,10.1075/jslp.22013.tel,FALSE,none,report,medium,FALSE,resolved,
287,additional_studies88,10.1111/psyp.12132,FALSE,none,abstract,high,FALSE,resolved,
288,additional_studies88,10.1111/psyp.12132,TRUE,focal,abstract,high,FALSE,resolved,
289,additional_studies88,10.1111/psyp.12132,FALSE,none,abstract,high,FALSE,resolved,
290,additional_studies9,10.1177/2167702614545216,TRUE,focal,single_effect,high,FALSE,resolved,
291,additional_studies90,10.1016/j.cortex.2014.02.013,TRUE,focal,abstract,high,FALSE,resolved,
292,additional_studies90_a1,10.1016/j.cortex.2014.02.013,TRUE,focal,single_effect,high,FALSE,resolved,
293,additional_studies90,10.1016/j.cortex.2014.02.013,FALSE,none,abstract,high,FALSE,resolved,
294,additional_studies90_b1,10.1016/j.cortex.2014.02.013,TRUE,focal,single_effect,high,FALSE,resolved,
295,additional_studies90,10.1016/j.cortex.2014.02.013,FALSE,none,abstract,high,FALSE,resolved,
296,additional_studies90_c1,10.1016/j.cortex.2014.02.013,TRUE,focal,single_effect,high,FALSE,resolved,
297,additional_studies90,10.1016/j.cortex.2014.02.013,FALSE,none,abstract,high,FALSE,resolved,
298,additional_studies90_d1,10.1016/j.cortex.2014.02.013,TRUE,focal,single_effect,high,FALSE,resolved,
299,additional_studies90,10.1016/j.cortex.2014.02.013,FALSE,none,abstract,high,FALSE,resolved,
300,additional_studies90_e1,10.1016/j.cortex.2014.02.013,TRUE,focal,single_effect,high,FALSE,resolved,
301,additional_studies90,10.1016/j.cortex.2014.02.013,FALSE,none,abstract,high,FALSE,resolved,
302,additional_studies90_f1,10.1016/j.cortex.2014.02.013,TRUE,focal,single_effect,high,FALSE,resolved,
303,additional_studies90,10.1016/j.cortex.2014.02.013,FALSE,none,abstract,high,FALSE,resolved,
304,additional_studies90_g1,10.1016/j.cortex.2014.02.013,TRUE,focal,single_effect,high,FALSE,resolved,
305,additional_studies90,10.1016/j.cortex.2014.02.013,FALSE,none,abstract,high,FALSE,resolved,
306,additional_studies90,10.1016/j.cortex.2014.02.013,FALSE,none,abstract,high,FALSE,resolved,
307,additional_studies90,10.1016/j.cortex.2014.02.013,FALSE,none,abstract,high,FALSE,resolved,
308,additional_studies90,10.1016/j.cortex.2014.02.013,FALSE,none,abstract,high,FALSE,resolved,
309,additional_studies90,10.1016/j.cortex.2014.02.013,FALSE,none,abstract,high,FALSE,resolved,
310,additional_studies90,10.1016/j.cortex.2014.02.013,FALSE,none,abstract,high,FALSE,resolved,
311,additional_studies90,10.1016/j.cortex.2014.02.013,FALSE,none,abstract,high,FALSE,resolved,
312,additional_studies90,10.1016/j.cortex.2014.02.013,FALSE,none,abstract,high,FALSE,resolved,
313,additional_studies90,10.1016/j.cortex.2014.02.013,FALSE,none,abstract,high,FALSE,resolved,
314,additional_studies90,10.1016/j.cortex.2014.02.013,FALSE,none,abstract,high,FALSE,resolved,
315,additional_studies90,10.1016/j.cortex.2014.02.013,FALSE,none,abstract,high,FALSE,resolved,
316,additional_studies90,10.1016/j.cortex.2014.02.013,FALSE,none,abstract,high,FALSE,resolved,
317,additional_studies90,10.1016/j.cortex.2014.02.013,FALSE,none,abstract,high,FALSE,resolved,
318,additional_studies90,10.1016/j.cortex.2014.02.013,FALSE,none,abstract,high,FALSE,resolved,
319,additional_studies90,10.1016/j.cortex.2014.02.013,FALSE,none,abstract,high,FALSE,resolved,
320,additional_studies90,10.1016/j.cortex.2014.02.013,FALSE,none,abstract,high,FALSE,resolved,
321,additional_studies90,10.1016/j.cortex.2014.02.013,FALSE,none,abstract,high,FALSE,resolved,
322,additional_studies90,10.1016/j.cortex.2014.02.013,FALSE,none,abstract,high,FALSE,resolved,
323,additional_studies94,10.1073/pnas.2218961120,TRUE,focal,report,high,FALSE,resolved,
324,additional_studies94,10.1073/pnas.2218961120,FALSE,none,report,high,FALSE,resolved,
325,additional_studies95,10.1073/pnas.2218961120,TRUE,focal,single_effect,high,FALSE,resolved,
326,additional_studies96,10.1073/pnas.2218961120,TRUE,focal,single_effect,high,FALSE,resolved,
327,additional_studies99,10.1073/pnas.2218961120,FALSE,none,quote,high,FALSE,resolved,
328,additional_studies99,10.1073/pnas.2218961120,TRUE,focal,quote,high,FALSE,resolved,
329,additional_studies99,10.1073/pnas.2218961120,FALSE,none,quote,high,FALSE,resolved,
330,Boyce_etal202310,10.1016/j.neuroimage.2006.11.048,TRUE,focal,single_effect,high,FALSE,resolved,
331,Boyce_etal2023101,10.1177/0093650215609676,TRUE,focal,single_effect,high,FALSE,resolved,
332,Boyce_etal2023102,10.1177/0956797619879441,TRUE,focal,single_effect,high,FALSE,resolved,
333,Boyce_etal2023103,10.1037/xge0000263,TRUE,focal,report,high,FALSE,resolved,
334,Boyce_etal2023103,10.1037/xge0000263,FALSE,none,report,high,FALSE,resolved,
335,Boyce_etal2023103,10.1037/xge0000263,FALSE,none,report,high,FALSE,resolved,
336,Boyce_etal2023103,10.1037/xge0000263,FALSE,none,report,high,FALSE,resolved,
337,Boyce_etal2023103,10.1037/xge0000263,FALSE,none,report,high,FALSE,resolved,
338,Boyce_etal2023103,10.1037/xge0000263,FALSE,none,report,high,FALSE,resolved,
339,Boyce_etal2023103,10.1037/xge0000263,FALSE,none,report,high,FALSE,resolved,
340,Boyce_etal2023104_1,10.1037/xge0000064,TRUE,focal,single_effect,high,FALSE,resolved,
341,Boyce_etal2023106,10.1177/1747021817744546,TRUE,focal,report,medium,FALSE,resolved,
342,Boyce_etal2023106,10.1177/1747021817744546,FALSE,none,report,medium,FALSE,resolved,
343,Boyce_etal2023106,10.1177/1747021817744546,FALSE,none,report,medium,FALSE,resolved,
344,Boyce_etal2023106,10.1177/1747021817744546,FALSE,none,report,medium,FALSE,resolved,
345,Boyce_etal2023106,10.1177/1747021817744546,FALSE,none,report,medium,FALSE,resolved,
346,Boyce_etal2023106,10.1177/1747021817744546,FALSE,none,report,medium,FALSE,resolved,
347,Boyce_etal2023107,10.1177/0956797618780643,TRUE,focal,single_effect,high,FALSE,resolved,
348,Boyce_etal2023108,10.1073/pnas.1523698113,TRUE,focal,single_effect,high,FALSE,resolved,
349,Boyce_etal2023109_1,10.1162/jocn_a_00709,TRUE,focal,report,high,FALSE,resolved,
350,Boyce_etal2023109_1,10.1162/jocn_a_00709,FALSE,none,report,high,FALSE,resolved,
351,Boyce_etal2023109_1,10.1162/jocn_a_00709,FALSE,none,report,high,FALSE,resolved,
352,Boyce_etal2023109_1,10.1162/jocn_a_00709,FALSE,none,report,high,FALSE,resolved,
353,Boyce_etal2023109_1,10.1162/jocn_a_00709,FALSE,none,report,high,FALSE,resolved,
354,Boyce_etal2023109_1,10.1162/jocn_a_00709,FALSE,none,report,high,FALSE,resolved,
355,Boyce_etal202311,10.1037/0022-3514.94.2.94.2.196,TRUE,focal,single_effect,high,FALSE,resolved,
356,Boyce_etal2023110_1,10.1111/j.1551-6709.2011.01210.x,TRUE,focal,abstract,high,FALSE,resolved,
357,Boyce_etal2023110_1,10.1111/j.1551-6709.2011.01210.x,FALSE,none,abstract,high,FALSE,resolved,
358,Boyce_etal2023111_1,10.1111/j.1467-9280.2008.02157.x,FALSE,none,report,high,FALSE,resolved,
359,Boyce_etal2023111_1,10.1111/j.1467-9280.2008.02157.x,FALSE,none,report,high,FALSE,resolved,
360,Boyce_etal2023111_1,10.1111/j.1467-9280.2008.02157.x,FALSE,none,report,high,FALSE,resolved,
361,Boyce_etal2023111_1,10.1111/j.1467-9280.2008.02157.x,TRUE,focal,report,high,FALSE,resolved,
362,Boyce_etal2023111_1,10.1111/j.1467-9280.2008.02157.x,FALSE,none,report,high,FALSE,resolved,
363,Boyce_etal2023112_1,10.3758/s13428-021-01694-3,TRUE,focal,report,high,FALSE,resolved,
364,Boyce_etal2023112_1,10.3758/s13428-021-01694-3,FALSE,none,report,high,FALSE,resolved,
365,Boyce_etal2023113,10.1177/0956797617728270,TRUE,focal,abstract,high,FALSE,resolved,
366,Boyce_etal2023113,10.1177/0956797617728270,FALSE,none,abstract,high,FALSE,resolved,
367,Boyce_etal2023114,10.1073/pnas.1118373109,TRUE,focal,abstract,high,FALSE,resolved,
368,Boyce_etal2023114,10.1073/pnas.1118373109,FALSE,none,abstract,high,FALSE,resolved,
369,Boyce_etal2023114,10.1073/pnas.1118373109,FALSE,none,abstract,high,FALSE,resolved,
370,Boyce_etal2023115,10.1177/0956797618818484,TRUE,focal,single_effect,high,FALSE,resolved,
371,Boyce_etal2023116_1,10.1177/0956797615612202,TRUE,focal,report,medium,FALSE,resolved,
372,Boyce_etal2023116_1,10.1177/0956797615612202,FALSE,none,report,medium,FALSE,resolved,
373,Boyce_etal2023116_1,10.1177/0956797615612202,FALSE,none,report,medium,FALSE,resolved,
374,Boyce_etal2023116,10.1177/0956797615612202,FALSE,none,report,medium,FALSE,resolved,
375,Boyce_etal2023116,10.1177/0956797615612202,TRUE,focal,report,medium,FALSE,resolved,
376,Boyce_etal2023116,10.1177/0956797615612202,FALSE,none,report,medium,FALSE,resolved,
377,Boyce_etal2023116,10.1177/0956797615612202,FALSE,none,report,medium,FALSE,resolved,
378,Boyce_etal2023116,10.1177/0956797615612202,FALSE,none,report,medium,FALSE,resolved,
379,Boyce_etal2023118,10.1177/0956797615612202,TRUE,focal,single_effect,high,FALSE,resolved,
380,Boyce_etal2023121_1,10.1177/0956797615598739,TRUE,focal,report,high,FALSE,resolved,
381,Boyce_etal2023121_1,10.1177/0956797615598739,FALSE,none,report,high,FALSE,resolved,
382,Boyce_etal2023121_1,10.1177/0956797615598739,FALSE,none,report,high,FALSE,resolved,
383,Boyce_etal2023121_1,10.1177/0956797615598739,FALSE,none,report,high,FALSE,resolved,
384,Boyce_etal2023121_1,10.1177/0956797615598739,FALSE,none,report,high,FALSE,resolved,
385,Boyce_etal2023121_1,10.1177/0956797615598739,FALSE,none,report,high,FALSE,resolved,
386,Boyce_etal2023122,10.1016/j.neuropsychologia.2009.05.011,TRUE,focal,single_effect,high,FALSE,resolved,
387,Boyce_etal2023123_1,10.1037/a0028216,FALSE,none,report,high,FALSE,resolved,
388,Boyce_etal2023123_1,10.1037/a0028216,FALSE,none,report,high,FALSE,resolved,
389,Boyce_etal2023123_1,10.1037/a0028216,FALSE,none,report,high,FALSE,resolved,
390,Boyce_etal2023123_1,10.1037/a0028216,FALSE,none,report,high,FALSE,resolved,
391,Boyce_etal2023123_1,10.1037/a0028216,TRUE,focal,report,high,FALSE,resolved,
392,Boyce_etal2023125_1,10.1016/j.jesp.2018.05.006,TRUE,focal,report,high,FALSE,resolved,
393,Boyce_etal2023125_1,10.1016/j.jesp.2018.05.006,FALSE,none,report,high,FALSE,resolved,
394,Boyce_etal2023125_1,10.1016/j.jesp.2018.05.006,FALSE,none,report,high,FALSE,resolved,
395,Boyce_etal2023127_1,10.1037/0022-3514.95.2.293,FALSE,none,report,high,FALSE,resolved,
396,Boyce_etal2023127_1,10.1037/0022-3514.95.2.293,FALSE,none,report,high,FALSE,resolved,
397,Boyce_etal2023127_1,10.1037/0022-3514.95.2.293,TRUE,focal,report,high,FALSE,resolved,
398,Boyce_etal2023128_1,10.1037/pspi0000081,FALSE,none,abstract,high,FALSE,resolved,
399,Boyce_etal2023128_1,10.1037/pspi0000081,FALSE,none,abstract,high,FALSE,resolved,
400,Boyce_etal2023128_1,10.1037/pspi0000081,FALSE,none,abstract,high,FALSE,resolved,
401,Boyce_etal2023128_1,10.1037/pspi0000081,TRUE,focal,abstract,high,FALSE,resolved,
402,Boyce_etal2023128_1,10.1037/pspi0000081,FALSE,none,abstract,high,FALSE,resolved,
403,Boyce_etal2023128_1,10.1037/pspi0000081,FALSE,none,abstract,high,FALSE,resolved,
404,Boyce_etal2023128_1,10.1037/pspi0000081,FALSE,none,abstract,high,FALSE,resolved,
405,Boyce_etal2023128_1,10.1037/pspi0000081,FALSE,none,abstract,high,FALSE,resolved,
406,Boyce_etal2023128_1,10.1037/pspi0000081,FALSE,none,abstract,high,FALSE,resolved,
407,Boyce_etal2023128_1,10.1037/pspi0000081,FALSE,none,abstract,high,FALSE,resolved,
408,Boyce_etal2023129_1,10.1177/0956797619855382,TRUE,focal,report,medium,FALSE,resolved,
409,Boyce_etal2023129_1,10.1177/0956797619855382,FALSE,none,report,medium,FALSE,resolved,
410,Boyce_etal2023129_1,10.1177/0956797619855382,FALSE,none,report,medium,FALSE,resolved,
411,Boyce_etal202313,10.1177/0956797610397956,TRUE,focal,single_effect,high,FALSE,resolved,
412,Boyce_etal2023132,10.1177/0956797609359908,TRUE,focal,single_effect,high,FALSE,resolved,
413,Boyce_etal2023133,10.1177/0956797611434540,TRUE,focal,single_effect,high,FALSE,resolved,
414,Boyce_etal2023134,10.1177/0956797614558718,TRUE,focal,single_effect,high,FALSE,resolved,
415,Boyce_etal2023137_1,10.1177/0956797615573516,TRUE,focal,single_effect,high,FALSE,resolved,
416,Boyce_etal2023138_1,10.1177/0956797615573516,TRUE,focal,abstract,high,FALSE,resolved,
417,Boyce_etal2023138_1,10.1177/0956797615573516,FALSE,none,abstract,high,FALSE,resolved,
418,Boyce_etal2023138_1,10.1177/0956797615573516,FALSE,none,abstract,high,FALSE,resolved,
419,Boyce_etal2023138_1,10.1177/0956797615573516,FALSE,none,abstract,high,FALSE,resolved,
420,Boyce_etal2023138_1,10.1177/0956797615573516,FALSE,none,abstract,high,FALSE,resolved,
421,Boyce_etal2023138_1,10.1177/0956797615573516,FALSE,none,abstract,high,FALSE,resolved,
422,Boyce_etal2023138_1,10.1177/0956797615573516,FALSE,none,abstract,high,FALSE,resolved,
423,Boyce_etal2023138_1,10.1177/0956797615573516,FALSE,none,abstract,high,FALSE,resolved,
424,Boyce_etal2023138_1,10.1177/0956797615573516,FALSE,none,abstract,high,FALSE,resolved,
425,Boyce_etal2023138_1,10.1177/0956797615573516,FALSE,none,abstract,high,FALSE,resolved,
426,Boyce_etal2023139_1,10.1177/1948550619849426,FALSE,none,report,high,FALSE,resolved,
427,Boyce_etal2023139_1,10.1177/1948550619849426,FALSE,none,report,high,FALSE,resolved,
428,Boyce_etal2023139_1,10.1177/1948550619849426,TRUE,focal,report,high,FALSE,resolved,
429,Boyce_etal202314_1,10.1037/a0029649,TRUE,focal,report,high,FALSE,resolved,
430,Boyce_etal202314_1,10.1037/a0029649,FALSE,none,report,high,FALSE,resolved,
431,Boyce_etal2023140_1,10.1177/0956797614563958,FALSE,none,report,high,FALSE,resolved,
432,Boyce_etal2023140_1,10.1177/0956797614563958,FALSE,none,report,high,FALSE,resolved,
433,Boyce_etal2023140_1,10.1177/0956797614563958,TRUE,focal,report,high,FALSE,resolved,
434,Boyce_etal2023140_1,10.1177/0956797614563958,FALSE,none,report,high,FALSE,resolved,
435,Boyce_etal2023141_1,10.1177/0956797616651973,TRUE,focal,single_effect,high,FALSE,resolved,
436,Boyce_etal2023142,10.1177/0956797614534693,TRUE,focal,single_effect,high,FALSE,resolved,
437,Boyce_etal2023143_1,10.1093/workar/waac024,FALSE,none,report,high,FALSE,resolved,
438,Boyce_etal2023143_1,10.1093/workar/waac024,TRUE,focal,report,high,FALSE,resolved,
439,Boyce_etal2023143_1,10.1093/workar/waac024,FALSE,none,report,high,FALSE,resolved,
440,Boyce_etal2023143_1,10.1093/workar/waac024,FALSE,none,report,high,FALSE,resolved,
441,Boyce_etal2023143_1,10.1093/workar/waac024,FALSE,none,report,high,FALSE,resolved,
442,Boyce_etal2023144,10.1177/0956797611418350,TRUE,focal,single_effect,high,FALSE,resolved,
443,Boyce_etal2023145_1,10.1177/0956797612445318,TRUE,focal,single_effect,high,FALSE,resolved,
444,Boyce_etal2023146_1,10.1177/0956797616662271,FALSE,none,report,medium,FALSE,resolved,
445,Boyce_etal2023146_1,10.1177/0956797616662271,FALSE,none,report,medium,FALSE,resolved,
446,Boyce_etal2023146_1,10.1177/0956797616662271,FALSE,none,report,medium,FALSE,resolved,
447,Boyce_etal2023146_1,10.1177/0956797616662271,TRUE,focal,report,medium,FALSE,resolved,
448,Boyce_etal2023146_1,10.1177/0956797616662271,FALSE,none,report,medium,FALSE,resolved,
449,Boyce_etal2023148_1,10.1177/0956797614554955,FALSE,none,report,medium,FALSE,resolved,
450,Boyce_etal2023148_1,10.1177/0956797614554955,FALSE,none,report,medium,FALSE,resolved,
451,Boyce_etal2023148_1,10.1177/0956797614554955,FALSE,none,report,medium,FALSE,resolved,
452,Boyce_etal2023148_1,10.1177/0956797614554955,FALSE,none,report,medium,FALSE,resolved,
453,Boyce_etal2023148_1,10.1177/0956797614554955,TRUE,focal,report,medium,FALSE,resolved,
454,Boyce_etal2023148_1,10.1177/0956797614554955,FALSE,none,report,medium,FALSE,resolved,
455,Boyce_etal2023149,10.1037/xge0000738,TRUE,focal,single_effect,high,FALSE,resolved,
456,Boyce_etal2023150_1,10.1177/0956797614559285,FALSE,none,report,high,FALSE,resolved,
457,Boyce_etal2023150_1,10.1177/0956797614559285,FALSE,none,report,high,FALSE,resolved,
458,Boyce_etal2023150_1,10.1177/0956797614559285,FALSE,none,report,high,FALSE,resolved,
459,Boyce_etal2023150_1,10.1177/0956797614559285,FALSE,none,report,high,FALSE,resolved,
460,Boyce_etal2023150_1,10.1177/0956797614559285,TRUE,focal,report,high,FALSE,resolved,
461,Boyce_etal2023151,10.1177/0956797616630964,TRUE,focal,single_effect,high,FALSE,resolved,
462,Boyce_etal2023151_1,10.1177/0956797616630964,TRUE,focal,single_effect,high,FALSE,resolved,
463,Boyce_etal2023153,10.1073/pnas.1202129109,TRUE,focal,single_effect,high,FALSE,resolved,
464,Boyce_etal2023154,10.1177/0956797616667459,TRUE,focal,single_effect,high,FALSE,resolved,
465,Boyce_etal2023154_1,10.1177/0956797616667459,FALSE,none,report,high,FALSE,resolved,
466,Boyce_etal2023154_1,10.1177/0956797616667459,TRUE,focal,report,high,FALSE,resolved,
467,Boyce_etal2023156,10.1177/0956797615624492,TRUE,focal,single_effect,high,FALSE,resolved,
468,Boyce_etal2023157,10.1177/0956797615624492,TRUE,focal,single_effect,high,FALSE,resolved,
469,Boyce_etal2023158_1,10.1515/ling.2011.016,TRUE,focal,single_effect,high,FALSE,resolved,
470,Boyce_etal2023158,10.1515/ling.2011.016,TRUE,focal,report,high,FALSE,resolved,
471,Boyce_etal2023158,10.1515/ling.2011.016,FALSE,none,report,high,FALSE,resolved,
472,Boyce_etal2023159_1,10.1177/0956797616650875,TRUE,focal,single_effect,high,FALSE,resolved,
473,Boyce_etal202316_1,10.1177/0956797616674999,TRUE,focal,report,medium,FALSE,resolved,
474,Boyce_etal202316_1,10.1177/0956797616674999,FALSE,none,report,medium,FALSE,resolved,
475,Boyce_etal2023160_1,10.1089/cyber.2016.0530,FALSE,none,report,high,FALSE,resolved,
476,Boyce_etal2023160_1,10.1089/cyber.2016.0530,FALSE,none,report,high,FALSE,resolved,
477,XPHI1,10.1093/analys/63.3.190,TRUE,focal,single_effect,high,FALSE,resolved,
478,Boyce_etal2023160_1,10.1089/cyber.2016.0530,TRUE,focal,report,high,FALSE,resolved,
479,XPHI11,10.1163/156853706776931222,TRUE,focal,abstract,high,FALSE,resolved,
480,Boyce_etal2023161,10.1111/cogs.12605,TRUE,focal,single_effect,high,FALSE,resolved,
481,Boyce_etal2023162,10.1177/09567976221082637,TRUE,focal,single_effect,high,FALSE,resolved,
482,Boyce_etal2023163,10.1126/science.1132491,TRUE,focal,single_effect,high,FALSE,resolved,
483,Boyce_etal2023164,10.1177/0956797613502732,TRUE,focal,report,high,FALSE,resolved,
484,Boyce_etal2023164,10.1177/0956797613502732,FALSE,none,report,high,FALSE,resolved,
485,Boyce_etal2023165,10.1038/s41467-021-27323-3,TRUE,focal,single_effect,high,FALSE,resolved,
486,Boyce_etal2023166,10.1177/0956797613508412,TRUE,focal,report,high,FALSE,resolved,
487,Boyce_etal2023166,10.1177/0956797613508412,FALSE,none,report,high,FALSE,resolved,
488,Boyce_etal2023166,10.1177/0956797613508412,FALSE,none,report,high,FALSE,resolved,
489,Boyce_etal2023167,10.1126/science.1250830,TRUE,focal,single_effect,high,FALSE,resolved,
490,Boyce_etal2023168,10.1016/j.obhdp.2010.10.001,TRUE,focal,single_effect,high,FALSE,resolved,
491,Boyce_etal2023169,10.1177/0956797615585002,TRUE,focal,report,high,FALSE,resolved,
492,Boyce_etal2023169,10.1177/0956797615585002,FALSE,none,report,high,FALSE,resolved,
493,Boyce_etal2023170_1,10.1177/0956797618779061,TRUE,focal,single_effect,high,FALSE,resolved,
494,Boyce_etal2023171,10.1111/1467-9280.02436,TRUE,focal,single_effect,high,FALSE,resolved,
495,Boyce_etal2023172_1,10.1177/0956797619856844,TRUE,focal,single_effect,high,FALSE,resolved,
496,Boyce_etal2023173_1,10.1016/j.ecresq.2019.10.004,TRUE,focal,abstract,high,FALSE,resolved,
497,Boyce_etal2023173_1,10.1016/j.ecresq.2019.10.004,FALSE,none,abstract,high,FALSE,resolved,
498,Boyce_etal2023173_1,10.1016/j.ecresq.2019.10.004,FALSE,none,abstract,high,FALSE,resolved,
499,Boyce_etal2023173_1,10.1016/j.ecresq.2019.10.004,FALSE,none,abstract,high,FALSE,resolved,
500,Boyce_etal2023173_1,10.1016/j.ecresq.2019.10.004,FALSE,none,abstract,high,FALSE,resolved,
501,Boyce_etal2023173_1,10.1016/j.ecresq.2019.10.004,FALSE,none,abstract,high,FALSE,resolved,
502,Boyce_etal2023174_1,10.1177/0956797614561266,TRUE,focal,report,high,FALSE,resolved,
503,Boyce_etal2023174_1,10.1177/0956797614561266,FALSE,none,report,high,FALSE,resolved,
504,Boyce_etal2023174_1,10.1177/0956797614561266,FALSE,none,report,high,FALSE,resolved,
505,Boyce_etal2023174_1,10.1177/0956797614561266,FALSE,none,report,high,FALSE,resolved,
506,Boyce_etal2023174_1,10.1177/0956797614561266,FALSE,none,report,high,FALSE,resolved,
507,Boyce_etal2023175_1,10.1177/0956797615617779,FALSE,none,report,high,FALSE,resolved,
508,Boyce_etal2023175_1,10.1177/0956797615617779,FALSE,none,report,high,FALSE,resolved,
509,Boyce_etal2023175_1,10.1177/0956797615617779,FALSE,none,report,high,FALSE,resolved,
510,Boyce_etal2023175_1,10.1177/0956797615617779,FALSE,none,report,high,FALSE,resolved,
511,Boyce_etal2023175_1,10.1177/0956797615617779,FALSE,none,report,high,FALSE,resolved,
512,Boyce_etal2023175_1,10.1177/0956797615617779,FALSE,none,report,high,FALSE,resolved,
513,Boyce_etal2023175_1,10.1177/0956797615617779,FALSE,none,report,high,FALSE,resolved,
514,Boyce_etal2023175_1,10.1177/0956797615617779,FALSE,none,report,high,FALSE,resolved,
515,Boyce_etal2023175_1,10.1177/0956797615617779,TRUE,focal,report,high,FALSE,resolved,
516,Boyce_etal2023175_1,10.1177/0956797615617779,FALSE,none,report,high,FALSE,resolved,
517,Boyce_etal2023175_1,10.1177/0956797615617779,FALSE,none,report,high,FALSE,resolved,
518,Boyce_etal202318,10.1177/0956797618805750,TRUE,focal,report,high,FALSE,resolved,
519,Boyce_etal202318,10.1177/0956797618805750,FALSE,none,report,high,FALSE,resolved,
520,Boyce_etal202319_1,10.1177/0956797615569889,TRUE,focal,single_effect,high,FALSE,resolved,
521,Boyce_etal202319,10.1177/0956797615569889,FALSE,none,report,,FALSE,focal_in_sibling,
522,Boyce_etal202319,10.1177/0956797615569889,FALSE,none,report,,FALSE,focal_in_sibling,
523,Boyce_etal20232,10.1037/a0012833,TRUE,focal,single_effect,high,FALSE,resolved,
524,Boyce_etal202321_1,10.1080/23273798.2018.1431397,TRUE,focal,report,high,FALSE,resolved,
525,Boyce_etal202321_1,10.1080/23273798.2018.1431397,FALSE,none,report,high,FALSE,resolved,
526,Boyce_etal202321_1,10.1080/23273798.2018.1431397,FALSE,none,report,high,FALSE,resolved,
527,Boyce_etal202321_1,10.1080/23273798.2018.1431397,FALSE,none,report,high,FALSE,resolved,
528,Boyce_etal202321_1,10.1080/23273798.2018.1431397,FALSE,none,report,high,FALSE,resolved,
529,Boyce_etal202321_1,10.1080/23273798.2018.1431397,FALSE,none,report,high,FALSE,resolved,
530,Boyce_etal202321_1,10.1080/23273798.2018.1431397,FALSE,none,report,high,FALSE,resolved,
531,Boyce_etal202322_1,escholarship.orgucitem39d347bk,TRUE,focal,single_effect,high,FALSE,resolved,
532,Boyce_etal202323,10.1177/0956797615625640,TRUE,focal,single_effect,high,FALSE,resolved,
533,Boyce_etal202325_1,10.1086/511799,TRUE,focal,single_effect,high,FALSE,resolved,
534,Boyce_etal202325,10.1086/511799,FALSE,none,report,,FALSE,focal_in_sibling,
535,Boyce_etal202325,10.1086/511799,FALSE,none,report,,FALSE,focal_in_sibling,
536,Boyce_etal202326_1,10.1177/0956797614527113,TRUE,focal,single_effect,high,FALSE,resolved,
537,Boyce_etal202327,10.1177/1948550612457688,TRUE,focal,single_effect,high,FALSE,resolved,
538,Boyce_etal202329,10.1111/j.1467-9280.2008.02039.x,TRUE,focal,single_effect,high,FALSE,resolved,
539,Boyce_etal20233,10.1177/0956797620927967,TRUE,focal,single_effect,high,FALSE,resolved,
540,Boyce_etal202330,10.1111/j.1551-6709.2010.01164.x,FALSE,none,report,high,FALSE,resolved,
541,Boyce_etal202330,10.1111/j.1551-6709.2010.01164.x,TRUE,focal,report,high,FALSE,resolved,
542,Boyce_etal202333,djaerv_2018,TRUE,focal,single_effect,high,FALSE,resolved,
543,Boyce_etal202335,10.1177/0956797616669947,TRUE,focal,single_effect,high,FALSE,resolved,
544,Boyce_etal202336,10.1073/pnas.0908963106,TRUE,focal,single_effect,high,FALSE,resolved,
545,Boyce_etal202337,10.1037/0022-3514.94.3.495,TRUE,focal,single_effect,high,FALSE,resolved,
546,Boyce_etal202338,10.1177/0956797612449177,TRUE,focal,report,medium,FALSE,resolved,
547,Boyce_etal202338,10.1177/0956797612449177,FALSE,none,report,medium,FALSE,resolved,
548,Boyce_etal202339,10.1037/0022-3514.94.2.94.2.231,TRUE,focal,single_effect,high,FALSE,resolved,
549,Boyce_etal20234,10.1177/0956797615588195,TRUE,focal,single_effect,high,FALSE,resolved,
550,Boyce_etal202340,10.1371/journal.pone.0071475,TRUE,focal,single_effect,high,FALSE,resolved,
551,Boyce_etal202341,10.1371/journal.pone.0154854,TRUE,focal,report,high,FALSE,resolved,
552,Boyce_etal202341,10.1371/journal.pone.0154854,FALSE,none,report,high,FALSE,resolved,
553,Boyce_etal202343,10.1177/0146167214524992,TRUE,focal,single_effect,high,FALSE,resolved,
554,Boyce_etal202344,10.1177/0001839219840022,TRUE,focal,single_effect,high,FALSE,resolved,
555,Boyce_etal202345,10.1016/j.jesp.2020.104019,TRUE,focal,single_effect,high,FALSE,resolved,
556,Boyce_etal202346,10.1073/pnas.1216438110,TRUE,focal,single_effect,high,FALSE,resolved,
557,Boyce_etal202347,10.1016/0010-0285(83)90002-6,TRUE,focal,single_effect,high,FALSE,resolved,
558,Boyce_etal202349,10.1093/geronb/gbx099,TRUE,focal,single_effect,high,FALSE,resolved,
559,Boyce_etal20235,10.1111/j.1551-6709.2010.01161.x,TRUE,focal,single_effect,high,FALSE,resolved,
560,Boyce_etal202351,10.1037/a0031047,TRUE,focal,single_effect,high,FALSE,resolved,
561,Boyce_etal202352,10.1177/0956797615608267,TRUE,focal,single_effect,high,FALSE,resolved,
562,Boyce_etal202355,10.1177/0956797616639727,TRUE,focal,report,high,FALSE,resolved,
563,Boyce_etal202355,10.1177/0956797616639727,FALSE,none,report,high,FALSE,resolved,
564,Boyce_etal202357,10.1038/s41598-018-30314-y,TRUE,focal,single_effect,high,FALSE,resolved,
565,Boyce_etal202358,10.1073/pnas.2009030117,TRUE,focal,single_effect,high,FALSE,resolved,
566,Boyce_etal202359,10.1037/0022-3514.94.3.396,TRUE,focal,single_effect,high,FALSE,resolved,
567,Boyce_etal202360,10.1016/j.jesp.2020.104080,TRUE,focal,single_effect,high,FALSE,resolved,
568,Boyce_etal202361,10.1016/j.cognition.2016.06.011,TRUE,focal,single_effect,high,FALSE,resolved,
569,Boyce_etal202362,10.1177/0956797613494853,TRUE,focal,single_effect,high,FALSE,resolved,
570,Boyce_etal202363,10.1177/0956797616640705,TRUE,focal,single_effect,high,FALSE,resolved,
571,Boyce_etal202364,10.1111/ecin.12470,TRUE,focal,single_effect,high,FALSE,resolved,
572,Boyce_etal202365,10.1145/3290605.3300469,TRUE,focal,single_effect,high,FALSE,resolved,
573,Boyce_etal202366,10.1037/xge0001195,TRUE,focal,single_effect,high,FALSE,resolved,
574,Boyce_etal202367,10.1016/j.jml.2006.02.004,TRUE,focal,single_effect,high,FALSE,resolved,
575,Boyce_etal202368,10.1177/0956797616685771,TRUE,focal,abstract,high,FALSE,resolved,
576,Boyce_etal202368,10.1177/0956797616685771,FALSE,none,abstract,high,FALSE,resolved,
577,Boyce_etal202369,10.1177/0956797616685771,TRUE,focal,single_effect,high,FALSE,resolved,
578,Boyce_etal20237,10.1177/0146167215580776,TRUE,focal,single_effect,high,FALSE,resolved,
579,Boyce_etal202370,10.1287/orsc.2021.1456,TRUE,focal,single_effect,high,FALSE,resolved,
580,Boyce_etal202371,10.1016/s0010-0277(03)00064-7,TRUE,focal,single_effect,high,FALSE,resolved,
581,Boyce_etal202372,10.1037/0022-3514.77.4.785,TRUE,focal,single_effect,high,FALSE,resolved,
582,Boyce_etal202373,10.1177/0956797614536739,TRUE,focal,single_effect,high,FALSE,resolved,
583,Boyce_etal202374,10.1177/0956797614553009,TRUE,focal,report,high,FALSE,resolved,
584,Boyce_etal202374,10.1177/0956797614553009,FALSE,none,report,high,FALSE,resolved,
585,Boyce_etal202377,10.1177/0956797618760784,TRUE,focal,single_effect,high,FALSE,resolved,
586,Boyce_etal20238,10.1111/j.1467-9280.2007.01909.x,TRUE,focal,abstract,high,FALSE,resolved,
587,Boyce_etal20239,10.1111/j.1467-9280.2007.01909.x,FALSE,none,report,high,FALSE,resolved,
588,Boyce_etal20238,10.1111/j.1467-9280.2007.01909.x,FALSE,none,abstract,high,FALSE,resolved,
589,Boyce_etal202380,10.1177/0956797614563108,TRUE,focal,single_effect,high,FALSE,resolved,
590,Boyce_etal202381,10.1111/j.1467-9280.2008.02040.x,TRUE,focal,single_effect,high,FALSE,resolved,
591,Boyce_etal202382,10.1073/pnas.2014505117,TRUE,focal,single_effect,high,FALSE,resolved,
592,Boyce_etal202383,10.1177/0956797615572231,TRUE,focal,single_effect,high,FALSE,resolved,
593,Boyce_etal202384,10.1038/s41598-019-57204-1,TRUE,focal,single_effect,high,FALSE,resolved,
594,Boyce_etal202385,10.1037/a0016795,TRUE,focal,single_effect,high,FALSE,resolved,
595,Boyce_etal202386,10.1177/0956797618788882,TRUE,focal,single_effect,high,FALSE,resolved,
596,Boyce_etal202387,10.1177/0956797614547705,TRUE,focal,single_effect,high,FALSE,resolved,
597,Boyce_etal202388,10.1177/0956797611428079,TRUE,focal,single_effect,high,FALSE,resolved,
598,Boyce_etal202389,10.1177/0956797617705399,TRUE,focal,single_effect,high,FALSE,resolved,
599,Boyce_etal20239,10.1111/j.1467-9280.2007.01909.x,TRUE,focal,report,high,FALSE,resolved,
600,Boyce_etal202390,10.1016/j.cognition.2017.06.025,TRUE,focal,single_effect,high,FALSE,resolved,
601,Boyce_etal202391,10.1177/0956797619854706,TRUE,focal,single_effect,high,FALSE,resolved,
602,Boyce_etal202392,10.1177/0146167207309195,TRUE,focal,single_effect,high,FALSE,resolved,
603,Boyce_etal202393,10.1126/science.1238041,TRUE,focal,single_effect,high,FALSE,resolved,
604,Boyce_etal202394,10.1037/a0032108,TRUE,focal,single_effect,high,FALSE,resolved,
605,Boyce_etal202395,10.1145/3173574.3174188,TRUE,focal,single_effect,high,FALSE,resolved,
606,Boyce_etal202396,10.1287/mnsc.2019.3362,TRUE,focal,single_effect,high,FALSE,resolved,
607,Boyce_etal202397,10.1177/0956797618806296,TRUE,focal,single_effect,high,FALSE,resolved,
608,Boyce_etal202398,10.1037/0022-3514.95.1.76,TRUE,focal,single_effect,high,FALSE,resolved,
609,Boyce_etal202399,10.1037/0278-7393.34.1.146,TRUE,focal,single_effect,high,FALSE,resolved,
610,bth36,10.1111/j.1467-9280.2008.02061.x,TRUE,focal,single_effect,high,FALSE,resolved,
611,Camereretal2016_1,10.1257/aer.101.2.470,TRUE,focal,single_effect,high,FALSE,resolved,
612,Camereretal2016_10,10.1257/aer.103.4.1325,TRUE,focal,single_effect,high,FALSE,resolved,
613,Camereretal2016_11,10.1257/aer.102.1.337,TRUE,focal,single_effect,high,FALSE,resolved,
614,Camereretal2016_12,10.1257/aer.102.2.720,TRUE,focal,single_effect,high,FALSE,resolved,
615,Camereretal2016_13,10.1257/aer.101.2.819,TRUE,focal,single_effect,high,FALSE,resolved,
616,Camereretal2016_14,10.1257/aer.101.7.3109,TRUE,focal,single_effect,high,FALSE,resolved,
617,Camereretal2016_15,10.1257/aer.102.5.2018,TRUE,focal,single_effect,high,FALSE,resolved,
618,Camereretal2016_16,10.1257/aer.102.2.865,TRUE,focal,single_effect,high,FALSE,resolved,
619,Camereretal2016_17,10.1257/aer.101.2.927,TRUE,focal,single_effect,high,FALSE,resolved,
620,Camereretal2016_18,10.1093/qje/qjt035,TRUE,focal,single_effect,high,FALSE,resolved,
621,Camereretal2016_2,10.1257/aer.102.7.3317,TRUE,focal,single_effect,high,FALSE,resolved,
622,Camereretal2016_3,10.1257/aer.102.2.834,TRUE,focal,single_effect,high,FALSE,resolved,
623,Camereretal2016_4,10.1257/aer.101.4.1211,TRUE,focal,single_effect,high,FALSE,resolved,
624,Camereretal2016_5,10.1257/aer.101.6.2562,TRUE,focal,single_effect,high,FALSE,resolved,
625,Camereretal2016_6,10.1257/aer.104.11.3434,TRUE,focal,single_effect,high,FALSE,resolved,
626,Camereretal2016_7,10.1257/aer.104.6.1735,TRUE,focal,single_effect,high,FALSE,resolved,
627,Camereretal2016_8,10.1257/aer.101.2.526,TRUE,focal,single_effect,high,FALSE,resolved,
628,Camereretal2016_9,10.1093/qje/qjr034,TRUE,focal,single_effect,high,FALSE,resolved,
629,Camereretal2018_1_1,10.1126/science.1189993,TRUE,focal,single_effect,high,FALSE,resolved,
630,Camereretal2018_10_1,10.1126/science.1199327,TRUE,focal,single_effect,high,FALSE,resolved,
631,Camereretal2018_11_1,10.1126/science.1239918,TRUE,focal,single_effect,high,FALSE,resolved,
632,Camereretal2018_12_1,10.1126/science.1190792,TRUE,focal,single_effect,high,FALSE,resolved,
633,Camereretal2018_13_1,10.1126/science.1186799,TRUE,focal,single_effect,high,FALSE,resolved,
634,Camereretal2018_14_1,10.1126/science.1195701,TRUE,focal,single_effect,high,FALSE,resolved,
635,Camereretal2018_15_1,10.1038/nature15392,TRUE,focal,single_effect,high,FALSE,resolved,
636,Camereretal2018_16_1,10.1126/science.1191465,TRUE,focal,single_effect,high,FALSE,resolved,
637,Camereretal2018_17_1,10.1126/science.1199427,TRUE,focal,single_effect,high,FALSE,resolved,
638,Camereretal2018_18_1,10.1038/nature11467,TRUE,focal,single_effect,high,FALSE,resolved,
639,Camereretal2018_19_1,10.1126/science.1222426,TRUE,focal,single_effect,high,FALSE,resolved,
640,Camereretal2018_2_1,10.1126/science.1224313,TRUE,focal,single_effect,high,FALSE,resolved,
641,Camereretal2018_20_1,10.1126/science.1207745,TRUE,focal,single_effect,high,FALSE,resolved,
642,Camereretal2018_21_1,10.1126/science.1250830,TRUE,focal,single_effect,high,FALSE,resolved,
643,Camereretal2018_3_1,10.1126/science.1211180,TRUE,focal,single_effect,high,FALSE,resolved,
644,Camereretal2018_4_1,10.1038/nature12774,TRUE,focal,single_effect,high,FALSE,resolved,
645,Camereretal2018_5_1,10.1126/science.1221936,TRUE,focal,single_effect,high,FALSE,resolved,
646,Camereretal2018_6_1,10.1126/science.1215647,TRUE,focal,single_effect,high,FALSE,resolved,
647,Camereretal2018_7_3,10.1126/science.1253932,TRUE,focal,single_effect,high,FALSE,resolved,
648,Camereretal2018_8_3,10.1038/nature13530,TRUE,focal,single_effect,high,FALSE,resolved,
649,Camereretal2018_9_2,10.1126/science.1183532,TRUE,focal,single_effect,high,FALSE,resolved,
650,curatescience11,10.1111/j.1467-9280.2008.02227.x,TRUE,focal,single_effect,high,FALSE,resolved,
651,curatescience12,10.1111/j.1467-9280.2008.02227.x,TRUE,focal,single_effect,high,FALSE,resolved,
652,CORE_1,10.1037/0022-3514.77.2.221,TRUE,focal,quote,high,FALSE,resolved,
653,CORE_1,10.1037/0022-3514.77.2.221,FALSE,none,quote,high,FALSE,resolved,
654,curatescience14,10.1177/0956797609358096,TRUE,focal,single_effect,high,FALSE,resolved,
655,curatescience15,10.1037/0022-3514.74.3.774,FALSE,none,report,low,FALSE,target_absent,TRUE
656,curatescience15,10.1037/0022-3514.74.3.774,FALSE,none,report,low,FALSE,target_absent,TRUE
657,curatescience15,10.1037/0022-3514.74.3.774,FALSE,none,report,low,FALSE,target_absent,TRUE
658,curatescience17,10.1037/0096-3445.136.2.241,TRUE,focal,single_effect,high,FALSE,resolved,
659,curatescience18,10.1037/0096-3445.136.2.241,TRUE,focal,single_effect,high,FALSE,resolved,
660,curatescience19,10.1037/0096-3445.136.2.241,TRUE,focal,abstract,high,FALSE,resolved,
661,curatescience19,10.1037/0096-3445.136.2.241,FALSE,none,abstract,high,FALSE,resolved,
662,curatescience20,10.1111/j.1467-9280.2007.02004.x,TRUE,focal,report,medium,FALSE,resolved,
663,curatescience20,10.1111/j.1467-9280.2007.02004.x,FALSE,none,report,medium,FALSE,resolved,
664,curatescience21,10.1037/0022-3514.71.2.230,TRUE,focal,single_effect,high,FALSE,resolved,
665,curatescience22,10.1037/0022-3514.71.2.230,TRUE,focal,single_effect,high,FALSE,resolved,
666,curatescience23,10.1037/0022-3514.71.2.230,TRUE,focal,single_effect,high,FALSE,resolved,
667,curatescience24,10.1037/0022-3514.71.2.230,TRUE,focal,single_effect,high,FALSE,resolved,
668,curatescience241_1,10.1086/268936,TRUE,focal,single_effect,high,FALSE,resolved,
669,curatescience244_5,10.1037/0022-3514.83.1.44,TRUE,focal,single_effect,high,FALSE,resolved,
670,curatescience25,10.1037/0022-3514.71.2.230,TRUE,focal,single_effect,high,FALSE,resolved,
671,curatescience27,10.1037/a0027598,TRUE,focal,single_effect,high,FALSE,resolved,
672,curatescience28,10.1037/a0027598,TRUE,focal,single_effect,high,FALSE,resolved,
673,curatescience283_1,10.1126/science.7455683,TRUE,focal,single_effect,high,FALSE,resolved,
674,curatescience29,10.1037/a0027598,TRUE,focal,single_effect,high,FALSE,resolved,
675,curatescience32,10.1037/a0027598,FALSE,none,abstract,high,FALSE,resolved,
676,curatescience32,10.1037/a0027598,TRUE,focal,abstract,high,FALSE,resolved,
677,curatescience32,10.1037/a0027598,FALSE,none,abstract,high,FALSE,resolved,
678,curatescience320_1,10.1017/s1930297500001170,TRUE,focal,single_effect,high,FALSE,resolved,
679,curatescience33,10.1016/j.jesp.2004.07.001,TRUE,focal,single_effect,high,FALSE,resolved,
680,curatescience34,10.1016/j.jesp.2004.07.001,TRUE,focal,single_effect,high,FALSE,resolved,
681,curatescience35,10.1016/j.jesp.2004.07.001,TRUE,focal,abstract,high,FALSE,resolved,
682,curatescience35,10.1016/j.jesp.2004.07.001,FALSE,none,abstract,high,FALSE,resolved,
683,curatescience36,10.1016/j.jesp.2004.07.001,TRUE,focal,abstract,high,FALSE,resolved,
684,curatescience37,10.1126/science.1130726,TRUE,focal,single_effect,high,FALSE,resolved,
685,curatescience38,10.1126/science.1130726,TRUE,focal,single_effect,high,FALSE,resolved,
686,curatescience395_1,10.1177/01461672952111004,TRUE,focal,report,high,FALSE,resolved,
687,curatescience395_1,10.1177/01461672952111004,FALSE,none,report,high,FALSE,resolved,
688,curatescience395_1,10.1177/01461672952111004,FALSE,none,report,high,FALSE,resolved,
689,curatescience395_4,10.1177/01461672952111004,TRUE,focal,single_effect,high,FALSE,resolved,
690,curatescience42,10.1126/science.1130726,TRUE,focal,single_effect,high,FALSE,resolved,
691,curatescience43,10.1126/science.1130726,TRUE,focal,single_effect,high,FALSE,resolved,
692,curatescience44,10.1126/science.1130726,TRUE,focal,single_effect,high,FALSE,resolved,
693,curatescience45,10.1126/science.1130726,TRUE,focal,single_effect,high,FALSE,resolved,
694,curatescience46,10.1126/science.1130726,TRUE,focal,single_effect,high,FALSE,resolved,
695,curatescience46_2,10.1126/science.1130726,TRUE,focal,single_effect,high,FALSE,resolved,
696,curatescience47,10.1126/science.1130726,TRUE,focal,single_effect,high,FALSE,resolved,
697,curatescience48,10.1037/0022-3514.94.1.48,TRUE,focal,single_effect,high,FALSE,resolved,
698,curatescience49,10.1037/0022-3514.94.1.48,TRUE,focal,single_effect,high,FALSE,resolved,
699,curatescience50,10.1177/0956797610383437,FALSE,none,abstract,high,FALSE,resolved,
700,curatescience50,10.1177/0956797610383437,FALSE,none,abstract,high,FALSE,resolved,
701,curatescience52,10.1037/a0021524,TRUE,focal,abstract,high,FALSE,resolved,
702,curatescience52,10.1037/a0021524,FALSE,none,abstract,high,FALSE,resolved,
703,curatescience53,10.1126/science.1239918,TRUE,focal,abstract,high,FALSE,resolved,
704,curatescience53,10.1126/science.1239918,FALSE,none,abstract,high,FALSE,resolved,
705,curatescience53,10.1126/science.1239918,FALSE,none,abstract,high,FALSE,resolved,
706,curatescience533_1,10.1111/j.1467-9280.2009.02426.x,TRUE,focal,single_effect,high,FALSE,resolved,
707,curatescience537_1,10.1027/1864-9335/a000147,TRUE,focal,single_effect,high,FALSE,resolved,
708,curatescience55,10.1126/science.1239918,TRUE,focal,abstract,high,FALSE,resolved,
709,curatescience55,10.1126/science.1239918,FALSE,none,abstract,high,FALSE,resolved,
710,curatescience55,10.1126/science.1239918,FALSE,none,abstract,high,FALSE,resolved,
711,curatescience558_1,10.1037/0022-3514.45.4.805,TRUE,focal,single_effect,high,FALSE,resolved,
712,curatescience56,10.1126/science.1239918,TRUE,focal,abstract,high,FALSE,resolved,
713,curatescience56,10.1126/science.1239918,FALSE,none,abstract,high,FALSE,resolved,
714,curatescience56,10.1126/science.1239918,FALSE,none,abstract,high,FALSE,resolved,
715,curatescience57,10.1016/j.jesp.2011.11.012,TRUE,focal,report,medium,FALSE,resolved,
716,curatescience57,10.1016/j.jesp.2011.11.012,FALSE,none,report,medium,FALSE,resolved,
717,curatescience578,10.1037/0022-3514.82.5.792,TRUE,focal,single_effect,high,FALSE,resolved,
718,curatescience59,10.1037/a0023527,TRUE,focal,single_effect,high,FALSE,resolved,
719,curatescience599_2,10.1037/h0054651,TRUE,focal,single_effect,high,FALSE,resolved,
720,curatescience600_1,10.1016/s0010-0277(99)00073-6,TRUE,focal,single_effect,high,FALSE,resolved,
721,curatescience620_1,10.1016/0010-0285(73)90033-9,TRUE,focal,single_effect,high,FALSE,resolved,
722,curatescience641_1,10.1111/j.1467-9280.2006.01824.x,TRUE,focal,single_effect,high,FALSE,resolved,
723,curatescience7,10.1177/0956797611435919,TRUE,focal,single_effect,high,FALSE,resolved,
724,curatescience7_overall,10.1177/0956797611435919,TRUE,focal,single_effect,high,FALSE,resolved,
725,curatescience73_1,10.1037/a0029288,TRUE,focal,single_effect,high,FALSE,resolved,
726,curatescience75_1,10.1016/j.jesp.2010.05.014,TRUE,focal,single_effect,high,FALSE,resolved,
727,curatescience9,10.1111/j.1467-9280.2008.02227.x,TRUE,focal,single_effect,high,FALSE,resolved,
728,datareplicada10,10.1093/jcr/ucaa019,TRUE,focal,report,medium,FALSE,resolved,
729,datareplicada10,10.1093/jcr/ucaa019,FALSE,none,report,medium,FALSE,resolved,
730,datareplicada10,10.1093/jcr/ucaa019,FALSE,none,report,medium,FALSE,resolved,
731,datareplicada10,10.1093/jcr/ucaa019,FALSE,none,report,medium,FALSE,resolved,
732,datareplicada2,10.1093/jcr/ucy082,TRUE,focal,single_effect,high,FALSE,resolved,
733,datareplicada3,10.1093/jcr/ucz022,TRUE,focal,single_effect,high,FALSE,resolved,
734,datareplicada7,10.1093/jcr/ucaa006,TRUE,focal,report,high,FALSE,resolved,
735,datareplicada7,10.1093/jcr/ucaa006,FALSE,none,report,high,FALSE,resolved,
736,datareplicada7,10.1093/jcr/ucaa006,FALSE,none,report,high,FALSE,resolved,
737,dqv9y,10.1037/a0019689,TRUE,focal,abstract,high,FALSE,resolved,
738,dqv9y,10.1037/a0019689,FALSE,none,abstract,high,FALSE,resolved,
739,dqv9y,10.1037/a0019689,FALSE,none,abstract,high,FALSE,resolved,
740,e9d3k,10.1177/0146167215610520,FALSE,constituent,report,low,FALSE,constituent_set,
741,e9d3k,10.1177/0146167215610520,FALSE,constituent,report,low,FALSE,constituent_set,
742,e9d3k,10.1177/0146167215610520,FALSE,constituent,report,low,FALSE,constituent_set,
743,e9d3k,10.1177/0146167215610520,FALSE,constituent,report,low,FALSE,constituent_set,
744,e9d3k,10.1177/0146167215610520,FALSE,constituent,report,low,FALSE,constituent_set,
745,e9d3k,10.1177/0146167215610520,FALSE,constituent,report,low,FALSE,constituent_set,
746,e9d3k,10.1177/0146167215610520,FALSE,constituent,report,low,FALSE,constituent_set,
747,e9d3k,10.1177/0146167215610520,FALSE,constituent,report,low,FALSE,constituent_set,
748,e9d3k,10.1177/0146167215610520,FALSE,constituent,report,low,FALSE,constituent_set,
749,e9d3k,10.1177/0146167215610520,FALSE,constituent,report,low,FALSE,constituent_set,
750,e9d3k,10.1177/0146167215610520,FALSE,constituent,report,low,FALSE,constituent_set,
751,e9d3k,10.1177/0146167215610520,FALSE,constituent,report,low,FALSE,constituent_set,
752,e9d3k,10.1177/0146167215610520,FALSE,constituent,report,low,FALSE,constituent_set,
753,fmd75,10.1111/j.1467-9280.2006.01704.x,TRUE,focal,single_effect,high,FALSE,resolved,
754,gh52k,10.1016/j.jesp.2005.05.001,FALSE,none,quote,high,FALSE,resolved,
755,gh52k,10.1016/j.jesp.2005.05.001,FALSE,none,quote,high,FALSE,resolved,
756,gh52k,10.1016/j.jesp.2005.05.001,TRUE,focal,quote,high,FALSE,resolved,
757,Holzmeisteretal2024_1,10.1073/pnas.1519401113,TRUE,focal,single_effect,high,FALSE,resolved,
758,Holzmeisteretal2024_10,10.1073/pnas.1805327115,TRUE,focal,single_effect,high,FALSE,resolved,
759,Holzmeisteretal2024_11,10.1073/pnas.1601280113,TRUE,focal,single_effect,high,FALSE,resolved,
760,Holzmeisteretal2024_12,10.1073/pnas.1516868113,TRUE,focal,single_effect,high,FALSE,resolved,
761,Holzmeisteretal2024_13,10.1073/pnas.1706913114,TRUE,focal,single_effect,high,FALSE,resolved,
762,Holzmeisteretal2024_14,10.1073/pnas.1516047113,TRUE,focal,single_effect,high,FALSE,resolved,
763,Holzmeisteretal2024_15,10.1073/pnas.1505067112,TRUE,focal,single_effect,high,FALSE,resolved,
764,Holzmeisteretal2024_16,10.1073/pnas.1722664115,TRUE,focal,single_effect,high,FALSE,resolved,
765,Holzmeisteretal2024_17,10.1073/pnas.1620542114,TRUE,focal,single_effect,high,FALSE,resolved,
766,Holzmeisteretal2024_18,10.1073/pnas.1701916114,TRUE,focal,single_effect,high,FALSE,resolved,
767,Holzmeisteretal2024_19,10.1073/pnas.1511536112,TRUE,focal,single_effect,high,FALSE,resolved,
768,Holzmeisteretal2024_2,10.1073/pnas.1508932113,TRUE,focal,single_effect,high,FALSE,resolved,
769,Holzmeisteretal2024_20,10.1073/pnas.1606574113,TRUE,focal,single_effect,high,FALSE,resolved,
770,Holzmeisteretal2024_21,10.1073/pnas.1607330114,TRUE,focal,single_effect,high,FALSE,resolved,
771,Holzmeisteretal2024_22,10.1073/pnas.1616921114,TRUE,focal,single_effect,high,FALSE,resolved,
772,Holzmeisteretal2024_23,10.1073/pnas.1717092115,TRUE,focal,single_effect,high,FALSE,resolved,
773,Holzmeisteretal2024_24,10.1073/pnas.1610834113,TRUE,focal,single_effect,high,FALSE,resolved,
774,Holzmeisteretal2024_25,10.1073/pnas.1805284115,TRUE,focal,single_effect,high,FALSE,resolved,
775,Holzmeisteretal2024_26,10.1073/pnas.1501592112,TRUE,focal,single_effect,high,FALSE,resolved,
776,Holzmeisteretal2024_3,10.1073/pnas.1517662112,TRUE,focal,single_effect,high,FALSE,resolved,
777,Holzmeisteretal2024_4,10.1073/pnas.1707040114,TRUE,focal,single_effect,high,FALSE,resolved,
778,Holzmeisteretal2024_5,10.1073/pnas.1705238114,TRUE,focal,single_effect,high,FALSE,resolved,
779,Holzmeisteretal2024_6,10.1073/pnas.1704032114,TRUE,focal,single_effect,high,FALSE,resolved,
780,Holzmeisteretal2024_7,10.1073/pnas.1706253114,TRUE,focal,single_effect,high,FALSE,resolved,
781,Holzmeisteretal2024_8,10.1073/pnas.1707719114,TRUE,focal,single_effect,high,FALSE,resolved,
782,Holzmeisteretal2024_9,10.1073/pnas.1523586113,TRUE,focal,single_effect,high,FALSE,resolved,
783,is1,10.1080/02699931.2016.1273201,TRUE,focal,single_effect,high,FALSE,resolved,
784,is2,10.1080/02699931.2016.1273201,TRUE,focal,quote,high,FALSE,resolved,
785,is2,10.1080/02699931.2016.1273201,FALSE,none,quote,high,FALSE,resolved,
786,j8a4p_composite,10.3389/fpsyg.2014.01276,TRUE,focal,single_effect,high,FALSE,resolved,
787,j8a4p_dog,10.3389/fpsyg.2014.01276,TRUE,focal,single_effect,high,FALSE,resolved,
788,j8a4p_kitten,10.3389/fpsyg.2014.01276,TRUE,focal,single_effect,high,FALSE,resolved,
789,j8a4p_plane,10.3389/fpsyg.2014.01276,TRUE,focal,single_effect,high,FALSE,resolved,
790,j8a4p_resume,10.3389/fpsyg.2014.01276,TRUE,focal,single_effect,high,FALSE,resolved,
791,j8a4p_trolley,10.3389/fpsyg.2014.01276,TRUE,focal,single_effect,high,FALSE,resolved,
792,j8a4p_wallet,10.3389/fpsyg.2014.01276,TRUE,focal,single_effect,high,FALSE,resolved,
793,jcre_01_c2,10.1016/j.euroecorev.2004.01.004,TRUE,focal,single_effect,high,FALSE,resolved,
794,jcre_01_c2a,10.1016/j.euroecorev.2004.01.004,TRUE,focal,single_effect,high,FALSE,resolved,
795,jcre_01_c3,10.1016/j.euroecorev.2004.01.004,TRUE,focal,single_effect,high,FALSE,resolved,
796,jcre_01_c3a,10.1016/j.euroecorev.2004.01.004,TRUE,focal,single_effect,high,FALSE,resolved,
797,jcre_01_c6,10.1016/j.euroecorev.2004.01.004,TRUE,focal,single_effect,high,FALSE,resolved,
798,jcre_01_c6a,10.1016/j.euroecorev.2004.01.004,TRUE,focal,single_effect,high,FALSE,resolved,
799,jcre_01_d2,10.1016/j.euroecorev.2004.01.004,TRUE,focal,single_effect,high,FALSE,resolved,
800,jcre_01_d2a,10.1016/j.euroecorev.2004.01.004,TRUE,focal,single_effect,high,FALSE,resolved,
801,jcre_01_d3,10.1016/j.euroecorev.2004.01.004,TRUE,focal,single_effect,high,FALSE,resolved,
802,jcre_01_d3a,10.1016/j.euroecorev.2004.01.004,TRUE,focal,single_effect,high,FALSE,resolved,
803,jcre_01_d6,10.1016/j.euroecorev.2004.01.004,TRUE,focal,single_effect,high,FALSE,resolved,
804,jcre_01_d6a,10.1016/j.euroecorev.2004.01.004,TRUE,focal,single_effect,high,FALSE,resolved,
805,jcre_01_g2,10.1016/j.euroecorev.2004.01.004,TRUE,focal,report,high,FALSE,resolved,
806,jcre_01_g2,10.1016/j.euroecorev.2004.01.004,FALSE,none,report,high,FALSE,resolved,
807,jcre_01_g3,10.1016/j.euroecorev.2004.01.004,TRUE,focal,report,high,FALSE,resolved,
808,jcre_01_g3,10.1016/j.euroecorev.2004.01.004,FALSE,none,report,high,FALSE,resolved,
809,jcre_01_g6,10.1016/j.euroecorev.2004.01.004,TRUE,focal,report,medium,FALSE,resolved,
810,jcre_01_g6,10.1016/j.euroecorev.2004.01.004,FALSE,none,report,medium,FALSE,resolved,
811,jcre_01_gt2,10.1016/j.euroecorev.2004.01.004,TRUE,focal,single_effect,high,FALSE,resolved,
812,jcre_01_gt2a,10.1016/j.euroecorev.2004.01.004,TRUE,focal,single_effect,high,FALSE,resolved,
813,jcre_01_gt3,10.1016/j.euroecorev.2004.01.004,TRUE,focal,single_effect,high,FALSE,resolved,
814,jcre_01_gt3a,10.1016/j.euroecorev.2004.01.004,TRUE,focal,single_effect,high,FALSE,resolved,
815,jcre_01_gt6,10.1016/j.euroecorev.2004.01.004,TRUE,focal,single_effect,high,FALSE,resolved,
816,jcre_01_gt6a,10.1016/j.euroecorev.2004.01.004,TRUE,focal,single_effect,high,FALSE,resolved,
817,jcre_01_h2,10.1016/j.euroecorev.2004.01.004,TRUE,focal,single_effect,high,FALSE,resolved,
818,jcre_01_h2a,10.1016/j.euroecorev.2004.01.004,TRUE,focal,single_effect,high,FALSE,resolved,
819,jcre_01_h3,10.1016/j.euroecorev.2004.01.004,TRUE,focal,single_effect,high,FALSE,resolved,
820,jcre_01_h3a,10.1016/j.euroecorev.2004.01.004,TRUE,focal,single_effect,high,FALSE,resolved,
821,jcre_01_h6,10.1016/j.euroecorev.2004.01.004,TRUE,focal,single_effect,high,FALSE,resolved,
822,jcre_01_h6a,10.1016/j.euroecorev.2004.01.004,TRUE,focal,single_effect,high,FALSE,resolved,
823,jcre_01_m2,10.1016/j.euroecorev.2004.01.004,TRUE,focal,single_effect,high,FALSE,resolved,
824,jcre_01_m2a,10.1016/j.euroecorev.2004.01.004,TRUE,focal,single_effect,high,FALSE,resolved,
825,jcre_01_m3,10.1016/j.euroecorev.2004.01.004,TRUE,focal,single_effect,high,FALSE,resolved,
826,jcre_01_m3a,10.1016/j.euroecorev.2004.01.004,TRUE,focal,single_effect,high,FALSE,resolved,
827,jcre_01_m6,10.1016/j.euroecorev.2004.01.004,TRUE,focal,single_effect,high,FALSE,resolved,
828,jcre_01_m6a,10.1016/j.euroecorev.2004.01.004,TRUE,focal,single_effect,high,FALSE,resolved,
829,jcre_01_mt2,10.1016/j.euroecorev.2004.01.004,TRUE,focal,single_effect,high,FALSE,resolved,
830,jcre_01_mt2a,10.1016/j.euroecorev.2004.01.004,TRUE,focal,single_effect,high,FALSE,resolved,
831,jcre_01_mt3,10.1016/j.euroecorev.2004.01.004,TRUE,focal,single_effect,high,FALSE,resolved,
832,jcre_01_mt3a,10.1016/j.euroecorev.2004.01.004,TRUE,focal,single_effect,high,FALSE,resolved,
833,jcre_01_mt6,10.1016/j.euroecorev.2004.01.004,TRUE,focal,single_effect,high,FALSE,resolved,
834,jcre_01_mt6a,10.1016/j.euroecorev.2004.01.004,TRUE,focal,single_effect,high,FALSE,resolved,
835,jcre_01_r2,10.1016/j.euroecorev.2004.01.004,TRUE,focal,single_effect,high,FALSE,resolved,
836,jcre_01_r2a,10.1016/j.euroecorev.2004.01.004,TRUE,focal,single_effect,high,FALSE,resolved,
837,jcre_01_r3,10.1016/j.euroecorev.2004.01.004,TRUE,focal,single_effect,high,FALSE,resolved,
838,jcre_01_r3a,10.1016/j.euroecorev.2004.01.004,TRUE,focal,single_effect,high,FALSE,resolved,
839,jcre_01_r6,10.1016/j.euroecorev.2004.01.004,TRUE,focal,single_effect,high,FALSE,resolved,
840,jcre_01_r6a,10.1016/j.euroecorev.2004.01.004,TRUE,focal,single_effect,high,FALSE,resolved,
841,jcre_01_y2a,10.1016/j.euroecorev.2004.01.004,TRUE,focal,single_effect,high,FALSE,resolved,
842,jcre_01_y3a,10.1016/j.euroecorev.2004.01.004,TRUE,focal,single_effect,high,FALSE,resolved,
843,jcre_01_y6a,10.1016/j.euroecorev.2004.01.004,TRUE,focal,single_effect,high,FALSE,resolved,
844,jcre_01_yt2a,10.1016/j.euroecorev.2004.01.004,TRUE,focal,single_effect,high,FALSE,resolved,
845,jcre_01_yt3a,10.1016/j.euroecorev.2004.01.004,TRUE,focal,single_effect,high,FALSE,resolved,
846,jcre_01_yt6a,10.1016/j.euroecorev.2004.01.004,TRUE,focal,single_effect,high,FALSE,resolved,
847,jcre_03,10.1002/soej.12223,FALSE,none,abstract,high,FALSE,resolved,
848,jcre_05,10.1162/rest_a_00258,TRUE,focal,abstract,high,FALSE,resolved,
849,Manylabs2_01,10.1037/a0015960,TRUE,focal,single_effect,high,FALSE,resolved,
850,Manylabs2_02_1,10.1086/269239,TRUE,focal,single_effect,high,FALSE,resolved,
851,Manylabs2_03_1,10.1037/0022-3514.83.5.1239,TRUE,focal,single_effect,high,FALSE,resolved,
852,Manylabs2_04_1,10.1093/analys/63.3.190,TRUE,focal,single_effect,high,FALSE,resolved,
853,Manylabs2_05_1,10.1111/j.1468-0017.2006.00297.x,TRUE,focal,single_effect,high,FALSE,resolved,
854,Manylabs2_06_1,10.1016/0022-1031(77)90049-x,TRUE,focal,report,medium,FALSE,resolved,
855,Manylabs2_06_1,10.1016/0022-1031(77)90049-x,FALSE,none,report,medium,FALSE,resolved,
856,Manylabs2_07_1,10.1037/a0013748,TRUE,focal,report,high,FALSE,resolved,
857,Manylabs2_07_1,10.1037/a0013748,FALSE,none,report,high,FALSE,resolved,
858,Manylabs2_07_1,10.1037/a0013748,FALSE,none,report,high,FALSE,resolved,
859,Manylabs2_10_1,10.1002/ejsp.2013,FALSE,none,report,high,FALSE,resolved,
860,Manylabs2_10_1,10.1002/ejsp.2013,TRUE,focal,report,high,FALSE,resolved,
861,Manylabs2_10_1,10.1002/ejsp.2013,FALSE,none,report,high,FALSE,resolved,
862,Manylabs2_11_1,10.1126/science.7455683,TRUE,focal,single_effect,high,FALSE,resolved,
863,Manylabs2_13_1,10.1111/j.1468-0017.2006.00297.x,TRUE,focal,single_effect,high,FALSE,resolved,
864,Manylabs2_14_1,10.1037/0022-3514.95.2.293,TRUE,focal,single_effect,high,FALSE,resolved,
865,Manylabs2_15_1,10.1177/0956797611429579,TRUE,focal,abstract,high,FALSE,resolved,
866,Manylabs2_15_1,10.1177/0956797611429579,FALSE,none,abstract,high,FALSE,resolved,
867,Manylabs2_15_1,10.1177/0956797611429579,FALSE,none,abstract,high,FALSE,resolved,
868,Manylabs2_15_1,10.1177/0956797611429579,FALSE,none,abstract,high,FALSE,resolved,
869,Manylabs2_15_1,10.1177/0956797611429579,FALSE,none,abstract,high,FALSE,resolved,
870,Manylabs2_16_1,10.1002/bdm.586,TRUE,focal,single_effect,high,FALSE,resolved,
871,Manylabs2_17_1,10.1016/j.obhdp.2006.10.001,TRUE,focal,single_effect,high,FALSE,resolved,
872,Manylabs2_18_1,10.4324/9781032633275-7,FALSE,none,report,high,FALSE,resolved,
873,Manylabs2_19_1,10.1126/science.1130726,TRUE,focal,single_effect,high,FALSE,resolved,
874,Manylabs2_20_1,10.1037/a0034462,TRUE,focal,single_effect,high,FALSE,resolved,
875,Manylabs2_21_1,10.1037/0022-3514.73.4.733,TRUE,focal,single_effect,high,FALSE,resolved,
876,Manylabs2_22_1,10.1038/nclimate2093,TRUE,focal,abstract,high,FALSE,resolved,
877,Manylabs2_22_1,10.1038/nclimate2093,FALSE,none,abstract,high,FALSE,resolved,
878,Manylabs2_23_1,10.1037/0096-3445.136.4.569,TRUE,focal,single_effect,high,FALSE,resolved,
879,Manylabs2_24_1,10.1177/0956797611434537,TRUE,focal,single_effect,high,FALSE,resolved,
880,Manylabs2_25_1,10.1111/1467-9280.00334,TRUE,focal,single_effect,high,FALSE,resolved,
881,Manylabs2_26_1,10.3758/bf03197186,TRUE,focal,single_effect,high,FALSE,resolved,
882,Manylabs2_9_1,10.1002/(sici)1099-0771(199806)11:2<107::aid-bdm292>3.0.co;2-y,TRUE,focal,single_effect,high,FALSE,resolved,
883,OpenMKT1,10.1023/a:1008184423824,FALSE,constituent,report,low,FALSE,constituent_set,
884,OpenMKT1,10.1023/a:1008184423824,FALSE,constituent,report,low,FALSE,constituent_set,
885,OpenMKT1,10.1023/a:1008184423824,FALSE,constituent,report,low,FALSE,constituent_set,
886,OpenMKT1,10.1023/a:1008184423824,FALSE,constituent,report,low,FALSE,constituent_set,
887,OpenMKT1,10.1023/a:1008184423824,FALSE,constituent,report,low,FALSE,constituent_set,
888,OpenMKT1,10.1023/a:1008184423824,FALSE,constituent,report,low,FALSE,constituent_set,
889,OpenMKT1,10.1023/a:1008184423824,FALSE,constituent,report,low,FALSE,constituent_set,
890,OpenMKT1,10.1023/a:1008184423824,FALSE,constituent,report,low,FALSE,constituent_set,
891,OpenMKT1,10.1023/a:1008184423824,FALSE,constituent,report,low,FALSE,constituent_set,
892,OpenMKT1,10.1023/a:1008184423824,FALSE,constituent,report,low,FALSE,constituent_set,
893,OpenMKT1,10.1023/a:1008184423824,FALSE,constituent,report,low,FALSE,constituent_set,
894,OpenMKT1,10.1023/a:1008184423824,FALSE,constituent,report,low,FALSE,constituent_set,
895,OpenMKT1,10.1023/a:1008184423824,FALSE,constituent,report,low,FALSE,constituent_set,
896,OpenMKT10,10.1016/j.jcps.2010.06.007,FALSE,constituent,report,low,FALSE,constituent_set,
897,OpenMKT10,10.1016/j.jcps.2010.06.007,FALSE,constituent,report,low,FALSE,constituent_set,
898,OpenMKT12,10.1093/jcr/ucv007,FALSE,none,abstract,high,FALSE,resolved,
899,OpenMKT12,10.1093/jcr/ucv007,FALSE,none,abstract,high,FALSE,resolved,
900,OpenMKT12,10.1093/jcr/ucv007,TRUE,focal,abstract,high,FALSE,resolved,
901,OpenMKT12,10.1093/jcr/ucv007,FALSE,none,abstract,high,FALSE,resolved,
902,OpenMKT14,10.1093/jcr/ucv048,FALSE,none,abstract,high,FALSE,resolved,
903,OpenMKT14,10.1093/jcr/ucv048,TRUE,focal,abstract,high,FALSE,resolved,
904,OpenMKT14,10.1093/jcr/ucv048,FALSE,none,abstract,high,FALSE,resolved,
905,OpenMKT14,10.1093/jcr/ucv048,FALSE,none,abstract,high,FALSE,resolved,
906,OpenMKT16,10.1093/jcr/ucw056,FALSE,none,report,medium,FALSE,resolved,
907,OpenMKT16,10.1093/jcr/ucw056,FALSE,none,report,medium,FALSE,resolved,
908,OpenMKT16,10.1093/jcr/ucw056,FALSE,none,report,medium,FALSE,resolved,
909,OpenMKT16,10.1093/jcr/ucw056,FALSE,none,report,medium,FALSE,resolved,
910,OpenMKT16,10.1093/jcr/ucw056,FALSE,none,report,medium,FALSE,resolved,
911,OpenMKT16,10.1093/jcr/ucw056,TRUE,focal,report,medium,FALSE,resolved,
912,OpenMKT2,10.1016/j.ijresmar.2012.03.002,TRUE,focal,report,high,FALSE,resolved,
913,OpenMKT2,10.1016/j.ijresmar.2012.03.002,FALSE,none,report,high,FALSE,resolved,
914,OpenMKT2,10.1016/j.ijresmar.2012.03.002,FALSE,none,report,high,FALSE,resolved,
915,OpenMKT3,10.1093/jcr/ucx039,FALSE,none,report,high,FALSE,resolved,
916,OpenMKT3,10.1093/jcr/ucx039,FALSE,none,report,high,FALSE,resolved,
917,OpenMKT3,10.1093/jcr/ucx039,TRUE,focal,report,high,FALSE,resolved,
918,OpenMKT4,10.1093/jcr/ucw008,TRUE,focal,single_effect,high,FALSE,resolved,
919,OpenMKT5,10.1086/383422,FALSE,constituent,report,low,FALSE,constituent_set,
920,OpenMKT5,10.1086/383422,FALSE,constituent,report,low,FALSE,constituent_set,
921,OpenMKT5,10.1086/383422,FALSE,constituent,report,low,FALSE,constituent_set,
922,OpenMKT5,10.1086/383422,FALSE,none,report,low,FALSE,constituent_set,
923,OpenMKT5,10.1086/383422,FALSE,none,report,low,FALSE,constituent_set,
924,OpenMKT5,10.1086/383422,FALSE,none,report,low,FALSE,constituent_set,
925,OpenMKT6,10.1086/661531,TRUE,focal,report,high,FALSE,resolved,
926,OpenMKT6,10.1086/661531,FALSE,none,report,high,FALSE,resolved,
927,OpenMKT7_1,10.1093/jcr/ucv049,TRUE,focal,single_effect,high,FALSE,resolved,
928,OpenMKT7,10.1093/jcr/ucv049,FALSE,none,report,low,FALSE,focal_in_sibling,
929,OpenMKT7,10.1093/jcr/ucv049,FALSE,none,report,low,FALSE,focal_in_sibling,
930,OpenMKT7,10.1093/jcr/ucv049,FALSE,none,report,low,FALSE,focal_in_sibling,
931,OpenMKT8,10.1086/669476,FALSE,none,report,high,FALSE,resolved,
932,OpenMKT8,10.1086/669476,FALSE,none,report,high,FALSE,resolved,
933,OpenMKT8,10.1086/669476,TRUE,focal,report,high,FALSE,resolved,
934,OpenMKT8,10.1086/669476,FALSE,none,report,high,FALSE,resolved,
935,OpenMKT8,10.1086/669476,FALSE,none,report,high,FALSE,resolved,
936,OpenMKT9,10.1509/jmr.13.0023,TRUE,focal,report,high,FALSE,resolved,
937,OpenMKT9,10.1509/jmr.13.0023,FALSE,none,report,high,FALSE,resolved,
938,osc20151,10.1037/0278-7393.34.2.353,TRUE,focal,single_effect,high,FALSE,resolved,
939,osc201510,10.1037/0278-7393.34.2.430,TRUE,focal,single_effect,high,FALSE,resolved,
940,osc2015104,10.1111/j.1467-9280.2008.02062.x,TRUE,focal,single_effect,high,FALSE,resolved,
941,osc2015106,10.1111/j.1467-9280.2008.02066.x,TRUE,focal,single_effect,high,FALSE,resolved,
942,osc2015107,10.1111/j.1467-9280.2008.02078.x,TRUE,focal,single_effect,high,FALSE,resolved,
943,osc201511,10.1037/0278-7393.34.1.65,TRUE,focal,single_effect,high,FALSE,resolved,
944,osc2015110,10.1111/j.1467-9280.2008.02092.x,TRUE,focal,single_effect,high,FALSE,resolved,
945,osc2015111,10.1111/j.1467-9280.2008.02057.x,TRUE,focal,single_effect,high,FALSE,resolved,
946,osc2015112,10.1111/j.1467-9280.2008.02041.x,TRUE,focal,single_effect,high,FALSE,resolved,
947,osc2015113,10.1111/j.1467-9280.2008.02089.x,TRUE,focal,single_effect,high,FALSE,resolved,
948,osc2015114,10.1111/j.1467-9280.2008.02043.x,TRUE,focal,single_effect,high,FALSE,resolved,
949,osc2015115,10.1111/j.1467-9280.2008.02069.x,TRUE,focal,single_effect,high,FALSE,resolved,
950,osc2015116,10.1111/j.1467-9280.2008.02136.x,TRUE,focal,single_effect,high,FALSE,resolved,
951,osc2015117,10.1111/j.1467-9280.2008.02046.x,TRUE,focal,single_effect,high,FALSE,resolved,
952,osc2015118,10.1111/j.1467-9280.2008.02077.x,TRUE,focal,single_effect,high,FALSE,resolved,
953,osc201512,10.1037/0278-7393.34.1.243,TRUE,focal,single_effect,high,FALSE,resolved,
954,osc2015120,10.1111/j.1467-9280.2008.02053.x,TRUE,focal,single_effect,high,FALSE,resolved,
955,osc2015121,10.1111/j.1467-9280.2008.02091.x,TRUE,focal,single_effect,high,FALSE,resolved,
956,osc2015122,10.1111/j.1467-9280.2008.02098.x,TRUE,focal,single_effect,high,FALSE,resolved,
957,osc2015124,10.1111/j.1467-9280.2008.02040.x,TRUE,focal,single_effect,high,FALSE,resolved,
958,osc2015127,10.1111/j.1467-9280.2008.02080.x,TRUE,focal,single_effect,high,FALSE,resolved,
959,osc2015129,10.1111/j.1467-9280.2008.02052.x,TRUE,focal,single_effect,high,FALSE,resolved,
960,osc201513,10.1037/0278-7393.34.3.546,TRUE,focal,single_effect,high,FALSE,resolved,
961,osc2015132,10.1111/j.1467-9280.2008.02072.x,TRUE,focal,single_effect,high,FALSE,resolved,
962,osc2015133,10.1111/j.1467-9280.2008.02064.x,TRUE,focal,single_effect,high,FALSE,resolved,
963,osc2015134,10.1111/j.1467-9280.2008.02095.x,TRUE,focal,single_effect,high,FALSE,resolved,
964,osc2015135,10.1111/j.1467-9280.2008.02076.x,TRUE,focal,single_effect,high,FALSE,resolved,
965,osc2015136,10.1111/j.1467-9280.2008.02045.x,TRUE,focal,single_effect,high,FALSE,resolved,
966,osc2015139,10.1111/j.1467-9280.2008.02050.x,TRUE,focal,single_effect,high,FALSE,resolved,
967,osc2015140,10.1111/j.1467-9280.2008.02084.x,TRUE,focal,single_effect,high,FALSE,resolved,
968,osc2015142,10.1111/j.1467-9280.2008.02088.x,TRUE,focal,single_effect,high,FALSE,resolved,
969,osc2015143,10.1111/j.1467-9280.2008.02056.x,TRUE,focal,single_effect,high,FALSE,resolved,
970,osc2015145,10.1111/j.1467-9280.2008.02100.x,TRUE,focal,single_effect,high,FALSE,resolved,
971,osc2015146,10.1111/j.1467-9280.2008.02070.x,TRUE,focal,single_effect,high,FALSE,resolved,
972,osc2015148,10.1111/j.1467-9280.2008.02060.x,TRUE,focal,single_effect,high,FALSE,resolved,
973,osc201515,10.1037/0278-7393.34.3.514,TRUE,focal,single_effect,high,FALSE,resolved,
974,osc2015150,10.1111/j.1467-9280.2008.02044.x,TRUE,focal,single_effect,high,FALSE,resolved,
975,osc2015151,10.1111/j.1467-9280.2008.02227.x,TRUE,focal,single_effect,high,FALSE,resolved,
976,osc2015153,10.1111/j.1467-9280.2008.02049.x,TRUE,focal,single_effect,high,FALSE,resolved,
977,osc2015154,10.1111/j.1467-9280.2008.02085.x,TRUE,focal,single_effect,high,FALSE,resolved,
978,osc2015155,10.1111/j.1467-9280.2008.02093.x,TRUE,focal,single_effect,high,FALSE,resolved,
979,osc2015158,10.1111/j.1467-9280.2008.02042.x,TRUE,focal,single_effect,high,FALSE,resolved,
980,osc2015161,10.1111/j.1467-9280.2008.02081.x,TRUE,focal,single_effect,high,FALSE,resolved,
981,osc2015165,10.1111/j.1467-9280.2008.02039.x,TRUE,focal,single_effect,high,FALSE,resolved,
982,osc2015167,10.1111/j.1467-9280.2008.02051.x,TRUE,focal,single_effect,high,FALSE,resolved,
983,osc201517,10.1037/0278-7393.34.1.186,TRUE,focal,single_effect,high,FALSE,resolved,
984,osc201519,10.1037/0278-7393.34.3.439,TRUE,focal,single_effect,high,FALSE,resolved,
985,osc20152,10.1037/0278-7393.34.1.146,TRUE,focal,single_effect,high,FALSE,resolved,
986,osc201520,10.1037/0278-7393.34.2.408,TRUE,focal,single_effect,high,FALSE,resolved,
987,osc201522,10.1037/0278-7393.34.2.302,TRUE,focal,single_effect,high,FALSE,resolved,
988,osc201524,10.1037/0278-7393.34.2.343,TRUE,focal,single_effect,high,FALSE,resolved,
989,osc201525,10.1037/0278-7393.34.3.524,TRUE,focal,single_effect,high,FALSE,resolved,
990,osc201526,10.1037/0278-7393.34.1.50,TRUE,focal,single_effect,high,FALSE,resolved,
991,osc201527,10.1037/0278-7393.34.3.495,TRUE,focal,single_effect,high,FALSE,resolved,
992,osc201528,10.1037/0278-7393.34.1.249,TRUE,focal,single_effect,high,FALSE,resolved,
993,osc201529,10.1037/0278-7393.34.2.399,TRUE,focal,single_effect,high,FALSE,resolved,
994,osc20153,10.1037/0278-7393.34.3.478,TRUE,focal,single_effect,high,FALSE,resolved,
995,osc201532,10.1037/0278-7393.34.1.204,TRUE,focal,single_effect,high,FALSE,resolved,
996,osc201533,10.1037/0278-7393.34.1.128,TRUE,focal,single_effect,high,FALSE,resolved,
997,osc201536,10.1037/0278-7393.34.1.80,TRUE,focal,single_effect,high,FALSE,resolved,
998,osc201537,10.1037/0278-7393.34.2.369,TRUE,focal,single_effect,high,FALSE,resolved,
999,osc201539,10.1037/0278-7393.34.1.167,TRUE,focal,single_effect,high,FALSE,resolved,
1000,osc20154,10.1037/0278-7393.34.1.230,TRUE,focal,single_effect,high,FALSE,resolved,
1001,osc201543,10.1037/0022-3514.95.1.76,TRUE,focal,single_effect,high,FALSE,resolved,
1002,osc201544,10.1037/0022-3514.94.1.16,TRUE,focal,single_effect,high,FALSE,resolved,
1003,osc201546,10.1037/0022-3514.94.4.718,TRUE,focal,single_effect,high,FALSE,resolved,
1004,osc201548,10.1037/0022-3514.94.4.696,TRUE,focal,single_effect,high,FALSE,resolved,
1005,osc201549,10.1037/a0012833,TRUE,focal,single_effect,high,FALSE,resolved,
1006,osc20155,10.1037/0278-7393.34.1.237,TRUE,focal,single_effect,high,FALSE,resolved,
1007,osc201550,10.1037/a0012833,TRUE,focal,single_effect,high,FALSE,resolved,
1008,osc201552,10.1037/0022-3514.94.4.560,TRUE,focal,single_effect,high,FALSE,resolved,
1009,osc201553,10.1037/0022-3514.94.3.545,TRUE,focal,single_effect,high,FALSE,resolved,
1010,osc201555,10.1037/0022-3514.94.1.1,TRUE,focal,single_effect,high,FALSE,resolved,
1011,osc201556,10.1037/0022-3514.94.4.600,TRUE,focal,single_effect,high,FALSE,resolved,
1012,osc201558,10.1037/0022-3514.95.2.420,TRUE,focal,single_effect,high,FALSE,resolved,
1013,osc201559,10.1037/0022-3514.94.4.647,TRUE,focal,single_effect,high,FALSE,resolved,
1014,osc20156,10.1037/0278-7393.34.1.97,TRUE,focal,single_effect,high,FALSE,resolved,
1015,osc201561,10.1037/0022-3514.94.1.158,TRUE,focal,single_effect,high,FALSE,resolved,
1016,osc201563,10.1037/0022-3514.94.1.48,TRUE,focal,single_effect,high,FALSE,resolved,
1017,osc201564,10.1037/0022-3514.94.4.579,TRUE,focal,single_effect,high,FALSE,resolved,
1018,osc201565,10.1037/0022-3514.94.3.495,TRUE,focal,single_effect,high,FALSE,resolved,
1019,osc201568,10.1037/0022-3514.95.2.293,TRUE,focal,single_effect,high,FALSE,resolved,
1020,osc201569,10.1037/0022-3514.94.3.516,TRUE,focal,single_effect,high,FALSE,resolved,
1021,osc20157,10.1037/0278-7393.34.1.219,TRUE,focal,single_effect,high,FALSE,resolved,
1022,osc201571,10.1037/0022-3514.94.4.672,TRUE,focal,single_effect,high,FALSE,resolved,
1023,osc201572,10.1037/0022-3514.94.2.94.2.196,TRUE,focal,single_effect,high,FALSE,resolved,
1024,osc201573,10.1037/0022-3514.94.5.871,TRUE,focal,single_effect,high,FALSE,resolved,
1025,osc20158,10.1037/0278-7393.34.3.460,TRUE,focal,single_effect,high,FALSE,resolved,
1026,osc201580,10.1037/0022-3514.94.3.396,TRUE,focal,single_effect,high,FALSE,resolved,
1027,osc201581,10.1037/0022-3514.94.1.116,TRUE,focal,single_effect,high,FALSE,resolved,
1028,osc201582,10.1111/j.1467-9280.2008.02054.x,TRUE,focal,single_effect,high,FALSE,resolved,
1029,osc201584,10.1037/0022-3514.94.2.94.2.231,TRUE,focal,single_effect,high,FALSE,resolved,
1030,osc201586,10.1037/0022-3514.94.3.382,TRUE,focal,single_effect,high,FALSE,resolved,
1031,osc201587,10.1037/0022-3514.94.1.91,TRUE,focal,single_effect,high,FALSE,resolved,
1032,osc201589,10.1037/0022-3514.94.2.245,TRUE,focal,single_effect,high,FALSE,resolved,
1033,osc201593,10.1037/0022-3514.94.3.429,TRUE,focal,report,high,FALSE,resolved,
1034,osc201593,10.1037/0022-3514.94.3.429,FALSE,none,report,high,FALSE,resolved,
1035,osc201594,10.1037/0022-3514.95.2.274,TRUE,focal,single_effect,high,FALSE,resolved,
1036,osc201597,10.1037/0022-3514.94.4.615,TRUE,focal,single_effect,high,FALSE,resolved,
1037,q6tv8,10.1111/j.1467-9280.2006.01704.x,TRUE,focal,report,high,FALSE,resolved,
1038,q6tv8,10.1111/j.1467-9280.2006.01704.x,FALSE,none,report,high,FALSE,resolved,
1039,rtn9s,10.1111/j.1467-9280.2009.02426.x,TRUE,focal,single_effect,high,FALSE,resolved,
1040,soscisubmission1_4,10.1086/598971,TRUE,focal,single_effect,high,FALSE,resolved,
1041,soscisubmission10,10.1016/j.jesp.2009.06.003,TRUE,focal,single_effect,high,FALSE,resolved,
1042,soscisubmission14b,10.1016/j.cognition.2014.09.006,TRUE,focal,single_effect,high,FALSE,resolved,
1043,soscisubmission14c,10.1016/j.cognition.2014.09.006,TRUE,focal,abstract,high,FALSE,resolved,
1044,soscisubmission15,10.1152/japplphysiol.91324.2008,TRUE,focal,quote,high,FALSE,resolved,
1045,soscisubmission15,10.1152/japplphysiol.91324.2008,FALSE,none,quote,high,FALSE,resolved,
1046,soscisubmission18,10.1080/08824096.2018.1525347,FALSE,constituent,report,low,FALSE,constituent_set,
1047,soscisubmission18,10.1080/08824096.2018.1525347,FALSE,constituent,report,low,FALSE,constituent_set,
1048,soscisubmission18,10.1080/08824096.2018.1525347,FALSE,constituent,report,low,FALSE,constituent_set,
1049,soscisubmission18,10.1080/08824096.2018.1525347,FALSE,constituent,report,low,FALSE,constituent_set,
1050,soscisubmission18,10.1080/08824096.2018.1525347,FALSE,constituent,report,low,FALSE,constituent_set,
1051,soscisubmission18,10.1080/08824096.2018.1525347,FALSE,constituent,report,low,FALSE,constituent_set,
1052,soscisubmission18,10.1080/08824096.2018.1525347,FALSE,constituent,report,low,FALSE,constituent_set,
1053,soscisubmission18,10.1080/08824096.2018.1525347,FALSE,constituent,report,low,FALSE,constituent_set,
1054,soscisubmission18,10.1080/08824096.2018.1525347,FALSE,constituent,report,low,FALSE,constituent_set,
1055,soscisubmission18,10.1080/08824096.2018.1525347,FALSE,constituent,report,low,FALSE,constituent_set,
1056,soscisubmission18,10.1080/08824096.2018.1525347,FALSE,constituent,report,low,FALSE,constituent_set,
1057,soscisubmission18,10.1080/08824096.2018.1525347,FALSE,constituent,report,low,FALSE,constituent_set,
1058,soscisubmission2_2,10.1086/598971,TRUE,focal,single_effect,high,FALSE,resolved,
1059,soscisubmission3_1,10.1086/598971,TRUE,focal,single_effect,high,FALSE,resolved,
1060,soscisubmission3_2,10.1086/598971,TRUE,focal,single_effect,high,FALSE,resolved,
1061,soscisubmission3_3,10.1086/598971,TRUE,focal,single_effect,high,FALSE,resolved,
1062,soscisubmission3_4,10.1086/598971,TRUE,focal,single_effect,high,FALSE,resolved,
1063,soscisubmission34,10.1093/poq/nfx042,TRUE,focal,single_effect,high,FALSE,resolved,
1064,soscisubmission34_2_1,10.1093/poq/nfx042,TRUE,focal,single_effect,high,FALSE,resolved,
1065,soscisubmission34_2_2,10.1093/poq/nfx042,TRUE,focal,single_effect,high,FALSE,resolved,
1066,soscisubmission38_1_1,10.1111/1467-9280.00376,TRUE,focal,single_effect,high,FALSE,resolved,
1067,soscisubmission39,10.1177/0146167212475225,TRUE,focal,single_effect,high,FALSE,resolved,
1068,soscisubmission41,10.1177/0146167216684132,TRUE,focal,single_effect,high,FALSE,resolved,
1069,soscisubmission45,10.1037/mot0000097,TRUE,focal,single_effect,high,FALSE,resolved,
1070,soscisubmission46,10.3758/s13414-020-02150-8,TRUE,focal,quote,high,FALSE,resolved,
1071,soscisubmission47,10.1038/s41598-017-10669-4,TRUE,focal,abstract,high,FALSE,resolved,
1072,soscisubmission47,10.1038/s41598-017-10669-4,FALSE,none,abstract,high,FALSE,resolved,
1073,soscisubmission47,10.1038/s41598-017-10669-4,FALSE,none,abstract,high,FALSE,resolved,
1074,soscisubmission7_1_2_1,10.1111/j.1467-9280.2007.01944.x,TRUE,focal,single_effect,high,FALSE,resolved,
1075,soscisubmission8,10.1111/j.1467-8624.2007.00995.x,TRUE,focal,single_effect,high,FALSE,resolved,
1076,soscisubmission8_1_1,10.1111/j.1467-8624.2007.00995.x,TRUE,focal,single_effect,high,FALSE,resolved,
1077,soscisubmission9,10.1016/j.jesp.2009.06.003,TRUE,focal,single_effect,high,FALSE,resolved,
1078,svodevelopment2,10.1037/0022-3514.73.4.733,FALSE,none,abstract,high,FALSE,resolved,
1079,svodevelopment2_1i,10.1037/0022-3514.73.4.733,TRUE,focal,single_effect,high,FALSE,resolved,
1080,svodevelopment2,10.1037/0022-3514.73.4.733,FALSE,none,abstract,high,FALSE,resolved,
1081,svodevelopment2,10.1037/0022-3514.73.4.733,TRUE,focal,abstract,high,FALSE,resolved,
1082,svodevelopment2,10.1037/0022-3514.73.4.733,FALSE,none,abstract,high,FALSE,resolved,
1083,svodevelopment2_4a,10.1037/0022-3514.73.4.733,TRUE,focal,single_effect,high,FALSE,resolved,
1084,svodevelopment2_1e,10.1037/0022-3514.73.4.733,TRUE,focal,single_effect,high,FALSE,resolved,
1085,uxajg,10.3389/fpsyg.2014.01276,TRUE,focal,single_effect,high,FALSE,resolved,
1086,XPHI12,10.1163/156853706776931385,TRUE,focal,single_effect,high,FALSE,resolved,
1087,XPHI15,10.1111/j.1475-4975.2007.00158.x,FALSE,constituent,report,low,FALSE,constituent_set,
1088,XPHI15,10.1111/j.1475-4975.2007.00158.x,FALSE,constituent,report,low,FALSE,constituent_set,
1089,XPHI15,10.1111/j.1475-4975.2007.00158.x,FALSE,constituent,report,low,FALSE,constituent_set,
1090,XPHI15,10.1111/j.1475-4975.2007.00158.x,FALSE,constituent,report,low,FALSE,constituent_set,
1091,XPHI15,10.1111/j.1475-4975.2007.00158.x,FALSE,constituent,report,low,FALSE,constituent_set,
1092,XPHI16,10.1111/j.1475-4975.2007.00150.x,TRUE,focal,single_effect,high,FALSE,resolved,
1093,XPHI17,10.1016/j.cognition.2007.11.004,TRUE,focal,single_effect,high,FALSE,resolved,
1094,XPHI18,10.1080/09515080801978777,TRUE,focal,single_effect,high,FALSE,resolved,
1095,XPHI2,10.1080/09515080307771,TRUE,focal,single_effect,high,FALSE,resolved,
1096,XPHI20,10.5840/jphil20091061128,TRUE,focal,quote,high,FALSE,resolved,
1097,XPHI20,10.5840/jphil20091061128,FALSE,none,quote,high,FALSE,resolved,
1098,XPHI21,10.1080/09515080902802769,TRUE,focal,single_effect,high,FALSE,resolved,
1099,XPHI23,10.1080/09515080903532290,TRUE,focal,single_effect,high,FALSE,resolved,
1100,XPHI24,10.1111/j.1468-0017.2010.01398.x,TRUE,focal,single_effect,high,FALSE,resolved,
1101,XPHI25,10.1007/s11098-009-9439-x,TRUE,focal,single_effect,high,FALSE,resolved,
1102,XPHI26,10.5840/jphil20111081238,TRUE,focal,report,high,FALSE,resolved,
1103,XPHI26,10.5840/jphil20111081238,FALSE,none,report,high,FALSE,resolved,
1104,XPHI26,10.5840/jphil20111081238,FALSE,none,report,high,FALSE,resolved,
1105,XPHI26,10.5840/jphil20111081238,FALSE,none,report,high,FALSE,resolved,
1106,XPHI26,10.5840/jphil20111081238,FALSE,none,report,high,FALSE,resolved,
1107,XPHI26,10.5840/jphil20111081238,FALSE,none,report,high,FALSE,resolved,
1108,XPHI26,10.5840/jphil20111081238,FALSE,none,report,high,FALSE,resolved,
1109,XPHI27,art00005,TRUE,focal,single_effect,high,FALSE,resolved,
1110,XPHI29,10.1111/j.1551-6709.2011.01210.x,TRUE,focal,abstract,high,FALSE,resolved,
1111,XPHI29,10.1111/j.1551-6709.2011.01210.x,FALSE,none,abstract,high,FALSE,resolved,
1112,XPHI3,10.1016/j.cognition.2003.10.003,TRUE,focal,single_effect,high,FALSE,resolved,
1113,XPHI31,10.1007/s11098-010-9651-8,TRUE,focal,single_effect,high,FALSE,resolved,
1114,XPHI32,10.1016/j.cognition.2013.02.008,TRUE,focal,report,high,FALSE,resolved,
1115,XPHI32,10.1016/j.cognition.2013.02.008,FALSE,none,report,high,FALSE,resolved,
1116,XPHI32,10.1016/j.cognition.2013.02.008,FALSE,none,report,high,FALSE,resolved,
1117,XPHI32,10.1016/j.cognition.2013.02.008,FALSE,none,report,high,FALSE,resolved,
1118,XPHI32,10.1016/j.cognition.2013.02.008,FALSE,none,report,high,FALSE,resolved,
1119,XPHI32,10.1016/j.cognition.2013.02.008,FALSE,none,report,high,FALSE,resolved,
1120,XPHI32,10.1016/j.cognition.2013.02.008,FALSE,none,report,high,FALSE,resolved,
1121,XPHI33,10.1017/epi.2013.23,TRUE,focal,report,high,FALSE,resolved,
1122,XPHI33,10.1017/epi.2013.23,FALSE,none,report,high,FALSE,resolved,
1123,XPHI33,10.1017/epi.2013.23,FALSE,none,report,high,FALSE,resolved,
1124,XPHI33,10.1017/epi.2013.23,FALSE,none,report,high,FALSE,resolved,
1125,XPHI33,10.1017/epi.2013.23,FALSE,none,report,high,FALSE,resolved,
1126,XPHI34,10.1007/s13164-013-0154-3,TRUE,focal,single_effect,high,FALSE,resolved,
1127,XPHI35,10.1111/j.1933-1592.2012.00609.x,TRUE,focal,report,medium,FALSE,resolved,
1128,XPHI35,10.1111/j.1933-1592.2012.00609.x,FALSE,none,report,medium,FALSE,resolved,
1129,XPHI35,10.1111/j.1933-1592.2012.00609.x,FALSE,none,report,medium,FALSE,resolved,
1130,XPHI36,10.1007/s13164-013-0162-3,TRUE,focal,single_effect,high,FALSE,resolved,
1131,XPHI37,10.1093/aesthj/ayu027,TRUE,focal,single_effect,high,FALSE,resolved,
1132,XPHI38,10.1080/09515089.2014.894431,FALSE,constituent,report,low,FALSE,constituent_set,
1133,XPHI38,10.1080/09515089.2014.894431,FALSE,constituent,report,low,FALSE,constituent_set,
1134,XPHI39,10.1111/nous.12017,TRUE,focal,quote,high,FALSE,resolved,
1135,XPHI39,10.1111/nous.12017,FALSE,none,quote,high,FALSE,resolved,
1136,XPHI39,10.1111/nous.12017,FALSE,none,quote,high,FALSE,resolved,
1137,XPHI4,10.1111/j.1467-8284.2004.00481.x,TRUE,focal,single_effect,high,FALSE,resolved,
1138,XPHI40,10.1016/j.cognition.2015.01.013,TRUE,focal,quote,high,FALSE,resolved,
1139,XPHI40,10.1016/j.cognition.2015.01.013,FALSE,none,quote,high,FALSE,resolved,
1140,XPHI5,10.1080/0951508042000202354,FALSE,constituent,report,low,FALSE,constituent_set,
1141,XPHI5,10.1080/0951508042000202354,FALSE,constituent,report,low,FALSE,constituent_set,
1142,XPHI5,10.1080/0951508042000202354,FALSE,constituent,report,low,FALSE,constituent_set,
1143,XPHI6,10.1037/h0091247,TRUE,focal,single_effect,high,FALSE,resolved,
1144,XPHI7,10.1080/09515080500264180,TRUE,focal,single_effect,high,FALSE,resolved,
1145,XPHI9,10.1080/09515080500177309,TRUE,focal,single_effect,high,FALSE,resolved,
1146,jcre_03,10.1002/soej.12223,TRUE,focal,abstract,high,FALSE,resolved,
1147,jcre_03,10.1002/soej.12223,FALSE,none,abstract,high,FALSE,resolved,
1148,jcre_03,10.1002/soej.12223,FALSE,none,abstract,high,FALSE,resolved,
1149,jcre_03,10.1002/soej.12223,FALSE,none,abstract,high,FALSE,resolved,
1150,jcre_05,10.1162/rest_a_00258,FALSE,none,abstract,high,FALSE,resolved,
1151,jcre_05,10.1162/rest_a_00258,FALSE,none,abstract,high,FALSE,resolved,
1152,jcre_05,10.1162/rest_a_00258,FALSE,none,abstract,high,FALSE,resolved,
1153,jcre_05,10.1162/rest_a_00258,FALSE,none,abstract,high,FALSE,resolved,
1154,jcre_05,10.1162/rest_a_00258,FALSE,none,abstract,high,FALSE,resolved,
1155,jcre_05,10.1162/rest_a_00258,FALSE,none,abstract,high,FALSE,resolved,
1156,jcre_05,10.1162/rest_a_00258,FALSE,none,abstract,high,FALSE,resolved,
1157,jcre_05,10.1162/rest_a_00258,FALSE,none,abstract,high,FALSE,resolved,
1158,jcre_05,10.1162/rest_a_00258,FALSE,none,abstract,high,FALSE,resolved,
1159,jcre_05,10.1162/rest_a_00258,FALSE,none,abstract,high,FALSE,resolved,
1160,jcre_05,10.1162/rest_a_00258,FALSE,none,abstract,high,FALSE,resolved,
1161,resciencex_01,10.1016/j.econedurev.2005.05.008,FALSE,none,report,high,FALSE,target_absent,TRUE
1162,resciencex_01,10.1016/j.econedurev.2005.05.008,FALSE,none,report,high,FALSE,target_absent,TRUE
1163,resciencex_01,10.1016/j.econedurev.2005.05.008,FALSE,none,report,high,FALSE,target_absent,TRUE
1164,resciencex_01,10.1016/j.econedurev.2005.05.008,FALSE,none,report,high,FALSE,target_absent,TRUE
1165,resciencex_01,10.1016/j.econedurev.2005.05.008,FALSE,none,report,high,FALSE,target_absent,TRUE
1166,resciencex_01,10.1016/j.econedurev.2005.05.008,FALSE,none,report,high,FALSE,target_absent,TRUE
1167,resciencex_01,10.1016/j.econedurev.2005.05.008,FALSE,none,report,high,FALSE,target_absent,TRUE
1168,resciencex_01,10.1016/j.econedurev.2005.05.008,FALSE,none,report,high,FALSE,target_absent,TRUE
1169,soscisubmission14c,10.1016/j.cognition.2014.09.006,FALSE,none,abstract,high,FALSE,resolved,
1170,soscisubmission14c,10.1016/j.cognition.2014.09.006,FALSE,none,abstract,high,FALSE,resolved,
1171,soscisubmission46,10.3758/s13414-020-02150-8,FALSE,none,quote,high,FALSE,resolved,
1172,Soto,10.1037/0022-3514.84.4.871,,,,,FALSE,not_applicable,
1173,Soto,10.1037/0022-3514.84.4.871,,,,,FALSE,not_applicable,
1174,Soto,10.1016/j.paid.2010.07.033,,,,,FALSE,not_applicable,
1175,Soto,10.1111/1467-9280.00431,,,,,FALSE,not_applicable,
1176,Soto,10.1037/0022-3514.81.1.116,,,,,FALSE,not_applicable,
1177,Soto,10.1037/0022-3514.81.1.116,,,,,FALSE,not_applicable,
1178,Soto,10.1037/0022-0167.40.4.518,,,,,FALSE,not_applicable,
1179,Soto,10.1037/0022-0167.40.4.518,,,,,FALSE,not_applicable,
1180,Soto,10.1037/0022-0167.40.4.518,,,,,FALSE,not_applicable,
1181,Soto,10.1037/0022-0167.40.4.518,,,,,FALSE,not_applicable,
1182,Soto,10.1037/0022-3514.84.2.411,,,,,FALSE,not_applicable,
1183,Soto,10.1037/0022-3514.84.2.411,,,,,FALSE,not_applicable,
1184,Soto,10.1037/0022-3514.84.2.411,,,,,FALSE,not_applicable,
1185,Soto,10.1111/1467-6494.00102,,,,,FALSE,not_applicable,
1186,Soto,10.1111/1467-6494.00102,,,,,FALSE,not_applicable,
1187,Soto,10.1111/1467-6494.05028,,,,,FALSE,not_applicable,
1188,Soto,10.1111/1467-6494.05028,,,,,FALSE,not_applicable,
1189,Soto,10.1037/0033-2909.118.1.3,,,,,FALSE,not_applicable,
1190,Soto,10.1037/0033-2909.129.6.914,,,,,FALSE,not_applicable,
1191,Soto,10.1037/0033-2909.129.6.914,,,,,FALSE,not_applicable,
1192,Soto,10.1037/0033-2909.129.6.914,,,,,FALSE,not_applicable,
1193,Soto,10.1037/0033-2909.129.6.914,,,,,FALSE,not_applicable,
1194,Soto,10.1111/j.1744-6570.1999.tb00174.x,,,,,FALSE,not_applicable,
1195,Soto,10.1111/j.1744-6570.1999.tb00174.x,,,,,FALSE,not_applicable,
1196,Soto,10.1111/j.1744-6570.1999.tb00174.x,,,,,FALSE,not_applicable,
1197,Soto,10.1111/j.1744-6570.1999.tb00174.x,,,,,FALSE,not_applicable,
1198,Soto,10.1111/j.1744-6570.1999.tb00174.x,,,,,FALSE,not_applicable,
1199,Soto,10.1037/0022-3514.84.3.582,,,,,FALSE,not_applicable,
1200,Soto,10.1016/j.paid.2004.08.012,,,,,FALSE,not_applicable,
1201,Soto,10.1016/j.paid.2004.08.012,,,,,FALSE,not_applicable,
1202,Soto,10.1037/0021-9010.85.5.751,,,,,FALSE,not_applicable,
1203,Soto,10.1037/0021-9010.85.5.751,,,,,FALSE,not_applicable,
1204,Soto,10.1037/0022-3514.83.5.1165,,,,,FALSE,not_applicable,
1205,Soto,10.1037/0022-3514.83.5.1165,,,,,FALSE,not_applicable,
1206,Soto,wiebe_2004,,,,,FALSE,not_applicable,
1207,Soto,wiebe_2004,,,,,FALSE,not_applicable,
1208,datareplicada8a,10.1177/0022243720932532,TRUE,focal,single_effect,high,FALSE,resolved,
1209,datareplicada8b,10.1177/0022243720932532,TRUE,focal,single_effect,high,FALSE,resolved,
1210,soscisubmission53,10.1523/jneurosci.3427-13.2014,TRUE,focal,single_effect,high,FALSE,resolved,
1211,soscisubmission93,10.3389/fped.2019.00206,TRUE,focal,quote,high,FALSE,resolved,
1212,soscisubmission93,10.3389/fped.2019.00206,FALSE,none,quote,high,FALSE,resolved,
1213,soscisubmission93,10.3389/fped.2019.00206,FALSE,none,quote,high,FALSE,resolved,
1214,soscisubmission84,10.3758/s13414-019-01723-6,TRUE,focal,report,medium,FALSE,resolved,
1215,soscisubmission54,10.1037/ebs0000028,TRUE,focal,single_effect,high,FALSE,resolved,
1216,soscisubmission55,10.1126/science.283.5398.77,TRUE,focal,single_effect,high,FALSE,resolved,
1217,soscisubmission12a,10.1177/0956797610363775,TRUE,focal,single_effect,high,FALSE,resolved,
1218,soscisubmission12b,10.1177/0956797610363775,TRUE,focal,single_effect,high,FALSE,resolved,
1219,OpenMKT18,10.1509/jmr.13.0451,FALSE,none,abstract,high,FALSE,resolved,
1220,OpenMKT18,10.1509/jmr.13.0451,FALSE,none,abstract,high,FALSE,resolved,
1221,OpenMKT18,10.1509/jmr.13.0451,TRUE,focal,abstract,high,FALSE,resolved,
1222,OpenMKT19,10.1509/jppm.16.157,TRUE,focal,single_effect,high,FALSE,resolved,
1223,OpenMKT21,10.1086/691462,FALSE,none,quote,high,FALSE,resolved,
1224,OpenMKT21,10.1086/691462,FALSE,none,quote,high,FALSE,resolved,
1225,OpenMKT13,10.1093/jcr/ucx066,TRUE,focal,abstract,high,FALSE,resolved,
1226,OpenMKT13,10.1093/jcr/ucx066,FALSE,none,abstract,high,FALSE,resolved,
1227,OpenMKT13,10.1093/jcr/ucx066,FALSE,none,abstract,high,FALSE,resolved,
1228,OpenMKT11,10.1002/jcpy.1028,TRUE,focal,abstract,high,FALSE,resolved,
1229,OpenMKT11,10.1002/jcpy.1028,FALSE,none,abstract,high,FALSE,resolved,
1230,OpenMKT11,10.1002/jcpy.1028,FALSE,none,abstract,high,FALSE,resolved,
1231,OpenMKT11,10.1002/jcpy.1028,FALSE,none,abstract,high,FALSE,resolved,
1232,OpenMKT11,10.1002/jcpy.1028,FALSE,none,abstract,high,FALSE,resolved,
1233,OpenMKT11,10.1002/jcpy.1028,FALSE,none,abstract,high,FALSE,resolved,
1234,OpenMKT11,10.1002/jcpy.1028,FALSE,none,abstract,high,FALSE,resolved,
1235,OpenMKT11,10.1002/jcpy.1028,FALSE,none,abstract,high,FALSE,resolved,
1236,OpenMKT11,10.1002/jcpy.1028,FALSE,none,abstract,high,FALSE,resolved,
1237,OpenMKT11,10.1002/jcpy.1028,FALSE,none,abstract,high,FALSE,resolved,
1238,OpenMKT11,10.1002/jcpy.1028,FALSE,none,abstract,high,FALSE,resolved,
1239,OpenMKT11,10.1002/jcpy.1028,FALSE,none,abstract,high,FALSE,resolved,
1240,OpenMKT11,10.1002/jcpy.1028,FALSE,none,abstract,high,FALSE,resolved,
1241,OpenMKT11,10.1002/jcpy.1028,FALSE,none,abstract,high,FALSE,resolved,
1242,OpenMKT11,10.1002/jcpy.1028,FALSE,none,abstract,high,FALSE,resolved,
1243,OpenMKT11,10.1002/jcpy.1028,FALSE,none,abstract,high,FALSE,resolved,
1244,OpenMKT11,10.1002/jcpy.1028,FALSE,none,abstract,high,FALSE,resolved,
1245,OpenMKT11,10.1002/jcpy.1028,FALSE,none,abstract,high,FALSE,resolved,
1246,OpenMKT11,10.1002/jcpy.1028,FALSE,none,abstract,high,FALSE,resolved,
1247,OpenMKT11,10.1002/jcpy.1028,FALSE,none,abstract,high,FALSE,resolved,
1248,OpenMKT11,10.1002/jcpy.1028,FALSE,none,abstract,high,FALSE,resolved,
1249,OpenMKT11,10.1002/jcpy.1028,FALSE,none,abstract,high,FALSE,resolved,
1250,OpenMKT15,10.1093/jcr/ucv051,TRUE,focal,abstract,high,FALSE,resolved,
1251,OpenMKT15,10.1093/jcr/ucv051,FALSE,none,abstract,high,FALSE,resolved,
1252,OpenMKT15,10.1093/jcr/ucv051,FALSE,none,abstract,high,FALSE,resolved,
1253,OpenMKT15,10.1093/jcr/ucv051,FALSE,none,abstract,high,FALSE,resolved,
1254,OpenMKT16,10.1093/jcr/ucw056,FALSE,none,report,medium,FALSE,resolved,
1255,OpenMKT16,10.1093/jcr/ucw056,FALSE,none,report,medium,FALSE,resolved,
1256,OpenMKT16,10.1093/jcr/ucw056,FALSE,none,report,medium,FALSE,resolved,
1257,OpenMKT16,10.1093/jcr/ucw056,FALSE,none,report,medium,FALSE,resolved,
1258,OpenMKT16,10.1093/jcr/ucw056,FALSE,none,report,medium,FALSE,resolved,
1259,OpenMKT16,10.1093/jcr/ucw056,FALSE,none,report,medium,FALSE,resolved,
1260,OpenMKT17,10.1093/jcr/ucv023,FALSE,none,abstract,high,FALSE,resolved,
1261,OpenMKT17,10.1093/jcr/ucv023,TRUE,focal,abstract,high,FALSE,resolved,
1262,OpenMKT17,10.1093/jcr/ucv023,FALSE,none,abstract,high,FALSE,resolved,
1263,OpenMKT17,10.1093/jcr/ucv023,FALSE,none,abstract,high,FALSE,resolved,
1264,OpenMKT20,10.1177/0956797615625640,TRUE,focal,single_effect,high,FALSE,resolved,
1265,OpenMKT21,10.1086/691462,TRUE,focal,quote,high,FALSE,resolved,
1266,soscisubmission83,10.3758/s13414-019-01723-6,TRUE,focal,abstract,high,FALSE,resolved,
1267,soscisubmission84,10.3758/s13414-019-01723-6,FALSE,none,report,medium,FALSE,resolved,
1268,soscisubmission83,10.3758/s13414-019-01723-6,FALSE,none,abstract,high,FALSE,resolved,
1269,datareplicada9b,10.1177/0022243720904758,TRUE,focal,single_effect,high,FALSE,resolved,
1270,datareplicada9a,10.1177/0022243720904758,TRUE,focal,single_effect,high,FALSE,resolved,
1271,CORE_9,10.1111/j.0956-7976.2004.00757.x,TRUE,focal,single_effect,high,FALSE,resolved,
1272,CORE_17,10.1126/science.1091721,TRUE,focal,single_effect,high,FALSE,resolved,
1273,CORE_27,10.1037/0022-3514.67.3.357,FALSE,none,abstract,high,FALSE,resolved,
1274,soscisubmission72,10.1038/oby.2005.12,FALSE,none,abstract,high,FALSE,resolved,
1275,soscisubmission72,10.1038/oby.2005.12,FALSE,none,abstract,high,FALSE,resolved,
1276,soscisubmission78,10.1038/s41598-018-31129-7,TRUE,focal,abstract,high,FALSE,resolved,
1277,soscisubmission78,10.1038/s41598-018-31129-7,FALSE,none,abstract,high,FALSE,resolved,
1278,soscisubmission71,10.1111/flan.12063,TRUE,focal,abstract,high,FALSE,resolved,
1279,soscisubmission7,10.1111/flan.12063,TRUE,focal,single_effect,high,FALSE,resolved,
1280,soscisubmission71,10.1111/flan.12063,FALSE,none,abstract,high,FALSE,resolved,
1281,soscisubmission90a,10.1111/j.1467-9280.2007.01944.x,TRUE,focal,abstract,high,FALSE,resolved,
1282,Data (editable)_1,10.1177/0956797610384746,FALSE,none,abstract,high,FALSE,resolved,
1283,Data (editable)_1,10.1177/0956797610384746,FALSE,none,abstract,high,FALSE,resolved,
1284,Soto,10.1111/1467-6494.t01-1-00094,,,,,FALSE,not_applicable,
1285,Soto,10.1111/1467-6494.t01-1-00094,,,,,FALSE,not_applicable,
1286,Soto,10.1111/1467-6494.t01-1-00094,,,,,FALSE,not_applicable,
1287,Soto,10.1111/1467-6494.t01-1-00094,,,,,FALSE,not_applicable,
1288,Soto,10.1111/1467-6494.t01-1-00094,,,,,FALSE,not_applicable,
1289,Soto,10.1037/0022-3514.63.6.989,,,,,FALSE,not_applicable,
1290,Soto,10.1037/0022-3514.63.6.989,,,,,FALSE,not_applicable,
1291,Soto,10.1037/0022-3514.82.1.112,,,,,FALSE,not_applicable,
1292,Soto,10.1037/0022-3514.82.1.112,,,,,FALSE,not_applicable,
1293,Soto,10.1037/0033-2909.124.2.197,,,,,FALSE,not_applicable,
1294,Soto,10.1037/0033-2909.124.2.197,,,,,FALSE,not_applicable,
1295,Soto,10.1037/0021-843x.103.2.350,,,,,FALSE,not_applicable,
1296,Soto,10.1037/0021-843x.103.2.350,,,,,FALSE,not_applicable,
1297,Soto,10.1037/0021-843x.103.2.350,,,,,FALSE,not_applicable,
1298,Soto,10.1037/0021-843x.103.2.350,,,,,FALSE,not_applicable,
1299,Soto,10.1037/0021-843x.103.2.350,,,,,FALSE,not_applicable,
1300,Soto,10.1207/s15327795jra0303_2,,,,,FALSE,not_applicable,
1301,Soto,10.1207/s15327795jra0303_2,,,,,FALSE,not_applicable,
1302,Soto,10.1037/0022-3514.80.6.995,,,,,FALSE,not_applicable,
1303,Soto,10.1037/0022-3514.80.6.995,,,,,FALSE,not_applicable,
1304,Soto,10.1037/0022-3514.79.1.49,,,,,FALSE,not_applicable,
1305,Soto,10.1037/0022-3514.79.1.49,,,,,FALSE,not_applicable,
1306,Soto,10.1037/0022-3514.79.1.49,,,,,FALSE,not_applicable,
1307,Soto,10.1037/0893-3200.17.4.460,,,,,FALSE,not_applicable,
1308,CORE_167,10.1037/0278-6133.3.5.431,TRUE,focal,single_effect,high,FALSE,resolved,
1309,CORE_221,10.1111/j.1467-9280.2006.01704.x,TRUE,focal,single_effect,high,FALSE,resolved,
1310,CORE_19,10.1023/a:1015044207315,TRUE,focal,single_effect,high,FALSE,resolved,
1311,CORE_27,10.1037/0022-3514.67.3.357,FALSE,none,abstract,high,FALSE,resolved,
1312,CORE_27,10.1037/0022-3514.67.3.357,FALSE,none,abstract,high,FALSE,resolved,
1313,CORE_27,10.1037/0022-3514.67.3.357,TRUE,focal,abstract,high,FALSE,resolved,
1314,CORE_37,10.1037/0022-3514.49.6.1621,TRUE,focal,single_effect,high,FALSE,resolved,
1315,curatescience39,10.1126/science.1130726,TRUE,focal,single_effect,high,FALSE,resolved,
1316,RRR_BrohmerHofer_etal_2024_Bauch,10.1177/0261927x01020004004,TRUE,focal,abstract,high,FALSE,resolved,
1317,RRR_BrohmerHofer_etal_2024_Bauch,10.1177/0261927x01020004004,FALSE,none,abstract,high,FALSE,resolved,
1318,RRR_BrohmerHofer_etal_2024_Bauch,10.1177/0261927x01020004004,FALSE,none,abstract,high,FALSE,resolved,
1319,RRR_BrohmerHofer_etal_2024_Bauch,10.1177/0261927x01020004004,FALSE,none,abstract,high,FALSE,resolved,
1320,RRR_BrohmerHofer_etal_2024_Bauch,10.1177/0261927x01020004004,FALSE,none,abstract,high,FALSE,resolved,
1321,RRR_BrohmerHofer_etal_2024_Bauch,10.1177/0261927x01020004004,FALSE,none,abstract,high,FALSE,resolved,
1322,RRR_BrohmerHofer_etal_2024_Bauch_a_pilot,10.1177/0261927x01020004004,TRUE,focal,single_effect,high,FALSE,resolved,
1323,RRR_BrohmerHofer_etal_2024_Bauch_e_pilot,10.1177/0261927x01020004004,TRUE,focal,single_effect,high,FALSE,resolved,
1324,RRR_BrohmerHofer_etal_2024_Bauch_f_pilot,10.1177/0261927x01020004004,TRUE,focal,single_effect,high,FALSE,resolved,
1325,RRR_BrohmerHofer_etal_2024_Bauch_a_extension,10.1177/0261927x01020004004,TRUE,focal,single_effect,high,FALSE,resolved,
1326,RRR_BrohmerHofer_etal_2024_Bauch_e_extension,10.1177/0261927x01020004004,TRUE,focal,single_effect,high,FALSE,resolved,
1327,RRR_BrohmerHofer_etal_2024_Bauch_f_extension,10.1177/0261927x01020004004,TRUE,focal,single_effect,high,FALSE,resolved,
1328,RRR_BrohmerHofer_etal_2024_Bauch_c_pilot,10.1177/0261927x01020004004,TRUE,focal,single_effect,high,FALSE,resolved,
1329,RRR_BrohmerHofer_etal_2024_Bauch_d_pilot,10.1177/0261927x01020004004,TRUE,focal,single_effect,high,FALSE,resolved,
1330,RRR_BrohmerHofer_etal_2024_Bauch_b_pilot,10.1177/0261927x01020004004,TRUE,focal,single_effect,high,FALSE,resolved,
1331,RRR_BrohmerHofer_etal_2024_Bauch_c_extension,10.1177/0261927x01020004004,TRUE,focal,single_effect,high,FALSE,resolved,
1332,RRR_BrohmerHofer_etal_2024_Bauch_d_extension,10.1177/0261927x01020004004,TRUE,focal,single_effect,high,FALSE,resolved,
1333,RRR_BrohmerHofer_etal_2024_Bauch_b_extension,10.1177/0261927x01020004004,TRUE,focal,single_effect,high,FALSE,resolved,
1334,soscisubmission73,10.1177/1948550617720269,TRUE,focal,abstract,high,FALSE,resolved,
1335,soscisubmission73,10.1177/1948550617720269,FALSE,none,abstract,high,FALSE,resolved,
1336,soscisubmission73,10.1177/1948550617720269,FALSE,none,abstract,high,FALSE,resolved,
1337,soscisubmission_reddenhoch2009,10.1207/s15324834basp2504_5,TRUE,focal,abstract,high,FALSE,resolved,
1338,soscisubmission_reddenhoch2009,10.1207/s15324834basp2504_5,FALSE,none,abstract,high,FALSE,resolved,
1339,soscisubmission_reddenhoch2009,10.1207/s15324834basp2504_5,FALSE,none,abstract,high,FALSE,resolved,
1340,soscisubmission_reddenhoch2009,10.1207/s15324834basp2504_5,FALSE,none,abstract,high,FALSE,resolved,
1341,soscisubmission44,10.1016/j.nlm.2017.09.009,TRUE,focal,quote,medium,FALSE,resolved,
1342,xszk6,10.1016/j.jesp.2009.05.003,TRUE,focal,abstract,high,FALSE,resolved,
1343,xszk6,10.1016/j.jesp.2009.05.003,FALSE,none,abstract,high,FALSE,resolved,
1344,soscisubmission86,10.1177/0956797617721270,TRUE,focal,single_effect,high,FALSE,resolved,
1345,soscisubmission87,10.1177/0956797617721270,TRUE,focal,abstract,high,FALSE,resolved,
1346,soscisubmission88,10.1177/0956797617721270,TRUE,focal,single_effect,high,FALSE,resolved,
1347,soscisubmission73,10.1177/1948550617720269,FALSE,none,abstract,high,FALSE,resolved,
1348,soscisubmission44,10.1016/j.nlm.2017.09.009,FALSE,none,quote,medium,FALSE,resolved,
1349,w4dip,10.1016/j.jesp.2009.05.003,FALSE,none,report,medium,FALSE,resolved,
1350,w4dip,10.1016/j.jesp.2009.05.003,TRUE,focal,report,medium,FALSE,resolved,
1351,soscisubmission95,10.1016/j.cognition.2009.02.001,TRUE,focal,single_effect,high,FALSE,resolved,
1352,soscisubmission98,10.1037/0096-3445.135.4.641,TRUE,focal,single_effect,high,FALSE,resolved,
1353,RRR_cognitivedissonance,10.1037/0022-3514.45.4.782,TRUE,focal,single_effect,high,FALSE,resolved,
1354,additional_studies255,10.1249/mss.0000000000000818,TRUE,focal,single_effect,high,FALSE,resolved,
1355,additional_studies256,10.1016/j.jesp.2012.11.012,TRUE,focal,single_effect,high,FALSE,resolved,
1356,additional_studies257,10.1080/026999398379411,TRUE,focal,single_effect,high,FALSE,resolved,
1357,additional_studies259,10.1080/10503307.2012.731088,TRUE,focal,single_effect,high,FALSE,resolved,
1358,additional_studies260,10.1037/a0029395,TRUE,focal,single_effect,high,FALSE,resolved,
1359,additional_studies261,10.1037/h0093929,FALSE,constituent,report,low,FALSE,constituent_set,
1360,additional_studies262,10.1002/smj.2585,FALSE,none,report,medium,FALSE,resolved,
1361,additional_studies263,10.1007/s11002-005-0457-y,TRUE,focal,single_effect,high,FALSE,resolved,
1362,soscisubmission58,10.1177/01461672211025423,TRUE,focal,single_effect,high,FALSE,resolved,
1363,soscisubmission60,10.1177/01461672211025423,TRUE,focal,single_effect,high,FALSE,resolved,
1364,soscisubmission69,10.1177/01461672211025423,TRUE,focal,single_effect,high,FALSE,resolved,
1365,soscisubmission62,10.1177/01461672211025423,TRUE,focal,single_effect,high,FALSE,resolved,
1366,soscisubmission64,10.1177/01461672211025423,TRUE,focal,single_effect,high,FALSE,resolved,
1367,soscisubmission65,10.1177/01461672211025423,TRUE,focal,single_effect,high,FALSE,resolved,
1368,soscisubmission66,10.1177/01461672211025423,TRUE,focal,single_effect,high,FALSE,resolved,
1369,soscisubmission67,10.1177/01461672211025423,TRUE,focal,single_effect,high,FALSE,resolved,
1370,soscisubmission68,10.1177/01461672211025423,TRUE,focal,single_effect,high,FALSE,resolved,
1371,RRR_BrohmerHofer_etal_2024_Beitner,10.1177/0261927x01020004004,TRUE,focal,single_effect,high,FALSE,resolved,
1372,RRR_BrohmerHofer_etal_2024_BrohmerHofer,10.1177/0261927x01020004004,TRUE,focal,single_effect,high,FALSE,resolved,
1373,RRR_BrohmerHofer_etal_2024_Giuliani,10.1177/0261927x01020004004,TRUE,focal,single_effect,high,FALSE,resolved,
1374,RRR_BrohmerHofer_etal_2024_Gruber,10.1177/0261927x01020004004,TRUE,focal,single_effect,high,FALSE,resolved,
1375,RRR_BrohmerHofer_etal_2024_Jauk,10.1177/0261927x01020004004,TRUE,focal,single_effect,high,FALSE,resolved,
1376,RRR_BrohmerHofer_etal_2024_Malkoc,10.1177/0261927x01020004004,TRUE,focal,single_effect,high,FALSE,resolved,
1377,RRR_BrohmerHofer_etal_2024_Muess,10.1177/0261927x01020004004,TRUE,focal,single_effect,high,FALSE,resolved,
1378,RRR_BrohmerHofer_etal_2024_SalwenderBerkessel,10.1177/0261927x01020004004,TRUE,focal,single_effect,high,FALSE,resolved,
1379,RRR_BrohmerHofer_etal_2024_WehrtOtto,10.1177/0261927x01020004004,TRUE,focal,single_effect,high,FALSE,resolved,
1380,RRR_BrohmerHofer_etal_2024_ZPIDde,10.1177/0261927x01020004004,TRUE,focal,single_effect,high,FALSE,resolved,
1381,RRR_BrohmerHofer_etal_2024_ZPIDat,10.1177/0261927x01020004004,TRUE,focal,abstract,high,FALSE,resolved,
1382,RRR_BrohmerHofer_etal_2024_ZPIDat,10.1177/0261927x01020004004,FALSE,none,abstract,high,FALSE,resolved,
1383,CORE_50,10.1037/0033-295x.93.2.136,TRUE,focal,abstract,high,FALSE,resolved,
1384,CORE_50,10.1037/0033-295x.93.2.136,FALSE,none,abstract,high,FALSE,resolved,
1385,CORE_54,10.1002/ejsp.2420170402,TRUE,focal,single_effect,high,FALSE,resolved,
1386,CORE_63,10.1111/j.1467-9280.2006.01720.x,TRUE,focal,single_effect,high,FALSE,resolved,
1387,CORE_70,10.1177/0146167202286008,TRUE,focal,abstract,high,FALSE,resolved,
1388,CORE_70,10.1177/0146167202286008,FALSE,none,abstract,high,FALSE,resolved,
1389,CORE_70,10.1177/0146167202286008,FALSE,none,abstract,high,FALSE,resolved,
1390,CORE_70,10.1177/0146167202286008,FALSE,none,abstract,high,FALSE,resolved,
1391,CORE_70,10.1177/0146167202286008,FALSE,none,abstract,high,FALSE,resolved,
1392,CORE_70,10.1177/0146167202286008,FALSE,none,abstract,high,FALSE,resolved,
1393,CORE_70,10.1177/0146167202286008,FALSE,none,abstract,high,FALSE,resolved,
1394,CORE_70,10.1177/0146167202286008,FALSE,none,abstract,high,FALSE,resolved,
1395,CORE_70,10.1177/0146167202286008,FALSE,none,abstract,high,FALSE,resolved,
1396,CORE_76,10.1023/a:1019923923537,TRUE,focal,single_effect,high,FALSE,resolved,
1397,CORE_85,10.1037/0096-1523.3.4.544,TRUE,focal,single_effect,high,FALSE,resolved,
1398,CORE_91,10.1016/0001-6918(81)90005-6,TRUE,focal,abstract,medium,FALSE,resolved,
1399,CORE_91,10.1016/0001-6918(81)90005-6,FALSE,none,abstract,medium,FALSE,resolved,
1400,CORE_101,10.1006/jesp.1996.1314,FALSE,none,report,medium,FALSE,resolved,
1401,CORE_101,10.1006/jesp.1996.1314,TRUE,focal,report,medium,FALSE,resolved,
1402,CORE_102,10.1017/s1930297500005064,FALSE,none,abstract,high,FALSE,resolved,
1403,CORE_102,10.1017/s1930297500005064,TRUE,focal,abstract,high,FALSE,resolved,
1404,curatescience36,10.1016/j.jesp.2004.07.001,FALSE,none,abstract,high,FALSE,resolved,
1405,curatescience365_2,10.1177/0956797611414726,TRUE,focal,single_effect,high,FALSE,resolved,
1406,CORE_39,10.1037/a0027407,TRUE,focal,single_effect,high,FALSE,resolved,
1407,CORE_47,10.1002/(sici)1099-0771(200001/03)13:1<1::aid-bdm333>3.0.co;2-s,TRUE,focal,single_effect,high,FALSE,resolved,
1408,CORE_52,10.1037/0022-3514.74.1.53,TRUE,focal,single_effect,high,FALSE,resolved,
1409,CORE_55,10.1086/670020,TRUE,focal,single_effect,high,FALSE,resolved,
1410,CORE_59,10.1016/s0749-5978(02)00013-4,TRUE,focal,single_effect,high,FALSE,resolved,
1411,CORE_80,10.1162/003355397555208,TRUE,focal,single_effect,high,FALSE,resolved,
1412,CORE_86,10.1016/0022-1031(91)90011-t,TRUE,focal,single_effect,high,FALSE,resolved,
1413,Data (editable)_1,10.1177/0956797610384746,TRUE,focal,abstract,high,FALSE,resolved,
1414,gea2s,10.1111/j.1467-9280.2008.02227.x,TRUE,focal,single_effect,high,FALSE,resolved,
1415,soscisubmission89,10.3758/s13414-019-01723-6,TRUE,focal,single_effect,high,FALSE,resolved,
1416,soscisubmission90a,10.1111/j.1467-9280.2007.01944.x,FALSE,none,abstract,high,FALSE,resolved,
1417,soscisubmission72,10.1038/oby.2005.12,TRUE,focal,abstract,high,FALSE,resolved,
1418,soscisubmission78,10.1038/s41598-018-31129-7,FALSE,none,abstract,high,FALSE,resolved,
1419,datareplicada1,10.1177/0022243718813544,TRUE,focal,single_effect,high,FALSE,resolved,
1420,add_ai84_iceland,10.1038/ng1808,TRUE,focal,single_effect,high,FALSE,resolved,
1421,add_ai84_sweden,10.1038/ng1808,TRUE,focal,single_effect,high,FALSE,resolved,
1422,add_ai84_USA,10.1038/ng1808,TRUE,focal,single_effect,high,FALSE,resolved,
1423,add_ai84_African,10.1038/ng1808,TRUE,focal,single_effect,high,FALSE,resolved,
1424,add_ai5,10.1037/h0076284,FALSE,none,report,high,FALSE,resolved,
1425,add_ai5,10.1037/h0076284,TRUE,focal,report,high,FALSE,resolved,
1426,add_ai60,10.1016/s0272-6963(97)00033-8,FALSE,constituent,report,low,FALSE,constituent_set,
1427,add_ai60,10.1016/s0272-6963(97)00033-8,FALSE,constituent,report,low,FALSE,constituent_set,
1428,add_ai60,10.1016/s0272-6963(97)00033-8,FALSE,constituent,report,low,FALSE,constituent_set,
1429,add_ai60,10.1016/s0272-6963(97)00033-8,FALSE,constituent,report,low,FALSE,constituent_set,
1430,add_ai60,10.1016/s0272-6963(97)00033-8,FALSE,constituent,report,low,FALSE,constituent_set,
1431,add_ai60,10.1016/s0272-6963(97)00033-8,FALSE,constituent,report,low,FALSE,constituent_set,
1432,add_ai60,10.1016/s0272-6963(97)00033-8,FALSE,constituent,report,low,FALSE,constituent_set,
1433,add_ai60,10.1016/s0272-6963(97)00033-8,FALSE,constituent,report,low,FALSE,constituent_set,
1434,add_ai60,10.1016/s0272-6963(97)00033-8,FALSE,constituent,report,low,FALSE,constituent_set,
1435,add_ai60,10.1016/s0272-6963(97)00033-8,FALSE,constituent,report,low,FALSE,constituent_set,
1436,add_ai60,10.1016/s0272-6963(97)00033-8,FALSE,constituent,report,low,FALSE,constituent_set,
1437,add_ai60,10.1016/s0272-6963(97)00033-8,FALSE,constituent,report,low,FALSE,constituent_set,
1438,add_ai60,10.1016/s0272-6963(97)00033-8,FALSE,constituent,report,low,FALSE,constituent_set,
1439,add_ai60,10.1016/s0272-6963(97)00033-8,FALSE,constituent,report,low,FALSE,constituent_set,
1440,add_ai60,10.1016/s0272-6963(97)00033-8,FALSE,constituent,report,low,FALSE,constituent_set,
1441,add_ai60,10.1016/s0272-6963(97)00033-8,FALSE,constituent,report,low,FALSE,constituent_set,
1442,add_ai60,10.1016/s0272-6963(97)00033-8,FALSE,constituent,report,low,FALSE,constituent_set,
1443,add_ai60,10.1016/s0272-6963(97)00033-8,FALSE,constituent,report,low,FALSE,constituent_set,
1444,add_ai60,10.1016/s0272-6963(97)00033-8,FALSE,constituent,report,low,FALSE,constituent_set,
1445,add_ai60,10.1016/s0272-6963(97)00033-8,FALSE,constituent,report,low,FALSE,constituent_set,
1446,add_ai60,10.1016/s0272-6963(97)00033-8,FALSE,constituent,report,low,FALSE,constituent_set,
1447,add_ai60,10.1016/s0272-6963(97)00033-8,FALSE,constituent,report,low,FALSE,constituent_set,
1448,add_ai60,10.1016/s0272-6963(97)00033-8,FALSE,constituent,report,low,FALSE,constituent_set,
1449,add_ai60,10.1016/s0272-6963(97)00033-8,FALSE,constituent,report,low,FALSE,constituent_set,
1450,add_ai60,10.1016/s0272-6963(97)00033-8,FALSE,constituent,report,low,FALSE,constituent_set,
1451,add_ai60,10.1016/s0272-6963(97)00033-8,FALSE,constituent,report,low,FALSE,constituent_set,
1452,add_ai60_a2,10.1016/s0272-6963(97)00033-8,TRUE,focal,single_effect,high,FALSE,resolved,
1453,add_ai60_b2,10.1016/s0272-6963(97)00033-8,TRUE,focal,single_effect,high,FALSE,resolved,
1454,add_ai60_c2,10.1016/s0272-6963(97)00033-8,TRUE,focal,single_effect,high,FALSE,resolved,
1455,add_ai60_d2,10.1016/s0272-6963(97)00033-8,TRUE,focal,single_effect,high,FALSE,resolved,
1456,add_ai60_e2,10.1016/s0272-6963(97)00033-8,TRUE,focal,single_effect,high,FALSE,resolved,
1457,add_ai60_f2,10.1016/s0272-6963(97)00033-8,TRUE,focal,single_effect,high,FALSE,resolved,
1458,add_ai60_g2,10.1016/s0272-6963(97)00033-8,TRUE,focal,single_effect,high,FALSE,resolved,
1459,add_ai60_h2,10.1016/s0272-6963(97)00033-8,TRUE,focal,single_effect,high,FALSE,resolved,
1460,add_ai60_i2,10.1016/s0272-6963(97)00033-8,TRUE,focal,single_effect,high,FALSE,resolved,
1461,add_ai60_j2,10.1016/s0272-6963(97)00033-8,TRUE,focal,single_effect,high,FALSE,resolved,
1462,add_ai60_k2,10.1016/s0272-6963(97)00033-8,TRUE,focal,single_effect,high,FALSE,resolved,
1463,add_ai60_l2,10.1016/s0272-6963(97)00033-8,TRUE,focal,single_effect,high,FALSE,resolved,
1464,add_ai60_m2,10.1016/s0272-6963(97)00033-8,TRUE,focal,single_effect,high,FALSE,resolved,
1465,add_ai60_n2,10.1016/s0272-6963(97)00033-8,TRUE,focal,single_effect,high,FALSE,resolved,
1466,add_ai60_o2,10.1016/s0272-6963(97)00033-8,TRUE,focal,single_effect,high,FALSE,resolved,
1467,add_ai60_p2,10.1016/s0272-6963(97)00033-8,TRUE,focal,single_effect,high,FALSE,resolved,
1468,add_ai60_q2,10.1016/s0272-6963(97)00033-8,TRUE,focal,single_effect,high,FALSE,resolved,
1469,add_ai60_r2,10.1016/s0272-6963(97)00033-8,TRUE,focal,single_effect,high,FALSE,resolved,
1470,add_ai60_s2,10.1016/s0272-6963(97)00033-8,TRUE,focal,single_effect,high,FALSE,resolved,
1471,add_ai60_u2,10.1016/s0272-6963(97)00033-8,TRUE,focal,single_effect,high,FALSE,resolved,
1472,add_ai60_v2,10.1016/s0272-6963(97)00033-8,TRUE,focal,single_effect,high,FALSE,resolved,
1473,add_ai60_w2,10.1016/s0272-6963(97)00033-8,TRUE,focal,single_effect,high,FALSE,resolved,
1474,add_ai60_x2,10.1016/s0272-6963(97)00033-8,TRUE,focal,single_effect,high,FALSE,resolved,
1475,add_ai60_y2,10.1016/s0272-6963(97)00033-8,TRUE,focal,single_effect,high,FALSE,resolved,
1476,add_ai60_z2,10.1016/s0272-6963(97)00033-8,TRUE,focal,single_effect,high,FALSE,resolved,
1477,add_ai60_a3,10.1016/s0272-6963(97)00033-8,TRUE,focal,single_effect,high,FALSE,resolved,
1478,add_ai60_b3,10.1016/s0272-6963(97)00033-8,TRUE,focal,single_effect,high,FALSE,resolved,
1479,add_ai60_c3,10.1016/s0272-6963(97)00033-8,TRUE,focal,single_effect,high,FALSE,resolved,
1480,add_ai60_d3,10.1016/s0272-6963(97)00033-8,TRUE,focal,single_effect,high,FALSE,resolved,
1481,add_ai60_e3,10.1016/s0272-6963(97)00033-8,TRUE,focal,single_effect,high,FALSE,resolved,
1482,add_ai60_f3,10.1016/s0272-6963(97)00033-8,TRUE,focal,single_effect,high,FALSE,resolved,
1483,add_ai60_g3,10.1016/s0272-6963(97)00033-8,TRUE,focal,single_effect,high,FALSE,resolved,
1484,add_ai60_h3,10.1016/s0272-6963(97)00033-8,TRUE,focal,single_effect,high,FALSE,resolved,
1485,add_ai60_i3,10.1016/s0272-6963(97)00033-8,TRUE,focal,single_effect,high,FALSE,resolved,
1486,add_ai60_j3,10.1016/s0272-6963(97)00033-8,TRUE,focal,single_effect,high,FALSE,resolved,
1487,add_ai60_k3,10.1016/s0272-6963(97)00033-8,TRUE,focal,single_effect,high,FALSE,resolved,
1488,add_ai60_l3,10.1016/s0272-6963(97)00033-8,TRUE,focal,single_effect,high,FALSE,resolved,
1489,add_ai60_m3,10.1016/s0272-6963(97)00033-8,TRUE,focal,single_effect,high,FALSE,resolved,
1490,add_ai60_n3,10.1016/s0272-6963(97)00033-8,TRUE,focal,single_effect,high,FALSE,resolved,
1491,add_ai60_o3,10.1016/s0272-6963(97)00033-8,TRUE,focal,single_effect,high,FALSE,resolved,
1492,add_ai60_p3,10.1016/s0272-6963(97)00033-8,TRUE,focal,single_effect,high,FALSE,resolved,
1493,add_ai60_q3,10.1016/s0272-6963(97)00033-8,TRUE,focal,single_effect,high,FALSE,resolved,
1494,add_ai60_r3,10.1016/s0272-6963(97)00033-8,TRUE,focal,single_effect,high,FALSE,resolved,
1495,add_ai60_s3,10.1016/s0272-6963(97)00033-8,TRUE,focal,single_effect,high,FALSE,resolved,
1496,add_ai60_t3,10.1016/s0272-6963(97)00033-8,TRUE,focal,single_effect,high,FALSE,resolved,
1497,add_ai60_u3,10.1016/s0272-6963(97)00033-8,TRUE,focal,single_effect,high,FALSE,resolved,
1498,add_ai60_v3,10.1016/s0272-6963(97)00033-8,TRUE,focal,single_effect,high,FALSE,resolved,
1499,add_ai60_w3,10.1016/s0272-6963(97)00033-8,TRUE,focal,single_effect,high,FALSE,resolved,
1500,add_ai60_x3,10.1016/s0272-6963(97)00033-8,TRUE,focal,single_effect,high,FALSE,resolved,
1501,add_ai60_y3,10.1016/s0272-6963(97)00033-8,TRUE,focal,single_effect,high,FALSE,resolved,
1502,add_ai6,10.1002/acp.1376,FALSE,none,report,medium,FALSE,resolved,
1503,add_ai6,10.1002/acp.1376,TRUE,focal,report,medium,FALSE,resolved,
1504,add_ai30,10.1016/j.appet.2011.12.023,TRUE,focal,abstract,high,FALSE,resolved,
1505,add_ai30,10.1016/j.appet.2011.12.023,FALSE,none,abstract,high,FALSE,resolved,
1506,add_ai30,10.1016/j.appet.2011.12.023,FALSE,none,abstract,high,FALSE,resolved,
1507,add_ai30,10.1016/j.appet.2011.12.023,FALSE,none,abstract,high,FALSE,resolved,
1508,add_ai30,10.1016/j.appet.2011.12.023,FALSE,none,abstract,high,FALSE,resolved,
1509,add_ai47,10.1075/arcl.7.07gri,TRUE,focal,report,high,FALSE,resolved,
1510,add_ai47,10.1075/arcl.7.07gri,FALSE,none,report,high,FALSE,resolved,
1511,additional_studies220,10.1016/j.psychsport.2021.102099,TRUE,focal,report,high,FALSE,resolved,
1512,additional_studies223,10.1073/pnas.1103343108,TRUE,focal,single_effect,high,FALSE,resolved,
1513,additional_studies225,10.1177/1948550609360261,TRUE,focal,single_effect,high,FALSE,resolved,
1514,additional_studies228,10.1177/09567976221082941,TRUE,focal,single_effect,high,FALSE,resolved,
1515,additional_studies230,10.1111/bjhp.12185,TRUE,focal,single_effect,high,FALSE,resolved,
1516,additional_studies235,10.3758/bf03194043,TRUE,focal,abstract,high,FALSE,resolved,
1517,additional_studies236,10.1073/pnas.1908369116,TRUE,focal,single_effect,high,FALSE,resolved,
1518,add_ai4,10.1037/a0038647,FALSE,none,quote,high,FALSE,resolved,
1519,add_ai4,10.1037/a0038647,FALSE,none,quote,high,FALSE,resolved,
1520,av_52,10.1891/0886-6708.26.6.703,TRUE,focal,abstract,high,FALSE,resolved,
1521,av_52,10.1891/0886-6708.26.6.703,FALSE,none,abstract,high,FALSE,resolved,
1522,av_53,10.1016/j.jesp.2017.02.005,TRUE,focal,single_effect,high,FALSE,resolved,
1523,av_56,10.1016/j.actpsy.2019.04.006,TRUE,focal,single_effect,high,FALSE,resolved,
1524,av_61,10.3758/bf03193824,TRUE,focal,single_effect,high,FALSE,resolved,
1525,av_63,10.1080/135062899395000,TRUE,focal,single_effect,high,FALSE,resolved,
1526,av_64,10.3758/app.71.1.9,TRUE,focal,abstract,high,FALSE,resolved,
1527,av_64,10.3758/app.71.1.9,FALSE,none,abstract,high,FALSE,resolved,
1528,av_142,10.1177/0956797611402514,TRUE,focal,abstract,high,FALSE,resolved,
1529,av_142,10.1177/0956797611402514,FALSE,none,abstract,high,FALSE,resolved,
1530,av_146,10.1080/02699931.2015.1059317,TRUE,focal,single_effect,high,FALSE,resolved,
1531,av_28,10.1037/a0036477,TRUE,focal,abstract,high,FALSE,resolved,
1532,av_28,10.1037/a0036477,FALSE,none,abstract,high,FALSE,resolved,
1533,av_35,10.1111/j.1467-7687.2009.00807.x,TRUE,focal,single_effect,high,FALSE,resolved,
1534,av_36,10.1111/j.1467-9280.2009.02447.x,TRUE,focal,single_effect,high,FALSE,resolved,
1535,av_39,10.1177/1948550617751583,TRUE,focal,report,high,FALSE,resolved,
1536,av_39,10.1177/1948550617751583,FALSE,none,report,high,FALSE,resolved,
1537,av_41,10.2466/pms.109.2.577-580,TRUE,focal,report,medium,FALSE,resolved,
1538,av_41,10.2466/pms.109.2.577-580,FALSE,none,report,medium,FALSE,resolved,
1539,av_41,10.2466/pms.109.2.577-580,FALSE,none,report,medium,FALSE,resolved,
1540,av_41,10.2466/pms.109.2.577-580,FALSE,none,report,medium,FALSE,resolved,
1541,av_46,10.1016/j.jesp.2008.03.012,FALSE,none,abstract,high,FALSE,resolved,
1542,av_46,10.1016/j.jesp.2008.03.012,TRUE,focal,abstract,high,FALSE,resolved,
1543,av_46,10.1016/j.jesp.2008.03.012,FALSE,none,abstract,high,FALSE,resolved,
1544,av_47,10.1177/1948550611410890,TRUE,focal,abstract,high,FALSE,resolved,
1545,av_47,10.1177/1948550611410890,FALSE,none,abstract,high,FALSE,resolved,
1546,av_50,10.1002/acp.2874,TRUE,focal,report,high,FALSE,resolved,
1547,av_50,10.1002/acp.2874,FALSE,none,report,high,FALSE,resolved,
1548,av_117,10.1016/j.drugalcdep.2016.10.014,FALSE,constituent,report,low,FALSE,constituent_set,
1549,av_117,10.1016/j.drugalcdep.2016.10.014,FALSE,constituent,report,low,FALSE,constituent_set,
1550,av_118,10.1177/0956797611434748,TRUE,focal,abstract,high,FALSE,resolved,
1551,av_118,10.1177/0956797611434748,FALSE,none,abstract,high,FALSE,resolved,
1552,av_119,10.1016/j.cognition.2010.12.009,FALSE,none,report,high,FALSE,resolved,
1553,av_119,10.1016/j.cognition.2010.12.009,TRUE,focal,report,high,FALSE,resolved,
1554,av_120,10.1038/nn.3973,TRUE,focal,single_effect,high,FALSE,resolved,
1555,av_129,10.1016/j.tourman.2016.01.013,TRUE,focal,single_effect,high,FALSE,resolved,
1556,av_136,10.1111/j.1467-7687.2009.00859.x,TRUE,focal,single_effect,high,FALSE,resolved,
1557,av_139,10.1007/s10071-012-0510-1,TRUE,focal,single_effect,high,FALSE,resolved,
1558,av_140,10.1037/pst0000133,TRUE,focal,single_effect,high,FALSE,resolved,
1559,ManyLabs4_1a,10.1037/0022-3514.67.4.627,TRUE,focal,single_effect,high,FALSE,resolved,
1560,ManyLabs4_1b,10.1037/0022-3514.67.4.627,TRUE,focal,single_effect,high,FALSE,resolved,
1561,ManyLabs4_1c,10.1037/0022-3514.67.4.627,TRUE,focal,single_effect,high,FALSE,resolved,
1562,ManyLabs4_1d,10.1037/0022-3514.67.4.627,TRUE,focal,single_effect,high,FALSE,resolved,
1563,ManyLabs4_1e,10.1037/0022-3514.67.4.627,TRUE,focal,single_effect,high,FALSE,resolved,
1564,ManyLabs4_1f,10.1037/0022-3514.67.4.627,TRUE,focal,single_effect,high,FALSE,resolved,
1565,ManyLabs4_1g,10.1037/0022-3514.67.4.627,TRUE,focal,single_effect,high,FALSE,resolved,
1566,ManyLabs4_1h,10.1037/0022-3514.67.4.627,TRUE,focal,single_effect,high,FALSE,resolved,
1567,ManyLabs4_1i,10.1037/0022-3514.67.4.627,TRUE,focal,single_effect,high,FALSE,resolved,
1568,ManyLabs4_1j,10.1037/0022-3514.67.4.627,TRUE,focal,single_effect,high,FALSE,resolved,
1569,ManyLabs4_1k,10.1037/0022-3514.67.4.627,TRUE,focal,single_effect,high,FALSE,resolved,
1570,ManyLabs4_1l,10.1037/0022-3514.67.4.627,TRUE,focal,single_effect,high,FALSE,resolved,
1571,ManyLabs4_1m,10.1037/0022-3514.67.4.627,TRUE,focal,single_effect,high,FALSE,resolved,
1572,ManyLabs4_1n,10.1037/0022-3514.67.4.627,TRUE,focal,single_effect,high,FALSE,resolved,
1573,ManyLabs4_1o,10.1037/0022-3514.67.4.627,TRUE,focal,single_effect,high,FALSE,resolved,
1574,ManyLabs4_1p,10.1037/0022-3514.67.4.627,TRUE,focal,single_effect,high,FALSE,resolved,
1575,ManyLabs4_1q,10.1037/0022-3514.67.4.627,TRUE,focal,single_effect,high,FALSE,resolved,
1576,ManyLabs4_1r,10.1037/0022-3514.67.4.627,TRUE,focal,single_effect,high,FALSE,resolved,
1577,av_187,10.1016/j.cognition.2009.10.008,TRUE,focal,single_effect,high,FALSE,resolved,
1578,av_190,10.1016/j.neuron.2006.03.036,TRUE,focal,single_effect,high,FALSE,resolved,
1579,av_191,10.1037/0022-3514.89.3.277,FALSE,none,report,medium,FALSE,resolved,
1580,av_191,10.1037/0022-3514.89.3.277,TRUE,focal,report,medium,FALSE,resolved,
1581,av_192,10.1016/j.appet.2016.07.009,FALSE,none,abstract,high,FALSE,resolved,
1582,av_192,10.1016/j.appet.2016.07.009,TRUE,focal,abstract,high,FALSE,resolved,
1583,av_200,10.1111/jcom.12135,TRUE,focal,single_effect,high,FALSE,resolved,
1584,av_153,10.2196/jmir.2551,FALSE,none,abstract,high,FALSE,resolved,
1585,av_22,10.1002/ajmg.b.31028,TRUE,focal,single_effect,high,FALSE,resolved,
1586,av_23,10.1111/j.1467-7687.2011.01098.x,TRUE,focal,single_effect,high,FALSE,resolved,
1587,av_40,10.1037/0022-3514.94.4.600,TRUE,focal,report,high,FALSE,resolved,
1588,av_40,10.1037/0022-3514.94.4.600,FALSE,none,report,high,FALSE,resolved,
1589,av_40,10.1037/0022-3514.94.4.600,FALSE,none,report,high,FALSE,resolved,
1590,av_45,10.1016/j.paid.2012.04.036,TRUE,focal,single_effect,high,FALSE,resolved,
1591,av_3,10.1007/s10899-016-9662-2,TRUE,focal,single_effect,high,FALSE,resolved,
1592,av_44,10.1037/a0019337,FALSE,none,abstract,high,FALSE,resolved,
1593,av_44,10.1037/a0019337,FALSE,none,abstract,high,FALSE,resolved,
1594,av_44,10.1037/a0019337,TRUE,focal,abstract,high,FALSE,resolved,
1595,av_vv,10.1037/a0019337,TRUE,focal,single_effect,high,FALSE,resolved,
1596,av_48,10.1093/her/cyl160,TRUE,focal,report,medium,FALSE,resolved,
1597,av_48,10.1093/her/cyl160,FALSE,none,report,medium,FALSE,resolved,
1598,av_67,10.1177/0956797611413935,FALSE,none,abstract,high,FALSE,resolved,
1599,av_67,10.1177/0956797611413935,FALSE,none,abstract,high,FALSE,resolved,
1600,av_67,10.1177/0956797611413935,TRUE,focal,abstract,high,FALSE,resolved,
1601,av_71,10.3758/s13423-014-0663-9,FALSE,none,abstract,high,FALSE,resolved,
1602,av_71,10.3758/s13423-014-0663-9,FALSE,none,abstract,high,FALSE,resolved,
1603,av_74,10.1093/scan/nsw175,TRUE,focal,single_effect,high,FALSE,resolved,
1604,av_79,10.1037/a0039737,FALSE,none,abstract,high,FALSE,resolved,
1605,av_79,10.1037/a0039737,FALSE,none,abstract,high,FALSE,resolved,
1606,additional_studies214,10.1098/rspb.2022.0128,TRUE,focal,single_effect,high,FALSE,resolved,
1607,additional_studies220,10.1016/j.psychsport.2021.102099,FALSE,none,report,high,FALSE,resolved,
1608,additional_studies240,10.1037/0022-3514.46.4.778,TRUE,focal,single_effect,high,FALSE,resolved,
1609,add_ai2,10.1093/jos/ffr009,FALSE,none,report,medium,FALSE,resolved,
1610,add_ai2,10.1093/jos/ffr009,FALSE,none,report,medium,FALSE,resolved,
1611,add_ai2,10.1093/jos/ffr009,FALSE,none,report,medium,FALSE,resolved,
1612,add_ai2,10.1093/jos/ffr009,FALSE,none,report,medium,FALSE,resolved,
1613,add_ai2,10.1093/jos/ffr009,FALSE,none,report,medium,FALSE,resolved,
1614,add_ai2,10.1093/jos/ffr009,FALSE,none,report,medium,FALSE,resolved,
1615,add_ai2,10.1093/jos/ffr009,FALSE,none,report,medium,FALSE,resolved,
1616,add_ai2,10.1093/jos/ffr009,TRUE,focal,report,medium,FALSE,resolved,
1617,add_ai86,10.1037/pspa0000032,TRUE,focal,abstract,high,FALSE,resolved,
1618,add_ai86,10.1037/pspa0000032,FALSE,none,abstract,high,FALSE,resolved,
1619,add_ai86,10.1037/pspa0000032,FALSE,none,abstract,high,FALSE,resolved,
1620,add_ai86,10.1037/pspa0000032,FALSE,none,abstract,high,FALSE,resolved,
1621,add_ai86,10.1037/pspa0000032,FALSE,none,abstract,high,FALSE,resolved,
1622,add_ai86,10.1037/pspa0000032,FALSE,none,abstract,high,FALSE,resolved,
1623,add_ai70,10.1037/0022-3514.86.5.680,FALSE,none,report,high,FALSE,resolved,
1624,add_ai70,10.1037/0022-3514.86.5.680,FALSE,none,report,high,FALSE,resolved,
1625,add_ai70,10.1037/0022-3514.86.5.680,TRUE,focal,report,high,FALSE,resolved,
1626,add_ai70,10.1037/0022-3514.86.5.680,FALSE,none,report,high,FALSE,resolved,
1627,add_ai70,10.1037/0022-3514.86.5.680,FALSE,none,report,high,FALSE,resolved,
1628,add_ai70,10.1037/0022-3514.86.5.680,FALSE,none,report,high,FALSE,resolved,
1629,add_ai70,10.1037/0022-3514.86.5.680,FALSE,none,report,high,FALSE,resolved,
1630,add_ai70,10.1037/0022-3514.86.5.680,FALSE,none,report,high,FALSE,resolved,
1631,add_ai70,10.1037/0022-3514.86.5.680,FALSE,none,report,high,FALSE,resolved,
1632,add_ai70,10.1037/0022-3514.86.5.680,FALSE,none,report,high,FALSE,resolved,
1633,add_ai70,10.1037/0022-3514.86.5.680,FALSE,none,report,high,FALSE,resolved,
1634,add_ai70,10.1037/0022-3514.86.5.680,FALSE,none,report,high,FALSE,resolved,
1635,add_ai11,10.1177/1077559513483002,TRUE,focal,report,medium,FALSE,resolved,
1636,add_ai11,10.1177/1077559513483002,FALSE,none,report,medium,FALSE,resolved,
1637,add_ai79,10.1016/j.visres.2005.11.013,TRUE,focal,quote,high,FALSE,resolved,
1638,add_ai79,10.1016/j.visres.2005.11.013,FALSE,none,quote,high,FALSE,resolved,
1639,add_ai79,10.1016/j.visres.2005.11.013,FALSE,none,quote,high,FALSE,resolved,
1640,add_ai49,10.1007/s11199-011-0036-z,TRUE,focal,report,medium,FALSE,resolved,
1641,add_ai49,10.1007/s11199-011-0036-z,FALSE,none,report,medium,FALSE,resolved,
1642,add_ai49,10.1007/s11199-011-0036-z,FALSE,none,report,medium,FALSE,resolved,
1643,add_ai49,10.1007/s11199-011-0036-z,FALSE,none,report,medium,FALSE,resolved,
1644,soscisubmission96,10.1016/j.cognition.2009.02.001,TRUE,focal,single_effect,high,FALSE,resolved,
1645,soscisubmission97,10.1037/0096-3445.135.4.641,TRUE,focal,single_effect,high,FALSE,resolved,
1646,additional_studies261,10.1037/h0093929,FALSE,constituent,report,low,FALSE,constituent_set,
1647,additional_studies262,10.1002/smj.2585,TRUE,focal,report,medium,FALSE,resolved,
1648,additional_studies262,10.1002/smj.2585,FALSE,none,report,medium,FALSE,resolved,
1649,additional_studies262,10.1002/smj.2585,FALSE,none,report,medium,FALSE,resolved,
1650,additional_studies262,10.1002/smj.2585,FALSE,none,report,medium,FALSE,resolved,
1651,additional_studies262,10.1002/smj.2585,FALSE,none,report,medium,FALSE,resolved,
1652,add_ai50,10.1080/10584609.1994.9963030,TRUE,focal,abstract,high,FALSE,resolved,
1653,add_ai50,10.1080/10584609.1994.9963030,FALSE,none,abstract,high,FALSE,resolved,
1654,add_ai50,10.1080/10584609.1994.9963030,FALSE,none,abstract,high,FALSE,resolved,
1655,add_ai75,10.1057/s41599-019-0279-9,TRUE,focal,single_effect,high,FALSE,resolved,
1656,add_ai32,10.1111/j.1460-2466.1984.tb02164.x,TRUE,focal,single_effect,high,FALSE,resolved,
1657,add_ai73,10.1016/0920-9964(93)90019-f,TRUE,focal,abstract,high,FALSE,resolved,
1658,add_ai73,10.1016/0920-9964(93)90019-f,FALSE,none,abstract,high,FALSE,resolved,
1659,add_ai21,10.1037/a0012840,TRUE,focal,abstract,medium,FALSE,resolved,
1660,add_ai21,10.1037/a0012840,FALSE,none,abstract,medium,FALSE,resolved,
1661,add_ai21,10.1037/a0012840,FALSE,none,abstract,medium,FALSE,resolved,
1662,add_ai21,10.1037/a0012840,FALSE,none,abstract,medium,FALSE,resolved,
1663,add_ai21,10.1037/a0012840,FALSE,none,abstract,medium,FALSE,resolved,
1664,add_ai21,10.1037/a0012840,FALSE,none,abstract,medium,FALSE,resolved,
1665,add_ai21,10.1037/a0012840,FALSE,none,abstract,medium,FALSE,resolved,
1666,add_ai21,10.1037/a0012840,FALSE,none,abstract,medium,FALSE,resolved,
1667,add_ai10,10.2501/jar-40-1-2-29-34,FALSE,none,report,medium,FALSE,resolved,
1668,add_ai10,10.2501/jar-40-1-2-29-34,FALSE,none,report,medium,FALSE,resolved,
1669,add_ai10,10.2501/jar-40-1-2-29-34,TRUE,focal,report,medium,FALSE,resolved,
1670,add_ai10,10.2501/jar-40-1-2-29-34,FALSE,none,report,medium,FALSE,resolved,
1671,add_ai10,10.2501/jar-40-1-2-29-34,FALSE,none,report,medium,FALSE,resolved,
1672,soscisubmission17,10.1037/h0055756,FALSE,constituent,report,low,FALSE,constituent_set,
1673,soscisubmission17,10.1037/h0055756,FALSE,constituent,report,low,FALSE,constituent_set,
1674,soscisubmission17,10.1037/h0055756,FALSE,constituent,report,low,FALSE,constituent_set,
1675,soscisubmission17,10.1037/h0055756,FALSE,constituent,report,low,FALSE,constituent_set,
1676,soscisubmission17,10.1037/h0055756,FALSE,constituent,report,low,FALSE,constituent_set,
1677,soscisubmission17,10.1037/h0055756,FALSE,constituent,report,low,FALSE,constituent_set,
1678,soscisubmission17,10.1037/h0055756,FALSE,constituent,report,low,FALSE,constituent_set,
1679,soscisubmission17,10.1037/h0055756,FALSE,constituent,report,low,FALSE,constituent_set,
1680,soscisubmission17,10.1037/h0055756,FALSE,constituent,report,low,FALSE,constituent_set,
1681,soscisubmission17,10.1037/h0055756,FALSE,constituent,report,low,FALSE,constituent_set,
1682,soscisubmission17,10.1037/h0055756,FALSE,constituent,report,low,FALSE,constituent_set,
1683,soscisubmission17,10.1037/h0055756,FALSE,constituent,report,low,FALSE,constituent_set,
1684,soscisubmission17,10.1037/h0055756,FALSE,constituent,report,low,FALSE,constituent_set,
1685,soscisubmission17,10.1037/h0055756,FALSE,constituent,report,low,FALSE,constituent_set,
1686,soscisubmission17,10.1037/h0055756,FALSE,constituent,report,low,FALSE,constituent_set,
1687,soscisubmission17,10.1037/h0055756,FALSE,constituent,report,low,FALSE,constituent_set,
1688,soscisubmission17,10.1037/h0055756,FALSE,constituent,report,low,FALSE,constituent_set,
1689,FORRT_187_1,10.1002/bdm.586,FALSE,none,abstract,high,FALSE,resolved,
1690,FORRT_187_1,10.1002/bdm.586,FALSE,none,abstract,high,FALSE,resolved,
1691,FORRT_187_1,10.1002/bdm.586,FALSE,none,abstract,high,FALSE,resolved,
1692,FORRT_187_1,10.1007/s11002-014-9295-0,TRUE,focal,abstract,high,FALSE,resolved,
1693,av_1,10.1037/0022-3514.94.1.116,TRUE,focal,report,medium,FALSE,resolved,
1694,av_1,10.1037/0022-3514.94.1.116,FALSE,none,report,medium,FALSE,resolved,
1695,av_1,10.1037/0022-3514.94.1.116,FALSE,none,report,medium,FALSE,resolved,
1696,av_1,10.1037/0022-3514.94.1.116,FALSE,none,report,medium,FALSE,resolved,
1697,ManyLabs5_1a,10.1037/a0012833,TRUE,focal,single_effect,high,FALSE,resolved,
1698,ManyLabs5_1b,10.1037/a0012833,FALSE,none,abstract,high,FALSE,resolved,
1699,ManyLabs5_1b,10.1037/a0012833,TRUE,focal,abstract,high,FALSE,resolved,
1700,ManyLabs5_1b,10.1037/a0012833,FALSE,none,abstract,high,FALSE,resolved,
1701,ManyLabs5_1c,10.1111/j.1467-9280.2008.02072.x,TRUE,focal,report,high,FALSE,resolved,
1702,ManyLabs5_1c,10.1111/j.1467-9280.2008.02072.x,FALSE,none,report,high,FALSE,resolved,
1703,ManyLabs5_1d,10.1037/0022-3514.94.4.579,TRUE,focal,report,high,FALSE,resolved,
1704,ManyLabs5_1d,10.1037/0022-3514.94.4.579,FALSE,none,report,high,FALSE,resolved,
1705,ManyLabs5_1e,10.1111/j.1467-9280.2008.02081.x,TRUE,focal,report,high,FALSE,resolved,
1706,ManyLabs5_1e,10.1111/j.1467-9280.2008.02081.x,FALSE,none,report,high,FALSE,resolved,
1707,ManyLabs5_1f,10.1037/0022-3514.94.1.16,TRUE,focal,abstract,high,FALSE,resolved,
1708,ManyLabs5_1f,10.1037/0022-3514.94.1.16,FALSE,none,abstract,high,FALSE,resolved,
1709,ManyLabs5_1g,10.1037/0022-3514.95.2.293,TRUE,focal,report,high,FALSE,resolved,
1710,ManyLabs5_1g,10.1037/0022-3514.95.2.293,FALSE,none,report,high,FALSE,resolved,
1711,ManyLabs5_1h,10.1037/0022-3514.94.1.116,TRUE,focal,report,high,FALSE,resolved,
1712,ManyLabs5_1h,10.1037/0022-3514.94.1.116,FALSE,none,report,high,FALSE,resolved,
1713,ManyLabs5_1i,10.1037/0022-3514.94.4.600,TRUE,focal,report,high,FALSE,resolved,
1714,ManyLabs5_1i,10.1037/0022-3514.94.4.600,FALSE,none,report,high,FALSE,resolved,
1715,ManyLabs5,10.1111/j.1467-9280.2008.02045.x,TRUE,focal,abstract,high,FALSE,resolved,
1716,ManyLabs5,10.1111/j.1467-9280.2008.02045.x,FALSE,none,abstract,high,FALSE,resolved,
1717,soscisubmission4,10.1037/0022-3514.76.6.893,FALSE,none,report,medium,FALSE,resolved,
1718,soscisubmission4,10.1037/0022-3514.76.6.893,TRUE,focal,report,medium,FALSE,resolved,
1719,soscisubmission4,10.1037/0022-3514.76.6.893,FALSE,none,report,medium,FALSE,resolved,
1720,soscisubmission4,10.1037/0022-3514.76.6.893,FALSE,none,report,medium,FALSE,resolved,
1721,soscisubmission4,10.1037/0022-3514.76.6.893,FALSE,none,report,medium,FALSE,resolved,
1722,additional_studies21,10.1016/j.ijinfomgt.2018.03.001,FALSE,constituent,report,low,FALSE,constituent_set,
1723,additional_studies21,10.1016/j.ijinfomgt.2018.03.001,FALSE,constituent,report,low,FALSE,constituent_set,
1724,additional_studies21,10.1016/j.ijinfomgt.2018.03.001,FALSE,constituent,report,low,FALSE,constituent_set,
1725,additional_studies21,10.1016/j.ijinfomgt.2018.03.001,FALSE,constituent,report,low,FALSE,constituent_set,
1726,additional_studies21,10.1016/j.ijinfomgt.2018.03.001,FALSE,constituent,report,low,FALSE,constituent_set,
1727,additional_studies21,10.1016/j.ijinfomgt.2018.03.001,FALSE,constituent,report,low,FALSE,constituent_set,
1728,additional_studies23,10.1111/j.1467-9280.2007.01961.x,TRUE,focal,single_effect,high,FALSE,resolved,
1729,additional_studies68,10.1038/s41598-022-24919-7,TRUE,focal,abstract,high,FALSE,resolved,
1730,additional_studies68,10.1038/s41598-022-24919-7,FALSE,none,abstract,high,FALSE,resolved,
1731,additional_studies7,10.3233/jad-2009-1163,FALSE,none,report,medium,FALSE,resolved,
1732,additional_studies91,10.51548/joctec-2021-016,TRUE,focal,report,medium,FALSE,resolved,
1733,additional_studies91,10.51548/joctec-2021-016,FALSE,none,report,medium,FALSE,resolved,
1734,Boyce_etal2023136,10.1111/j.1467-9280.2008.02227.x,TRUE,focal,single_effect,high,FALSE,resolved,
1735,Boyce_etal2023176,10.1037/a0025345,TRUE,focal,single_effect,high,FALSE,resolved,
1736,XPHI19,10.1007/s12152-008-9015-7,TRUE,focal,quote,high,FALSE,resolved,
1737,XPHI19,10.1007/s12152-008-9015-7,FALSE,none,quote,high,FALSE,resolved,
1738,XPHI28,10.1111/j.1468-0017.2011.01428.x,TRUE,focal,single_effect,high,FALSE,resolved,
1739,XPHI30,10.1111/j.1468-0068.2010.00795.x,TRUE,focal,single_effect,high,FALSE,resolved,
1740,CORE_110,10.1023/a:1015044207315,FALSE,none,abstract,high,FALSE,resolved,
1741,CORE_110,10.1023/a:1015044207315,TRUE,focal,abstract,high,FALSE,resolved,
1742,CORE_203,10.1037/0096-3445.136.2.289,FALSE,none,abstract,high,FALSE,resolved,
1743,CORE_203,10.1037/0096-3445.136.2.289,FALSE,none,abstract,high,FALSE,resolved,
1744,CORE_203,10.1037/0096-3445.136.2.289,TRUE,focal,abstract,high,FALSE,resolved,
1745,CORE_203,10.1037/0096-3445.136.2.289,FALSE,none,abstract,high,FALSE,resolved,
1746,CORE_203,10.1037/0096-3445.136.2.289,FALSE,none,abstract,high,FALSE,resolved,
1747,CORE_203,10.1037/0096-3445.136.2.289,FALSE,none,abstract,high,FALSE,resolved,
1748,soscisubmission80,10.1017/xps.2017.21,FALSE,none,abstract,high,FALSE,resolved,
1749,soscisubmission80,10.1017/xps.2017.21,FALSE,none,abstract,high,FALSE,resolved,
1750,soscisubmission80,10.1017/xps.2017.21,TRUE,focal,abstract,high,FALSE,resolved,
1751,soscisubmission80,10.1017/xps.2017.21,FALSE,none,abstract,high,FALSE,resolved,
1752,av_121,10.1016/j.cub.2004.01.029,TRUE,focal,abstract,high,FALSE,resolved,
1753,av_121,10.1016/j.cub.2004.01.029,FALSE,none,abstract,high,FALSE,resolved,
1754,av_188,10.1007/s00221-012-3266-6,FALSE,none,abstract,high,FALSE,resolved,
1755,av_188,10.1007/s00221-012-3266-6,FALSE,none,abstract,high,FALSE,resolved,
1756,av_188,10.1007/s00221-012-3266-6,FALSE,none,abstract,high,FALSE,resolved,
1757,av_188,10.1007/s00221-012-3266-6,FALSE,none,abstract,high,FALSE,resolved,
1758,av_188,10.1007/s00221-012-3266-6,FALSE,none,abstract,high,FALSE,resolved,
1759,av_188,10.1007/s00221-012-3266-6,FALSE,none,abstract,high,FALSE,resolved,
1760,av_188,10.1007/s00221-012-3266-6,FALSE,none,abstract,high,FALSE,resolved,
1761,av_188,10.1007/s00221-012-3266-6,FALSE,none,abstract,high,FALSE,resolved,
1762,av_188,10.1007/s00221-012-3266-6,FALSE,none,abstract,high,FALSE,resolved,
1763,av_188,10.1007/s00221-012-3266-6,TRUE,focal,abstract,high,FALSE,resolved,
1764,av_188,10.1007/s00221-012-3266-6,FALSE,none,abstract,high,FALSE,resolved,
1765,av_188,10.1007/s00221-012-3266-6,FALSE,none,abstract,high,FALSE,resolved,
1766,av_188,10.1007/s00221-012-3266-6,FALSE,none,abstract,high,FALSE,resolved,
1767,av_188,10.1007/s00221-012-3266-6,FALSE,none,abstract,high,FALSE,resolved,
1768,av_188,10.1007/s00221-012-3266-6,FALSE,none,abstract,high,FALSE,resolved,
1769,av_188,10.1007/s00221-012-3266-6,FALSE,none,abstract,high,FALSE,resolved,
1770,av_188,10.1007/s00221-012-3266-6,FALSE,none,abstract,high,FALSE,resolved,
1771,av_194,10.1038/nn1979,TRUE,focal,abstract,high,FALSE,resolved,
1772,av_194,10.1038/nn1979,FALSE,none,abstract,high,FALSE,resolved,
1773,av_195,10.1016/j.cognition.2007.09.006,FALSE,none,abstract,high,FALSE,resolved,
1774,av_195,10.1016/j.cognition.2007.09.006,TRUE,focal,abstract,high,FALSE,resolved,
1775,av_199,10.1016/j.jml.2010.11.002,TRUE,focal,report,high,FALSE,resolved,
1776,av_199,10.1016/j.jml.2010.11.002,FALSE,none,report,high,FALSE,resolved,
1777,XPHI13,10.1080/13869790600641905,FALSE,constituent,report,low,FALSE,constituent_set,
1778,av_201,10.1002/ejsp.446,TRUE,focal,abstract,high,FALSE,resolved,
1779,av_201,10.1002/ejsp.446,FALSE,none,abstract,high,FALSE,resolved,
1780,av_201,10.1002/ejsp.446,FALSE,none,abstract,high,FALSE,resolved,
1781,av_204,10.1016/j.paid.2009.11.002,TRUE,focal,abstract,high,FALSE,resolved,
1782,av_204,10.1016/j.paid.2009.11.002,FALSE,none,abstract,high,FALSE,resolved,
1783,av_204,10.1016/j.paid.2009.11.002,FALSE,none,abstract,high,FALSE,resolved,
1784,av_147,10.1080/02699931.2017.1394817,TRUE,focal,abstract,high,FALSE,resolved,
1785,av_147,10.1080/02699931.2017.1394817,FALSE,none,abstract,high,FALSE,resolved,
1786,av_147,10.1080/02699931.2017.1394817,FALSE,none,abstract,high,FALSE,resolved,
1787,av_147,10.1080/02699931.2017.1394817,FALSE,none,abstract,high,FALSE,resolved,
1788,av_150,10.1037/0021-843x.108.3.511,FALSE,none,abstract,high,FALSE,resolved,
1789,av_150,10.1037/0021-843x.108.3.511,TRUE,focal,abstract,high,FALSE,resolved,
1790,av_150,10.1037/0021-843x.108.3.511,FALSE,none,abstract,high,FALSE,resolved,
1791,av_153,10.2196/jmir.2551,FALSE,none,abstract,high,FALSE,resolved,
1792,av_153,10.2196/jmir.2551,TRUE,focal,abstract,high,FALSE,resolved,
1793,av_153,10.2196/jmir.2551,FALSE,none,abstract,high,FALSE,resolved,
1794,av_154,10.1007/s11145-010-9282-7,FALSE,none,report,medium,FALSE,resolved,
1795,av_154,10.1007/s11145-010-9282-7,FALSE,none,report,medium,FALSE,resolved,
1796,av_154,10.1007/s11145-010-9282-7,TRUE,focal,report,medium,FALSE,resolved,
1797,CORE_70,10.1177/0146167202286008,FALSE,none,abstract,high,FALSE,resolved,
1798,CORE_70,10.1177/0146167202286008,FALSE,none,abstract,high,FALSE,resolved,
1799,CORE_70,10.1177/0146167202286008,FALSE,none,abstract,high,FALSE,resolved,
1800,Arb77,10.1177/0956797611432497,TRUE,focal,report,medium,FALSE,resolved,
1801,Arb77,10.1177/0956797611432497,FALSE,none,report,medium,FALSE,resolved,
1802,Arb77,10.1177/0956797611432497,FALSE,none,report,medium,FALSE,resolved,
1803,Arb77,10.1177/0956797611432497,FALSE,none,report,medium,FALSE,resolved,
1804,Arb77,10.1177/0956797611432497,FALSE,none,report,medium,FALSE,resolved,
1805,Arb77,10.1177/0956797611432497,FALSE,none,report,medium,FALSE,resolved,
1806,Arb77,10.1177/0956797611432497,FALSE,none,report,medium,FALSE,resolved,
1807,Arb77,10.1177/0956797611432497,FALSE,none,report,medium,FALSE,resolved,
1808,Arb77,10.1177/0956797611432497,FALSE,none,report,medium,FALSE,resolved,
1809,Arb77,10.1177/0956797611432497,FALSE,none,report,medium,FALSE,resolved,
1810,curatescience69,10.1037/a0023527,TRUE,focal,abstract,high,FALSE,resolved,
1811,curatescience69,10.1037/a0023527,FALSE,none,abstract,high,FALSE,resolved,
1812,curatescience69,10.1037/a0023527,FALSE,none,abstract,high,FALSE,resolved,
1813,curatescience69,10.1037/a0023527,FALSE,none,abstract,high,FALSE,resolved,
1814,curatescience69,10.1037/a0023527,FALSE,none,abstract,high,FALSE,resolved,
1815,curatescience69,10.1037/a0023527,FALSE,none,abstract,high,FALSE,resolved,
1816,curatescience69,10.1037/a0023527,FALSE,none,abstract,high,FALSE,resolved,
1817,curatescience69,10.1037/a0023527,FALSE,none,abstract,high,FALSE,resolved,
1818,curatescience69,10.1037/a0023527,FALSE,none,abstract,high,FALSE,resolved,
1819,curatescience69,10.1037/a0023527,FALSE,none,abstract,high,FALSE,resolved,
1820,curatescience69,10.1037/a0023527,FALSE,none,abstract,high,FALSE,resolved,
1821,curatescience69,10.1037/a0023527,FALSE,none,abstract,high,FALSE,resolved,
1822,curatescience69,10.1037/a0023527,FALSE,none,abstract,high,FALSE,resolved,
1823,curatescience69,10.1037/a0023527,FALSE,none,abstract,high,FALSE,resolved,
1824,curatescience64,10.1037/a0023527,TRUE,focal,single_effect,high,FALSE,resolved,
1825,CORE_148,10.1037/0022-3514.54.4.569,TRUE,focal,single_effect,high,FALSE,resolved,
1826,add_ai41,10.1016/j.poetic.2015.07.001,TRUE,focal,single_effect,high,FALSE,resolved,
1827,av_124_1,10.1097/00006842-200103000-00012,TRUE,focal,single_effect,high,FALSE,resolved,
1828,av_71,10.3758/s13423-014-0663-9,TRUE,focal,abstract,high,FALSE,resolved,
1829,av_71,10.3758/s13423-014-0663-9,FALSE,none,abstract,high,FALSE,resolved,
1830,av_71,10.3758/s13423-014-0663-9,FALSE,none,abstract,high,FALSE,resolved,
1831,add_ai4,10.1037/a0038647,TRUE,focal,quote,high,FALSE,resolved,
1832,add_ai4,10.1037/a0038647,FALSE,none,quote,high,FALSE,resolved,
1833,add_ai4,10.1037/a0038647,FALSE,none,quote,high,FALSE,resolved,
1834,,10.1037/pst0000133,,,,,,uncoded,
1835,curatescience50,10.1177/0956797610383437,FALSE,none,abstract,high,FALSE,resolved,
1836,curatescience50,10.1177/0956797610383437,TRUE,focal,abstract,high,FALSE,resolved,
1837,CORE_139,10.1037/a0020757,TRUE,focal,single_effect,high,FALSE,resolved,
1838,CORE_141,10.1111/j.1467-9280.2008.02159.x,TRUE,focal,single_effect,high,FALSE,resolved,
1839,av_216,10.1097/00004703-200604002-00013,TRUE,focal,abstract,medium,FALSE,resolved,
1840,av_216,10.1097/00004703-200604002-00013,FALSE,none,abstract,medium,FALSE,resolved,
1841,av_216,10.1097/00004703-200604002-00013,FALSE,none,abstract,medium,FALSE,resolved,
1842,av_216,10.1097/00004703-200604002-00013,FALSE,none,abstract,medium,FALSE,resolved,
1843,av_216,10.1097/00004703-200604002-00013,FALSE,none,abstract,medium,FALSE,resolved,
1844,av_216,10.1097/00004703-200604002-00013,FALSE,none,abstract,medium,FALSE,resolved,
1845,av_79,10.1037/a0039737,TRUE,focal,abstract,high,FALSE,resolved,
1846,av_79,10.1037/a0039737,FALSE,none,abstract,high,FALSE,resolved,
1847,,10.1037/a0039737,,,,,,uncoded,
1848,,10.1037/a0039737,,,,,,uncoded,
1849,FORRT_187_2,10.1002/bdm.586,TRUE,focal,single_effect,high,FALSE,resolved,
1850,FORRT_187_3,10.1002/bdm.586,TRUE,focal,single_effect,high,FALSE,resolved,
1851,FORRT_187_4,10.1002/bdm.586,TRUE,focal,single_effect,high,FALSE,resolved,
1852,FORRT_187_5,10.1002/bdm.586,TRUE,focal,single_effect,high,FALSE,resolved,
1853,FORRT_187_6,10.1002/bdm.586,TRUE,focal,single_effect,high,FALSE,resolved,
1854,FORRT_187_10,10.1002/bdm.586,TRUE,focal,single_effect,high,FALSE,resolved,
1855,FORRT_187_11,10.1002/bdm.586,TRUE,focal,single_effect,high,FALSE,resolved,
1856,FORRT_187_12,10.1002/bdm.586,TRUE,focal,single_effect,high,FALSE,resolved,
1857,FORRT_187_13,10.1002/bdm.586,TRUE,focal,single_effect,high,FALSE,resolved,
1858,FORRT_187_14,10.1002/bdm.586,TRUE,focal,single_effect,high,FALSE,resolved,
1859,FORRT_187_9,10.1002/bdm.586,TRUE,focal,single_effect,high,FALSE,resolved,
1860,Arb86,10.1177/0956797610372631,TRUE,focal,abstract,high,FALSE,resolved,
1861,Arb86,10.1177/0956797610372631,FALSE,none,abstract,high,FALSE,resolved,
1862,Arb275,10.1086/661890,TRUE,focal,abstract,high,FALSE,resolved,
1863,Arb275,10.1086/661890,FALSE,none,abstract,high,FALSE,resolved,
1864,Arb275,10.1086/661890,FALSE,none,abstract,high,FALSE,resolved,
1865,Arb275,10.1086/661890,FALSE,none,abstract,high,FALSE,resolved,
1866,av_128_1,10.1016/j.tourman.2016.01.013,TRUE,focal,single_effect,high,FALSE,resolved,
1867,FORRT_45,10.1177/0956797611398497,TRUE,focal,abstract,high,FALSE,resolved,
1868,FORRT_45,10.1177/0956797611398497,FALSE,none,abstract,high,FALSE,resolved,
1869,CORE_105,10.1023/a:1007744326393,FALSE,none,abstract,high,FALSE,resolved,
1870,CORE_105,10.1023/a:1007744326393,FALSE,none,abstract,high,FALSE,resolved,
1871,CORE_105,10.1023/a:1007744326393,FALSE,none,abstract,high,FALSE,resolved,
1872,CORE_105,10.1023/a:1007744326393,TRUE,focal,abstract,high,FALSE,resolved,
1873,CORE_105,10.1023/a:1007744326393,FALSE,none,abstract,high,FALSE,resolved,
1874,CORE_169,10.1037/a0025883,TRUE,focal,single_effect,high,FALSE,resolved,
1875,FORRT_781b,10.1016/j.cogdev.2010.09.001,TRUE,focal,single_effect,high,FALSE,resolved,
1876,FORRT_781a,10.1016/j.cogdev.2010.09.001,TRUE,focal,single_effect,high,FALSE,resolved,
1877,soscisubmission94,10.1177/0146167210386238,TRUE,focal,abstract,high,FALSE,resolved,
1878,soscisubmission94,10.1177/0146167210386238,FALSE,none,abstract,high,FALSE,resolved,
1879,Arb82,10.1177/0956797610395393,TRUE,focal,single_effect,high,FALSE,resolved,
1880,av_132_1,10.1016/j.devbrainres.2005.06.014,TRUE,focal,single_effect,high,FALSE,resolved,
1881,CORE_150,10.1002/(sici)1099-0771(199806)11:2<107::aid-bdm292>3.0.co;2-y,TRUE,focal,single_effect,high,FALSE,resolved,
1882,CORE_204,10.1037/0096-3445.133.1.23,TRUE,focal,single_effect,high,FALSE,resolved,
1883,datareplicada5a,10.1093/jcr/ucz028,TRUE,focal,single_effect,high,FALSE,resolved,
1884,datareplicada5b,10.1093/jcr/ucz028,TRUE,focal,single_effect,high,FALSE,resolved,
1885,additional_studies235,10.3758/bf03194043,FALSE,none,abstract,high,FALSE,resolved,
1886,additional_studies235,10.3758/bf03194043,FALSE,none,abstract,high,FALSE,resolved,
1887,additional_studies235,10.3758/bf03194043,FALSE,none,abstract,high,FALSE,resolved,
1888,additional_studies235,10.3758/bf03194043,FALSE,none,abstract,high,FALSE,resolved,
1889,additional_studies235,10.3758/bf03194043,FALSE,none,abstract,high,FALSE,resolved,
1890,additional_studies235,10.3758/bf03194043,FALSE,none,abstract,high,FALSE,resolved,
1891,additional_studies235,10.3758/bf03194043,FALSE,none,abstract,high,FALSE,resolved,
1892,additional_studies235,10.3758/bf03194043,FALSE,none,abstract,high,FALSE,resolved,
1893,additional_studies235,10.3758/bf03194043,FALSE,none,abstract,high,FALSE,resolved,
1894,additional_studies235,10.3758/bf03194043,FALSE,none,abstract,high,FALSE,resolved,
1895,additional_studies235,10.3758/bf03194043,FALSE,none,abstract,high,FALSE,resolved,
1896,additional_studies235,10.3758/bf03194043,FALSE,none,abstract,high,FALSE,resolved,
1897,additional_studies235,10.3758/bf03194043,FALSE,none,abstract,high,FALSE,resolved,
1898,additional_studies235,10.3758/bf03194043,FALSE,none,abstract,high,FALSE,resolved,
1899,additional_studies235,10.3758/bf03194043,FALSE,none,abstract,high,FALSE,resolved,
1900,additional_studies235,10.3758/bf03194043,FALSE,none,abstract,high,FALSE,resolved,
1901,Arb 41,10.1098/rspb.2011.1959,FALSE,constituent,report,high,FALSE,constituent_set,
1902,Arb 41,10.1098/rspb.2011.1959,FALSE,constituent,report,high,FALSE,constituent_set,
1903,Arb 41,10.1098/rspb.2011.1959,FALSE,constituent,report,high,FALSE,constituent_set,
1904,Arb 41,10.1098/rspb.2011.1959,FALSE,constituent,report,high,FALSE,constituent_set,
1905,Arb 41,10.1098/rspb.2011.1959,FALSE,constituent,report,high,FALSE,constituent_set,
1906,curatescience54,10.1126/science.1239918,TRUE,focal,single_effect,high,FALSE,resolved,
1907,av_80,10.1080/10888430701746849,TRUE,focal,single_effect,high,FALSE,resolved,
1908,XPHI11,10.1163/156853706776931222,FALSE,none,abstract,high,FALSE,resolved,
1909,av_16,10.1177/1073191116686685,TRUE,focal,single_effect,high,FALSE,resolved,
1910,CORE_157a,10.1002/bdm.492,TRUE,focal,single_effect,high,FALSE,resolved,
1911,av_94,10.1037/0021-843x.115.4.798,FALSE,none,report,medium,FALSE,resolved,
1912,av_94,10.1037/0021-843x.115.4.798,FALSE,none,report,medium,FALSE,resolved,
1913,av_94,10.1037/0021-843x.115.4.798,TRUE,focal,report,medium,FALSE,resolved,
1914,av_94,10.1037/0021-843x.115.4.798,FALSE,none,report,medium,FALSE,resolved,
1915,av_94,10.1037/0021-843x.115.4.798,FALSE,none,report,medium,FALSE,resolved,
1916,av_94,10.1037/0021-843x.115.4.798,FALSE,none,report,medium,FALSE,resolved,
1917,av_94,10.1037/0021-843x.115.4.798,FALSE,none,report,medium,FALSE,resolved,
1918,av_94,10.1037/0021-843x.115.4.798,FALSE,none,report,medium,FALSE,resolved,
1919,av_94,10.1037/0021-843x.115.4.798,FALSE,none,report,medium,FALSE,resolved,
1920,CORE_214,10.1037/0022-3514.90.4.543,FALSE,none,abstract,high,FALSE,resolved,
1921,CORE_214,10.1037/0022-3514.90.4.543,TRUE,focal,abstract,high,FALSE,resolved,
1922,CORE_214,10.1037/0022-3514.90.4.543,FALSE,none,abstract,high,FALSE,resolved,
1923,CORE_214,10.1037/0022-3514.90.4.543,FALSE,none,abstract,high,FALSE,resolved,
1924,CORE_153,10.1016/s0022-1031(03)00065-9,FALSE,none,abstract,high,FALSE,resolved,
1925,CORE_153,10.1016/s0022-1031(03)00065-9,TRUE,focal,abstract,high,FALSE,resolved,
1926,CORE_153,10.1016/s0022-1031(03)00065-9,FALSE,none,abstract,high,FALSE,resolved,
1927,CORE_153,10.1016/s0022-1031(03)00065-9,FALSE,none,abstract,high,FALSE,resolved,
1928,FORRT_21a,10.1177/0956797614563108,TRUE,focal,report,high,FALSE,resolved,
1929,FORRT_21a,10.1177/0956797614563108,FALSE,none,report,high,FALSE,resolved,
1930,av_224,10.1007/s10803-008-0664-5,TRUE,focal,report,high,FALSE,resolved,
1931,av_224,10.1007/s10803-008-0664-5,FALSE,none,report,high,FALSE,resolved,
1932,av_224,10.1007/s10803-008-0664-5,FALSE,none,report,high,FALSE,resolved,
1933,av_224,10.1007/s10803-008-0664-5,FALSE,none,report,high,FALSE,resolved,
1934,av_122_1,10.1111/j.1467-8624.2009.01312.x,TRUE,focal,single_effect,high,FALSE,resolved,
1935,av_19,10.1016/j.brat.2015.01.001,TRUE,focal,single_effect,high,FALSE,resolved,
1936,Arb3,10.1509/jmkr.45.6.633,TRUE,focal,abstract,high,FALSE,resolved,
1937,Arb3,10.1509/jmkr.45.6.633,FALSE,none,abstract,high,FALSE,resolved,
1938,av_127_1,10.1017/bec.2013.16,TRUE,focal,single_effect,high,FALSE,resolved,
1939,,10.1017/bec.2013.16,,,,,,uncoded,
1940,CORE_113,10.1111/1467-9280.00350,TRUE,focal,single_effect,high,FALSE,resolved,
1941,XPHI13,10.1080/13869790600641905,FALSE,constituent,report,low,FALSE,constituent_set,
1942,av_12,10.1162/qjec.122.3.1067,TRUE,focal,single_effect,high,FALSE,resolved,
1943,additional_studies234,10.3389/fpsyg.2024.1335892,FALSE,none,abstract,medium,FALSE,resolved,
1944,additional_studies234,10.3389/fpsyg.2024.1335892,FALSE,none,abstract,medium,FALSE,resolved,
1945,additional_studies234,10.3389/fpsyg.2024.1335892,FALSE,none,abstract,medium,FALSE,resolved,
1946,additional_studies234,10.3389/fpsyg.2024.1335892,FALSE,none,abstract,medium,FALSE,resolved,
1947,additional_studies234,10.3389/fpsyg.2024.1335892,FALSE,none,abstract,medium,FALSE,resolved,
1948,additional_studies234,10.3389/fpsyg.2024.1335892,TRUE,focal,abstract,medium,FALSE,resolved,
1949,additional_studies234,10.3389/fpsyg.2024.1335892,FALSE,none,abstract,medium,FALSE,resolved,
1950,additional_studies234,10.3389/fpsyg.2024.1335892,FALSE,none,abstract,medium,FALSE,resolved,
1951,additional_studies234,10.3389/fpsyg.2024.1335892,FALSE,none,abstract,medium,FALSE,resolved,
1952,additional_studies234,10.3389/fpsyg.2024.1335892,FALSE,none,abstract,medium,FALSE,resolved,
1953,additional_studies234,10.3389/fpsyg.2024.1335892,FALSE,none,abstract,medium,FALSE,resolved,
1954,additional_studies234,10.3389/fpsyg.2024.1335892,FALSE,none,abstract,medium,FALSE,resolved,
1955,additional_studies234,10.3389/fpsyg.2024.1335892,FALSE,none,abstract,medium,FALSE,resolved,
1956,additional_studies234,10.3389/fpsyg.2024.1335892,FALSE,none,abstract,medium,FALSE,resolved,
1957,additional_studies5,10.1111/0023-8333.00112,FALSE,none,report,medium,FALSE,resolved,
1958,additional_studies5,10.1111/0023-8333.00112,FALSE,none,report,medium,FALSE,resolved,
1959,datareplicada6,10.1093/jcr/ucz031,TRUE,focal,single_effect,high,FALSE,resolved,
1960,Arb137,10.1177/0956797620939054,TRUE,focal,single_effect,high,FALSE,resolved,
1961,CORE_176,10.1037/0022-3514.50.3.502,TRUE,focal,single_effect,high,FALSE,resolved,
1962,Arb33,10.1037/a0020092,TRUE,focal,abstract,high,FALSE,resolved,
1963,Arb33,10.1037/a0020092,FALSE,none,abstract,high,FALSE,resolved,
1964,CORE_133,10.1037/0022-3514.90.2.197,TRUE,focal,single_effect,high,FALSE,resolved,
1965,soscisubmission1_1,10.1086/598971,TRUE,focal,single_effect,high,FALSE,resolved,
1966,soscisubmission1_2,10.1086/598971,TRUE,focal,single_effect,high,FALSE,resolved,
1967,soscisubmission1_3,10.1086/598971,TRUE,focal,single_effect,high,FALSE,resolved,
1968,,10.1037/a0034352,,,,,,uncoded,
1969,soscisubmission87,10.1177/0956797617721270,FALSE,none,abstract,high,FALSE,resolved,
1970,soscisubmission87,10.1177/0956797617721270,FALSE,none,abstract,high,FALSE,resolved,
1971,soscisubmission87,10.1177/0956797617721270,FALSE,none,abstract,high,FALSE,resolved,
1972,soscisubmission87,10.1177/0956797617721270,FALSE,none,abstract,high,FALSE,resolved,
1973,Manylabs2_28,10.1177/0956797609359908,TRUE,focal,single_effect,high,FALSE,resolved,
1974,Arb51,10.1177/0956797614563958,TRUE,focal,single_effect,high,FALSE,resolved,
1975,CORE_158,10.1016/j.obhdp.2006.01.005,TRUE,focal,single_effect,high,FALSE,resolved,
1976,FORRT_4,10.4324/9780203496398-9,FALSE,none,abstract,high,FALSE,resolved,
1977,FORRT_4,10.4324/9780203496398-9,TRUE,focal,abstract,high,FALSE,resolved,
1978,FORRT_3,10.4324/9780203496398-9,TRUE,focal,single_effect,high,FALSE,resolved,
1979,Keith_etal_2022,10.1177/0261927x01020004004,TRUE,focal,single_effect,high,FALSE,resolved,
1980,av_225,10.1007/s10803-013-1829-4,FALSE,constituent,report,low,FALSE,constituent_set,
1981,av_225,10.1007/s10803-013-1829-4,FALSE,constituent,report,low,FALSE,constituent_set,
1982,av_225,10.1007/s10803-013-1829-4,FALSE,constituent,report,low,FALSE,constituent_set,
1983,CORE_161,10.1016/j.cognition.2013.12.005,TRUE,focal,single_effect,high,FALSE,resolved,
1984,soscisubmission56,10.1016/j.cognition.2014.08.006,FALSE,constituent,report,low,FALSE,constituent_set,
1985,soscisubmission56,10.1016/j.cognition.2014.08.006,FALSE,constituent,report,low,FALSE,constituent_set,
1986,soscisubmission56,10.1016/j.cognition.2014.08.006,FALSE,constituent,report,low,FALSE,constituent_set,
1987,Manylabs2_18_1,10.4324/9781032633275-7,FALSE,none,report,high,FALSE,resolved,
1988,Manylabs2_18_1,10.4324/9781032633275-7,FALSE,none,report,high,FALSE,resolved,
1989,Manylabs2_18_1,10.4324/9781032633275-7,TRUE,focal,report,high,FALSE,resolved,
1990,CORE_119,10.1111/j.1467-9280.1992.tb00678.x,TRUE,focal,single_effect,high,FALSE,resolved,
1991,CORE_121,10.1037/0022-3514.68.5.793,TRUE,focal,single_effect,high,FALSE,resolved,
1992,Arb53,10.1111/j.1467-9280.2008.02045.x,FALSE,none,abstract,high,FALSE,resolved,
1993,Arb53,10.1111/j.1467-9280.2008.02045.x,TRUE,focal,abstract,high,FALSE,resolved,
1994,Arb53,10.1111/j.1467-9280.2008.02045.x,FALSE,none,abstract,high,FALSE,resolved,
1995,Arb37,10.1126/science.1215647,TRUE,focal,single_effect,high,FALSE,resolved,
1996,av_205,10.1016/j.paid.2014.11.040,TRUE,focal,report,medium,FALSE,resolved,
1997,av_205,10.1016/j.paid.2014.11.040,FALSE,none,report,medium,FALSE,resolved,
1998,av_205,10.1016/j.paid.2014.11.040,FALSE,none,report,medium,FALSE,resolved,
1999,av_205,10.1016/j.paid.2014.11.040,FALSE,none,report,medium,FALSE,resolved,
2000,av_205,10.1016/j.paid.2014.11.040,FALSE,none,report,medium,FALSE,resolved,
2001,av_205,10.1016/j.paid.2014.11.040,FALSE,none,report,medium,FALSE,resolved,
2002,av_205,10.1016/j.paid.2014.11.040,FALSE,none,report,medium,FALSE,resolved,
2003,av_205,10.1016/j.paid.2014.11.040,FALSE,none,report,medium,FALSE,resolved,
2004,av_205,10.1016/j.paid.2014.11.040,FALSE,none,report,medium,FALSE,resolved,
2005,av_205,10.1016/j.paid.2014.11.040,FALSE,none,report,medium,FALSE,resolved,
2006,av_205,10.1016/j.paid.2014.11.040,FALSE,none,report,medium,FALSE,resolved,
2007,av_205,10.1016/j.paid.2014.11.040,FALSE,none,report,medium,FALSE,resolved,
2008,av_205,10.1016/j.paid.2014.11.040,FALSE,none,report,medium,FALSE,resolved,
2009,av_205,10.1016/j.paid.2014.11.040,FALSE,none,report,medium,FALSE,resolved,
2010,CORE_195,10.1016/j.cognition.2011.04.005,TRUE,focal,single_effect,high,FALSE,resolved,
2011,CORE_196,10.1016/j.cognition.2011.04.005,TRUE,focal,single_effect,high,FALSE,resolved,
2012,CORE_197,10.1016/j.cognition.2011.04.005,TRUE,focal,single_effect,high,FALSE,resolved,
2013,CORE_194,10.1016/j.cognition.2011.04.005,TRUE,focal,single_effect,high,FALSE,resolved,
2014,odonnell_additions1,10.1080/00224545.2016.1270892,TRUE,focal,single_effect,high,FALSE,resolved,
2015,odonnell_additions3,10.1038/s41562-018-0399-z,TRUE,focal,single_effect,high,FALSE,resolved,
2016,odonnell_additions4,10.1177/1948550614555029,TRUE,focal,single_effect,high,FALSE,resolved,
2017,odonnell_additions5,10.1086/679118,TRUE,focal,single_effect,high,FALSE,resolved,
2018,odonnell_additions7,10.1126/science.1238041,TRUE,focal,single_effect,high,FALSE,resolved,
2019,odonnell_additions9,10.1521/soco.2018.36.1.4,TRUE,focal,single_effect,high,FALSE,resolved,
2020,shah_self,10.1126/science.1222426,FALSE,none,quote,high,FALSE,resolved,
2021,shah_self,10.1126/science.1222426,FALSE,none,quote,high,FALSE,resolved,
2022,shah_self,10.1126/science.1222426,FALSE,none,quote,high,FALSE,resolved,
2023,shah_self,10.1126/science.1222426,FALSE,none,quote,high,FALSE,resolved,
2024,shah_self,10.1126/science.1222426,FALSE,none,quote,high,FALSE,resolved,
2025,shah_self,10.1126/science.1222426,TRUE,focal,quote,high,FALSE,resolved,
2026,shah_self,10.1126/science.1222426,FALSE,none,quote,high,FALSE,resolved,
2027,shah_self,10.1126/science.1222426,FALSE,none,quote,high,FALSE,resolved,
2028,shah_self,10.1126/science.1222426,FALSE,none,quote,high,FALSE,resolved,
2029,shah_self,10.1126/science.1222426,FALSE,none,quote,high,FALSE,resolved,
2030,shah_self,10.1126/science.1222426,FALSE,none,quote,high,FALSE,resolved,
2031,shah_self,10.1126/science.1222426,FALSE,none,quote,high,FALSE,resolved,
2032,shah_self,10.1126/science.1222426,FALSE,none,quote,high,FALSE,resolved,
2033,d24p_single-trace,10.1016/j.obhdp.2014.04.002,,,,,,uncoded,
2034,e3G7_single-trace,10.1037/pspi0000121,,,,,,uncoded,
2035,5XEE_single-trace,10.1016/j.obhdp.2015.07.006,,,,,,uncoded,
2036,N8pB_single-trace,10.1016/j.obhdp.2017.01.005,,,,,,uncoded,
2037,bY2A_single-trace,10.3102/0002831210374874,,,,,,uncoded,
2038,OKRy_single-trace,10.1509/jmkr.46.2.247,,,,,,uncoded,
2039,aag9_single-trace,10.1509/jmr.14.0130,,,,,,uncoded,
2040,EKBZ_single-trace,10.1509/jmkr.47.2.348,,,,,,uncoded,
2041,LbEB_single-trace,10.1037/xge0000466,,,,,,uncoded,
2042,vGqL_single-trace,10.1093/esr/jcs057,,,,,,uncoded,
2043,e227_single-trace,10.1093/esr/jcx078,,,,,,uncoded,
2044,Eb2N_single-trace,10.1016/j.socscimed.2017.03.014,,,,,,uncoded,
2045,QllV_single-trace,10.1093/rfs/hhp008,,,,,,uncoded,
2046,VB9K_single-trace,10.1257/aer.20170029,,,,,,uncoded,
2047,x0pA_single-trace,10.1093/sf/sou074,,,,,,uncoded,
2048,zb3Y_b66y26,10.3102/0002831208323278,,,,,,uncoded,
2049,zb3Y_m3dy4j,10.3102/0002831208323278,,,,,,uncoded,
2050,zb3Y_mp3lzw,10.3102/0002831208323278,,,,,,uncoded,
2051,zb3Y_bqw6wo,10.3102/0002831208323278,,,,,,uncoded,
2052,Kybl_single-trace,10.3102/0002831211419490,,,,,,uncoded,
2053,Br0x_pjvzxv,10.1037/pspa0000093,,,,,,uncoded,
2054,Br0x_x7yjx8,10.1037/pspa0000093,,,,,,uncoded,
2055,Br0x_jrn5ll,10.1037/pspa0000093,,,,,,uncoded,
2056,zlBL_md2wdj,10.1177/0956797615581491,,,,,,uncoded,
2057,zlBL_bv7vrq,10.1177/0956797615581491,,,,,,uncoded,
2058,zlBL_9k761j,10.1177/0956797615581491,,,,,,uncoded,
2059,wRvv_m328ro,10.1017/s0043887112000032,,,,,,uncoded,
2060,D2LY_g81lpo,10.1111/j.1741-3737.2012.00990.x,,,,,,uncoded,
2061,D2LY_mn5k2x,10.1111/j.1741-3737.2012.00990.x,,,,,,uncoded,
2062,D2LY_mrdnoj,10.1111/j.1741-3737.2012.00990.x,,,,,,uncoded,
2063,qgWj_pplx84,10.1017/s0007123411000421,,,,,,uncoded,
2064,qgWj_q76z8j,10.1017/s0007123411000421,,,,,,uncoded,
2065,qgWj_x61xpy,10.1017/s0007123411000421,,,,,,uncoded,
2066,qgWj_j6qlvv,10.1017/s0007123411000421,,,,,,uncoded,
2067,AYQG_l8rz5d,10.1177/0010414017740603,,,,,,uncoded,
2068,JRpA_zxz13n,10.1017/s0007123412000191,,,,,,uncoded,
2069,JRpA_6ryjx7,10.1017/s0007123412000191,,,,,,uncoded,
2070,EJpm_m5y94l,10.1086/597176,,,,,,uncoded,
2071,EJpm_b29xjd,10.1086/597176,,,,,,uncoded,
2072,EJpm_bonjlw,10.1086/597176,,,,,,uncoded,
2073,Vj0p_mjjnpk,10.1111/j.1741-3737.2012.01034.x,,,,,,uncoded,
2074,Vj0p_g1j462,10.1111/j.1741-3737.2012.01034.x,,,,,,uncoded,
2075,Vj0p_g27k3q,10.1111/j.1741-3737.2012.01034.x,,,,,,uncoded,
2076,qYr7_j6d39n,10.1177/0010414013516928,,,,,,uncoded,
2077,qYr7_1rzq75,10.1177/0010414013516928,,,,,,uncoded,
2078,qYr7_9oj2rd,10.1177/0010414013516928,,,,,,uncoded,
2079,E5qr_single-trace,10.1016/j.worlddev.2016.03.006,,,,,,uncoded,
2080,q8xv_22jnnj,10.1086/698750,,,,,,uncoded,
2081,q8xv_827ww4,10.1086/698750,,,,,,uncoded,
2082,RYKv_6xnk65,10.1017/s0003055412000299,,,,,,uncoded,
2083,RYKv_p5o238,10.1017/s0003055412000299,,,,,,uncoded,
2084,OeGv_bnxon4,10.1017/s0003055410000262,,,,,,uncoded,
2085,OeGv_br469p,10.1017/s0003055410000262,,,,,,uncoded,
2086,OeGv_gv8q78,10.1017/s0003055410000262,,,,,,uncoded,
2087,OYX0_y5wnn9,10.1037/a0018983,,,,,,uncoded,
2088,OYX0_5o9y12,10.1037/a0018983,,,,,,uncoded,
2089,OYX0_2n1rrj,10.1037/a0018983,,,,,,uncoded,
2090,AOQj_single-trace,10.1017/s0033291713000202,,,,,,uncoded,
2091,5JE_single-trace,10.1093/jcr/ucx067,,,,,,uncoded,
2092,Blxd_bl7k78,10.3102/0002831209350493,,,,,,uncoded,
2093,Blxd_5821x4,10.3102/0002831209350493,,,,,,uncoded,
2094,VvZX_single-trace,10.1007/s10683-011-9281-9,,,,,,uncoded,
2095,zmYY_g82z5k,10.1111/1745-9125.12008,,,,,,uncoded,
2096,0qar_single-trace,10.1016/j.cognition.2017.12.004,,,,,,uncoded,
2097,aYyR_single-trace,10.1016/j.leaqua.2009.06.005,,,,,,uncoded,
2098,7RR2_g4xnzl,10.1002/per.758,,,,,,uncoded,
2099,7RR2_9qjzdd,10.1002/per.758,,,,,,uncoded,
2100,7RR2_89x817,10.1002/per.758,,,,,,uncoded,
2101,7RR2_odrqvl,10.1002/per.758,,,,,,uncoded,
2102,7RR2_my485o,10.1002/per.758,,,,,,uncoded,
2103,7RR2_m84pw1,10.1002/per.758,,,,,,uncoded,
2104,7RR2_bolw7q,10.1002/per.758,,,,,,uncoded,
2105,7RR2_bd3w94,10.1002/per.758,,,,,,uncoded,
2106,mJDj_single-trace,10.1002/per.1902,,,,,,uncoded,
2107,9OK1_w7d7ly,10.1257/app.20150517,,,,,,uncoded,
2108,9OK1_q7q7np,10.1257/app.20150517,,,,,,uncoded,
2109,LmBx_single-trace,10.1177/2167702614545216,TRUE,focal,single_effect,high,FALSE,resolved,
2110,Ovkm_single-trace,10.1002/per.2062,,,,,,uncoded,
2111,mBL1_single-trace,10.1037/apl0000082,,,,,,uncoded,
2112,BrGp_m67j81,10.1037/xge0000157,,,,,,uncoded,
2113,BrGp_y3kqy7,10.1037/xge0000157,,,,,,uncoded,
2114,BrGp_8njk52,10.1037/xge0000157,,,,,,uncoded,
2115,BrGp_o25x3z,10.1037/xge0000157,,,,,,uncoded,
2116,1X9W_single-trace,10.1016/j.evolhumbehav.2010.05.002,,,,,,uncoded,
2117,2GKO_single-trace,10.1016/j.worlddev.2010.05.011,,,,,,uncoded,
2118,2lb5_single-trace,10.1257/aer.20130267,,,,,,uncoded,
2119,5KrD_single-trace,10.5465/amj.2016.0086,,,,,,uncoded,
2120,7X54_single-trace,10.1177/0003122414558919,,,,,,uncoded,
2121,88xa_single-trace,10.1177/0956797609359908,TRUE,focal,single_effect,high,FALSE,resolved,
2122,8w97_single-trace,10.1509/jmkr.46.1.37,,,,,,uncoded,
2123,AqDO_single-trace,10.1016/j.socscimed.2015.11.051,,,,,,uncoded,
2124,DEqr_single-trace,10.1017/xps.2014.22,,,,,,uncoded,
2125,eg1q_single-trace,10.1086/597030,,,,,,uncoded,
2126,eg3p_single-trace,10.1086/658469,,,,,,uncoded,
2127,eOQm_single-trace,10.1037/a0025035,,,,,,uncoded,
2128,exd7_single-trace,10.1016/j.obhdp.2013.10.003,,,,,,uncoded,
2129,G1Lr_single-trace,10.1509/jmr.12.0430,,,,,,uncoded,
2130,gRWz_single-trace,10.1037/a0028964,,,,,,uncoded,
2131,GXEW_single-trace,10.1016/j.cognition.2010.05.005,,,,,,uncoded,
2132,j2yd_single-trace,10.1016/j.evolhumbehav.2009.01.004,,,,,,uncoded,
2133,lJ0w_single-trace,10.1016/j.leaqua.2010.03.005,,,,,,uncoded,
2134,mxyQ_single-trace,10.1111/ajps.12252,,,,,,uncoded,
2135,Ow0_single-trace,10.1093/jcr/ucx109,,,,,,uncoded,
2136,Q1dl_single-trace,10.1002/job.2118,,,,,,uncoded,
2137,q8xv_single-trace,10.1086/698750,,,,,,uncoded,
2138,qXX2_single-trace,10.1093/esr/jcw008,,,,,,uncoded,
2139,R8RN_single-trace,10.1509/jmkr.48.2.403,,,,,,uncoded,
2140,R9dv_single-trace,10.1016/j.socscimed.2010.08.007,,,,,,uncoded,
2141,rpq_single-trace,10.1016/j.jesp.2009.07.002,,,,,,uncoded,
2142,RYKv_single-trace,10.1017/s0003055412000299,,,,,,uncoded,
2143,WLpV_single-trace,10.1086/653487,,,,,,uncoded,
2144,Wre_single-trace,10.1016/j.jesp.2010.11.006,,,,,,uncoded,
2145,wRvv_single-trace,10.1017/s0043887112000032,,,,,,uncoded,
2146,x3KP_single-trace,10.1002/per.803,,,,,,uncoded,
2147,xYbO_single-trace,10.1017/xps.2017.21,TRUE,focal,single_effect,high,FALSE,resolved,
2148,yAPR_single-trace,10.1007/s13524-018-0725-0,,,,,,uncoded,
2149,YpZZ_single-trace,10.1016/j.jenvp.2014.10.008,,,,,,uncoded,
2150,YWep_single-trace,10.1016/j.compedu.2014.04.009,,,,,,uncoded,
2151,yypJ_single-trace,10.1016/j.evolhumbehav.2016.06.001,,,,,,uncoded,
2152,zK2_single-trace,10.1016/j.jesp.2018.08.007,,,,,,uncoded,
2153,zNEm_single-trace,10.1016/j.cognition.2010.11.011,,,,,,uncoded,
2154,5Kgq_single-trace,10.1007/s13524-011-0026-3,,,,,,uncoded,
2155,kXp8_single-trace,10.1287/orsc.1080.0377,,,,,,uncoded,
2156,RrOb_single-trace,10.1016/j.jfineco.2014.05.008,,,,,,uncoded,
2157,jLr_single-trace,10.1016/j.jesp.2012.08.013,,,,,,uncoded,
2158,AvOr_single-trace,10.1177/0956797618756862,,,,,,uncoded,
2159,LyLd_single-trace,10.1086/597428,,,,,,uncoded,
2160,zlm2_single-trace,10.1016/j.evolhumbehav.2014.02.004,,,,,,uncoded,
2161,plLK_single-trace,10.1016/j.obhdp.2009.06.003,,,,,,uncoded,
2162,EQxa_single-trace,10.1016/j.cognition.2012.11.003,,,,,,uncoded,
2163,8wZ0_single-trace,10.1016/j.cognition.2012.05.011,,,,,,uncoded,
2164,AgO1_single-trace,10.1007/s10683-011-9295-3,,,,,,uncoded,
