"doi","keywords","language"
"10.1038/s41586-020-2649-2",NA,"en"
"10.1371/journal.pone.0163051","Discounting, Economics, Temporal discounting, Framing (construction), Intertemporal choice, Delay discounting, Framing effect, Valuation (finance), Shock (circulatory), Psychology, Econometrics, Social psychology, Medicine, Internal medicine","en"
"10.1038/s41562-023-01655-0","Polarization (electrochemistry), Politics, World Wide Web, Political science, Internet privacy, Computer science, Law, Chemistry","en"
"10.1002/(sici)1099-0771(199806)11:2%3c107::aid-bdm292%3e3.0.co;2-y","Ice cream, Value (mathematics), Set (abstract data type), Psychology, Marketing, Econometrics, Mathematics, Statistics, Business, Food science, Computer science, Chemistry","en"
"10.1002/(sici)1099-0771(200001/03)13:1<1::aid-bdm333>3.0.co;2-s","Affect (linguistics), Psychology, Heuristic, Social psychology, Cognitive psychology, Econometrics, Computer science, Artificial intelligence, Economics","en"
"10.1002/(sici)1099-0771(199806)11:2<107::aid-bdm292>3.0.co;2-y","Ice cream, Value (mathematics), Set (abstract data type), Psychology, Marketing, Econometrics, Mathematics, Statistics, Business, Food science, Computer science, Chemistry","en"
"10.1002/acp.1376","Conformity, Psychology, Parallels, Misinformation, Eyewitness memory, Phenomenon, Sample (material), False memory, Test (biology), Social psychology, Cognitive psychology, Recall, Epistemology, Computer security, Computer science","en"
"10.1002/acp.2874","Paranormal, Psychology, Face (sociological concept), Skepticism, Perception, Social psychology, Face perception, Cognitive psychology, Task (project management), Phenomenon, Epistemology, Sociology, Philosophy","en"
"10.1002/ajmg.b.31028","Psychology, Library science, Psychiatry, Gerontology, History, Medicine","en"
"10.1002/bdm.492","Psychology, Social psychology, Identification (biology), Group (periodic table), Inclusion (mineral), Distress, Clinical psychology","en"
"10.1002/bdm.586","Anchoring, Studio, Psychology, Value (mathematics), Recall, Affect (linguistics), Product (mathematics), Social psychology, Domain (mathematical analysis), Advertising, Cognitive psychology, Marketing, Statistics, Computer science, Business, Mathematics, Communication","en"
"10.1002/ejsp.2013","Psychology, Valence (chemistry), Metaphor, Socioeconomic status, Social psychology, Association (psychology), Developmental psychology, Demography, Sociology, Theology, Chemistry, Population","en"
"10.1002/ejsp.2420170402","Psychology, Alphabet, Value (mathematics), Social psychology, Set (abstract data type), Object (grammar), Relevance (law), Heuristic, Linguistics, Epistemology, Law, Statistics, Mathematics","en"
"10.1002/ejsp.446","Nationality, Newspaper, Gold medal, Psychology, Medal, Identity (music), Social psychology, Social identity theory, Dual (grammatical number), Immigration, Media studies, Sociology, Social group, Law, History, Political science, Literature","en"
"10.1002/jcpy.1028","Prestige, Consumption (sociology), Value (mathematics), Perception, Advertising, Marketing, Affect (linguistics), Conspicuous consumption, Psychology, Business, Social psychology, Economics, Sociology, Emerging markets","en"
"10.1002/jeab.432","Impulsivity, Immediacy, Psychology, Delay of gratification, Audiology, Cognitive psychology, Developmental psychology, Medicine","en"
"10.1002/jeab.705","Stimulus (psychology), Psychology, CLARITY, Audiology, Reinforcement, Cognitive psychology, Social psychology, Medicine","en"
"10.1002/pam.21702","Expectancy theory, Test (biology), Psychology, Randomized experiment, Observational study, Government (linguistics), Unified theory of acceptance and use of technology, Social psychology, The Internet, Panel data, Quality (philosophy), Ideology, Politics, Political science, Economics, Econometrics, Computer science, Statistics, Law","en"
"10.1002/smj.2585","Competition (biology), Context (archaeology), Business, Obstacle, Industrial organization, Product (mathematics), New product development, Language change, Product market, Emerging markets, Economics, Marketing, Market economy","en"
"10.1002/soej.12223","Dictator, Stochastic game, Frame (networking), Dictator game, Offset (computer science), Constant (computer programming), Population, Mathematical economics, Economics, Social psychology, Microeconomics, Psychology, Computer science, Demography, Political science, Sociology, Law","en"
"10.1006/cogp.1998.0708","Prospect theory, Loss aversion, Function (biology), Value (mathematics), Psychology, Econometrics, Cognitive psychology, Computer science, Economics, Microeconomics","en"
"10.1006/jesp.1996.1314","Intentionality, Psychology, Attribution, Perception, Social cognition, Cognition, Cognitive psychology, Folk psychology, Social psychology, Epistemology, Cognitive science","en"
"10.1007/s00221-012-3266-6","Metronome, Impulse (physics), Physical medicine and rehabilitation, Psychology, Fitts's law, Sine wave, Slowness, Simulation, Movement (music), Communication, Computer science, Rhythm, Medicine, Acoustics, Physics","en"
"10.1007/s10071-012-0510-1","Empathy, Psychology, Crying, Distress, Cognition, Emotional contagion, Personal distress, Developmental psychology, Cognitive psychology, Social psychology, Clinical psychology, Neuroscience","en"
"10.1007/s10802-020-00712-w","Gaze, Psychology, Anxiety, Valence (chemistry), Attentional bias, Eye movement, Emotional valence, Cognitive psychology, Audiology, Developmental psychology, Clinical psychology, Cognition, Medicine, Psychiatry, Neuroscience","en"
"10.1007/s10803-008-0664-5","Friendship, Autism, Social skills, Psychology, Sportsmanship, Intervention (counseling), Developmental psychology, Clinical psychology, Autism spectrum disorder, Psychiatry, Social psychology","en"
"10.1007/s10803-013-1829-4","Autism, Psychology, Mainstreaming, Intervention (counseling), Stigma (botany), Clinical psychology, Developmental psychology, Mainstream, Special education, Psychiatry, Pedagogy","en"
"10.1007/s10899-016-9662-2","Purchasing, Psychology, Scratch, Social psychology, Arousal, Sample (material), Advertising, Marketing, Business","en"
"10.1007/s11002-005-0457-y","Variety (cybernetics), Morning, Psychology, Arousal, Time of day, Advertising, Social psychology, Business, Statistics, Mathematics, Medicine, Biology, Animal science","en"
"10.1007/s11002-014-9295-0","Anchoring, Willingness to pay, Value (mathematics), Product (mathematics), Function (biology), Economics, Microeconomics, Identity (music), Willingness to accept, Business, Social psychology, Psychology, Mathematics, Statistics","en"
"10.1007/s11098-009-9439-x","Philosophy of mind, Consciousness, Metaphysics, Philosophy of language, Epistemology, Folk psychology, Philosophy, Experimental philosophy, Psychology, Valence (chemistry), Philosophical methodology","en"
"10.1007/s11098-010-9651-8","Epistemology, Weakness, Philosophy of mind, Metaphysics, Philosophy, Variety (cybernetics), Order (exchange), Computer science, Economics","en"
"10.1007/s11145-010-9282-7","Word (group theory), Foveal, Reading (process), Eye movement, Word lists by frequency, Psychology, Linguistics, Character (mathematics), Perception, Computer science, Cognitive psychology, Natural language processing, Artificial intelligence, Mathematics, Medicine, Sentence, Philosophy","en"
"10.1007/s11150-021-09593-4","Psychological intervention, Positive parenting, Psychology, Investment (military), Developmental psychology, Parenting skills, Social psychology, Identity (music), Quality (philosophy), Intervention (counseling), Political science","en"
"10.1007/s11199-011-0036-z","Psychology, Implicit attitude, Gender identity, Gender gap, Social psychology, Identity (music), Association (psychology), Implicit-association test, Women in science, Gender equality, Social identity theory, Developmental psychology, Gender studies, Social group, Sociology","en"
"10.1007/s11858-016-0819-3","Ninth, Mathematics education, Psychology, Service (business), Task (project management), Engineering","en"
"10.1007/s12152-008-9015-7","Intuitionism, Epistemology, Framing (construction), Social intuitionism, Moral psychology, Psychology, Reflective equilibrium, Experimental philosophy, Thought experiment, Philosophy, Moral authority, Philosophical methodology","en"
"10.1007/s13164-013-0154-3","Incompatibilism, Determinism, Epistemology, Compatibilism, Free will, Philosophy of science, Consilience, Philosophy of mind, Psychology, Interpretation (philosophy), Reductionism, Experimental philosophy, Moral responsibility, Phenomenon, Thought experiment, Metaphysics, Philosophy, Philosophical methodology","en"
"10.1007/s13164-013-0162-3","Psychology, Philosophy of mind, Philosophy of science, Analogy, sort, Value (mathematics), Social psychology, Epistemology, Philosophy, Computer science, Metaphysics, Mathematics, Information retrieval, Statistics","en"
"10.1007/s40732-020-00453-8","Disequilibrium, Generality, Cognitive psychology, Psychology, Schedule, Computer science, Medicine, Psychotherapist","en"
"10.1016/0001-6918(81)90005-6","Psychology, Competence (human resources), Social psychology, Developmental psychology, Applied psychology","en"
"10.1016/0010-0285(73)90033-9","Heuristic, Phenomenon, Psychology, Heuristics, Cognitive psychology, Computer science, Econometrics, Statistics, Artificial intelligence, Mathematics, Epistemology","en"
"10.1016/0010-0285(83)90002-6","Schema (genetic algorithms), Diagrammatic reasoning, Analogical reasoning, Automatic summarization, Computer science, Operationalization, Natural language processing, Analogy, Cognitive psychology, Artificial intelligence, Psychology, Cognitive science, Information retrieval, Programming language, Linguistics, Epistemology","en"
"10.1016/0022-1031(77)90049-x","Psychology, Attribution, Social perception, Perception, Attribution bias, Social psychology, Inference, Social cognition, Cognitive psychology, Response bias, Cognitive bias, Cognition","en"
"10.1016/0022-1031(91)90011-t","Immorality, Psychology, Commission, Harm, Social psychology, Morality, Action (physics), Order (exchange), Salient, Law, Economics, Political science","en"
"10.1016/0030-5073(76)90005-2","Course (navigation), Action (physics), Psychology, Social psychology, Applied psychology, Operations management, Engineering, Physics, Aerospace engineering","en"
"10.1016/0191-8869(89)90005-6","Neuroticism, Extraversion and introversion, Type A and Type B personality theory, Psychology, Hostility, Personality, Big Five personality traits, Clinical psychology, Framingham Risk Score, Personality Assessment Inventory, Developmental psychology, Disease, Social psychology, Medicine, Internal medicine","en"
"10.1016/0920-9964(93)90019-f","Porphobilinogen deaminase, Genetics, Acute intermittent porphyria, Restriction fragment length polymorphism, Biology, Locus (genetics), Linkage disequilibrium, Allele, Candidate gene, Schizoaffective disorder, Genetic association, Genetic linkage, Psychosis, Gene, Genotype, Haplotype, Medicine, Porphyria, Single-nucleotide polymorphism, Endocrinology, Psychiatry","en"
"10.1016/s0272-6963(97)00033-8","Flexibility (engineering), Benchmarking, Empirical research, Factory (object-oriented programming), Computer science, Test (biology), Manufacturing engineering, Simplicity, Process (computing), Operations management, Industrial engineering, Business, Operations research, Economics, Marketing, Engineering, Mathematics, Management, Statistics","en"
"10.1016/s0749-5978(02)00013-4","Endowment effect, Moderation, Database transaction, Commodity, Endowment, Microeconomics, Economics, Transaction cost, Business, Psychology, Social psychology, Finance","en"
"10.1016/s2215-0366(21)00241-8","Medicine, Breast cancer, Odds ratio, Case-control study, Internal medicine, Nested case-control study, Cancer, Schizophrenia (object-oriented programming), Quetiapine, Population, Obstetrics, Psychiatry, Oncology","en"
"10.1016/j.actpsy.2019.04.006","Attentional bias, Psychology, Cognitive psychology, Task (project management), Visual attention, Cognition, Neuroscience","en"
"10.1016/j.appet.2011.12.023","Snack food, Soft drink, Psychology, Food science, Food intake, Medicine, Chemistry, Internal medicine","en"
"10.1016/j.appet.2016.07.009","Disgust, Empathy, Dissociation (chemistry), Psychology, Food science, Cognitive psychology, Social psychology, Chemistry","en"
"10.1016/j.appet.2020.104808","Latent class model, Psychology, Developmental psychology, Emotional eating, Clinical psychology, Eating behavior, Medicine, Statistics, Mathematics, Obesity, Internal medicine","en"
"10.1016/j.biopsycho.2018.08.007","Cold pressor test, Arousal, Psychology, Electroencephalography, Trier social stress test, Audiology, Asymmetry, Developmental psychology, Heart rate, Internal medicine, Fight-or-flight response, Neuroscience, Blood pressure, Medicine, Chemistry","en"
"10.1016/j.brat.2015.01.001","Psychology, Fear conditioning, Fear-potentiated startle, Neutral stimulus, Stimulus (psychology), Moro reflex, Classical conditioning, Valence (chemistry), Audiology, Conditioning, Cognition, Developmental psychology, Startle reaction, Cognitive psychology, Neuroscience, Stimulus control, Reflex, Medicine, Amygdala","en"
"10.1016/j.cogdev.2010.09.001","Prosocial behavior, Psychology, Developmental psychology, Social psychology","en"
"10.1016/j.cognition.2003.10.003","Epistemology, Prima facie, Psychology, Philosophical theory, Cognition, Philosophy of science, Style (visual arts), Philosophy","en"
"10.1016/j.cognition.2007.09.006","Psychology, Cognitive psychology, Visual processing, Hand position, Visual attention, Stimulus (psychology), Visual search, Communication, Cognition, Computer vision, Perception, Neuroscience, Computer science","en"
"10.1016/j.cognition.2007.11.004","Psychology, Cognition, Dual process theory (moral psychology), Social cognitive theory of morality, Moral disengagement, Moral development, Dual (grammatical number), Moral psychology, Moral reasoning, Process (computing), Social psychology, Cognitive psychology, Cognitive load","en"
"10.1016/j.cognition.2009.02.001","Psychology, Social psychology, Phenomenon, Epistemology","en"
"10.1016/j.cognition.2009.10.008","Psychology, Simon effect, Task (project management), Action (physics), Coding (social sciences), Cognitive psychology, Social psychology, Space (punctuation), Social cognition, Social space, Cognition, Computer science, Sociology","en"
"10.1016/j.cognition.2010.12.009","Cognition, Psychology, Spatial cognition, Spatial ability, Cognitive psychology, Competence (human resources), Language and thought, Correlation, Social psychology, Neuroscience","en"
"10.1016/j.cognition.2011.04.005","Excuse, Psychology, Ignorance, Social psychology, Cognitive psychology, Epistemology","en"
"10.1016/j.cognition.2013.02.008","Skepticism, Denial, Psychology, Attribution, Epistemology, Social psychology, Philosophy","en"
"10.1016/j.cognition.2013.12.005","Psychology, Personal identity, Identity (music), Soul, Perception, Cognition, Autobiographical memory, Social psychology, Focus (optics), Social cognitive theory of morality, Social cognition, Moral development, Self, Cognitive psychology, Developmental psychology, Epistemology, Aesthetics","en"
"10.1016/j.cognition.2014.08.006","Psychology, Social psychology, Fluency, Population, Relation (database), Verbal fluency test, Critical thinking, Cognition, Epistemology, Cognitive psychology, Neuropsychology, Mathematics education","en"
"10.1016/j.cognition.2014.09.006","Psychology, Moral reasoning, Moral dilemma, Social psychology, Empathy, Dilemma, Cognition, Social dilemma, Dual process theory (moral psychology), Social cognition, Epistemology","en"
"10.1016/j.cognition.2015.01.013","Counterfactual thinking, Phenomenon, Psychology, Causality (physics), Cognitive psychology, Artificial intelligence, Social psychology, Epistemology, Computer science, Philosophy","en"
"10.1016/j.cognition.2016.06.011","Psychology, Cognitive science, Epistemology, Cognitive psychology, Philosophy","en"
"10.1016/j.cognition.2017.06.025","Object (grammar), Perception, Stroop effect, Cognitive neuroscience of visual object recognition, Feature (linguistics), Artificial intelligence, Psychology, Computer science, Visual perception, Subjective constancy, Pattern recognition (psychology), Cognition, Cognitive psychology","en"
"10.1016/j.concog.2008.11.006","Psychology, Temperament, Intuition, Cognitive science, Cognitive psychology, Psychoanalysis, Personality","en"
"10.1016/j.cortex.2014.02.013","Frustration, Psychology, Amygdala, Aggression, Insula, Functional magnetic resonance imaging, Prefrontal cortex, Neuroscience, Periaqueductal gray, Neural correlates of consciousness, Cognitive psychology, Midbrain, Social psychology, Cognition","en"
"10.1016/j.cortex.2020.12.017","Mnemonic, Psychology, Cognitive psychology, Cognition, Recognition memory, Stimulus (psychology), Developmental psychology, Neuroscience","en"
"10.1016/j.cub.2004.01.029","Biology, Evolutionary biology","en"
"10.1016/j.devbrainres.2005.06.014","Offspring, Prenatal stress, Glucocorticoid, Stressor, Startle reaction, Pregnancy, Fetus, Gestation, Endocrinology, Dexamethasone, Biology, Internal medicine, Physiology, Medicine, Reflex, Genetics, Neuroscience","en"
"10.1016/j.drugalcdep.2016.10.014","Behavioral economics, Psychology, Cannabis, Addiction, Discounting, Impulsivity, Addictive behavior, Reinforcement, Prosocial behavior, Demand curve, Convergence (economics), Clinical psychology, Developmental psychology, Economics, Social psychology, Psychiatry, Microeconomics","en"
"10.1016/j.drugalcdep.2021.108610","Major depressive disorder, Substance abuse, Body mass index, Internal medicine, Anxiety, Depression (economics), Mood disorders, Medicine, Psychology, Biomarker, Psychopathology, Cotinine, Nicotine, Clinical psychology, Mood, Psychiatry","en"
"10.1016/j.econedurev.2005.05.008","Coursework, Certification, Reading (process), Mathematics education, Productivity, Psychology, Student achievement, Academic achievement, Pedagogy, Political science, Economics","en"
"10.1016/j.euroecorev.2004.01.004","Private good, Public good, Economics, Consumption (sociology), Goods and services, Public economics, Government (linguistics), Private consumption, Consumer spending, Microeconomics, Fiscal policy, Market economy, Macroeconomics, Sociology","en"
"10.1016/j.ijinfomgt.2018.03.001","Normative, Psychology, Open data, Theory of planned behavior, Social psychology, Survey data collection, Norm (philosophy), Resource (disambiguation), Applied psychology, Normative social influence, Open science, Computer science, Political science, Control (management), World Wide Web","en"
"10.1016/j.ijresmar.2012.03.002","Meaning (existential), Linguistics, Brand names, Perception, Sound symbolism, Preference, Product (mathematics), Psychology, Advertising, Mathematics, Business","en"
"10.1016/j.jarmac.2021.08.001","Psychology, Misinformation, Eyewitness identification, Eyewitness memory, Eyewitness testimony, Cognitive psychology, Social psychology, Recall, Computer security","en"
"10.1016/j.jcps.2010.06.007","Product (mathematics), Snack food, Consumption (sociology), Perception, Heuristic, Unit (ring theory), Product category, Psychology, Computer science, Mathematics, Food science, Artificial intelligence","en"
"10.1016/j.jenvp.2022.101868","Climate change, Psychology, Environmental policy, Social psychology, Political science, Environmental health, Environmental resource management, Economics, Medicine, Ecology","en"
"10.1016/j.jesp.2004.07.001","Psychology, Priming (agriculture), Task (project management), Honesty, Social psychology, Vocabulary, Quality (philosophy), Cognitive psychology","en"
"10.1016/j.jesp.2005.05.001","Subliminal stimuli, Anchoring, Priming (agriculture), Psychology, Social psychology, Value (mathematics), Cognitive psychology, Statistics, Econometrics, Mathematics","en"
"10.1016/j.jesp.2008.03.012","Psychology, Offensive, Social psychology, Perspective (graphical), Virtue, Moral disengagement, Epistemology","en"
"10.1016/j.jesp.2009.05.003","Psychology, Hostility, Perception, Aggression, Social psychology, KISS (TNC), Cognition, Word (group theory), Social perception, Linguistics","en"
"10.1016/j.jesp.2009.06.003","Psychology, Affect (linguistics), Mood, Cognition, Cognitive psychology, Arousal, Color term, Information processing, Social psychology, Communication, Linguistics","en"
"10.1016/j.jesp.2010.05.014","Psychology, Elaboration, Social psychology, Social contact, Task (project management), Cognitive psychology, Anxiety, Social anxiety","en"
"10.1016/j.jesp.2011.11.012","Happiness, Psychology, Affect (linguistics), Social psychology, Active listening, Time perception, Cognition, Communication","en"
"10.1016/j.jesp.2012.11.012","Psychology, Social psychology, Priming (agriculture), Morality, Affect (linguistics), Mindset, Contrast (vision), White (mutation), Social cognition, Feeling, Cognitive psychology, Cognition, Communication","en"
"10.1016/j.jesp.2017.02.005","Forgiveness, Psychology, Empathy, Closeness, Interpersonal communication, Social psychology, Perspective-taking, Perspective (graphical), Interpersonal relationship, Cognitive psychology","en"
"10.1016/j.jesp.2018.05.006","Humility, Psychology, Hindsight bias, Social psychology, Openness to experience, Interpersonal communication, Intrapersonal communication, Perception, Perspective (graphical)","en"
"10.1016/j.jesp.2020.104019","Inequality, Redistribution (election), Social inequality, Economic inequality, Psychology, Psychosocial, Ideology, Social psychology, Demographic economics, Economics, Politics, Political science","en"
"10.1016/j.jesp.2020.104080","Psychology, Socioeconomic status, Persistence (discontinuity), Social psychology, Academic achievement, Developmental psychology","en"
"10.1016/j.jml.2006.02.004","Metaphor, Categorization, Psychology, Comprehension, Analogy, Cognitive psychology, Linguistics","en"
"10.1016/j.jml.2010.11.002","Psychology, Pace, Control (management), Metacognition, Normative, Cognitive psychology, Self-control, Metamemory, Social psychology, Cognition, Artificial intelligence, Computer science","en"
"10.1016/j.jsams.2017.06.007","Anaerobic exercise, Balance (ability), Dynamic balance, Physical medicine and rehabilitation, Test (biology), Balance test, Psychology, Medicine, Physical therapy, Engineering, Mechanical engineering, Biology","en"
"10.1016/j.jsp.2021.09.004","Fluency, Psychology, Intervention (counseling), Reading (process), Multiple baseline design, Psychological intervention, Baseline (sea), Response to intervention, Positive behavior support, Tier 2 network, Academic achievement, Developmental psychology, Mathematics education, Medical education, Medicine","en"
"10.1016/j.learninstruc.2014.08.004","Mathematics education, Computer science, Component (thermodynamics), Psychology","en"
"10.1016/j.learninstruc.2018.04.006","Competence (human resources), Comprehension, Psychology, Intervention (counseling), The Internet, Critical thinking, Task (project management), Computer science, Quality (philosophy), Mathematics education, Social psychology, World Wide Web","en"
"10.1016/j.learninstruc.2018.05.004","Spelling, Orthography, Psychological intervention, Reading (process), Norwegian, Phonological awareness, Psychology, Intervention (counseling), Word recognition, Computer science, Literacy, Linguistics, Pedagogy","en"
"10.1016/j.neuroimage.2006.11.048","Psychology, Sadness, Cognitive reappraisal, Cognition, Amygdala, Expressive Suppression, Negative emotion, International Affective Picture System, Inferior frontal gyrus, Neural correlates of consciousness, Task (project management), Superior frontal gyrus, Cognitive psychology, Association (psychology), Neuroscience, Developmental psychology, Arousal, Anger, Social psychology, Psychotherapist","en"
"10.1016/j.neuron.2006.03.036","Ventral tegmental area, Psychology, Nucleus accumbens, Neuroscience, Memorization, Hippocampus, Encoding (memory), Anticipation (artificial intelligence), Cognitive psychology, Dopamine, Dopaminergic, Computer science","en"
"10.1016/j.neuropsychologia.2009.05.011","Psychology, Cognitive psychology, Automaticity, Dissociation (chemistry), Task (project management), Event-related potential, Neuroscience, Electroencephalography, Cognition","en"
"10.1016/j.nlm.2017.09.009","Oddball paradigm, Psychology, Conditioning, Stimulus (psychology), Classical conditioning, Neuroscience, Stimulus onset asynchrony, Audiology, Cognitive psychology, Event-related potential, Electroencephalography, Cognition, Mathematics, Medicine","en"
"10.1016/j.obhdp.2004.12.002","Anchoring, Subliminal stimuli, Psychology, Cognitive psychology, Variety (cybernetics), Social psychology, Computer science, Artificial intelligence","en"
"10.1016/j.obhdp.2006.01.005","Sympathy, Generosity, Psychology, Social psychology, Donation, Altruism (biology), Prosocial behavior, Priming (agriculture), Counterintuitive, Value (mathematics), Law, Political science, Epistemology","en"
"10.1016/j.obhdp.2006.10.001","Horizontal and vertical, Priming (agriculture), Power (physics), Perspective (graphical), Social psychology, Chart, Psychology, Hierarchy, Organizational chart, Political science, Computer science, Mathematics, Management, Economics, Statistics, Artificial intelligence","en"
"10.1016/j.obhdp.2010.10.001","Cheating, Immorality, Psychology, Task (project management), Social psychology, Perception, Honesty, Dishonesty, Morality, Law, Economics","en"
"10.1016/j.obhdp.2018.10.004","Hierarchy, Language change, Hierarchical organization, Multilevel model, Work (physics), Social hierarchy, Social psychology, Public relations, Psychology, Political science, Law, Computer science","en"
"10.1016/j.paid.2004.08.012","Prosocial behavior, Agreeableness, Psychology, Extraversion and introversion, Big Five personality traits, Social psychology, Personality, Value (mathematics), Hierarchical structure of the Big Five, Developmental psychology","en"
"10.1016/j.paid.2009.11.002","Altruism (biology), Psychology, Biology and political orientation, Social psychology, Personality, Construct (python library), Politics, Variance (accounting), Big Five personality traits, Explanatory power, Epistemology, Economics, Political science","en"
"10.1016/j.paid.2010.07.033","Gratitude, Forgiveness, Psychology, Social psychology, Personality","en"
"10.1016/j.paid.2012.04.036","Mental toughness, Psychology, Recall, Cognition, Forgetting, Cognitive psychology, Developmental psychology, Psychiatry","en"
"10.1016/j.paid.2014.11.040","Psychology, Perfectionism (psychology), Gratitude, Forgiveness, Social psychology, Personality, Moral psychology, Moral disengagement","en"
"10.1016/j.paid.2021.111472","Worry, Rumination, Psychology, Structural equation modeling, Personality, Anxiety, Replicate, Developmental psychology, Cognitive psychology, Clinical psychology, Cognition, Social psychology, Statistics","en"
"10.1016/j.poetic.2015.07.001","Reading (process), Cognition, Psychology, Subject (documents), Social cognition, Cognitive psychology, Test (biology), Social psychology, Linguistics, Philosophy, Computer science","en"
"10.1016/j.psychres.2017.09.048","Psychology, Facial expression, Anorexia nervosa, Depression (economics), Emotional expression, Developmental psychology, Emotion recognition, Clinical psychology, Emotion perception, Audiology, Eating disorders, Medicine, Communication, Neuroscience","en"
"10.1016/j.psychsport.2021.102099","Athletes, Psychology, Psychological intervention, Intervention (counseling), Randomized controlled trial, Clinical psychology, Social cognitive theory, Physical therapy, Developmental psychology, Medicine, Psychiatry","en"
"10.1016/j.socscimed.2010.04.026","Blame, Psychology, Social psychology, Feeling, Context (archaeology), Risk perception, Stigma (botany), Developmental psychology, Vulnerability (computing), Perception, Psychiatry","en"
"10.1016/j.tourman.2016.01.013","Reputation, Sharing economy, Listing (finance), Trustworthiness, Tourism, Host (biology), Advertising, Affect (linguistics), Business, Reputation system, Internet privacy, Marketing, Computer science, World Wide Web, Psychology, Political science, Law","en"
"10.1016/j.visres.2005.11.013","Kinematics, Stimulus (psychology), Artificial intelligence, Computer vision, Communication, Optics, Mathematics, Physics, Psychology, Cognitive psychology, Computer science, Classical mechanics","en"
"10.1016/s0010-0277(03)00064-7","Referent, Psychology, Theory of mind, Object (grammar), Identity (music), Cognitive psychology, Social psychology, Dissociation (chemistry), Cognition, Linguistics, Artificial intelligence, Aesthetics, Computer science","en"
"10.1016/s0010-0277(99)00073-6","Structuring, Space (punctuation), Domain (mathematical analysis), Experiential learning, Psychology, Cognitive science, Spacetime, Conceptual metaphor, Epistemology, Cognitive psychology, Computer science, Cognition, Mathematics education, Mathematics","en"
"10.1016/s0022-1031(03)00065-9","Heuristics, Psychology, Heuristic, Ambiguity, Quality (philosophy), Social psychology, Object (grammar), Value (mathematics), Cognitive psychology, Artificial intelligence, Computer science, Epistemology, Machine learning","en"
"10.1017/s0007123421000557","Diaspora, Politics, Metropolitan area, White (mutation), Political science, Race (biology), Gender studies, Racial politics, Sociology, History, Law","en"
"10.1017/s1366728914000273","Task switching, Cognitive flexibility, Neuroscience of multilingualism, Psychology, Flexibility (engineering), Task (project management), Cognitive psychology, Stimulus (psychology), Code-switching, Cognition, Communication, Linguistics, Engineering, Neuroscience, Mathematics","en"
"10.1017/s1930297500005064","Regret, Decoy, Salience (neuroscience), Salient, Social psychology, Psychology, Accountability, Task (project management), Hindsight bias, Priming (agriculture), Debiasing, Preference, Cognitive psychology, Computer science, Economics, Microeconomics, Political science","en"
"10.1017/bec.2013.16","Distrust, Psychology, Repeated measures design, Stimulus (psychology), Cognitive psychology, Social psychology, Statistics","en"
"10.1017/epi.2013.23","Attribution, Epistemology, Experimental philosophy, Philosophy, Norm (philosophy), Psychology, Social psychology, Western philosophy","en"
"10.1017/s1930297500001170","Fallacy, Generalizability theory, Event (particle physics), Roulette, Epistemology, Genealogy, History, Psychology, Positive economics, Mathematics, Statistics, Philosophy, Economics, Physics","en"
"10.1017/xps.2017.21","Situational ethics, Politics, Stereotype (UML), Stereotype threat, Relevance (law), Test (biology), Gender gap, Political socialization, Psychology, Socialization, Perspective (graphical), Social psychology, Product (mathematics), Political science, American political science, Demographic economics, Computer science, Economics","en"
"10.1023/a:1007744326393","Psychophysics, Stimulus (psychology), Psychology, Psychological intervention, Cognitive psychology, Social psychology, Perception, Neuroscience, Psychiatry","en"
"10.1023/a:1008184423824","Meaning (existential), Product (mathematics), Advertising, Order (exchange), Brand awareness, Marketing communication, Business, Marketing, Computer science, Brand management, Linguistics, Psychology, Mathematics","en"
"10.1023/a:1015044207315","Opting out, Default, Framing (construction), Opt-out, Permission, Framing effect, Internet privacy, Political science, Advertising, Business, Public relations, Economics, Law, Computer science, Engineering","en"
"10.1023/a:1019923923537","Harm, Social psychology, Action (physics), Psychology, Presentational and representational acting, Social policy, Law and economics, Political science, Economics, Law","en"
"10.1027/1864-9335/a000147","Psychology, Social psychology, Perception, Personality, Agency (philosophy), Big Five personality traits, Morality, Premise, Developmental psychology, Sociology","en"
"10.1037/0003-066x.54.6.408","Psychology, Social psychology, Developmental psychology","en"
"10.1037/0021-843x.103.2.350","Psychology, Clinical psychology, Personality disorders, Sample (material), Personality, Factor (programming language), Social psychology","en"
"10.1037/0021-843x.108.3.511","Psychology, Autobiographical memory, Depression (economics), Cognitive psychology, Course (navigation), Clinical psychology, Developmental psychology, Psychotherapist, Psychoanalysis, Recall","en"
"10.1037/0021-843x.115.4.798","Psychopathy, Antisocial personality disorder, Psychology, Psychopathy Checklist, Psychiatry, Comorbidity, Clinical psychology, Personality, Poison control, Injury prevention, Medicine, Social psychology","en"
"10.1037/0021-9010.77.4.419","Psychology, Action (physics), Social psychology","en"
"10.1037/0021-9010.85.5.751","Transformational leadership, Agreeableness, Psychology, Conscientiousness, Big Five personality traits, Transactional leadership, Hierarchical structure of the Big Five, Social psychology, Openness to experience, Extraversion and introversion, Big Five personality traits and culture, Personality, Neuroticism","en"
"10.1037/0022-0167.40.4.518","Psychology, Personality, Vocational education, Relation (database), Social psychology, Big Five personality traits and culture, Applied psychology, Big Five personality traits, Pedagogy","en"
"10.1037/0022-3514.45.4.782","Cognitive dissonance, Psychology, Arousal, Social psychology, Cognitive psychology","en"
"10.1037/0022-3514.45.4.805","Persuasion, Psychology, Recall, Cognition, Persuasive communication, Need for cognition, Social psychology, Cognitive psychology, Attitude change","en"
"10.1037/0022-3514.46.4.778","Evening, Psychology, Presidential system, Social psychology, Politics, Political science","en"
"10.1037/0022-3514.49.6.1621","Psychology, Trait, Controllability, Social psychology, Social desirability, Mathematics","en"
"10.1037/0022-3514.50.3.502","Psychology, Social psychology, Vulnerability (computing), Perception, Social perception, Developmental psychology, Computer security","en"
"10.1037/0022-3514.54.4.569","Psychology, Outcome (game theory), Social psychology","en"
"10.1037/0022-3514.63.6.989","Psychology, Optimism, Coping (psychology), Mood, Psychological intervention, Cognition, Avoidance coping, Clinical psychology, Structural equation modeling, Developmental psychology, Self-esteem, Social psychology","en"
"10.1037/0022-3514.67.3.357","Regret, Counterfactual thinking, Psychology, Social psychology, Action (physics), Face (sociological concept), Term (time), Cognitive psychology, Sociology","en"
"10.1037/0022-3514.67.4.627","Mortality salience, Terror management theory, Psychology, Salience (neuroscience), Social psychology, Consciousness, Prejudice (legal term), Developmental psychology, Cognitive psychology","en"
"10.1037/0022-3514.68.5.793","Psychology, Social psychology, Inertia","en"
"10.1037/0022-3514.71.2.230","Automaticity, Psychology, Trait, Social psychology, Action (physics), Stereotype (UML), Construct (python library), Direct action, Developmental psychology, Cognitive psychology, Cognition","en"
"10.1037/0022-3514.73.4.733","Prosocial behavior, Psychology, Social psychology, Individualism, Collectivism, Developmental psychology","en"
"10.1037/0022-3514.74.1.53","Psychology, Social psychology, Power (physics)","en"
"10.1037/0022-3514.74.3.774","Psychology, Ego depletion, Social psychology, Self-control, Resource (disambiguation), Regulatory focus theory, Control (management), Computer science","en"
"10.1037/0022-3514.76.6.893","Psychology, Perception, Social psychology, Social perception, Social relation, Link (geometry), Social influence, Cognitive psychology","en"
"10.1037/0022-3514.77.2.221","Psychology, Social psychology, Cognitive psychology","en"
"10.1037/0022-3514.77.4.785","Conformity, Deviance (statistics), Psychology, Social psychology, Harmony (color), Uniqueness, Statistics","en"
"10.1037/0022-3514.79.1.49","Psychology, Head (geology), Acculturation, Social psychology, Personality, Identity (music), Big Five personality traits, Ethnic group, Sociology, Aesthetics","en"
"10.1037/0022-3514.80.6.861","Regret, Psychology, Social psychology, Consistency (knowledge bases), Social desirability, Statistics","en"
"10.1037/0022-3514.80.6.995","Psychology, Seekers, Social psychology, Developmental psychology","en"
"10.1037/0022-3514.81.1.116","Psychology, Physical attractiveness, Social psychology, Personality, Attractiveness, Developmental psychology","en"
"10.1037/0022-3514.82.1.112","Disposition, Psychology, Social psychology","en"
"10.1037/0022-3514.82.5.792","Distancing, Psychology, Valence (chemistry), Yesterday, Social psychology, Feeling, Social distance, Recall, Construal level theory, Self-esteem, Self-concept, Developmental psychology, Cognitive psychology, Coronavirus disease 2019 (COVID-19)","en"
"10.1037/0022-3514.83.1.138","Shame, Psychology, Remorse, Blame, Social psychology, Feeling, Conscience, Epistemology","en"
"10.1037/0022-3514.83.1.44","Psychology, Identity (music), Social psychology, Point (geometry), Negativity effect, Developmental psychology, Social identity theory, Implicit attitude, Social group, Mathematics","en"
"10.1037/0022-3514.83.5.1165","Maladaptation, Psychology, Developmental psychology, Personality, Personality development, Emotionality, Early childhood, Temperament, Social competence, Social psychology, Social change, Psychiatry","en"
"10.1037/0022-3514.83.5.1239","Psychology, Social psychology, Attribution, Variation (astronomy), Social perception, Perception, Attribution bias, Cultural diversity, Cultural bias","en"
"10.1037/0022-3514.84.2.411","Psychology, Personality, Big Five personality traits, Social psychology, Alternative five model of personality, Personality Assessment Inventory, Big Five personality traits and culture, Construct (python library), Construct validity, Consistency (knowledge bases), Psychometrics, Developmental psychology","en"
"10.1037/0022-3514.84.3.582","Psychology, Personality, Big Five personality traits, Developmental psychology, Personality development, Work (physics), Social psychology, Big Five personality traits and culture, Relevance (law), Longitudinal study","en"
"10.1037/0022-3514.84.4.871","Nomological network, Psychology, Conceptualization, Construct (python library), Social psychology, Trait, Construct validity, Interpersonal communication, Creativity, Psychometrics, Developmental psychology, Epistemology, Operationalization","en"
"10.1037/0022-3514.86.5.680","Happiness, Event (particle physics), Function (biology), Social psychology, Psychology, Mode (computer interface), Joint (building), Econometrics, Positive economics, Computer science, Economics","en"
"10.1037/0022-3514.89.3.277","Misattribution of memory, Psychology, Social psychology, Priming (agriculture), Implicit-association test, Prejudice (legal term), Affect (linguistics), Attribution, Implicit attitude, Cognitive psychology, Cognition","en"
"10.1037/0022-3514.90.2.197","Ascription, Psychology, Attribution, Salience (neuroscience), Trait, Observer (physics), Social psychology, Perspective (graphical), Cognitive psychology, Epistemology","en"
"10.1037/0022-3514.90.4.543","Attribution, Psychology, Action (physics), Identification (biology), Social psychology, Intentionality, Affect (linguistics), Perspective (graphical), Cognition, Social cognition, Cognitive psychology, Epistemology, Communication","en"
"10.1037/0022-3514.94.1.1","Cognitive dissonance, Mindset, Psychology, Action (physics), Cognitive psychology, Neurofeedback, Affect (linguistics), Social psychology, Neuroscience, Electroencephalography, Communication, Epistemology","en"
"10.1037/0022-3514.94.1.116","Psychology, Interpersonal communication, Social psychology, Proposition, Power (physics), Interpersonal relationship, Epistemology","en"
"10.1037/0022-3514.94.1.158","Socioemotional selectivity theory, Psychology, Happiness, Social psychology, Face (sociological concept), Emotional contagion, Developmental psychology, Cognitive psychology","en"
"10.1037/0022-3514.94.1.16","Misattribution of memory, Implicit attitude, Implicit-association test, Psychology, Implicit personality theory, Cognition, Similarity (geometry), Affect (linguistics), Social psychology, Test (biology), Cognitive psychology, Personality, Communication","en"
"10.1037/0022-3514.94.1.48","Noise (video), Psychology, Prejudice (legal term), White noise, Social psychology, Set (abstract data type), Cognitive psychology, Statistics, Mathematics, Computer science, Artificial intelligence","en"
"10.1037/0022-3514.94.1.91","Stereotype threat, Social distance, Prejudice (legal term), Social psychology, Distancing, Conversation, Psychology, Stereotype (UML), Construal level theory, Identity (music), Race (biology), Gender studies, Sociology, Communication, Coronavirus disease 2019 (COVID-19)","en"
"10.1037/0022-3514.94.2.183","Psychology, Affect (linguistics), Goal pursuit, Ask price, Social psychology, Goal orientation, Goal theory, Goal setting","en"
"10.1037/0022-3514.94.2.245","Psychology, Physical attractiveness, Attractiveness, Romance, Social psychology, Ideal (ethics), Context (archaeology), Introspection, Sexual attraction, Value (mathematics), Interpersonal attraction, Developmental psychology, Attraction, Cognitive psychology","en"
"10.1037/0022-3514.94.2.94.2.196","Resistance (ecology), Psychology, Value (mathematics), Social psychology, Cognition, Attitude change, Persuasive communication, Information processing, Persuasion, Need for cognition, Cognitive psychology, Computer science","en"
"10.1037/0022-3514.94.2.94.2.231","Preference, Cognitive dissonance, Salient, Psychology, Contrast (vision), Selection (genetic algorithm), Social psychology, Information seeking, Information processing, Information quality, Cognitive psychology, Information system, Statistics, Computer science, Artificial intelligence, Information retrieval, Mathematics","en"
"10.1037/0022-3514.94.3.382","Psychology, Confirmatory factor analysis, Information processing, Cognition, Ego depletion, Social psychology, Id, ego and super-ego, Mood, Cognitive resource theory, Cognitive psychology, Structural equation modeling, Self-control","en"
"10.1037/0022-3514.94.3.396","Ambivalence, Psychology, Set (abstract data type), Social psychology, Attitude, Control (management), Artificial intelligence, Computer science","en"
"10.1037/0022-3514.94.3.429","Social connectedness, Psychology, Perspective (graphical), Self-control, Social psychology, Interpersonal communication, Control (management), Self-esteem, Interpersonal relationship, Computer science","en"
"10.1037/0022-3514.94.3.495","Forgiveness, Psychology, Wrongdoing, Social psychology, Empathy","en"
"10.1037/0022-3514.94.3.516","Pride, Nonverbal communication, Expression (computer science), Ethnic group, Psychology, Social psychology, Universality (dynamical systems), Developmental psychology, Sociology, Anthropology, Political science, Computer science","en"
"10.1037/0022-3514.94.3.545","Psychology, Social psychology, Control (management), Group conflict, Cognitive psychology, Artificial intelligence","en"
"10.1037/0022-3514.94.4.560","Psychology, Embodied cognition, Feeling, Cognition, Cognitive psychology, Recall, Experiential learning, Coherence (philosophical gambling strategy), Priming (agriculture), Perception, Social psychology, Epistemology","en"
"10.1037/0022-3514.94.4.579","Contrast (vision), Psychology, Assimilation (phonology), Information processing, Perception, Social psychology, Cognitive psychology, Social perception, Perspective (graphical), Linguistics, Artificial intelligence, Computer science","en"
"10.1037/0022-3514.94.4.600","Anger, Psychology, Social psychology, Happiness, Ultimatum game, Adversary, Cognitive psychology, Computer science","en"
"10.1037/0022-3514.94.4.615","Social psychology, Psychology, Identity (music), Mainstream, Distrust, Social identity theory, Diversity (politics), Representation (politics), Social group, Sociology, Political science","en"
"10.1037/0022-3514.94.4.647","Psychology, Social psychology, Perception, Promotion (chess), Spouse, Partner effects, Social perception","en"
"10.1037/0022-3514.94.4.672","Psychology, Debiasing, Cognitive bias, Heuristics, Neglect, Confirmation bias, Framing effect, Cognitive psychology, Cognition, Social psychology, Axiom independence, Anchoring, Axiom, Persuasion","en"
"10.1037/0022-3514.94.4.696","Mortality salience, Psychology, Terror management theory, Safe haven, Attachment theory, Feeling, Developmental psychology, Salience (neuroscience), Social psychology, Romance, Insecure attachment","en"
"10.1037/0022-3514.94.4.718","Psychology, Acquiescence, Agreeableness, Conscientiousness, Personality, Developmental psychology, Big Five personality traits, Neuroticism, Openness to experience, Hierarchical structure of the Big Five, Extraversion and introversion, Social psychology","en"
"10.1037/0022-3514.94.5.871","Psychology, Social psychology, Deviance (statistics), Conformity, Pride, Feeling, Descriptive statistics, Descriptive research","en"
"10.1037/0022-3514.95.1.76","Social psychology, Psychology, Perception, Social perception, Value (mathematics), Task (project management)","en"
"10.1037/0022-3514.95.2.274","Counterfactual thinking, Psychology, Counterfactual conditional, Social psychology, Context (archaeology), Self-esteem, Excuse, Affect (linguistics), Developmental psychology, Political science","en"
"10.1037/0022-3514.95.2.293","Intuition, Luck, Psychology, Social psychology, Perception, Epistemology, Cognitive science, Philosophy","en"
"10.1037/0022-3514.95.2.420","Psychology, Social psychology, Intrapersonal communication, Vulnerability (computing), Expression (computer science), Emotional security, Perception, Derogation, Cognition, Developmental psychology, Interpersonal communication","en"
"10.1037/0033-2909.118.1.3","Longitudinal study, Psychology, Quality (philosophy), Stability (learning theory), Longitudinal data, Developmental psychology, Social psychology, Demography, Sociology, Computer science, Statistics, Mathematics, Epistemology","en"
"10.1037/0033-2909.124.2.197","Psychology, Agreeableness, Personality, Extraversion and introversion, Subjective well-being, Neuroticism, Big Five personality traits, Hierarchical structure of the Big Five, Alternative five model of personality, Happiness, Life satisfaction, Negative affectivity, Affect (linguistics), Big Five personality traits and culture, Social psychology, Developmental psychology, Clinical psychology","en"
"10.1037/0033-2909.129.3.339","Conservatism, Social psychology, Openness to experience, Ideology, Psychology, Ambiguity, Politics, Worry, Authoritarianism, Terror management theory, Cognition, Dominance (genetics), Positive economics, Anxiety, Political science, Democracy, Economics","en"
"10.1037/0033-2909.129.6.914","Psychology, Affect (linguistics), Job satisfaction, Moderation, Social psychology, Meta-analysis, Affective events theory, Job performance, Perception, Organizational commitment, Trait, Burnout, Job attitude, Clinical psychology","en"
"10.1037/0033-295x.93.2.136","Norm (philosophy), Psychology, Mathematical economics, Cognitive psychology, Mathematics, Econometrics, Computer science, Epistemology, Philosophy","en"
"10.1037/0096-1523.3.4.544","Hindsight bias, Outcome (game theory), Predictability, Psychology, Experimental psychology, Event (particle physics), Forcing (mathematics), Social psychology, Psychological research, Cognitive psychology, Epistemology, Statistics, Mathematics, Philosophy, Mathematical economics","en"
"10.1037/0096-3445.133.1.23","Feeling, Valuation (finance), Psychology, Stimulus (psychology), Weighting, Social psychology, Cognitive psychology, Scope (computer science), Econometrics, Economics, Computer science","en"
"10.1037/0096-3445.135.4.641","Construal level theory, Categorization, Event (particle physics), Psychology, Preference, Mental representation, Representation (politics), Cognitive psychology, Trope (literature), Social psychology, Computer science, Mathematics, Cognition, Statistics, Artificial intelligence, Linguistics","en"
"10.1037/0096-3445.136.2.241","Psychology, Working memory, Cognitive psychology, Control (management), Executive functions, Memory span, Attentional control, Task (project management), Mood, Cognition, Test (biology), Social psychology, Neuroscience, Computer science, Artificial intelligence, Management","en"
"10.1037/0096-3445.136.2.289","Anticipation (artificial intelligence), Psychology, Developmental psychology, Social psychology, Computer science","en"
"10.1037/0096-3445.136.4.569","Psychology, Cognitive psychology, Heuristics, Metacognition, Persuasion, Intuition, Cognition, Cognitive science, Social psychology, Computer science","en"
"10.1037/0278-6133.3.5.431","Psychology, Perception, Social psychology, Risk perception, Developmental psychology, Medicine","en"
"10.1037/0278-7393.34.1.128","Recall, Serial position effect, Task (project management), Free recall, Recall test, Short-term memory, Cognitive psychology, Psychology, Context-dependent memory, Term (time), Computer science, Working memory, Cognition, Neuroscience","en"
"10.1037/0278-7393.34.1.146","Repetition (rhetorical device), Rapid serial visual presentation, Psychology, Spurious relationship, Cognitive psychology, Task (project management), Backward masking, Natural language processing, Cognition, Computer science, Linguistics, Perception","en"
"10.1037/0278-7393.34.1.167","Psychology, Set (abstract data type), Task (project management), Dynamic decision-making, Sequence learning, Cognitive psychology, Process (computing), Class (philosophy), Identification (biology), Cognition, Artificial intelligence, Machine learning, Computer science","en"
"10.1037/0278-7393.34.1.186","Dilemma, Sampling (signal processing), Task (project management), Computer science, Sample (material), Product (mathematics), Inference, Purchasing, Experience sampling method, Artificial intelligence, Machine learning, Data mining, Psychology, Mathematics, Social psychology, Operations management, Economics","en"
"10.1037/0278-7393.34.1.204","Contingency, Contingency table, Outcome (game theory), Psychology, Social psychology, Principal (computer security), Cognitive psychology, Econometrics, Statistics, Economics, Computer science, Mathematics, Epistemology, Mathematical economics","en"
"10.1037/0278-7393.34.1.219","Computer science, Similarity (geometry), Confusion, Word (group theory), Feature (linguistics), Cognitive psychology, Encoding (memory), Word length, Psychology, Artificial intelligence, Natural language processing, Mathematics, Linguistics","en"
"10.1037/0278-7393.34.1.230","Forgetting, Retrieval-induced forgetting, Recall, Reset (finance), Motivated forgetting, Computer science, Cognitive psychology, Psychology, Artificial intelligence, Information retrieval","en"
"10.1037/0278-7393.34.1.237","Stimulus (psychology), Psychology, Perception, Cognitive psychology, Neuroscience, Communication","en"
"10.1037/0278-7393.34.1.243","Recall, Psychology, Serial position effect, Free recall, Similarity (geometry), Distraction, Cognitive psychology, Sequence (biology), Phonology, Intrusion, Linguistics, Artificial intelligence, Computer science","en"
"10.1037/0278-7393.34.1.249","Psychology, Cognitive psychology, Task (project management), Cognition, Lexical access, Neuroscience","en"
"10.1037/0278-7393.34.1.50","Reading aloud, Psychology, Cognitive psychology, Reading (process), Control (management), Lexical access, Read aloud, Phonology, Cognition, Stimulus (psychology), Linguistics, Communication, Neuroscience, Artificial intelligence, Computer science","en"
"10.1037/0278-7393.34.1.65","Attractor, Dynamics (music), Word (group theory), Semantic memory, Semantics (computer science), Computer science, Psychology, Cognitive psychology, Cognition, Artificial intelligence, Natural language processing, Communication, Linguistics, Mathematics","en"
"10.1037/0278-7393.34.1.80","Contiguity, Associative property, Cognitive psychology, Dependency (UML), Computer science, Scope (computer science), Process (computing), Consonant, Task (project management), Embedding, Psychology, Artificial intelligence, Mathematics, Speech recognition, Engineering","en"
"10.1037/0278-7393.34.1.97","Fluency, Priming (agriculture), Psychology, Cognitive psychology, Identification (biology), Negative priming, Speech recognition, Cognition, Neuroscience, Computer science, Selective attention","en"
"10.1037/0278-7393.34.2.302","Psychology, Facilitation, Inhibition of return, Inhibitory control, Neuroscience of multilingualism, Response inhibition, Selective attention, Cognitive psychology, Cognition, Negative priming, Action (physics), Attentional control, Control (management), Developmental psychology, Neuroscience, Visual attention","en"
"10.1037/0278-7393.34.2.343","Priming (agriculture), Task (project management), Object (grammar), Psychology, Arithmetic, Word (group theory), Cognitive psychology, Linguistics, Communication, Mathematics, Philosophy","en"
"10.1037/0278-7393.34.2.353","Psychology, Gaze, Eye movement, Cognitive psychology, Reading (process), Latency (audio), Linguistics, Computer science, Neuroscience","en"
"10.1037/0278-7393.34.2.369","Working memory, Cued speech, Psychology, Change detection, Cognitive psychology, Task (project management), Encoding (memory), Interference theory, Short-term memory, Interference (communication), Cognition, Computer science, Neuroscience, Artificial intelligence","en"
"10.1037/0278-7393.34.2.399","Feature (linguistics), Object (grammar), Colored, Artificial intelligence, Dimension (graph theory), Psychology, Pattern recognition (psychology), Color vision, Visual perception, Communication, Perception, Computer science, Mathematics","en"
"10.1037/0278-7393.34.2.408","Forgetting, Context (archaeology), Motivated forgetting, Psychology, Cognitive psychology, Computer science, History","en"
"10.1037/0278-7393.34.2.430","Notation, Representation (politics), Arabic, Dimension (graph theory), Computer science, Arabic numerals, Natural language processing, Linguistics, Artificial intelligence, Mathematics, Arithmetic, Pure mathematics","en"
"10.1037/0278-7393.34.3.439","Serial position effect, Intrusion, Context (archaeology), Position (finance), Recall, Dual (grammatical number), Term (time), Intrusion detection system, Pattern recognition (psychology), Computer science, Artificial intelligence, Psychology, Cognitive psychology, Free recall, Physics, History","en"
"10.1037/0278-7393.34.3.460","Misattribution of memory, Psychology, Stereotype (UML), Attribution, TRACE (psycholinguistics), Social psychology, Test (biology), Engram, Cognitive psychology, Cognition","en"
"10.1037/0278-7393.34.3.478","Task switching, Working memory, Task (project management), Computer science, Recall, Function (biology), Memory span, Cognitive psychology, Psychology, Cognition, Engineering, Neuroscience","en"
"10.1037/0278-7393.34.3.495","Psychology, Lexical decision task, Stimulus (psychology), Word lists by frequency, Cognitive psychology, Word recognition, Cognition, Lexical access, Dimension (graph theory), Linguistics, Communication, Mathematics","en"
"10.1037/0278-7393.34.3.514","Psychology, Stroop effect, Contingency, Cognitive psychology, Cognition, Social psychology, Linguistics, Neuroscience","en"
"10.1037/0278-7393.34.3.524","Repetition (rhetorical device), Recall, Sequence (biology), Sequence learning, Cognitive psychology, Task (project management), Psychology, Session (web analytics), Computer science, Linguistics","en"
"10.1037/0278-7393.34.3.546","Factoring, Multiplication (music), Arithmetic, Context (archaeology), Computer science, Flexibility (engineering), Representation (politics), Product (mathematics), Interference (communication), Parallel computing, Mathematics, Statistics, Telecommunications","en"
"10.1037/0893-3200.17.4.460","Psychology, Emotionality, Developmental psychology, Openness to experience, Personality, Mental health, Life course approach, Young adult, Adult development, Personality development, Early adulthood, Social psychology, Psychiatry","en"
"10.1037/10423-008","Perspective (graphical), Psychology, Personality, Factor (programming language), Clinical psychology, Psychoanalysis, Computer science, Artificial intelligence","en"
"10.1037/a0012833","Psychology, Action (physics), Recall, Cognition, Cognitive psychology, Social psychology, Rest (music), Neuroscience","en"
"10.1037/a0012840","Psychology, Social psychology, Mathematics education, Cognitive psychology","en"
"10.1037/a0013748","Morality, Psychology, Moral disengagement, Social psychology, Moral agency, Social cognitive theory of morality, Moral development, Moral psychology, Moral reasoning, Agency (philosophy), Perception, Moral authority, Nothing, Epistemology, Philosophy","en"
"10.1037/a0015960","Disgust, KISS (TNC), Psychology, Social psychology, Developmental psychology","en"
"10.1037/a0016795","Action (physics), Perspective (graphical), Perception, Identification (biology), Meaning (existential), Psychology, Cognition, Cognitive psychology, Interpretation (philosophy), Dimension (graph theory), Relation (database), Social psychology, Cognitive science, Computer science, Artificial intelligence, Mathematics","en"
"10.1037/a0019006","Sadness, Psychology, Neuroticism, Personality, Affect (linguistics), Mood, Big Five personality traits, Social psychology, Anger, Developmental psychology, Cognitive psychology","en"
"10.1037/a0019337","Working memory, Mnemonic, Cognition, Task (project management), Cognitive resource theory, Cognitive psychology, Psychology, Control (management), Cognitive load, Stimulus (psychology), Computer science, Neuroscience, Artificial intelligence","en"
"10.1037/a0019689","Psychology, Attraction, Romance, Perception, Social psychology, Developmental psychology, Preference","en"
"10.1037/a0020092","Prosocial behavior, Psychology, Social psychology, Social class, Moderation, Socioeconomic status, Feeling, Developmental psychology, Compassion, Welfare, Upper class, Demography","en"
"10.1037/a0020757","Psychology, Social psychology, Yesterday, Forgiveness, Action (physics), Punishment (psychology), Sacrifice, Morality, Moral disengagement, Moral psychology, Moral reasoning, Law, Political science","en"
"10.1037/a0021524","Psychology, Cognition, Recall, Stimulus (psychology), Feeling, Cognitive psychology, Habituation, Developmental psychology, Social psychology, Psychotherapist, Neuroscience","en"
"10.1037/a0023527","Loneliness, Psychology, Feeling, Embodied cognition, Social psychology, Perception, Recall, Interpersonal communication, Developmental psychology, Cognitive psychology","en"
"10.1037/a0025345","Hierarchy, Psychology, Fluency, Dominance (genetics), Dominance hierarchy, Processing fluency, Social psychology, Set (abstract data type), Cognitive psychology, Multilevel model, Computer science, Mathematics, Statistics","en"
"10.1037/a0025883","Psychology, Objectification, Social psychology, Perception, Attribution, Regulatory focus theory, Harm, Mentalization, Sense of agency, Social perception, Agency (philosophy), Morality, Action (physics), Cognitive psychology, Epistemology","en"
"10.1037/a0027407","Experiential learning, Psychology, Clothing, Social psychology, Centrality, Pedagogy","en"
"10.1037/a0027598","Secrecy, Perception, Action (physics), Social psychology, Psychology, Human physical appearance, Sexual orientation, Computer security, Computer science","en"
"10.1037/a0028216","Outcome (game theory), Security token, Pairwise comparison, Patience, Independence (probability theory), Core (optical fiber), Zero (linguistics), Front (military), Computer science, Econometrics, Mathematics, Statistics, Psychology, Mathematical economics, Social psychology, Engineering, Computer security","en"
"10.1037/a0029288","Disadvantaged, Social psychology, Psychology, Nationality, Free market, Inequality, Social system, Preference, Capitalism, Order (exchange), Economics, Sociology, Microeconomics, Political science, Law, Finance, Immigration, Social science, Economic growth","en"
"10.1037/a0029395","Overconfidence effect, Psychology, Social psychology, Social status, Cognition, Political science","en"
"10.1037/a0029649","Object (grammar), Forgetting, Representation (politics), Feature (linguistics), Unitary state, Computer science, Artificial intelligence, State (computer science), Computer vision, Psychology, Cognitive psychology, Algorithm, Linguistics","en"
"10.1037/a0031047","Generosity, Reciprocity (cultural anthropology), Affect (linguistics), Impulse (physics), Social psychology, Economics, Microeconomics, Psychology, Law and economics, Political science, Law","en"
"10.1037/a0032108","Selection (genetic algorithm), Task (project management), Test (biology), Set (abstract data type), Psychology, Cognitive psychology, Selection bias, Learning effect, Cognition, Computer science, Artificial intelligence, Social psychology","en"
"10.1037/a0034352","Deception, Unconscious mind, Lie detection, Psychology, Social psychology, Self-deception, Cognitive psychology, Lying, Psychoanalysis","en"
"10.1037/a0034462","Action (physics), Social structure, Social psychology, Psychology, Context (archaeology), Politics, Cognitive psychology, Political science, Biology","en"
"10.1037/a0035663","Dehumanization, Innocence, Psychology, Social psychology, White (mutation), Developmental psychology, Perception, Context (archaeology), Social perception, Psychoanalysis, Sociology","en"
"10.1037/a0036477","Psychology, Articulation (sociology), Covert, Linguistics, Reading (process), Communication, Dynamics (music), Perception, Cognitive psychology, Social psychology, Neuroscience","en"
"10.1037/a0038647","Personality, Psychology, Agreeableness, Conscientiousness, Openness to experience, Unemployment, Big Five personality traits, Context (archaeology), Social psychology, Developmental psychology, Personality changes, Social environment, Extraversion and introversion, Economics","en"
"10.1037/a0039737","Imitation, Dyad, Cognitive psychology, Psychology, Task (project management), Computer science, Social psychology, Engineering","en"
"10.1037/ebs0000028","Affect (linguistics), Categorization, Psychology, Situational ethics, Social psychology, Developmental psychology, Clinical psychology, Cognitive psychology, Communication, Linguistics","en"
"10.1037/h0054651","Psychology, Interference (communication), Cognitive psychology, Nonverbal communication, Serial learning, Communication, Computer science, Telecommunications","en"
"10.1037/h0055756","Psychology, Personality, Clinical psychology, Social psychology, Cognitive psychology","en"
"10.1037/h0074049","Psychology, Social psychology, Mathematics education","en"
"10.1037/h0076284","Reciprocal, Compliance (psychology), Psychology, Social psychology, Face (sociological concept), Social approval, Reciprocal inhibition, Impression formation, Social perception, Perception, Sociology","en"
"10.1037/h0091247","Blame, Action (physics), Psychology, Experimental philosophy, Epistemology, Social psychology, Philosophy","en"
"10.1037/h0093929","Deception, Psychology, Covert, Social psychology, Sadness, Sincerity, Interpersonal communication, Anger, Construal level theory, Context (archaeology), Cognitive psychology, Linguistics","en"
"10.1037/mot0000097","Outgroup, Psychology, Social psychology, Epistemology, Philosophy","en"
"10.1037/pspa0000032","Psychology, Fluency, Processing fluency, Cognition, Framing (construction), Social psychology, Social cognition, Cognitive psychology, Verbal fluency test, Neuropsychology","en"
"10.1037/pspi0000081","Deception, Negotiation, Harm, Commission, Social psychology, Interpersonal communication, Psychology, Value (mathematics), Political science, Computer science, Law","en"
"10.1037/pspi0000109","Humility, Psychology, Virtue, Social psychology, PsycINFO, Feeling, Prosocial behavior, Narcissism, Epistemology, Law","en"
"10.1037/pst0000133","Psychology, PsycINFO, Randomized controlled trial, Attendance, Outcome (game theory), Clinical psychology, Group psychotherapy, Physical therapy, Psychotherapist, Medicine, MEDLINE, Internal medicine","en"
"10.1037/xge0000064","Psychology, Social psychology, Rationality, Feeling, Cognitive psychology, Perception, Recall, Task (project management), Self, Epistemology","en"
"10.1037/xge0000263","Distancing, Social distance, Psychology, PsycINFO, Psycholinguistics, Cognitive psychology, Affect (linguistics), Construal level theory, Social psychology, Cognition, Linguistics, Communication, Coronavirus disease 2019 (COVID-19)","en"
"10.1037/xge0000738","Psychology, Social psychology, Virtuous circle and vicious circle, Cognitive psychology, Economics","en"
"10.1037/xge0001195","Referent, PsycINFO, Psychology, Meaning (existential), Object (grammar), Linguistics, Social psychology, MEDLINE","en"
"10.1038/nature11467","Selfishness, Heuristics, Intuition, Social heuristics, Dual process theory (moral psychology), Ask price, Forcing (mathematics), Cognition, Control (management), Social dilemma, Computer science, Psychology, Social psychology, Cognitive psychology, Microeconomics, Economics, Moral dilemma, Artificial intelligence, Social change, Cognitive science, Mathematics","en"
"10.1038/nature12774","Cultural transmission in animals, Cultural diversity, Sociocultural evolution, Big Five personality traits and culture, Population size, Trait, Population, Cultural group selection, Imperfect, Diversity (politics), Ecology, Psychology, Biology, Evolutionary biology, Social psychology, Demography, Sociology, Ethnic group, Anthropology, Big Five personality traits, Computer science, Personality","en"
"10.1038/nature13530","Public good, Voting, Overexploitation, Resource (disambiguation), Common-pool resource, Social dilemma, Public goods game, Sustainability, Welfare, Public economics, Majority rule, Economics, Microeconomics, Commons, Business, Environmental economics, Political science, Computer science, Market economy, Ecology, Law","en"
"10.1038/nature15392","Inequality, Visibility, Gini coefficient, Social connectedness, Economics, Welfare, Economic inequality, Demographic economics, Geography, Mathematics, Social psychology, Psychology, Market economy","en"
"10.1038/nclimate2093","Global warming, Climate change, Climate science, Affect (linguistics), Lead (geology), Phenomenon, Climatology, Effects of global warming, Psychology, Ecology, Epistemology, Geology","en"
"10.1038/ng1808","Prostate cancer, Biology, Allele, Population, Incidence (geometry), Odds ratio, Genetics, Case-control study, Prostate, Demography, Cancer, Oncology, Internal medicine, Medicine, Gene","en"
"10.1038/nn.3973","Forgetting, Retrieval-induced forgetting, Neuroscience, Episodic memory, Psychology, Motivated forgetting, Distraction, Computer science, Neuroimaging, Cognitive psychology, Cognition","en"
"10.1038/nn1979","Neurocognitive, Psychology, Novelty, Conservatism, Ambiguity, Cognition, Cognitive psychology, Worry, Liberalism, Neuroscience, Politics, Social psychology, Anxiety, Political science, Psychiatry","en"
"10.1038/oby.2005.12","Computer science, Mathematics","en"
"10.1038/s41467-018-06785-y","Extinction (optical mineralogy), Spontaneous recovery, Ventromedial prefrontal cortex, Neuroscience, Psychology, Memory consolidation, Prefrontal cortex, Dopamine, Fear conditioning, Cognitive psychology, Physics, Amygdala, Cognition, Hippocampus","en"
"10.1038/s41467-021-27323-3","Hippocampal formation, Neuroscience, Local field potential, Episodic memory, Recall, Encoding (memory), Rhythm, Psychology, Cognitive psychology, Content-addressable memory, Electroencephalography, Theta rhythm, Object (grammar), Cognition, Computer science, Physics, Artificial intelligence","en"
"10.1038/s41562-018-0399-z","Replicate, False positive paradox, Statistics, Bayesian probability, Sample size determination, True positive rate, Psychology, Econometrics, Computer science, Mathematics, Artificial intelligence","en"
"10.1038/s41586-022-04452-3","Anonymity, Social psychology, Perception, Neighbourhood (mathematics), Psychology, Sense of control, Internet privacy, Computer security, Computer science","en"
"10.1038/s41598-017-10669-4","Psychology, Empathy, Theory of mind, Social cognition, Cognition, Metacognition, Developmental psychology, Psychological intervention, Social cognitive theory, Cognitive psychology, Dissociation (chemistry), Compassion, Social functioning, Social psychology, Interpersonal relationship","en"
"10.1038/s41598-018-30314-y","Euclidean geometry, Axiom, Categorical variable, Cognitive dissonance, Task (project management), Computer science, Representation (politics), Scale (ratio), Euclidean distance, Artificial intelligence, Simple (philosophy), Geometric analysis, Mathematics, Geometry, Machine learning, Psychology, Mathematical analysis","en"
"10.1038/s41598-018-31129-7","Subconscious, Perception, Psychology, Face perception, Social perception, Older people, Affect (linguistics), Stimulus (psychology), Developmental psychology, Cognitive psychology, Social psychology, Gerontology, Medicine, Communication","en"
"10.1038/s41598-019-57204-1","Crowding, Computer science, Replicate, Stimulus (psychology), Artificial intelligence, Computer vision, Display size, Psychophysics, Cognitive psychology, Psychology, Mathematics, Statistics, Perception, Display device","en"
"10.1038/s41598-022-24919-7","Valence (chemistry), Psychology, Facial expression, Perception, Cognitive psychology, Visual field, Arousal, Foveal, Mood, Emotional valence, Fixation (population genetics), Eccentricity (behavior), Audiology, Communication, Social psychology, Cognition, Physics, Medicine, Neuroscience, Ophthalmology","en"
"10.1057/s41599-019-0279-9","Misinformation, Blame, Mainstream, Fake news, Internet privacy, Metaphor, Psychology, Ideology, Social psychology, Advertising, Politics, Computer science, Computer security, Political science, Business","en"
"10.1073/pnas.0908963106","Syntax, Verb, Noun, Linguistics, Perception, Repetition (rhetorical device), Psychology, Sentence, Computer science, Cognitive psychology, Communication, Natural language processing, Artificial intelligence","en"
"10.1073/pnas.1103343108","Turnout, Voting, Identity (music), Social psychology, Voter turnout, Psychology, Personal identity, State (computer science), Power (physics), Political science, Self, Computer science, Law, Politics","en"
"10.1073/pnas.1118373109","Upper class, Moderation, Social psychology, Class (philosophy), Psychology, Social class, Negotiation, Political science, Law","en"
"10.1073/pnas.1202129109","Feeling, Nucleus accumbens, Psychology, Value (mathematics), Social psychology, Cognitive psychology, Ventral tegmental area, Reward system, Neuroscience, Dopamine, Computer science","en"
"10.1073/pnas.1216438110","Sentence, Computer science, Utterance, Comprehension, Sentence processing, Natural language processing, Meaning (existential), Inference, Interpretation (philosophy), Task (project management), Artificial intelligence, Linguistics, Psychology","en"
"10.1073/pnas.1501592112","Blame, Psychology, Social psychology","en"
"10.1073/pnas.1505067112","Political science, Social psychology, Public relations, Law and economics, Psychology, Sociology","en"
"10.1073/pnas.1508932113","Expansive, Openness to experience, Dominance (genetics), Psychology, Romance, Social psychology, Nonverbal communication, Cognitive psychology, Developmental psychology, Biology, Physics","en"
"10.1073/pnas.1511536112","Generosity, Economic inequality, Economics, Entitlement (fair division), Inequality, Demographic economics, Welfare, Labour economics, Income inequality metrics, Income distribution, Political science, Microeconomics","en"
"10.1073/pnas.1516047113","Racial differences, Psychology, Racial bias, Clinical psychology, Medicine, Racism, Ethnic group, Political science","en"
"10.1073/pnas.1516868113","Internet privacy, Personally identifiable information, Suspect, Psychology, The Internet, Element (criminal law), Social psychology, Business, Computer science, Computer security, World Wide Web, Political science, Law","en"
"10.1073/pnas.1517662112","Certainty, Categorization, Social psychology, Psychology, Politics, Order (exchange), Political science, Economics, Law, Epistemology","en"
"10.1073/pnas.1519401113","Conceptualization, Race (biology), Ecology, Social psychology, Social ecology, Psychology, Behavioral ecology, Sociology, Biology, Gender studies, Political science","en"
"10.1073/pnas.1523586113","Temptation, Obfuscation, Amnesia, Psychology, Social psychology, Valence (chemistry), Cognitive psychology, Computer security, Computer science","en"
"10.1073/pnas.1523698113","Mindset, Intervention (counseling), School discipline, Psychology, Zero tolerance, Empathy, Social skills, Punitive damages, Discipline, Social psychology, Medical education, Developmental psychology, Pedagogy, Sociology, Political science, Medicine, Social science, Criminology, Law, Psychiatry","en"
"10.1073/pnas.1601280113","Trustworthiness, SIGNAL (programming language), Computer science, Psychology, Computer security, Programming language","en"
"10.1073/pnas.1606574113","Psychology, Economics","en"
"10.1073/pnas.1607330114","Socioeconomic status, Calorie, Appetite, Feeling, Environmental health, Social status, Obesity, Overconsumption, Psychology, Social class, Food choice, Consumption (sociology), Social psychology, Gerontology, Medicine, Endocrinology, Population, Economics","en"
"10.1073/pnas.1610834113","Skepticism, Climate change, Ideology, Global warming, Politics, Political science, Environmental ethics, Environmentalism, Political economy, Psychology, Social psychology, Sociology, Law, Ecology, Epistemology","en"
"10.1073/pnas.1616921114","Donation, Incentive, Mindset, Salient, Crowding out, Crowding, Intrinsic motivation, Prosocial behavior, Social psychology, Psychology, Altruism (biology), Economic shortage, Field (mathematics), Economics, Political science, Microeconomics, Cognitive psychology, Law, Computer science","en"
"10.1073/pnas.1620542114","Communication, Psychology, Computer science","en"
"10.1073/pnas.1701916114","Attribution, Psychology, Social psychology, Cognitive psychology","en"
"10.1073/pnas.1704032114","Flexibility (engineering), Punishment (psychology), Adaptation (eye), Reinforcement learning, Computer science, Context (archaeology), Social psychology, Cognitive psychology, Psychology, Artificial intelligence, Economics","en"
"10.1073/pnas.1705238114","Dehumanization, Harm, Morality, Psychology, Social psychology, Criminology, Moral disengagement, Sociology, Political science, Law","en"
"10.1073/pnas.1706253114","Inequality, Ideology, Economic inequality, Perspective (graphical), Dream, Social inequality, Sociology, Political science, Demographic economics, Development economics, Economics, Psychology, Politics, Law","en"
"10.1073/pnas.1706913114","Situational ethics, Internet privacy, Psychology, Situation awareness, Social psychology, Business, Computer science, Engineering","en"
"10.1073/pnas.1707040114","Patience, Intertemporal choice, Temporal discounting, Discounting, Framing (construction), Framing effect, Psychology, Psychological intervention, Choice architecture, Time preference, Cognitive psychology, Social psychology, Economics, Microeconomics, Persuasion","en"
"10.1073/pnas.1707719114","White (mutation), Odds, Race (biology), Optimism, Inequality, Racial equality, Political science, Racism, Demographic economics, Sociology, Social psychology, Psychology, Gender studies, Logistic regression, Economics","en"
"10.1073/pnas.1717092115","Craving, Food craving, Food choice, Cognition, Calorie, Psychology, Obesity, Medicine, Cognitive training, Clinical psychology, Environmental health, Psychiatry, Addiction","en"
"10.1073/pnas.1722664115","Motivated reasoning, Salience (neuroscience), Social psychology, Psychology, Priming (agriculture), Polarization (electrochemistry), Scientific consensus, Social learning, Politics, Interpretation (philosophy), Survey data collection, Political science, Cognitive psychology, Climate change, Computer science, Global warming, Law","en"
"10.1073/pnas.1805284115","Gender bias, Preference, Psychology, Gender inequality, Foundation (evidence), Women in science, Diversity (politics), Social psychology, Gender studies, Inequality, Sociology, Political science, Law","en"
"10.1073/pnas.1805327115","Overwork, Psychology, Politics, Internet privacy, Social psychology, Public relations, Computer science, Political science, Economics, Law","en"
"10.1073/pnas.1908369116","Negativity effect, Negativity bias, Psychology, Content (measure theory), Variation (astronomy), Politics, Social psychology, Cognition, Cognitive psychology, Confirmation bias, Political science, Neuroscience, Law","en"
"10.1073/pnas.2009030117","Object (grammar), Preference, Randomized experiment, Randomization, Test (biology), Psychology, Randomized controlled trial, Research Object, Social psychology, Computer science, Medicine, Artificial intelligence, Statistics, Sociology, Mathematics","en"
"10.1073/pnas.2014505117","Universalization, Social cognitive theory of morality, Harm, Moral disengagement, Action (physics), Moral psychology, Construct (python library), Epistemology, Moral reasoning, Voting, Psychology, Mechanism (biology), Cognition, Deliberation, Social psychology, Computer science, Political science, Philosophy, Law","en"
"10.1073/pnas.2120668119","Diversity (politics), Species evenness, Portfolio, Psychology, Health and Retirement Study, Social psychology, Inclusion (mineral), Species richness, Sociology, Demography, Biology, Ecology","en"
"10.1073/pnas.2218961120","Salient, Salience (neuroscience), Feeling, Psychology, Variety (cybernetics), Social psychology, Similarity (geometry), Entertainment, Cognitive psychology, Artificial intelligence, Computer science, Political science, Law","en"
"10.1075/arcl.7.07gri","Linguistics, Priming (agriculture), Sentence, Construction grammar, Psychology, Grammar, German, Production (economics), Complement (music), Language production, Dative case, Natural language processing, Computer science, Cognition, Philosophy","en"
"10.1075/jslp.22013.tel","Tagalog, Psychology, Prestige, Linguistics, Stress (linguistics), Competence (human resources), Social psychology","en"
"10.1075/resla.17019.loz","Interlanguage, Morpheme, Annotation, Linguistics, Computer science, Second-language acquisition, Natural language processing, English as a foreign language, Psychology, Test (biology), Artificial intelligence","en"
"10.1080/00224545.2016.1270892","Existentialism, Threatened species, Meaning (existential), Business, Economics, Finance, Natural resource economics, Political science, Ecology, Epistemology, Philosophy, Law","en"
"10.1080/02699931.2015.1059317","Recall, Encoding (memory), Psychology, Cognitive psychology, Encoding specificity principle, Context-dependent memory, Cued speech, Cued recall, TRACE (psycholinguistics), Engram, Episodic memory, Memory errors, Free recall, Cognition, Neuroscience","en"
"10.1080/02699931.2016.1273201","Anger, Psychology, Masculinity, Facial expression, Perception, Context (archaeology), Developmental psychology, Social psychology, Communication","en"
"10.1080/02699931.2017.1394817","Recall, Psychology, Disgust, Valence (chemistry), Cognitive psychology, Arousal, Social psychology, Anger, Chemistry","en"
"10.1080/026999398379411","Psychology, Attentional bias, Facial expression, Trait anxiety, Stimulus (psychology), Dysphoria, Vigilance (psychology), Anxiety, Cognitive psychology, Cognitive bias, Trait, Developmental psychology, Audiology, Cognition, Communication, Neuroscience","en"
"10.1080/08824096.2018.1525347","Psychology, Autonomy, Feeling, Social psychology, Recreation, Entertainment","en"
"10.1080/09515080307771","Folk psychology, Psychology, Blame, Praise, Action (physics), Social psychology, Epistemology, Cognitive psychology, Cognitive science, Philosophy","en"
"10.1080/0951508042000202354","Objectivity (philosophy), Morality, Epistemology, Psychology, Moral psychology, Moral reasoning, Objectivism, Argument (complex analysis), Social cognitive theory of morality, Analytic philosophy, Social psychology, Philosophy, Contemporary philosophy","en"
"10.1080/09515080500177309","Luck, Action (physics), Intuition, Psychology, Control (management), Epistemology, Cognitive psychology, Lottery, Cognitive science, Social psychology, Computer science, Philosophy, Artificial intelligence","en"
"10.1080/09515080500264180","Experimental philosophy, Epistemology, Free will, Action (physics), Moral responsibility, Incompatibilism, Folk psychology, Compatibilism, Moral philosophy, Field (mathematics), Philosophical methodology, Sociology, Psychology, Philosophy","en"
"10.1080/09515080801978777","Epistemology, Relation (database), Attribution, Object (grammar), Interpretation (philosophy), Reading (process), Psychology, Experimental philosophy, Moral philosophy, Philosophy of science, Philosophy, Social psychology, Linguistics, Philosophical methodology, Computer science","en"
"10.1080/09515080902802769","Causation, Causality (physics), Epistemology, Folk psychology, Relation (database), Psychology, Philosophy, Social psychology, Computer science","en"
"10.1080/09515080903532290","Intuition, Value (mathematics), Status quo bias, Virtual reality, Psychology, Epistemology, Status quo, Social psychology, Thought experiment, Empirical evidence, Cognitive psychology, Positive economics, Philosophy, Economics, Computer science","en"
"10.1080/09515089.2014.894431","Internalism and externalism, Psychology, Epistemology, Moral psychology, Appeal, Moral disengagement, Moral reasoning, Social cognitive theory of morality, Social psychology, Philosophy, Political science","en"
"10.1080/10503307.2012.731088","Alliance, Psychology, Psychotherapist, Action (physics), Perception, Measure (data warehouse), Neuroscience, Political science, Computer science","en"
"10.1080/10584609.1994.9963030","Politics, Political science, Political communication, Political advertising, Advertising, Media studies, Political economy, Sociology, Law, Business","en"
"10.1080/10888430701746849","Fluency, Reading (process), Comprehension, Reading comprehension, Psychology, Psychological intervention, Intervention (counseling), Developmental psychology, Mathematics education, Computer science, Linguistics","en"
"10.1080/13506280544000110","Age of Acquisition, Phonology, Orthography, Connectionism, Psychology, Semantics (computer science), Set (abstract data type), Task (project management), Cognitive psychology, Word (group theory), Cognition, Computer science, Linguistics, Reading (process)","en"
"10.1080/135062899395000","Psychology, Mental representation, Cognitive psychology, Cognitive science, Communication, Cognition, Neuroscience","en"
"10.1080/13869790600641905","Psychology, Jury, Blame, Deliberation, Action (physics), Impartiality, Social psychology, Attribution, Relevance (law), Immorality, Intentionality, Compatibilism, Epistemology, Criminology, Morality, Moral responsibility, Law, Political science, Philosophy, Politics","en"
"10.1080/23273798.2018.1431397","Perspective (graphical), Psychology, Reading (process), Emotional valence, Comprehension, Valence (chemistry), Perspective-taking, Cognitive psychology, Sentence, Reading comprehension, Social psychology, Cognition, Linguistics, Computer science, Empathy, Natural language processing","en"
"10.1080/23273798.2020.1810292","Task (project management), Word (group theory), Linguistics, Psychology, Communication, Engineering, Philosophy","en"
"10.1086/268936","Psychology, Social psychology, Statistics, Mathematics","en"
"10.1086/269239","Contrast (vision), Assimilation (phonology), Psychology, Cognitive psychology, Context (archaeology), Social psychology, Linguistics, Computer science, Artificial intelligence","en"
"10.1086/383422","Sound symbolism, Brand names, Product (mathematics), Sound (geography), Advertising, Phenomenon, Linguistics, Psychology, Brand awareness, Computer science, Business, Mathematics, Acoustics","en"
"10.1086/511799","Salary, Audit, Psychology, Wage, Competence (human resources), Social psychology, Demographic economics, Economics, Labour economics, Accounting","en"
"10.1086/598971","Gestalt psychology, Salient, Variety (cybernetics), Perception, Intuition, Psychology, Set (abstract data type), Social psychology, Cognitive psychology, Mathematics, Econometrics, Statistics, Computer science, Artificial intelligence, Cognitive science","en"
"10.1086/648381","Certainty, Persuasion, Psychology, Social psychology, Advertising, Epistemology, Business","en"
"10.1086/661531","Depiction, Embodied cognition, Orientation (vector space), Product (mathematics), Advertising, Psychology, Mental image, Mental health, Art, Computer science, Visual arts, Business, Artificial intelligence, Psychotherapist, Mathematics, Cognition, Psychiatry","en"
"10.1086/661890","Preference, Product (mathematics), Serving size, Consumption (sociology), Set (abstract data type), Marketing, Product category, Power (physics), Value (mathematics), Psychology, Business, Economics, Mathematics, Food science, Statistics, Microeconomics, Computer science, Sociology","en"
"10.1086/669476","Advertising, Product (mathematics), Psychology, Marketing, Business, Mathematics","en"
"10.1086/670020","Product (mathematics), Construal level theory, Object (grammar), Value (mathematics), Set (abstract data type), Research Object, Advertising, Differential (mechanical device), Product category, Marketing, Business, Microeconomics, Economics, Psychology, Social psychology, Computer science, Mathematics","en"
"10.1086/679118","Prioritization, Constraint (computer-aided design), Business, Economic shortage, Resource (disambiguation), Dysfunctional family, Resource allocation, Variety (cybernetics), Resource constraints, Operations management, Environmental economics, Computer science, Process management, Risk analysis (engineering), Microeconomics, Marketing, Economics, Psychology, Engineering","en"
"10.1089/cyber.2015.0311","Embodied cognition, Attentional bias, Psychology, Cognition, Cognitive psychology, Action (physics), Healthy food, Food choice, Neurophysiology, Neuroscience, Computer science, Medicine, Artificial intelligence","en"
"10.1089/cyber.2016.0530","Misattribution of memory, Social media, Psychology, Affect (linguistics), Social psychology, Social cue, Communication, Cognition","en"
"10.1093/aesthj/ayu027","Resistance (ecology), Art, Media studies, Art history, History, Library science, Sociology, Computer science","en"
"10.1093/analys/63.3.190","Action (physics), Ordinary language philosophy, Linguistics, Psychology, Epistemology, Philosophy, Physics","en"
"10.1093/geronb/gbx099","Prosocial behavior, Donation, Kinship, Psychology, Altruism (biology), Social psychology, Helping behavior, Developmental psychology, Gerontology, Medicine","en"
"10.1093/her/cyl160","Coping (psychology), Self-management, Self-efficacy, Psychology, Type 2 diabetes, Population, Intervention (counseling), Clinical psychology, Medicine, Diabetes mellitus, Psychotherapist, Psychiatry","en"
"10.1093/humrep/13.11.3000","Digit ratio, Testosterone (patch), Luteinizing hormone, Endocrinology, Internal medicine, Biology, Spermatogenesis, Hormone, Gonad, Sperm, Androgen, Prolactin, Medicine, Genetics","en"
"10.1093/jcr/ucaa006","Product (mathematics), Psychology, Extant taxon, Perception, Popularity, Scarcity, Product category, Homogeneous, New product development, Social psychology, Marketing, Business, Mathematics, Economics, Microeconomics","en"
"10.1093/jcr/ucaa019","Work (physics), Psychology, Social psychology, Sociology, Engineering, Mechanical engineering","en"
"10.1093/jcr/ucv007","Preference, Consumption (sociology), Feeling, Salient, Economics, Constraint (computer-aided design), Durable good, Microeconomics, Business, Monetary economics, Psychology, Social psychology","en"
"10.1093/jcr/ucv023","Treasury, Recession, Investment (military), Economics, Parental investment, Offspring, Perception, Value (mathematics), Psychology, Fertility, Risk aversion (psychology), Demographic economics, Developmental psychology, Social psychology, Demography, Expected utility hypothesis, Biology, Sociology, Financial economics","en"
"10.1093/jcr/ucv048","Scarcity, Resource scarcity, Resource (disambiguation), Psychology, Environmental economics, Economics, Social psychology, Microeconomics, Natural resource economics, Computer science","en"
"10.1093/jcr/ucv049","Logo (programming language), Priming (agriculture), Product (mathematics), Psychology, Cognitive psychology, Perception, Process (computing), Component (thermodynamics), Working memory, Computer science, Cognition, Mathematics","en"
"10.1093/jcr/ucv051","Scarcity, Creativity, Salience (neuroscience), Novelty, New product development, Product (mathematics), Context (archaeology), Resource (disambiguation), Resource scarcity, Consumption (sociology), Marketing, Economics, Business, Psychology, Computer science, Microeconomics, Social psychology, Natural resource economics, Sociology, Cognitive psychology, Social science, Geography","en"
"10.1093/jcr/ucw008","Psychology, Library science, Gerontology, Medicine, Computer science","en"
"10.1093/jcr/ucw056","Scarcity, Aggression, Promotion (chess), Product (mathematics), Advertising, Business, Marketing, Psychology, Economics, Social psychology, Microeconomics, Political science","en"
"10.1093/jcr/ucx039","Saturation (graph theory), Hue, Perception, Psychology, Conceptualization, Product (mathematics), Social psychology, Marketing, Mathematics, Business, Computer science, Artificial intelligence, Geometry","en"
"10.1093/jcr/ucx066","Scarcity, Economics, Wage, Time value of money, Microeconomics, Labour economics","en"
"10.1093/jcr/ucy082","Moderation, Self construal, Social psychology, Wine, Psychology, Interdependence, Moderated mediation, Group (periodic table), Mediation","en"
"10.1093/jcr/ucz022","CLARITY, Identity (music), Product (mathematics), Service (business), Affect (linguistics), Social psychology, Internet privacy, Business, Marketing, Computer science, Psychology, Communication, Aesthetics","en"
"10.1093/jcr/ucz028","Product (mathematics), Dimension (graph theory), Psychology, Set (abstract data type), Perception, Process tracing, Perspective (graphical), Preference, Cognitive psychology, Social psychology, Computer science, Microeconomics, Economics, Artificial intelligence, Mathematics","en"
"10.1093/jcr/ucz031","Scarcity, Quality (philosophy), Product (mathematics), Categorization, Marketing, Economics, Perception, Resource (disambiguation), Resource scarcity, Business, Microeconomics, Psychology, Computer science, Natural resource economics","en"
"10.1093/jos/ffr009","Quantifier (linguistics), Raising (metalworking), Computer science, Sentence, Syntax, Natural language processing, Semantics (computer science), Resolution (logic), Linguistics, Artificial intelligence, Mathematics, Programming language, Philosophy","en"
"10.1093/poq/nfx042","Misinformation, Psychology, Social psychology, Internet privacy, Communication, Computer science, Computer security","en"
"10.1093/qje/qjr034","Valuation (finance), Econometrics, Willingness to pay, Economics, Willingness to accept, Actuarial science, Reference price, Psychology, Microeconomics, Accounting","en"
"10.1093/qje/qjt035","Redistribution (election), Economics, Inequity aversion, Dictator, Redistribution of income and wealth, Loss aversion, General Social Survey, Social preferences, Survey data collection, Poverty, Demographic economics, Risk aversion (psychology), Wage, Dictator game, Social psychology, Microeconomics, Psychology, Labour economics, Expected utility hypothesis, Public good, Political science, Inequality, Financial economics, Law, Statistics","en"
"10.1093/workar/waac024","New horizons, Socioemotional selectivity theory, Psychology, Limiting, Work (physics), Sample (material), Social psychology, Developmental psychology, Engineering","en"
"10.1097/00004703-200604002-00013","Psychology, Vineland Adaptive Behavior Scale, Autism, Bayley Scales of Infant Development, Developmental psychology, Intelligence quotient, Adaptive behavior, Wechsler Adult Intelligence Scale, Comprehension, Nonverbal communication, Clinical psychology, Cognition, Psychomotor learning, Psychiatry","en"
"10.1097/00006842-200103000-00012","Stimulus (psychology), Medicine, Moro reflex, Prepulse inhibition, Perception, Audiology, Psychology, Reflex, Anesthesia, Neuroscience, Cognitive psychology, Psychiatry","en"
"10.1098/rspb.2011.1959","Entorhinal cortex, Friendship, Social network (sociolinguistics), Social cognition, Perception, Superior temporal sulcus, Psychology, Cognitive psychology, Cognition, Neuroscience, Hippocampus, Social psychology, Computer science, Social media, World Wide Web","en"
"10.1098/rspb.2022.0128","Preference, Action (physics), Joint (building), Value (mathematics), Psychology, Cognitive psychology, Computer science, Social psychology, Microeconomics, Economics, Machine learning, Engineering","en"
"10.1101/lm.032409.113","Psychology, Affect (linguistics), Context (archaeology), Cognitive psychology, Arousal, Cognition, Context-dependent memory, Perception, Content-addressable memory, Memory errors, Recognition memory, Context effect, Implicit memory, Recall, Free recall, Social psychology, Neuroscience, Communication","en"
"10.1109/tse.2016.2527791","Readability, Comprehension, Computer science, Program comprehension, Software, Reading comprehension, Reading (process), Cloze test, Programming language, Software system, Linguistics","en"
"10.1111/0023-8333.00112","Psychology, Anxiety, Scale (ratio), Confirmatory factor analysis, Cognitive psychology, Developmental psychology, Exploratory factor analysis, Psychometrics, Construct (python library), Clinical psychology, Structural equation modeling, Psychiatry, Machine learning, Computer science","en"
"10.1111/1467-6494.00102","Psychology, Agreeableness, Negative affectivity, Conscientiousness, Personality, Extraversion and introversion, Big Five personality traits, Positive affectivity, Hierarchical structure of the Big Five, Trait, Alternative five model of personality, Facet (psychology), Social psychology, Developmental psychology, Clinical psychology","en"
"10.1111/1467-6494.05028","Psychology, Personality, Antecedent (behavioral psychology), Big Five personality traits, Developmental psychology, Social psychology, Personality development","en"
"10.1111/1467-6494.t01-1-00094","Psychology, Spirituality, Operationalization, Personality, Confirmatory factor analysis, Psychometrics, Structural equation modeling, Social psychology, Clinical psychology, Statistics","en"
"10.1111/1467-9280.00334","Affect (linguistics), Psychology, Weighting, Prospect theory, Certainty, Impossibility, Function (biology), Social psychology, Outcome (game theory), Independence (probability theory), Preference, Subjective expected utility, Cognitive psychology, Expected utility hypothesis, Statistics, Mathematical economics, Economics, Epistemology, Microeconomics, Communication","en"
"10.1111/1467-9280.00350","Conjunction (astronomy), Adversarial system, Arbiter, Psychology, Ambiguity, Computer science, Artificial intelligence","en"
"10.1111/1467-9280.00376","Psychology, Surprise, Conditioning, Classical conditioning, Cognitive psychology, Implicit attitude, Task (project management), Vigilance (psychology), Social psychology, Statistics","en"
"10.1111/1467-9280.00431","Psychology, Coping (psychology), Affect (linguistics), Developmental psychology, Social psychology, Well-being, Cognition, Clinical psychology, Psychotherapist, Psychiatry","en"
"10.1111/1467-9280.02436","Temporal resolution, Image resolution, Perception, Flash (photography), Resolution (logic), Psychology, Contrast (vision), Spatial frequency, Artificial intelligence, Computer science, Optics, Neuroscience, Physics","en"
"10.1111/bjhp.12185","Psychology, Cognitive psychology","en"
"10.1111/cogs.12605","Causal model, Causal reasoning, Generalization, Psychology, Causal analysis, Stability (learning theory), Causal structure, Robustness (evolution), Cognitive psychology, Causal inference, Social psychology, Econometrics, Cognition, Computer science, Mathematics, Statistics, Machine learning","en"
"10.1111/ecin.12470","Earnings, Dual (grammatical number), Control (management), Economics, Microeconomics, School choice, Management, Accounting","en"
"10.1111/flan.12063","Imitation, Language proficiency, Second-language acquisition, Linguistics, Psychology, Test (biology), Task (project management), Second language, Foreign language, First language, Narrative, Variety (cybernetics), Computer science, Mathematics education, Artificial intelligence, Social psychology","en"
"10.1111/j.0956-7976.2004.00757.x","Payment, Social exchange theory, Compensation (psychology), Perspective (graphical), Economics, Monetary economics, Market system, Microeconomics, Finance, Psychology, Social psychology","en"
"10.1111/j.1460-2466.1984.tb02164.x","Tel aviv, Hebrew, Library science, Media studies, History, Classics, Sociology, Computer science","en"
"10.1111/j.1467-7687.2009.00807.x","Psychology, Developmental psychology, Socioeconomic status, Context (archaeology), Narrative, Event-related potential, Cued speech, Cognition, Cognitive psychology, Neuroscience, Population, Linguistics","en"
"10.1111/j.1467-7687.2009.00859.x","Psychology, Task (project management), Developmental psychology, Equity (law), Absolute (philosophy), Resource (disambiguation), Social psychology, Cognitive psychology","en"
"10.1111/j.1467-7687.2011.01098.x","Psychology, Anticipation (artificial intelligence), Commit, Action (physics), Attribution, Mistake, Object (grammar), Cognitive psychology, Object permanence, Social psychology, Cognition, Developmental psychology, Cognitive development","en"
"10.1111/j.1467-8284.2004.00481.x","Intentionality, Grice, Philosophy of language, Action (physics), Folk psychology, Experimental philosophy, Epistemology, Rationality, Philosophy of mind, Philosophy, Psychology, Metaphysics, Pragmatics, Philosophical methodology, Linguistics","en"
"10.1111/j.1467-8624.2007.00995.x","Psychology, Attribution, Intervention (counseling), Developmental psychology, Implicit personality theory, Control (management), Longitudinal study, Academic achievement, Theory of mind, Social psychology, Cognition, Personality","en"
"10.1111/j.1467-8624.2009.01312.x","Psychology, Perception, Developmental psychology, Functional near-infrared spectroscopy, Social cognition, Audiology, Neuroscience, Cognition, Cognitive psychology, Medicine","en"
"10.1111/j.1467-9280.1992.tb00678.x","Outcome (game theory), Psychology, Decision maker, Interpretation (philosophy), Axiom, Event (particle physics), Social psychology, Decision theory, Epistemology, Mathematical economics, Economics, Microeconomics, Philosophy, Management science, Mathematics","en"
"10.1111/j.1467-9280.2006.01704.x","Anchoring, Psychology, Heuristic, Value (mathematics), Cognitive psychology, Social psychology, Artificial intelligence, Computer science, Machine learning","en"
"10.1111/j.1467-9280.2006.01720.x","Psychology, Numeracy, Affect (linguistics), Cognitive psychology, Social psychology, Framing (construction), Framing effect, Meaning (existential), Cognition, Persuasion, Communication","en"
"10.1111/j.1467-9280.2006.01721.x","Default, Organ donation, Action (physics), Psychology, Donation, Variety (cybernetics), Actuarial science, Social psychology, Business, Economics, Finance, Medicine, Transplantation","en"
"10.1111/j.1467-9280.2006.01824.x","Psychology, Perspective (graphical), Power (physics), Perspective-taking, Empathy, Social psychology, Control (management), Cognitive psychology","en"
"10.1111/j.1467-9280.2007.01909.x","Psychology, False belief, Perception, Action (physics), Cognition, Cognitive psychology, Event (particle physics), Social psychology, Theory of mind, Task (project management), Social perception, Social cognition, Developmental psychology","en"
"10.1111/j.1467-9280.2007.01944.x","Attribution, Psychology, Anticipation (artificial intelligence), Action (physics), False belief, Theory of mind, Developmental psychology, Cognitive psychology, Social psychology, Attribution bias, Cognition","en"
"10.1111/j.1467-9280.2007.01961.x","Hypocrisy, Psychology, Social psychology, Law, Political science","en"
"10.1111/j.1467-9280.2007.02004.x","Stroop effect, Error-related negativity, Psychology, Anterior cingulate cortex, Task (project management), Control (management), Cognitive psychology, Self-control, Electroencephalography, Negativity effect, Neural system, Neural activity, Developmental psychology, Cognition, Neuroscience, Artificial intelligence","en"
"10.1111/j.1467-9280.2008.02039.x","Psychology, Heuristic, Value (mathematics), Frequency, Cognitive psychology, Social psychology, Statistics, Artificial intelligence, Computer science, Mathematics","en"
"10.1111/j.1467-9280.2008.02040.x","Psychology, Inequality, Social psychology, Developmental psychology","en"
"10.1111/j.1467-9280.2008.02041.x","Psychology, Dynamics (music), Action (physics), Competition (biology), Cognitive psychology, Cognitive science, Ecology","en"
"10.1111/j.1467-9280.2008.02042.x","Psychology, Electromagnetic shielding, Cognitive psychology, Cognition, Control (management), Social psychology, Neuroscience, Computer science","en"
"10.1111/j.1467-9280.2008.02043.x","Episodic memory, Autobiographical memory, Psychology, Constructive, Cognitive psychology, Cognitive aging, Chronesthesia, Developmental psychology, Cognition, Recall, Computer science, Neuroscience","en"
"10.1111/j.1467-9280.2008.02044.x","Psychology, Affordance, Fixation (population genetics), Visual field, Visual search, Action (physics), Cognitive psychology, Eye movement, Dorsum, Communication, Representation (politics), Field (mathematics), Gaze, Object (grammar), Artificial intelligence, Computer science, Neuroscience, Mathematics, Chemistry","en"
"10.1111/j.1467-9280.2008.02045.x","Cheating, Psychology, Task (project management), Free will, Social psychology, Determinism, Value (mathematics), Cognition, Cognitive psychology, Epistemology, Computer science","en"
"10.1111/j.1467-9280.2008.02046.x","Attentional blink, Psychology, Rapid serial visual presentation, Stimulus (psychology), Selection (genetic algorithm), Cognitive psychology, Cognition, Neuroscience, Artificial intelligence, Computer science","en"
"10.1111/j.1467-9280.2008.02049.x","Figure–ground, Convexity, Regular polygon, Observer (physics), Perception, Surface (topology), Enhanced Data Rates for GSM Evolution, Psychology, Computer vision, Geometry, Mathematics, Artificial intelligence, Cognitive psychology, Computer science, Physics, Economics, Neuroscience","en"
"10.1111/j.1467-9280.2008.02050.x","Psychology, Auditory perception, Simple (philosophy), Cognitive psychology, Sound (geography), Communication, Audiology, Perception, Neuroscience, Acoustics","en"
"10.1111/j.1467-9280.2008.02051.x","Object (grammar), Perception, Psychology, Identification (biology), Communication, Cognitive neuroscience of visual object recognition, Visual field, Visual perception, Foot (prosody), ENCODE, Head (geology), Artificial intelligence, Cognitive psychology, Computer vision, Computer science, Linguistics, Neuroscience","en"
"10.1111/j.1467-9280.2008.02052.x","Psychology, Prejudice (legal term), Attentional bias, Arousal, Racial bias, Cognitive psychology, Social psychology, Response bias, Facial expression, Race (biology), Developmental psychology, Cognition, Communication","en"
"10.1111/j.1467-9280.2008.02053.x","Psychology, Cognitive psychology, Social psychology","en"
"10.1111/j.1467-9280.2008.02054.x","Psychology, Face (sociological concept), Cognitive psychology, Linguistics","en"
"10.1111/j.1467-9280.2008.02056.x","Psychology, Reproduction, Connection (principal bundle), Social psychology, Communication, Developmental psychology, Cognitive psychology, Cognitive science, Ecology","en"
"10.1111/j.1467-9280.2008.02057.x","Anchoring, Psychology, Heuristic, Variety (cybernetics), Scale (ratio), Series (stratigraphy), Resolution (logic), Cognitive psychology, Social psychology, Artificial intelligence, Computer science, Geology","en"
"10.1111/j.1467-9280.2008.02060.x","Psychology, Fertility, Attractiveness, Impromptu, Social psychology, Physical attractiveness, Demography, Quality (philosophy), Evolutionary psychology, Developmental psychology, Population","en"
"10.1111/j.1467-9280.2008.02061.x","Amygdala, Psychology, Valence (chemistry), Negative information, Negativity bias, Functional magnetic resonance imaging, Negativity effect, Flexibility (engineering), Information processing, Cognitive psychology, Neuroscience, Chemistry","en"
"10.1111/j.1467-9280.2008.02062.x","Fluency, Psychology, Construal level theory, Cognitive psychology, Perception, Cognition, Priming (agriculture), Negative priming, Processing fluency, Social psychology, Selective attention, Neuroscience","en"
"10.1111/j.1467-9280.2008.02064.x","Psychology, Adaptive memory, Relevance (law), Encoding (memory), Cognitive psychology, Levels-of-processing effect, Information processing, Developmental psychology, Cognition, Neuroscience","en"
"10.1111/j.1467-9280.2008.02066.x","Psychology, Task (project management), Matching (statistics), Term (time), Bridge (graph theory), Square (algebra), Cognitive psychology, Relation (database), Artificial intelligence, Computer vision, Communication, Computer science, Statistics, Mathematics, Geometry, Physics","en"
"10.1111/j.1467-9280.2008.02069.x","Psychology, Referent, Gaze, Object (grammar), Word (group theory), Perspective (graphical), Context (archaeology), Cognitive psychology, Word learning, Linguistics, Communication, Developmental psychology, Vocabulary, Artificial intelligence","en"
"10.1111/j.1467-9280.2008.02070.x","Linguistics, Word order, Noun, Psychology, Object (grammar), Phonology, Contrast (vision), Constraint (computer-aided design), Similarity (geometry), Cognitive psychology, Artificial intelligence, Computer science, Mathematics","en"
"10.1111/j.1467-9280.2008.02072.x","Offensive, Psychology, Social psychology, Cognitive psychology, Operations research","en"
"10.1111/j.1467-9280.2008.02076.x","Generalization, Psychology, Association (psychology), Forgetting, Associative property, Implicit-association test, Group (periodic table), Social psychology, Cognitive psychology, Implicit attitude, Mathematics, Pure mathematics, Psychotherapist","en"
"10.1111/j.1467-9280.2008.02077.x","Heuristics, Psychology, Heuristic, Attraction, Task (project management), Control (management), Dual (grammatical number), Process (computing), Social psychology, Cognitive psychology, Artificial intelligence, Computer science, Economics","en"
"10.1111/j.1467-9280.2008.02078.x","Automaticity, Goal pursuit, Psychology, Facilitation, Unconscious mind, Cognitive psychology, Subliminal stimuli, Implicit learning, Cognitive science, Control (management), Social psychology, Neuroscience, Computer science, Cognition, Artificial intelligence","en"
"10.1111/j.1467-9280.2008.02080.x","Motion (physics), Illusion, Psychology, Perception, Motion perception, Computer vision, Artificial intelligence, Structure from motion, Communication, Biological motion, Cognitive psychology, Computer science, Neuroscience","en"
"10.1111/j.1467-9280.2008.02081.x","Psychology, Phobias, Developmental psychology, Anxiety","en"
"10.1111/j.1467-9280.2008.02084.x","Psychology, Construal level theory, Closeness, Social psychology, Perception, Feeling, Conceptualization, Affect (linguistics), Set (abstract data type), Embarrassment, Cognitive psychology, Communication, Mathematics","en"
"10.1111/j.1467-9280.2008.02085.x","Conscientiousness, Psychology, Big Five personality traits, Personality, Social psychology, Perception, Hierarchical structure of the Big Five, Big Five personality traits and culture, Clinical psychology, Character (mathematics), Developmental psychology, Extraversion and introversion","en"
"10.1111/j.1467-9280.2008.02088.x","Psychology, Anger, Pleasure, Social psychology, Task (project management), Cognitive psychology, Term (time), Instrumental variable, Psychotherapist","en"
"10.1111/j.1467-9280.2008.02089.x","Optimism, Psychology, Normative, Rationality, Appearance of impropriety, Social psychology, Value (mathematics), Cognitive psychology, Epistemology, Law","en"
"10.1111/j.1467-9280.2008.02091.x","Happiness, Psychology, Stochastic game, Affect (linguistics), Ultimatum game, Preference, Social psychology, Value (mathematics), Cognitive psychology, Microeconomics, Economics","en"
"10.1111/j.1467-9280.2008.02092.x","Psychology, Perception, Nonverbal communication, Social perception, Meaning (existential), Social psychology, Sexual behavior, Developmental psychology","en"
"10.1111/j.1467-9280.2008.02093.x","Psychology, Dominance (genetics), Metaphor, Perspective (graphical), Dimension (graph theory), Space (punctuation), Horizontal and vertical, Personality, Cognitive psychology, Representation (politics), Social psychology, Artificial intelligence, Geography, Computer science, Mathematics","en"
"10.1111/j.1467-9280.2008.02095.x","Happiness, Gratitude, Psychology, Social psychology, Variance (accounting), Maxim, Epistemology","en"
"10.1111/j.1467-9280.2008.02098.x","Representation (politics), Focus (optics), Feature (linguistics), Object (grammar), Pooling, Artificial intelligence, Computer science, Centroid, Psychology, Pattern recognition (psychology)","en"
"10.1111/j.1467-9280.2008.02100.x","Psychology, Social psychology, Group conflict, Dilemma, Group (periodic table), Endowment, Prisoner's dilemma, Social dilemma, Competition (biology), Dictator game, Law","en"
"10.1111/j.1467-9280.2008.02136.x","Galton's problem, Psychology, Intuition, Probabilistic logic, Statistics, Social psychology, Computer science, Mathematics","en"
"10.1111/j.1467-9280.2008.02157.x","Forgetting, Psychology, Sleep (system call), Cognitive psychology, Emotional memory, Memory consolidation, Neuroscience, Hippocampus, Computer science, Amygdala","en"
"10.1111/j.1467-9280.2008.02159.x","Psychology, Value (mathematics), Irrational number, Compensation (psychology), Social psychology, Function (biology), Affect (linguistics), Time perception, Equidistant, Discounting, Cognitive psychology, Statistics, Communication, Mathematics, Economics, Cognition","en"
"10.1111/j.1467-9280.2008.02227.x","Disgust, Psychology, Conscience, Feeling, Social psychology, Salient, Moral disengagement, Cognition, Moral reasoning, Morality, Social cognitive theory of morality, Moral behavior, Moral psychology, Cognitive psychology, Epistemology, Anger","en"
"10.1111/j.1467-9280.2009.02426.x","Embodied cognition, Psychology, Perspective (graphical), Social psychology, Cognition, Consistency (knowledge bases), Cognitive psychology, Value (mathematics), Epistemology, Artificial intelligence","en"
"10.1111/j.1467-9280.2009.02447.x","Left and right, Psychology, Perception, Right hemisphere, Right handed, Left handed, Lateralization of brain function, Body schema, Representation (politics), Laterality, Cognitive psychology, Developmental psychology, Neuroscience","en"
"10.1111/j.1468-0017.2006.00297.x","Psychology, Social intuitionism, Introspection, Social psychology, Harm, Moral reasoning, Action (physics), Moral disengagement, Dilemma, Unconscious mind, Population, Social cognitive theory of morality, Epistemology, Cognitive psychology, Sociology","en"
"10.1111/j.1468-0017.2010.01398.x","Experimental philosophy, Psychology, Epistemology, Action (physics), Attribution, Affect (linguistics), Valence (chemistry), Social psychology, Cognitive psychology, Philosophy, Chemistry","en"
"10.1111/j.1468-0017.2011.01428.x","Relativism, Objectivism, Morality, Moral relativism, Moral disengagement, Epistemology, Moral psychology, Social cognitive theory of morality, Moral reasoning, Psychology, Social psychology, Philosophy","en"
"10.1111/j.1468-0068.2010.00795.x","Citation, Computer science, Library science","en"
"10.1111/j.1475-4975.2007.00150.x","Causation, Philosophy, Epistemology, Analytic philosophy, Contemporary philosophy","en"
"10.1111/j.1475-4975.2007.00158.x","Compatibilism, Mechanism (biology), Analytic philosophy, Moral responsibility, Epistemology, Philosophy, Contemporary philosophy, Psychology","en"
"10.1111/j.1551-6709.2010.01161.x","Bayesian probability, Event (particle physics), Statistical hypothesis testing, Sequence (biology), Bayesian inference, Inference, Econometrics, Alternative hypothesis, Computer science, Test (biology), Simple (philosophy), Machine learning, Mathematics, Statistics, Artificial intelligence, Null hypothesis","en"
"10.1111/j.1551-6709.2010.01164.x","Negation, Falsity, Context (archaeology), Sentence, Cognition, Dynamics (music), Operator (biology), Simple (philosophy), Interpretation (philosophy), Cognitive psychology, Linguistics, Psychology, Mathematics, Computer science, Artificial intelligence, Epistemology, Philosophy","en"
"10.1111/j.1551-6709.2011.01210.x","Deliberation, Argument (complex analysis), Persuasion, Psychology, Moral reasoning, Social psychology, Cognition, Reflection (computer programming), Need for cognition, Cognitive psychology, Dual process theory (moral psychology), Epistemology, Philosophy","en"
"10.1111/j.1744-6570.1999.tb00174.x","Psychology, Conscientiousness, Big Five personality traits, Neuroticism, Personality, Developmental psychology, Set (abstract data type), Hierarchical structure of the Big Five, Job satisfaction, Social psychology, Variance (accounting), Big Five personality traits and culture, Extraversion and introversion","en"
"10.1111/j.1933-1592.2012.00609.x","Epistemology, Philosophy, Analytic philosophy, Philosophy of mind, Contemporary philosophy, Metaphysics","en"
"10.1111/jcom.12135","Deception, Psychology, Behavioural sciences, Social psychology","en"
"10.1111/lang.12161","Psychology, ABX test, Task (project management), Vowel, Vocabulary, Perception, Sentence, Phonological rule, Phonology, Phonetics, Linguistics, Categorization, Sentence processing, Control (management), Cognitive psychology, Computer science, Natural language processing, Speech recognition, Artificial intelligence","en"
"10.1111/nous.12017","Citation, Computer science, Library science","en"
"10.1111/psyp.12132","Psychology, Error-related negativity, Stroop effect, Negativity effect, Reliability (semiconductor), Cognitive psychology, Cognition, Task (project management), Context (archaeology), Developmental psychology, Social psychology, Audiology, Anterior cingulate cortex, Neuroscience","en"
"10.1126/science.1091721","Default, Donation, Organ donation, Action (physics), Actuarial science, Business, Economics, Finance, Medicine, Economic growth, Transplantation","en"
"10.1126/science.1130726","Morality, Washing hands, Threatened species, Psychology, Social psychology, Environmental ethics, Aesthetics, Hygiene, Law, Medicine, Philosophy, Political science, Ecology","en"
"10.1126/science.1132491","Helpfulness, Psychology, Social psychology","en"
"10.1126/science.1183532","Corporate governance, Punishment (psychology), Commons, Resource (disambiguation), Order (exchange), Generalization, Field (mathematics), Function (biology), Environmental economics, Experimental economics, Environmental resource management, Ecology, Economics, Public economics, Psychology, Microeconomics, Computer science, Social psychology, Mathematics, Biology","en"
"10.1126/science.1186799","Cognitive dissonance, Psychology, Social psychology, Domain (mathematical analysis), Mathematics","en"
"10.1126/science.1189993","Intrapersonal communication, Metaphor, Negotiation, Psychology, Interpersonal communication, Cognitive psychology, Haptic technology, Cognition, Image schema, Social psychology, Computer science, Cognitive science, Human–computer interaction, Artificial intelligence, Sociology","en"
"10.1126/science.1190792","Task (project management), Psychology, Object (grammar), Social psychology, Social cognition, Theory of mind, ENCODE, Cognitive psychology, Developmental psychology, Cognition, Computer science, Artificial intelligence","en"
"10.1126/science.1191465","Mediator, Test (biology), Psychology, Cognitive psychology, Social psychology, Medicine","en"
"10.1126/science.1195701","Consumption (sociology), Food consumption, Food science, Agricultural economics, Economics, Chemistry, Art, Aesthetics","en"
"10.1126/science.1199327","Value (mathematics), Psychology, Cognitive psychology, Computer science, Cognitive science, Natural language processing, Machine learning","en"
"10.1126/science.1199427","Psychology, Medical education, Computer science, Mathematics education, Medicine","en"
"10.1126/science.1207745","Cognition, Cognitive psychology, Computer science, Psychology, Cognitive science, Neuroscience","en"
"10.1126/science.1211180","Affirmative action, Harm, Reservation, Political science, Action (physics), Task (project management), Public administration, Demographic economics, Economics, Law, Management","en"
"10.1126/science.1215647","Variety (cybernetics), Heuristics, Situational ethics, Dual (grammatical number), Dual process theory (moral psychology), Process (computing), Cognition, Epistemology, Psychology, Rule of thumb, Social psychology, Computer science, Philosophy, Artificial intelligence, Algorithm, Neuroscience","en"
"10.1126/science.1221936","Mnemonic, Episodic memory, Penumbra, Memory formation, False memory, Cognitive psychology, Neuroscience, Psychology, Recall, Cognition, Hippocampus, Psychiatry","en"
"10.1126/science.1222426","Scarcity, Poverty, Mechanism (biology), Big Five personality traits, Personality, Psychology, Focus (optics), Economics, Social psychology, Microeconomics, Economic growth","en"
"10.1126/science.1224313","Psychology, Facial expression, Neuroimaging, Face (sociological concept), Cognitive psychology, Emotion recognition, Neuroscience, Communication, Linguistics","en"
"10.1126/science.1238041","Poverty, Tamil, Cognition, Perspective (graphical), Poverty rate, Economics, Business, Demographic economics, Economic growth, Psychology, Computer science","en"
"10.1126/science.1239918","Reading (process), Theory of mind, Nothing, Literary fiction, Psychology, Cognition, Literature, Cognitive psychology, Cognitive science, Literary criticism, Art, Epistemology, Philosophy, Linguistics","en"
"10.1126/science.1250830","Nothing, Psychology, Aesthetics, Social psychology, Psychoanalysis, Epistemology, Philosophy","en"
"10.1126/science.1253932","Donation, Overhead (engineering), Matching (statistics), Limiting, Business, Microeconomics, Economics, Actuarial science, Computer science, Medicine, Engineering, Economic growth","en"
"10.1126/science.283.5398.77","Task (project management), Simple (philosophy), Computer science, Class (philosophy), Algebraic number, Artificial intelligence, Artificial neural network, Natural language processing, Language acquisition, Psychology, Mathematics education, Mathematics","en"
"10.1126/science.7455683","Framing effect, Framing (construction), Perception, Preference, Psychology, Social psychology, Prospect theory, Expected utility hypothesis, Decision theory, Cognitive psychology, Economics, Microeconomics, Mathematical economics, Persuasion","en"
"10.1145/3105726.3106182","Disk formatting, Computer science, Programming language, Static analysis, Java, Syntax, Syntax error, Coding (social sciences), Compiler, Error detection and correction, Source code, Abstract syntax, Natural language processing, Algorithm, Statistics, Operating system","en"
"10.1145/3173574.3174188","Perception, Web page, Interface (matter), Web design, Computer science, World Wide Web, User interface, Interface design, Psychology, Human–computer interaction","en"
"10.1145/3290605.3300469","Computer science, Presentation (obstetrics), Key (lock), Interpersonal communication, Trustworthiness, Set (abstract data type), Phenomenon, Artificial intelligence, Term (time), Human–computer interaction, Internet privacy, Computer security, Psychology, Communication, Epistemology","en"
"10.1152/japplphysiol.91324.2008","Mental fatigue, Psychology, Computer science, Applied psychology","en"
"10.1162/003355397555208","Illusion, Economics, Inflation (cosmology), Rationality, Positive economics, Keynesian economics, Monetary economics, Psychology, Cognitive psychology, Epistemology, Philosophy","en"
"10.1162/jocn_a_00709","Reinforcement learning, Psychology, Cognition, Leverage (statistics), Computational model, Reinforcement, Control (management), Cognitive psychology, Set (abstract data type), Cognitive science, Artificial intelligence, Computer science, Neuroscience, Social psychology","en"
"10.1162/qjec.122.3.1067","Tournament, Piece work, Competition (biology), Gender gap, Ranking (information retrieval), Compensation (psychology), Task (project management), Psychology, Demographic economics, Social psychology, Economics, Microeconomics, Incentive, Computer science, Mathematics, Management, Artificial intelligence","en"
"10.1162/rest_a_00258","Multinational corporation, Labour economics, Business, Wage, Labor mobility, Turnover, Knowledge transfer, Demographic economics, Economics","en"
"10.1163/156853706776931222","Psychology, Action (physics), Philosophy of mind, Social psychology, Variety (cybernetics), Folk psychology, Divergence (linguistics), Epistemology, Cognitive science, Metaphysics","en"
"10.1163/156853706776931385","Determinism, Free will, Incompatibilism, Compatibilism, Agency (philosophy), Philosophy of mind, Moral responsibility, Folk psychology, Epistemology, Experimental philosophy, Philosophy of language, Psychology, Sense of agency, Philosophy of science, Metaphysics, Social psychology, Philosophy, Philosophical methodology","en"
"10.1177/0001839219840022","Credentialing, Business, Perception, Process (computing), Human capital, Marketing, Economics, Psychology, Computer science","en"
"10.1177/0022243718813544","Construal level theory, Control (management), Viewpoints, Social psychology, Psychology, Sense of control, Elevation (ballistics), Position (finance), Risk perception, Cognitive psychology, Business, Computer science, Perception, Engineering, Artificial intelligence","en"
"10.1177/0022243720904758","Persuasion, Credibility, Skepticism, Process (computing), Advertising, Psychology, Perception, Regulatory focus theory, Marketing, Computer science, Social psychology, Business, Political science, Epistemology","en"
"10.1177/0022243720932532","Stimulus (psychology), Numerical digit, Rounding, Perception, Pound (networking), Psychology, Economics, Econometrics, Cognitive psychology, Computer science, Arithmetic, Mathematics","en"
"10.1177/0093650215609676","Source credibility, Credibility, Psychology, Social psychology, Mediation, Cognition, Elaboration likelihood model, Moderated mediation, Elaboration, Popularity, Action (physics), Need for cognition, Perception, Persuasion, Sociology","en"
"10.1177/0146167202286008","Psychology, Attribution, Attribution bias, Social psychology, Perception, Cognitive bias, Response bias, Reading (process), Relevance (law), Cognition","en"
"10.1177/0146167207309195","Psychology, Social psychology, Prejudice (legal term), Asian americans, Model minority, Negativity effect, Context (archaeology), Ingroups and outgroups, Mechanism (biology), Ethnic group","en"
"10.1177/0146167210386238","Concreteness, Construal level theory, Psychology, Set (abstract data type), Social psychology, Linguistics, Cognitive psychology, Computer science, Philosophy","en"
"10.1177/0146167212475225","Misattribution of memory, Psychology, Affect (linguistics), Priming (agriculture), Attribution, Reliability (semiconductor), Social psychology, Cognition, Communication","en"
"10.1177/0146167214524992","Psychology, Normative, Interdependence, Social psychology, Permissive, Developmental psychology, Contrast (vision), Sociology, Epistemology","en"
"10.1177/0146167215580776","Construal level theory, Psychology, Social psychology, Perception, Self-enhancement, Attitude change, Dismissal, Negative feedback, Self construal, Goal pursuit, Cognitive psychology","en"
"10.1177/0146167215610520","Attribution, Psychology, SWORD, Social psychology, Mediation, Perception, Control (management), Law, Political science","en"
"10.1177/0146167216684132","Regulatory focus theory, Psychology, Competence (human resources), Promotion (chess), Affect (linguistics), Autonomy, Yesterday, Social psychology, Recall, Applied psychology, Cognitive psychology, Political science, Politics","en"
"10.1177/01461672211025423","Regulatory focus theory, Promotion (chess), Psychology, Interdependence, Social psychology, Task (project management), Independence (probability theory), Cross-cultural, Focus (optics), Cultural bias, Sociology, Political science, Social science, Creativity","en"
"10.1177/01461672952111004","Anchoring, Pooling, Percentile, Calibration, Statistics, Set (abstract data type), Estimation, Psychology, Econometrics, Measure (data warehouse), Social psychology, Computer science, Mathematics, Artificial intelligence, Data mining, Engineering","en"
"10.1177/0193723504273121","Race (biology), White (mutation), Advertising, Population, Value (mathematics), Sample (material), Scarcity, Psychology, Social psychology, Sociology, Demography, Gender studies, Statistics, Business, Economics, Mathematics","en"
"10.1177/0261927x01020004004","German, Psychology, Inclusion (mineral), Linguistics, Cognition, Empirical evidence, Social psychology, Empirical research, Cognitive psychology, Epistemology, Philosophy","en"
"10.1177/0267658310386439","Linguistics, Animacy, Psychology, Language transfer, Noun, European Portuguese, Second-language acquisition, Interpretation (philosophy), Language proficiency, First language, Raising (metalworking), Syntax, Noun phrase, Portuguese, Grammar, Computer science, Language education, Mathematics, Comprehension approach, Philosophy","en"
"10.1177/0956797609358096","Discounting, Delay discounting, Psychology, Caloric theory, Value (mathematics), Body mass index, Temporal discounting, Economics, Medicine, Internal medicine, Statistics, Mathematics","en"
"10.1177/0956797609359908","Psychology, Interpersonal communication, Social psychology, Sociocultural evolution, Agency (philosophy), Interpersonal relationship, Cognitive psychology, Sociology","en"
"10.1177/0956797610363775","Longevity, Psychology, Intensity (physics), Optics, Gerontology","en"
"10.1177/0956797610372631","Superstition, Anagram, Luck, Psychology, Task (project management), Irrational number, Cognitive psychology, Social psychology, Action (physics), Memorization, Developmental psychology, Epistemology, Management","en"
"10.1177/0956797610383437","Psychology, Feeling, Power (physics), Expansive, Nonverbal communication, Social psychology, Developmental psychology, Cognitive psychology","en"
"10.1177/0956797610384746","Psychology, Bradycardia, Heart rate, Developmental psychology, Social cue, Anxiety, Social psychology, Blood pressure","en"
"10.1177/0956797610395393","Intentionality, Psychology, Attribution, Perception, Set (abstract data type), Social psychology, First person, Third person, Social perception, Cognitive psychology, Verb, Linguistics, Epistemology","en"
"10.1177/0956797610397956","Working memory, Psychology, Encoding (memory), Set (abstract data type), Visual memory, Cognitive psychology, Representation (politics), Statistic, Constructive, Display size, Computer science, Statistics, Cognition, Mathematics, Display device, Process (computing)","en"
"10.1177/0956797611398497","Disgust, Psychology, Taste, Embodied cognition, Affect (linguistics), Morality, Wine tasting, Perception, Feeling, Social psychology, Cognition, Cognitive psychology, Developmental psychology, Anger, Communication, Neuroscience, Chemistry, Epistemology","en"
"10.1177/0956797611402514","Psychology, Social psychology, Politics, Variety (cybernetics), Moral disengagement, Law","en"
"10.1177/0956797611413935","Mortality salience, Terror management theory, Psychology, Attribution, Salience (neuroscience), Social psychology, Interdependence, Cultural diversity, Asian americans, Suicide prevention, Poison control, Developmental psychology, Cognitive psychology, Ethnic group, Medicine, Sociology","en"
"10.1177/0956797611414726","Flag (linear algebra), Priming (agriculture), Psychology, Presidential election, Democracy, Social psychology, Politics, Voting, Presidential system, Voting behavior, Political science, Law","en"
"10.1177/0956797611418350","Psychology, Disengagement theory, Distraction, Preference, Cognitive psychology, Social psychology, Cognitive reappraisal, Adaptation (eye), Autoregulation, Emotional regulation, Developmental psychology, Cognition","en"
"10.1177/0956797611428079","Psychology, Backlash, Race (biology), Dominance (genetics), Perception, Social psychology, Interpersonal communication, White (mutation), Black female, Social perception, Developmental psychology, Gender studies, Sociology","en"
"10.1177/0956797611429579","Psychology, Consumerism, Social psychology, Cognitive psychology","en"
"10.1177/0956797611432497","Psychology, Perception, Brightness, Machiavellianism, Cognitive psychology, Social psychology, Optics, Neuroscience, Physics, Personality","en"
"10.1177/0956797611434537","Sociometric status, Socioeconomic status, Psychology, Social status, Feeling, Admiration, Sociometry, Life satisfaction, Developmental psychology, Social psychology, Demography","en"
"10.1177/0956797611434540","Inequality, Redistribution (election), Agency (philosophy), Set (abstract data type), Psychology, Social psychology, Economic inequality, Redistribution of income and wealth, Economics, Positive economics, Public economics, Sociology, Economic growth, Political science, Politics, Social science","en"
"10.1177/0956797611434748","Objectification, Psychology, Object (grammar), Social psychology, Object relations theory, Cognitive psychology, Psychotherapist, Artificial intelligence, Epistemology, Computer science","en"
"10.1177/0956797611435919","Psychology, Psychoanalysis","en"
"10.1177/0956797612445318","Dirt, Psychology, Geography, Cartography","en"
"10.1177/0956797612449177","Cognitive reframing, Harm, Ideology, Psychology, Social psychology, Environmental ethics, Rhetoric, Newspaper, Value (mathematics), Politics, Political science, Law","en"
"10.1177/0956797613494853","Psychology, Test (biology), Recall, Context (archaeology), Developmental psychology, Affect (linguistics), Perception, Young adult, Neuropsychology, Cognition, Audiology, Cognitive psychology, Medicine, Psychiatry","en"
"10.1177/0956797613502732","Psychology, Feeling, Product (mathematics), Sexual behavior, Social psychology, Developmental psychology","en"
"10.1177/0956797613508412","Psychology, Salience (neuroscience), Perception, Social psychology, Racism, Race (biology), Racial formation theory, Social perception, Salient, Racial hierarchy, Hierarchy, White (mutation), Racial differences, Racial bias, Ethnic group, Cognitive psychology, Sociology, Political science, Gender studies","en"
"10.1177/0956797614527113","Politics, Salient, Conservatism, Salience (neuroscience), Ideology, White (mutation), Population, Minority group, Race (biology), Politics of the United States, Diversity (politics), Political science, Demographics, Social psychology, Ethnic group, Psychology, Gender studies, Sociology, Law, Demography","en"
"10.1177/0956797614534693","Retributive justice, Punishment (psychology), Psychology, Attribution, Free will, Social psychology, Moral responsibility, Attendance, Economic Justice, Epistemology, Law","en"
"10.1177/0956797614536739","Stroop effect, Psychology, Stimulus (psychology), Working memory, Recall, Cognitive psychology, Selective attention, Cognition, Audiology, Neuroscience","en"
"10.1177/0956797614547705","Persistence (discontinuity), Memorization, Human–computer interaction, Object (grammar), Perception, Computer science, Cognitive psychology, Psychology, Window (computing), Artificial intelligence, World Wide Web","en"
"10.1177/0956797614553009","Loudness, Psychology, Hierarchy, Rank (graph theory), Multilevel model, Cognitive psychology, Audiology, Statistics, Mathematics","en"
"10.1177/0956797614554955","Psychology, Cognitive psychology","en"
"10.1177/0956797614558718","Negotiation, Psychology, Moderation, Mediation, Power (physics), Social psychology, Value (mathematics), Feeling, Moderated mediation, Anchoring, Adversary, Political science, Computer security, Computer science","en"
"10.1177/0956797614559285","Psychology, Cognitive psychology","en"
"10.1177/0956797614561266","Psychology, Social psychology, Priming (agriculture), Salient, Action (physics), Environmental ethics, Political science","en"
"10.1177/0956797614563108","Religiosity, Psychology, Feeling, Social psychology","en"
"10.1177/0956797614563958","Psychology, Scarcity, Value (mathematics), Social psychology, Statistics, Microeconomics, Economics","en"
"10.1177/0956797615569889","Psychology, Forgetting, Retrieval-induced forgetting, Distress, Posttraumatic stress, Thought suppression, Distressing, Autobiographical memory, Cued speech, Inhibitory control, Motivated forgetting, Recall, Clinical psychology, Psychiatry, Cognitive psychology, Cognition","en"
"10.1177/0956797615572231","Psychology, Social psychology, Cognitive psychology","en"
"10.1177/0956797615573516","Psychology, Call to action, Internet privacy, Social psychology, Advertising, Computer science, Business","en"
"10.1177/0956797615585002","Mental rotation, Psychology, Feature (linguistics), Rotation (mathematics), Cognitive psychology, Mental image, Focus (optics), Object (grammar), Artificial intelligence, Computer vision, Human–computer interaction, Cognitive science, Computer science, Cognition, Neuroscience, Linguistics","en"
"10.1177/0956797615588195","Psychology, Self-knowledge, Phenomenon, Social psychology, Descriptive knowledge, Cognitive psychology, Epistemology","en"
"10.1177/0956797615598739","Creativity, Psychology, Attribution, Social psychology, Perception, Competence (human resources), Cooperativeness, Agency (philosophy), Developmental psychology, Personality, Epistemology","en"
"10.1177/0956797615608267","Opportunity cost, Neglect, Salience (neuroscience), Psychology, Salient, Value (mathematics), Cost–benefit analysis, Window of opportunity, Process (computing), Social psychology, Economics, Microeconomics, Cognitive psychology, Computer science","en"
"10.1177/0956797615612202","Psychology, Identity (music), Social identity theory, Group (periodic table), Social psychology, Inference, Social group, Cognitive psychology, Developmental psychology, Linguistics, Computer science, Artificial intelligence","en"
"10.1177/0956797615617779","Psychology, Cognitive psychology","en"
"10.1177/0956797615624492","Psychology, Priming (agriculture), Racial bias, Dissociation (chemistry), Cognition, Developmental psychology, Poison control, Identification (biology), White (mutation), Injury prevention, Suicide prevention, Cognitive bias, Human factors and ergonomics, Social psychology, Race (biology), Cognitive psychology, Medical emergency","en"
"10.1177/0956797615625640","Unemployment, Psychology, Context (archaeology), Mediation, Social psychology, Demographic economics, Economics, Economic growth, Political science, Geography","en"
"10.1177/0956797616630964","Attractiveness, Psychology, Facial attractiveness, Perception, Face perception, Stimulus (psychology), Cognitive psychology, Social psychology, Visual perception, Contrast (vision), Facial expression, Communication, Artificial intelligence, Neuroscience","en"
"10.1177/0956797616639727","Psychology, Theory of mind, Perception, Set (abstract data type), Developmental psychology, Social psychology, Cognitive psychology, Cognition","en"
"10.1177/0956797616640705","Psychology, Stimulus (psychology), Cognitive psychology, Social psychology, Brand names, Advertising, Business","en"
"10.1177/0956797616650875","Psychology, Value (mathematics), Social psychology, Confirmation bias","en"
"10.1177/0956797616651973","Psychology, Encoding (memory), Cognitive psychology, Social psychology","en"
"10.1177/0956797616662271","Psychology, Phenomenon, Task (project management), Natural (archaeology), Inference, Cognitive psychology, Social psychology, Epistemology","en"
"10.1177/0956797616667459","Psychology, Perspective (graphical), Perspective-taking, Stereotype (UML), Empathy, Spatial ability, Social psychology, Social perception, Developmental psychology, Cognitive psychology, Perception, Cognition","en"
"10.1177/0956797616669947","Ambivalence, Psychology, Feeling, Action (physics), Social psychology, Power (physics), Theory of reasoned action","en"
"10.1177/0956797616674999","Welfare, Opposition (politics), Argument (complex analysis), Psychology, Social psychology, Perception, Medicine, Political science, Politics, Law","en"
"10.1177/0956797616685771","Hypocrisy, Morality, Psychology, Social psychology, Epistemology, Law, Philosophy, Political science","en"
"10.1177/0956797617705399","Psychology, Deception, Lie detection, Prejudice (legal term), White (mutation), Race (biology), Social psychology, Interpersonal communication, Social perception, Perception","en"
"10.1177/0956797617721270","Stroop effect, Psychology, Cognition, Selective attention, Control (management), Cognitive psychology, Attentional control, Neuroscience, Artificial intelligence","en"
"10.1177/0956797617728270","Prejudice (legal term), Psychology, Confusion, Social psychology, Group (periodic table), Developmental psychology","en"
"10.1177/0956797618760784","Dehumanization, Immorality, Psychology, Morality, Social psychology, Cheating, Epistemology, Sociology, Philosophy","en"
"10.1177/0956797618779061","Free riding, Free rider problem, Flourishing, Normative, Psychology, Social psychology, Tragedy of the commons, Free will, Commons, Microeconomics, Public good, Economics, Law, Incentive","en"
"10.1177/0956797618780643","Passions, Passion, Psychology, Social psychology, Epistemology, Philosophy","en"
"10.1177/0956797618788882","Psychology, Social psychology","en"
"10.1177/0956797618805750","Psychology, Odds, Social psychology, Prior probability, Morality, Bayesian probability, Rationality, Statistician, Epistemology, Statistics","en"
"10.1177/0956797618806296","Grammaticality, Sentence, Psychology, Word (group theory), Word order, Sequence (biology), Comprehension, Sentence processing, Linguistics, Task (project management), Base (topology), Natural language processing, Artificial intelligence, Computer science, Grammar, Mathematics, Chemistry","en"
"10.1177/0956797618818484","Psychology, Fallacy, Perspective (graphical), Zero (linguistics), Cognitive psychology, Social psychology, Intervention (counseling), Epistemology, Artificial intelligence, Computer science, Linguistics","en"
"10.1177/0956797619854706","Psychology, Appeal, Social psychology, Moral disengagement, Politics, Persuasion, Social cognitive theory of morality, Moral behavior, Moral psychology, Moral reasoning, Rhetoric, Matching (statistics), Biology and political orientation, Moral development, Law","en"
"10.1177/0956797619855382","Dirt, Harm, Psychology, Intoxicative inhalant, Impurity, Social psychology, Chemistry, Toxicology, Organic chemistry, Ecology","en"
"10.1177/0956797619856844","Illusion, Misinformation, Salient, Consensus theory, Scientific consensus, Psychology, Consensus conference, Consensus algorithm, Social psychology, Cognitive psychology, Computer science, Political science, Data science, Artificial intelligence, Law, Computer security","en"
"10.1177/0956797619879441","Recall, Psychology, Episodic memory, Autobiographical memory, Cognitive psychology, Event (particle physics), Developmental psychology, Coherence (philosophical gambling strategy), Representation (politics), Memory development, Dependency (UML), Cognition, Cognitive development, Artificial intelligence, Computer science, Neuroscience","en"
"10.1177/0956797620927967","Pseudoword, Psychology, Arousal, Mediation, Cognitive psychology, Meaning (existential), Cognition, Social psychology, Neuroscience","en"
"10.1177/0956797620939054","Headline, Psychology, Misinformation, Social media, Discernment, Social psychology, Coronavirus disease 2019 (COVID-19), Social distance, Fake news, Confirmation bias, Masking (illustration), Internet privacy, Advertising, Computer science, Epistemology","en"
"10.1177/09567976221082637","Curiosity, Lottery, Psychology, Preference, Social psychology, Outcome (game theory), Context (archaeology), Cognitive psychology, Task (project management)","en"
"10.1177/09567976221082941","Psychology, Overweight, Beauty, Exploratory research, Cognition, Young adult, Developmental psychology, Representation (politics), Social psychology, Obesity","en"
"10.1177/1073191116686685","Test anxiety, Psychology, Test (biology), Anxiety, Clinical psychology, Psychiatry","en"
"10.1177/1077559513483002","Psychopathy, Juvenile delinquency, Psychology, Aggression, Poison control, Conduct disorder, Psychopathology, Clinical psychology, Neglect, Injury prevention, Developmental psychology, Human factors and ergonomics, Antisocial personality disorder, Suicide prevention, Anxiety, Psychiatry, Medicine, Personality, Social psychology, Medical emergency","en"
"10.1177/1747021817744546","Debiasing, Bar chart, Health literacy, Judgement, Cognitive psychology, Psychology, Perception, Computer science, Graph, Bar (unit), Cognitive bias, Social psychology, Cognition, Health care, Mathematics, Statistics, Theoretical computer science, Epistemology","en"
"10.1177/1948550609360261","Psychology, Trustworthiness, Social psychology, Variety (cybernetics), Job interview, Context (archaeology), Empirical research, Job performance, Job satisfaction, Epistemology, Artificial intelligence","en"
"10.1177/1948550611410890","Scrutiny, Psychology, Nothing, Diversity (politics), Personality, Set (abstract data type), Social psychology, Sociology, Epistemology, Law, Computer science, Political science, Philosophy","en"
"10.1177/1948550611432938","Terror management theory, Mortality salience, Psychology, Salience (neuroscience), Salient, Social psychology, Cognitive psychology, Developmental psychology","en"
"10.1177/1948550612457688","Psychology, Moral character, Character (mathematics), Social psychology, Moral psychology, Moral disengagement, Certainty, Value (mathematics), Morality, Process (computing), Contrast (vision), Epistemology","en"
"10.1177/1948550614555029","CLARITY, Psychology, Social psychology, Diversity (politics), Romance, Self, Self-enhancement, Self-interest, Sociology","en"
"10.1177/1948550617720269","Smiley, Psychology, Perception, Social psychology, Cognitive psychology, Computer science","en"
"10.1177/1948550617751583","Racism, Ignorance, Denial, Psychology, Social psychology, Perception, Identity (music), Sociology, Gender studies, Epistemology, Psychoanalysis, Aesthetics, Philosophy","en"
"10.1177/1948550619843931","Psychology, Similarity (geometry), Life satisfaction, Social psychology, Gratification, Feeling, Adjudication, Identity (music), Set (abstract data type)","en"
"10.1177/1948550619849426","Asian americans, Sexual orientation, Psychology, Race (biology), Social psychology, Identity (music), Chinese americans, Perception, Gender studies, Developmental psychology, Ethnic group, Sociology, Anthropology","en"
"10.1177/2167702614545216","Disengagement theory, Psychology, Subclinical infection, Generalized anxiety disorder, Anxiety, Salience (neuroscience), Attentional bias, Clinical psychology, Trait, Cognitive psychology, Developmental psychology, Psychiatry, Medicine","en"
"10.1186/s40163-021-00141-0","Workload, Evening, Public health, Police department, Service (business), Criminology, Work (physics), Center (category theory), Public relations, Political science, Business, Psychology, Medicine, Nursing, Engineering, Management, Marketing","en"
"10.1207/s15324834basp2504_5","Psychology, Cognition, Contrast (vision), Social cognition, Need for cognition, Social psychology, Cognitive psychology, Personality, Affect (linguistics)","en"
"10.1207/s15327795jra0303_2","Psychology, Identity (music), Personality, Social psychology, Big Five personality traits, Clinical psychology","en"
"10.1249/mss.0000000000000818","Jump, Physical medicine and rehabilitation, Cardiology, Medicine, Psychology, Physics","en"
"10.1257/aer.101.2.470","Economics, Affect (linguistics), Point (geometry), Rational expectations, Work (physics), Microeconomics, Econometrics, Psychology","en"
"10.1257/aer.101.2.526","Credence good, Credence, Economics, Reputation, Competition (biology), Liability, Information asymmetry, Market efficiency, Microeconomics, Yield (engineering), Monetary economics, Financial economics, Finance, Law","en"
"10.1257/aer.101.2.819","Dismissal, Economics, Wage, Commit, Reciprocity (cultural anthropology), Ex-ante, Labour economics, Compensation (psychology), Reputation, Incentive, Microeconomics, Order (exchange), Efficiency wage, Test (biology), Schedule, Management, Finance, Computer science, Psychology","en"
"10.1257/aer.101.2.927","Asset (computer security), Economics, Microeconomics, Coordination game, Incentive, Distortion (music), Financial market, Monetary economics, Financial economics, Finance, Computer science","en"
"10.1257/aer.101.4.1211","Blame, Outcome (game theory), Context (archaeology), Economics, Lying, Microeconomics, Pareto principle, Psychology, Social psychology, Operations management, Medicine","en"
"10.1257/aer.101.6.2562","Equilibrium selection, Social identity theory, Coordination game, Identity (music), Salient, Selection (genetic algorithm), Group (periodic table), Preference, Economics, Ingroups and outgroups, Collective identity, Microeconomics, Mathematical economics, Social group, Game theory, Social psychology, Repeated game, Computer science, Psychology, Political science, Artificial intelligence, Law","en"
"10.1257/aer.101.7.3109","Affect (linguistics), Preference, Happiness, Time preference, Psychology, Social psychology, Economics, Microeconomics, Communication","en"
"10.1257/aer.102.1.337","Economics, Dilemma, Prisoner's dilemma, Continuous variable, Microeconomics, Variable (mathematics), Control (management), Mathematical economics, Control variable, Econometrics, Game theory, Mathematics, Statistics","en"
"10.1257/aer.102.2.720","Punishment (psychology), Prisoner's dilemma, Dilemma, Diversity (politics), Anger, Microeconomics, Economics, Psychology, Social psychology, Game theory, Political science, Mathematics, Law","en"
"10.1257/aer.102.2.834","Discretion, Competition (biology), Economics, Productivity, Labour economics, Work (physics), Microeconomics, Macroeconomics","en"
"10.1257/aer.102.2.865","Confusion, Asset (computer security), Constant (computer programming), Context (archaeology), Economics, Value (mathematics), Cash, Monetary economics, Econometrics, Microeconomics, Mathematics, Biology, Statistics, Macroeconomics, Computer science, Psychology","en"
"10.1257/aer.102.5.2018","Organ donation, Organ transplantation, Medicine, Business, Actuarial science, Transplantation, Surgery","en"
"10.1257/aer.102.7.3317","Punishment (psychology), Imperfect, Economics, Offset (computer science), Microeconomics, Welfare, Public good, Public economics, Computer science, Social psychology, Psychology","en"
"10.1257/aer.103.4.1325","Delegation, Incentive, Economics, Politics, Microeconomics, Power (physics), Primary authority, Public economics, Law, Political science, Management","en"
"10.1257/aer.104.11.3434","Veto, Selection (genetic algorithm), Rank (graph theory), Arbitration, Computer science, Mathematical economics, Perspective (graphical), Key (lock), Economics, Microeconomics, Econometrics, Law, Mathematics, Artificial intelligence, Political science, Computer security","en"
"10.1257/aer.104.6.1735","Economics, Monetary economics, Wright, Welfare, General equilibrium theory, Microeconomics","en"
"10.1287/mnsc.2019.3362","Consumption (sociology), Psychology, Portfolio, Discriminant validity, Scale (ratio), Social psychology, Sociology, Economics, Developmental psychology, Psychometrics","en"
"10.1287/orsc.2021.1456","Entrepreneurship, Audit, Proposition, Test (biology), Public relations, Economics, Sociology, Marketing, Business, Political science, Management, Law, Epistemology","en"
"10.1371/journal.pone.0154854","Probabilistic logic, Population, Computer science, Statistics, Mathematics, Medicine, Environmental health","en"
"10.1509/jmkr.45.6.633","Honesty, Dishonesty, Deception, Cheating, Social psychology, Psychology, Work (physics), Engineering","en"
"10.1509/jmr.13.0023","Logo (programming language), Logos Bible Software, Perception, Advertising, Psychology, Brand engagement, Eye tracking, Congruence (geometry), Eye movement, Cognitive psychology, Computer science, Social psychology, Computer vision, Business, Artificial intelligence","en"
"10.1509/jmr.13.0451","Scarcity, Salience (neuroscience), Arousal, Perception, Psychology, Social psychology, Product (mathematics), Economics, Cognitive psychology, Microeconomics, Mathematics","en"
"10.1509/jppm.16.157","Scarcity, Loan, Market liquidity, Business, Perception, Psychological intervention, Economics, Extant taxon, Finance, Marketing, Public economics, Microeconomics, Psychology","en"
"10.1515/humr.14.2.117","Sense of humor, Psychology, Agreeableness, Neuroticism, Personality, Social psychology, Big Five personality traits, Humor research, Set (abstract data type), Extraversion and introversion, Developmental psychology","en"
"10.1515/ling.2011.016","Norm (philosophy), Argumentative, Linguistics, Interpretation (philosophy), Cognition, Psychology, Mathematics, Cognitive psychology, Computer science, Epistemology, Philosophy","en"
"10.1521/soco.2018.36.1.4","Scarcity, Psychology, Resource scarcity, Cognition, Function (biology), Dimension (graph theory), Everyday life, Social psychology, Economics, Political science, Microeconomics, Psychiatry","en"
"10.1523/jneurosci.3427-13.2014","Ventromedial prefrontal cortex, Infralimbic cortex, Extinction (optical mineralogy), Psychology, Neuroscience, Recall, Prefrontal cortex, Fear conditioning, Electrophysiology, Neuroimaging, Audiology, Cognitive psychology, Amygdala, Cognition, Medicine, Physics","en"
"10.1891/0886-6708.26.6.703","Aggression, Psychology, Association (psychology), Domestic violence, Human factors and ergonomics, Injury prevention, Poison control, Suicide prevention, Social psychology, Occupational safety and health, Cycle of violence, Developmental psychology, Clinical psychology, Medicine, Medical emergency","en"
"10.2196/jmir.2551","Silence, Psychology, Link (geometry), Video game, Social psychology, Multimedia, Applied psychology, Computer science, Aesthetics, Art","en"
"10.2466/pms.109.2.577-580","Simple (philosophy), Cognition, Cognitive psychology, Psychology, Asymmetry, Computer science, Neuroscience, Physics","en"
"10.2501/jar-40-1-2-29-34","Space (punctuation), Advertising, Product (mathematics), Psychology, Web page, Positive attitude, Rest (music), Business, Marketing, Social psychology, World Wide Web, Computer science, Mathematics, Medicine","en"
"10.3102/0013189x13507104","Outcome (game theory), Publication bias, Psychology, Psychological intervention, Reporting bias, Educational research, Non-response bias, Meta-analysis, MEDLINE, Medicine, Clinical psychology, Psychiatry, Political science, Mathematics education","en"
"10.3233/jad-2009-1163","Apolipoprotein E, Brain aging, Voxel, Voxel-based morphometry, Neuroscience, Aging brain, Psychology, Medicine, Diffusion MRI, Magnetic resonance imaging, White matter, Internal medicine, Radiology, Cognition, Disease","en"
"10.3389/fped.2019.00206","Single-nucleotide polymorphism, Chronic fatigue syndrome, Medicine, SNP, Genetic predisposition, Genetics, Allele frequency, Human genome, Bioinformatics, Allele, Biology, Internal medicine, Genotype, Genome, Gene, Disease","en"
"10.3389/fpsyg.2014.01276","Psychology, Priming (agriculture), Social psychology, Task (project management), Replication (statistics), Cognitive psychology","en"
"10.3389/fpsyg.2024.1335892","Shoot, Psychology, Applied psychology, Computer security, Computer science, Botany","en"
"10.3389/fpsyt.2012.00045","Antisaccade task, Transcranial direct-current stimulation, Saccade, Neuroscience, Psychology, Frontal eye fields, Latency (audio), Eye movement, Stimulation, Supplementary eye field, Computer science","en"
"10.37237/relay/010204","Psychology, Feeling, Psychological intervention, Social psychology, Pedagogy","en"
"10.3758/bf03194043","Mental rotation, Working memory, Task (project management), Psychology, Object (grammar), Rotation (mathematics), Mental representation, Cognitive psychology, Mental image, Short-term memory, Interference theory, Representation (politics), Communication, Cognition, Computer science, Computer vision, Artificial intelligence, Neuroscience","en"
"10.3758/bf03197186","Psychology, Weighting, Compatibility (geochemistry), Social psychology, LOOM, Artificial intelligence, Computer science","en"
"10.3758/bf03211160","Recall, Articulatory suppression, Presentation (obstetrics), Psychology, Similarity (geometry), Short-term memory, Interval (graph theory), Cognitive psychology, Serial position effect, Speech recognition, Encoding (memory), Free recall, Working memory, Communication, Cognition, Computer science, Artificial intelligence","en"
"10.3758/app.71.1.9","Facial expression, Expression (computer science), Psychology, Perception, Face (sociological concept), Face perception, Cognitive psychology, Communication, Computer science, Neuroscience","en"
"10.3758/bf03193824","Salience (neuroscience), Psychology, Visual search, Salient, Cognitive psychology, Attentional control, Stimulus (psychology), Selective attention, Singleton, Cognition, Artificial intelligence, Computer science, Neuroscience","en"
"10.3758/s13414-019-01723-6","Stroop effect, Visual search, Cognition, Task (project management), Psychology, Cognitive psychology, Affect (linguistics), Control (management), Task switching, Physical medicine and rehabilitation, Communication, Computer science, Neuroscience, Artificial intelligence, Medicine","en"
"10.3758/s13414-020-02150-8","Psychology, Task (project management), Cognitive psychology, Perception, Contrast (vision), Visual perception, Computer science, Neuroscience, Artificial intelligence","en"
"10.3758/s13423-014-0663-9","Generalization, Psychology, Priming (agriculture), Mirror neuron, Mirror image, Image (mathematics), Reading (process), Communication, Process (computing), Cognitive psychology, Artificial intelligence, Optics, Linguistics, Computer science, Mathematics, Physics","en"
"10.3758/s13428-021-01694-3","Data quality, Quality (philosophy), Computer science, Key (lock), Data science, Reputation, Reliability (semiconductor), Comprehension, Crowdsourcing, Data set, Honesty, Data collection, Psychology, World Wide Web, Computer security, Artificial intelligence, Business, Statistics, Social psychology, Marketing","en"
"10.4148/1944-9771.1299","Finance, Structural equation modeling, Quality (philosophy), Taboo, Sample (material), Psychology, Business, Political science","en"
"10.4324/9780203496398-9","Interpretation (philosophy), Psychology, Epistemology, Linguistics, Philosophy","en"
"10.4324/9781032633275-7","Similarity (geometry), Categorization, Mathematics, Object (grammar), Artificial intelligence, Set (abstract data type), Pattern recognition (psychology), Computer science, Image (mathematics)","en"
"10.51548/joctec-2021-016","Agreeableness, Hierarchical structure of the Big Five, Conscientiousness, Psychology, Extraversion and introversion, Personality, Big Five personality traits, Openness to experience, Neuroticism, Big Five personality traits and culture, Alternative five model of personality, Social media, Social psychology, Facet (psychology), Developmental psychology","en"
"10.5840/jphil20091061128","Norm (philosophy), Analytic philosophy, Philosophy, Contemporary philosophy, Epistemology","en"
"10.5840/jphil20111081238","Causation, Norm (philosophy), Philosophy, Epistemology","en"
"10.1073/pnas.2103313118","Scarcity, Audit, Replication (statistics), Empirical research, Value (mathematics), Field (mathematics), Psychology, Management science, Positive economics, Applied psychology, Computer science, Economics, Accounting, Epistemology, Microeconomics","en"
"10.1177/2515245918810225","Statistics, Replication (statistics), Statistical significance, Moderation, Statistic, Mathematics, Variation (astronomy), Interaction, Psychology, Demography, Econometrics, Physics","en"
"10.1177/19485506211056761","Affect (linguistics), Psychology, Mood, Extension (predicate logic), Replication (statistics), Social psychology, Heuristic, Computer science, Artificial intelligence","en"
"10.1525/collabra.77859","Replication (statistics), Extension (predicate logic), Rationality, Computer science, Exploratory research, Psychology, Code (set theory), Cognitive psychology, Statistics, Mathematics, Sociology, Epistemology, Programming language, Philosophy, Social science","en"
"10.1037/h0101833","Psychology, Witness, Replication (statistics), Law, Political science","en"
"10.1111/jpr.12158","Prosocial behavior, Psychology, Social psychology, Perception, Face (sociological concept), Object (grammar), Test (biology), Sociology","en"
"10.1097/psy.0b013e3181fdd074","Psychology, DNA methylation, Methylation, Child abuse, Epigenetics, CpG site, Sexual abuse, Physical abuse, Psychopathology, Clinical psychology, Poison control, Injury prevention, Psychiatry, Medicine, Genetics, Biology, Gene","en"
"10.1017/jdm.2024.31","Extension (predicate logic), Replication (statistics), Psychology, Singularity, Social psychology, Mathematics, Computer science, Statistics, Geometry, Programming language","en"
"10.1525/collabra.310","Anchoring, Contrast (vision), Salient, Psychology, Task (project management), Econometrics, Social psychology, Yield (engineering), Cognitive psychology, Economics, Computer science, Artificial intelligence","en"
"10.1016/j.jesp.2020.103972","Moderation, Psychology, Value (mathematics), Object (grammar), Social psychology, Alphabet, Set (abstract data type), Endowment effect, Statistics, Linguistics, Mathematics, Computer science","en"
"10.1177/0033294120957242","Psychology, Social psychology, Outcome (game theory), Stereotype (UML), Replicate, Function (biology), Identity (music), Social identity theory, Group (periodic table), Stereotype threat, Social group, Statistics","en"
"10.1007/s40732-024-00597-x","Delay discounting, Reinforcement, Discounting, Task (project management), Psychology, Replication (statistics), Preference, Impulsivity, Temporal discounting, Psychological intervention, Developmental psychology, Cognitive psychology, Social psychology, Medicine, Psychiatry, Economics","en"
"10.1002/jeab.915","Active listening, Psychology, Stimulus (psychology), Preference, CLARITY, Audiology, Stimulation, Social psychology, Cognitive psychology, Communication, Medicine, Neuroscience, Statistics, Mathematics","en"
"10.1111/padm.12860","Expectancy theory, Variety (cybernetics), Psychology, Replication (statistics), Test (biology), Function (biology), Social psychology, Statistics, Mathematics","en"
"10.1177/27550311251323281","Replication (statistics), Competition (biology), Extension (predicate logic), New product development, Product (mathematics), Business, Computer science, Marketing, Biology, Mathematics","en"
"10.18718/81781.27","Replication (statistics), Point (geometry), Statistical hypothesis testing, Type I and type II errors, Null hypothesis, Decision theory, Null (SQL), Dictator, Code (set theory), Decision model","en"
"10.17605/osf.io/wmqtb","Replication (statistics), Identification (biology), Context (archaeology), Set (abstract data type), Selection (genetic algorithm)","en"
"10.1016/j.jesp.2022.104372","Intentionality, Psychology, Perspective (graphical), Observer (physics), Social psychology, Perspective-taking, Cognitive psychology, Perception, Epistemology, Empathy, Artificial intelligence","en"
"10.1080/00222895.2014.898608","Sine wave, Amplitude, Task (project management), Fitts's law, Sine, Mathematics, Movement (music), Acoustics, Physics, Geometry, Optics, Engineering","en"
"10.1037/cep0000225","Crying, Psychology, Heart rate, Developmental psychology, Social psychology, Medicine, Internal medicine, Blood pressure","en"
"10.1016/j.xjmad.2024.100075","Replication (statistics), Extension (predicate logic), Tracking (education), Psychology, Eye tracking, Computer science, Social psychology, Internet privacy, Cognitive psychology, Applied psychology, Artificial intelligence, Statistics, Mathematics","en"
"10.1007/s10803-013-1900-1","Autism, Friendship, Psychology, Social skills, Anxiety, Social anxiety, Developmental psychology, Intervention (counseling), Clinical psychology, Social relation, Interpersonal relationship, Psychiatry, Social psychology","en"
"10.1007/s10803-014-2139-1","Autism, Psychology, Intervention (counseling), Stigma (botany), Mainstream, Mainstreaming, Clinical psychology, High-functioning autism, Developmental psychology, Special education, Autism spectrum disorder, Psychiatry, Pedagogy","en"
"10.1007/s10899-020-09932-7","Psychology, Illusion of control, Purchasing, Scratch, Replication (statistics), Illusion, Control (management), Test (biology), Credit card, Social psychology, Sample (material), Payment, Cognitive psychology, Marketing, Computer science, Medicine, Finance, Business","en"
"10.1007/s11002-025-09771-9","Replication (statistics), Variety (cybernetics), Computer science, Statistics, Mathematics, Artificial intelligence","en"
"10.1080/23273798.2016.1197954","Phrase, Word (group theory), Character (mathematics), Linguistics, Psychology, Computer science, Natural language processing, Mathematics","en"
"10.1007/s10834-024-09975-7","Pandemic, Coronavirus disease 2019 (COVID-19), Replication (statistics), Psychology, Virology, Biology, Medicine","en"
"10.1177/1948550616683017","Implicit-association test, Psychology, Stereotype (UML), Implicit attitude, Social psychology, Implicit personality theory, Set (abstract data type), Stereotype threat, Test (biology), Implicit bias, Cognitive psychology, Personality","en"
"10.1163/26670127-bja10017","German, Replication (statistics), Ninth, Mathematics education, Complement (music), Service (business), Psychology, Computer science, Linguistics, Mathematics","en"
"10.1007/s40732-024-00601-4","Replication (statistics), Disequilibrium, Computer science, Biology, Virology, Medicine","en"
"10.15626/mp.2021.2932","Replication (statistics), Extension (predicate logic), Psychology, Impossibility, Code (set theory), Applied psychology, Social psychology, Statistics, Computer science, Mathematics","en"
"10.1016/j.jesp.2015.10.012","Psychology, Conscientiousness, Generality, Replication (statistics), Sample (material), Mood, Quality (philosophy), Social psychology, Applied psychology, Personality, Big Five personality traits, Statistics","en"
"10.1098/rsos.231240","Replication (statistics), Replicate, Confidence interval, Computer science, Robustness (evolution), Statistics, Psychology, Biology, Mathematics, Genetics","en"
"10.1016/j.jesp.2020.103977","Regret, Harm, Psychology, Social psychology, Blame, Causality (physics), Action (physics), Attribution, Generalizability theory, Developmental psychology","en"
"10.1037/xap0000366","Intervention (counseling), Action (physics), PsycINFO, Extension (predicate logic), Psychology, Setback, Social psychology, Business, Political science, Computer science, Law","en"
"10.1177/0956797619831612","Psychology, Replication (statistics), Personality, Big Five personality traits, Clinical psychology, Personality Assessment Inventory, Applied psychology, Developmental psychology, Social psychology","en"
"10.1097/00041444-199322000-00006","Porphobilinogen deaminase, Locus (genetics), Genetics, Genetic linkage, Acute intermittent porphyria, Biology, Restriction fragment length polymorphism, Porphobilinogen, Gene, Allele, Genotype, Porphyria, Endocrinology","en"
"10.1016/j.jom.2005.11.004","Flexibility (engineering), Simplicity, Context (archaeology), Computer science, Empirical research, Manufacturing engineering, Industrial engineering, Operations management, Engineering, Economics, Management, Mathematics, Statistics","en"
"10.1093/schbul/sbae058","Medicine, Breast cancer, Odds ratio, Cancer, Population, Antipsychotic, Psychiatry, Schizophrenia (object-oriented programming), Confidence interval, Internal medicine, Cancer registry, Bipolar disorder, Mood","en"
"10.1080/20445911.2020.1805453","Psychology, Attentional bias, Disgust, Anger, Anxiety, Cognitive psychology, Facial expression, Audiology, Developmental psychology, Social psychology, Communication","en"
"10.1016/j.appet.2021.105619","Replication (statistics), Consumption (sociology), Psychology, Significant difference, Food science, Mathematics, Art, Biology, Statistics, Aesthetics","en"
"10.1177/1368430219861848","Disgust, Empathy, Consumption (sociology), Distress, Psychology, Processed meat, Social psychology, Food science, Clinical psychology, Biology","en"
"10.1016/j.appet.2023.106554","Emotional eating, Overeating, Psychology, Anxiety, Psychosocial, Disordered eating, Clinical psychology, Latent class model, Body mass index, Depression (economics), Obesity, Eating disorders, Psychiatry, Eating behavior, Medicine","en"
"10.1016/j.eatbeh.2024.101899","Psychology, Psychosocial, Replication (statistics), Clinical psychology, Eating disorders, Emotional regulation, Developmental psychology, Psychiatry","en"
"10.1111/psyp.12452","Psychology, Stimulus (psychology), Audiology, Arousal, Stimulus control, Differential effects, Neutral stimulus, Conditioning, Cognitive psychology, Developmental psychology, Social psychology, Neuroscience, Medicine","en"
"10.1371/journal.pone.0140570","Wynn, Replication (statistics), Preference, Psychology, Biology, Mathematics, Virology, Statistics","en"
"10.14288/1.0372317","Prosocial behavior, Wynn, Spanking, Replication (statistics), Psychology, Social psychology, Developmental psychology, Poison control, Medicine, Human factors and ergonomics, Medical emergency","en"
"10.3389/fpsyg.2013.00858","Disengagement theory, Psychology, Set (abstract data type), Cognitive psychology, Extinction (optical mineralogy), Computer science","en"
"10.31234/osf.io/dca65","Moral dilemma, Psychology, Social psychology, Replication (statistics), Personal space, Medicine","en"
"10.1080/00222895.2012.746635","Simon effect, Psychology, Cognitive psychology, Stimulus (psychology), Extant taxon, Stimulus–response compatibility, Cognition, Neuroscience, Biology","en"
"10.1016/j.cognition.2017.09.005","Psychology, Task (project management), Perseveration, Frame of reference, Geocentric model, Linguistics, Frame (networking), Cognitive psychology, Cognition, Computer science","en"
"10.17605/osf.io/qswe3","Psychology, Engineering ethics, Medical education, Epistemology, Medicine, Philosophy, Engineering","en"
"10.17605/osf.io/g2zv6","Ideology, Morality, Normative, Replication (statistics), Context (archaeology), Moral standards","en"
"10.1016/j.jesp.2023.104549","Psychology, Fluency, Priming (agriculture), Sentence, Cognitive psychology, Processing fluency, Task (project management), Verbal fluency test, Social psychology, Cognition, Neuropsychology, Natural language processing, Computer science, Mathematics education","en"
"10.1007/s00213-019-05314-z","Empathy, Psychology, Prosocial behavior, Harm, Moral reasoning, Social psychology, Morality, Empathic concern, Developmental psychology, Cognition, Moral disengagement, Clinical psychology, Perspective-taking, Psychiatry","en"
"10.1177/01461672211052120","Harm, Psychology, Utilitarianism, Social psychology, Phenomenon, Dilemma, Moral reasoning, Beneficence, Moral dilemma, Moral psychology, Control (management), Epistemology, Autonomy, Law","en"
"10.12688/openreseurope.17749.1","Frustration, Psychology, Task (project management), Replicate, Social psychology, Replication (statistics), Cognitive psychology, Medicine","en"
"10.1038/s41598-022-04997-3","Bayesian probability, Computer science, Computerized adaptive testing, Bayesian statistics, Machine learning, Bayesian inference, Artificial intelligence, Data mining, Statistics, Psychometrics, Mathematics","en"
"10.1016/j.cortex.2019.03.026","Percept, Psychophysics, Psychology, Bayesian probability, Maximum likelihood, Statistics, Estimation, Bayesian inference, Perception, Pattern recognition (psychology), Cognitive psychology, Mathematics","en"
"10.1016/j.physbeh.2010.12.015","Endocrinology, Circadian rhythm, Internal medicine, Startle response, Prepulse inhibition, Glucocorticoid, Offspring, Prenatal stress, In utero, Basal (medicine), Psychology, Medicine, Biology, Pregnancy, Fetus, Schizophrenia (object-oriented programming), Psychiatry","en"
"10.1016/j.beproc.2017.03.017","Discounting, Delay discounting, Cannabis, Psychology, Economics, Econometrics, Psychiatry","en"
"10.1016/j.drugalcdep.2024.111323","Replication (statistics), Sample (material), Substance use, Psychology, Clinical psychology, Medicine, Chemistry, Chromatography, Virology","en"
"10.5281/zenodo.6426882","Replication (statistics), Mathematics education, Psychology, Computer science, Biology, Virology","en"
"10.18718/81781.23","Crowds, Private consumption, Consumption (sociology), Government (linguistics), Replication (statistics), Public good, Sample (material)","en"
"10.17645/mac.7666","Normative, Open science, Data sharing, Survey data collection, Replication (statistics), Dialog box, Incentive, Psychology, Normative social influence, Scholarly communication, Resource (disambiguation), Social psychology, Behavioural sciences, Theory of planned behavior, Sociology, Political science, Computer science, Social science, Law, Economics, World Wide Web, Control (management)","en"
"10.3389/fcomm.2022.1048896","Generalizability theory, Replication (statistics), Sensory system, Sample (material), Psychology, Sensory cue, Marketing, Applied psychology, Cognitive psychology, Developmental psychology, Statistics, Mathematics, Business, Chemistry","en"
"10.1002/acp.4202","Misinformation, Credibility, Psychology, False memory, Cognitive psychology, Perception, Internet privacy, Computer science, Computer security, Neuroscience, Political science, Recall","en"
"10.1016/j.jenvp.2024.102289","Worry, Feeling, Replication (statistics), Psychology, Social psychology, Anxiety, Psychiatry, Medicine, Virology","en"
"10.1016/j.jesp.2013.05.011","Honesty, Psychology, Priming (agriculture), Social psychology, Dishonesty","en"
"10.1016/j.jesp.2020.104066","Subliminal stimuli, Anchoring, Psychology, Replication (statistics), Scripting language, Social psychology, Open science, Cognitive psychology, Computer science","en"
"10.1027/1864-9335/a000188","Construal level theory, Psychology, Social psychology, Social distance, Replication (statistics), Trope (literature)","en"
"10.17605/osf.io/xszk6","Perception, Priming (agriculture), Social psychology, Psychology, Cognitive psychology, Environmental science, Neuroscience, Biology","en"
"10.1525/collabra.277","Replication (statistics), Psychology, Word (group theory), Cognition, Test (biology), Meaning (existential), Cognitive psychology, Developmental psychology, Linguistics, Mathematics, Statistics","en"
"10.1027/1864-9335/a000178","Psychology, Replicate, Replication (statistics), Social psychology, Conservatism, Priming (agriculture), Sample (material), Variation (astronomy), Prejudice (legal term), Statistics","en"
"10.1016/j.jesp.2015.08.005","Affect (linguistics), Happiness, Economics, Monetary economics, Psychology, Keynesian economics, Social psychology, Communication","en"
"10.1016/j.jesp.2024.104712","Psychology, Social psychology, Contrast (vision), White (mutation), Impression formation, Extension (predicate logic), Social perception, Perception, Optics","en"
"10.3389/fpsyg.2020.02107","Forgiveness, Psychology, Closeness, Interpersonal communication, Empathy, Social psychology, Interpersonal relationship, Cognitive psychology","en"
"10.3758/s13421-019-00899-4","Psychology, Metamemory, Cognitive psychology, Stimulus (psychology), Encoding (memory), Metacognition, Control (management), Human memory, Cognition, Cognitive science, Neuroscience, Artificial intelligence","en"
"10.1016/j.jsams.2024.07.018","Anaerobic exercise, Replication (statistics), Dynamic balance, Balance (ability), Test (biology), Physical medicine and rehabilitation, Psychology, Balance test, Physical therapy, Medicine, Engineering, Biology, Ecology, Mechanical engineering","en"
"10.1016/j.jsp.2024.101307","Fluency, Coaching, Baseline (sea), Psychology, Multiple baseline design, Reading (process), Replication (statistics), Context (archaeology), Intervention (counseling), Psychological intervention, Empirical research, Applied psychology, Medical education, Mathematics education, Medicine, Psychotherapist","en"
"10.1007/s11251-024-09670-y","Replication (statistics), Mathematics education, Educational psychology, Instructional design, Computer science, Variance (accounting), Psychology, Cognitive psychology, Mathematics, Statistics","en"
"10.1080/0163853x.2024.2339738","Replication (statistics), Extension (predicate logic), Intervention (counseling), Mathematics education, Psychology, Medical education, Pedagogy, Computer science, Medicine, Virology, Programming language","en"
"10.1080/19345747.2024.2333734","Closing (real estate), Replication (statistics), Reading (process), Intervention (counseling), Mechanism (biology), Psychology, Computer science, Biology, Political science, Linguistics, Virology, Epistemology, Philosophy, Psychiatry","en"
"10.1093/geronb/gbt044","Anticipation (artificial intelligence), Psychology, Episodic memory, Cognition, Memory test, Cognitive aging, Cognitive psychology, Recognition memory, Developmental psychology, Audiology, Neuroscience, Medicine, Computer science","en"
"10.1525/collabra.90203","Phenomenon, Replication (statistics), Debiasing, Psychology, Extension (predicate logic), Social psychology, Donation, Scope (computer science), Computer science, Epistemology, Medicine, Political science, Law","en"
"10.31234/osf.io/68jft","Hierarchy, Replication (statistics), Language change, Chemistry, Political science, Mathematics, Art, Law, Statistics, Literature","en"
"10.1016/j.jrp.2010.11.010","Altruism (biology), Politics, Biology and political orientation, Ideology, Realm, Social psychology, Voting behavior, Voting, Psychology, Positive economics, Replicate, Political science, Economics, Law, Statistics","en"
"10.1016/j.paid.2015.04.020","Mental toughness, Forgetting, Psychology, Personality, Conscientiousness, Big Five personality traits, Cognitive psychology, Developmental psychology, Social psychology, Extraversion and introversion","en"
"10.1016/j.paid.2015.08.031","Psychology, Perfectionism (psychology), Moral disengagement, Social psychology, Personality, Moral psychology, Social cognitive theory of morality, Moral development, Developmental psychology","en"
"10.1016/j.paid.2024.112692","Replication (statistics), Psychology, Extension (predicate logic), Factor (programming language), Cognitive science, Cognitive psychology, Programming language, Computer science, Virology","en"
"10.24839/2325-7342.jn26.4.422","Narrative, Empathy, Affect (linguistics), Reading (process), Feeling, Psychology, Trait, Social psychology, Literature, Aesthetics, Art, Linguistics, Communication, Philosophy, Computer science","en"
"10.1002/erv.3103","Psychology, Anorexia nervosa, Emotion recognition, Eating disorders, Facial expression, Developmental psychology, Task (project management), Clinical psychology, Communication","en"
"10.1016/j.psychsport.2024.102761","Athletes, Psychology, Replication (statistics), Extension (predicate logic), Intervention (counseling), Clinical psychology, Applied psychology, Psychiatry, Physical therapy, Statistics, Medicine","en"
"10.1080/09540121.2011.630348","Vulnerability (computing), Psychology, Stigma (botany), Just-world hypothesis, Perception, Social psychology, Self-efficacy, Mediation, Risk perception, Human immunodeficiency virus (HIV), Clinical psychology, Developmental psychology, Medicine, Psychiatry","en"
"10.1016/j.joep.2018.11.004","Attractiveness, Apartment, Renting, Anonymity, Advertising, Trustworthiness, Business, Internet privacy, Psychology, Computer science, Political science, Computer security, Law","en"
"10.3389/fnhum.2014.00019","Stimulus (psychology), Visual evoked potentials, Amplitude, Change detection, Psychology, Visual N1, Audiology, Visual perception, Physics, Computer vision, Artificial intelligence, Communication, Optics, Neuroscience, Computer science, Perception, Cognitive psychology, Medicine","en"
"10.1525/collabra.87489","Heuristic, Replication (statistics), Value (mathematics), Psychology, Object (grammar), Quality (philosophy), Social psychology, Sample (material), Statistics, Computer science, Artificial intelligence, Mathematics, Epistemology","en"
"10.1080/15614263.2023.2185241","Politics, Criminology, George (robot), Meaning (existential), Political science, Ethnic group, Sociology, Law, Social psychology, Psychology, History","en"
"10.1017/s0272263124000378","Neuroscience of multilingualism, Flexibility (engineering), Task (project management), Linguistics, Task switching, Code-switching, Psychology, Mathematics, Economics, Philosophy, Statistics","en"
"10.1080/23743603.2021.1878340","Decoy, Regret, Replication (statistics), Salience (neuroscience), Replicate, Sample size determination, Psychology, Econometrics, Computer science, Social psychology, Statistics, Cognitive psychology, Mathematics, Biology, Genetics","en"
"10.1016/j.jbtep.2020.101573","Psychology, Obsessive compulsive, Clinical psychology, Psychotherapist","en"
"10.1017/xps.2022.35","Politics, Stereotype threat, Gender gap, Stereotype (UML), Psychology, Replication (statistics), Artifact (error), Social psychology, Political science, Biology, Demographic economics","en"
"10.1016/j.jesp.2021.104222","Psychology, Replicate, Ideology, Social psychology, Value (mathematics), Sensitization, Perception, Preference, Demography, Developmental psychology, Statistics, Mathematics, Sociology, Political science","en"
"10.15626/mp.2022.3108","Default, Framing (construction), Framing effect, Actuarial science, Organ donation, Donation, Psychology, Social psychology, Economics, Business, Medicine, Law, Political science","en"
"10.15626/mp.2019.2134","Harm, Preference, Psychology, Social psychology, Statistics, Mathematics","en"
"10.31234/osf.io/nymh2","Framing (construction), Default, Framing effect, Actuarial science, Donation, Organ donation, Psychology, Social psychology, Economics, Political science, Law, Medicine","en"
"10.31234/osf.io/mtsx8","Attractiveness, Physical attractiveness, Inequality, Psychology, Social psychology, Demography, Demographic economics, Economics, Sociology","en"
"10.1080/09658211.2011.590505","Psychology, Depression (economics), Intrusion, Anxiety, Distress, Clinical psychology, Prospective memory, Psychiatry, Cognition","en"
"10.1037/a0033303","Psychopathy, Antisocial personality disorder, Psychology, Comorbidity, Psychopathy Checklist, Cognition, Clinical psychology, Psychiatry, Conduct disorder, Personality, Poison control, Injury prevention, Medicine, Social psychology","en"
"10.1037/xap0000321","Accountability, Replication (statistics), Outcome (game theory), Process (computing), Psychology, Process management, Business, Political science, Computer science, Medicine, Virology, Economics, Law, Operating system, Microeconomics","en"
"10.1177/25152459231213375","Cognitive dissonance, Attitude change, Psychology, Self-justification, Self-perception theory, Social psychology, Popularity, Constructive, Cognition, Exploratory research, Sociology, Social science","en"
"10.1017/xps.2017.8","Priming (agriculture), Evening, Psychology, Personality, Presidential system, Replication (statistics), Social psychology, Prime minister, Political science, Medicine","en"
"10.1177/1948550620948973","Replication (statistics), Trait, Psychology, Extension (predicate logic), Confidence interval, Interval (graph theory), Controllability, Social psychology, Statistics, Mathematics, Computer science, Combinatorics","en"
"10.17605/osf.io/knjhu","Replication (statistics), Affect (linguistics), Psychology, Outcome (game theory), Social psychology, Statistics, Econometrics, Mathematics, Mathematical economics","en"
"10.1525/collabra.37122","Regret, Replication (statistics), Action (physics), Phenomenon, Meaning (existential), Psychology, Term (time), Social psychology, Cognitive psychology, Computer science, Epistemology, Statistics, Mathematics, Psychotherapist, Philosophy","en"
"10.1525/collabra.35271","Replicate, Replication (statistics), Computer science, Salience (neuroscience), Quality (philosophy), Psychology, Artificial intelligence, Medicine, Epistemology, Statistics, Mathematics","en"
"10.1177/1948550619900570","Inertia, Context (archaeology), Value (mathematics), Psychology, Phenomenon, Social psychology, Statistics, Mathematics, Epistemology, Physics","en"
"10.1037/0022-3514.83.2.406","Psychology, Social psychology, Consciousness, Self-consciousness, Cognitive psychology","en"
"10.1037/0022-3514.90.6.893","Psychology, Priming (agriculture), Social psychology, Outgroup, Aggression, Trait, Expression (computer science), Social perception, Function (biology), Developmental psychology, Perception","en"
"10.1371/journal.pone.0029081","Priming (agriculture), Perspective (graphical), Unconscious mind, Psychology, Debriefing, Cognitive psychology, Social psychology, Computer science, Psychoanalysis","en"
"10.1177/08902070221094216","Psychology, Prosocial behavior, Developmental psychology, Attachment theory, Replication (statistics), Social psychology","en"
"10.1525/collabra.23443","Moderation, Miller, Voting, Social psychology, Psychology, Prosocial behavior, Self-interest, Power (physics), Payment, Receipt, Ordered logit, Behavioral economics, Economics, Political science, Statistics, Mathematics, Microeconomics, Finance, Accounting","en"
"10.17605/osf.io/7weum","Replication (statistics), Context (archaeology), DNA replication, Identification (biology)","en"
"10.1111/spc3.12557","Psychology, Normality, Action (physics), Social psychology, Interpersonal communication, Miller, Morality, Commission, Psyche, Norm (philosophy), Action theory (sociology), Epistemology","en"
"10.17605/osf.io/j3ue4","Shame, Feeling, Replication (statistics), Self-disclosure, Moral standards","en"
"10.1016/j.jesp.2020.104052","Happiness, Zhàng, Psychology, Situational ethics, Social psychology, Social comparison theory, Mode (computer interface), Replication (statistics), Affect (linguistics), Extension (predicate logic), Statistics, Computer science, China, Mathematics","en"
"10.1111/bjso.12217","Misattribution of memory, Affect (linguistics), Incentive, Psychology, Social psychology, Prime (order theory), Control (management), Implicit-association test, Economics, Microeconomics, Communication, Neuroscience, Mathematics","en"
"10.5334/irsp.571","Replication (statistics), Trait, Psychology, Ascription, Attribution, Extension (predicate logic), Biology, Social psychology, Theology, Computer science, Philosophy","en"
"10.17605/osf.io/j9mfn","Extension (predicate logic), Replication (statistics), MEDLINE, Statistical analysis","en"
"10.1126/science.aac4716","Replication (statistics), Confidence interval, Reproducibility, Psychological science, Statistics, Psychology, Meta-analysis, Publication bias, Interval (graph theory), Feature (linguistics), Clinical psychology, Mathematics, Social psychology, Medicine","en"
"10.1177/0146167213510746","Feeling, Psychology, Social psychology","en"
"10.1177/2515245920958687","Replication (statistics), Replicate, Protocol (science), Data collection, Computer science, Sample size determination, Open science, Psychology, Range (aeronautics), Medicine, Statistics, Alternative medicine, Pathology, Mathematics","en"
"10.3758/s13423-014-0757-4","Psychology, Task (project management), Noise (video), Replication (statistics), Social psychology, Replicate, Cognitive psychology, Population, Computer science, Statistics, Artificial intelligence","en"
"10.1177/2515245920927643","Replication (statistics), Protocol (science), Ninth, Negotiation, Psychology, Significant difference, Biology, Sociology, Mathematics, Statistics, Medicine, Social science, Virology, Physics","en"
"10.17605/osf.io/etg7c","Replication (statistics), Viral replication, DNA replication, Virus","en"
"10.1080/02699931.2018.1504747","Psychology, Regret, Social psychology, Miller, Counterfactual thinking, Normality, Norm (philosophy), Personality, Law","en"
"10.1016/j.jesp.2021.104154","Hindsight bias, Psychology, Replication (statistics), Debiasing, Social psychology, Cognitive psychology, Statistics, Mathematics","en"
"10.17605/osf.io/ahcpw","Extension (predicate logic), Replication (statistics), Plan (archaeology), Scheme (mathematics)","en"
"10.1037/pspa0000214","Construal level theory, Psychology, Trope (literature), Replication (statistics), Social psychology, Mental representation, Preference, Representation (politics), Cognitive psychology, Cognition, Statistics, Mathematics","en"
"10.1037/a0024587","Memory span, Psychology, Task (project management), Working memory, Cognitive psychology, Span (engineering), PsycINFO, Short-term memory, Cognition, Neuroscience","en"
"10.1186/2050-7283-1-22","Ego depletion, Psychology, Self-control, Control (management), Null hypothesis, Cognitive psychology, Social psychology, Null (SQL), Variance (accounting), Developmental psychology, Statistics, Computer science, Artificial intelligence, Data mining, Mathematics","en"
"10.1371/journal.pone.0147770","Ego depletion, Moderation, Id, ego and super-ego, Psychology, Task (project management), Extant taxon, Phenomenon, Cognitive psychology, Social psychology, Cognition, Robustness (evolution), Self-control, Developmental psychology, Biology","en"
"10.1002/pits.22027","Psychology, Student engagement, Context (archaeology), Perception, Dynamics (music), Social psychology, Developmental psychology, Population, Pedagogy","en"
"10.1037/emo0001389","Psychology, Replication (statistics), Extension (predicate logic), Cognitive psychology, Social psychology","en"
"10.3758/s13421-019-00958-w","Mnemonic, Psychology, Cognition, Working memory, Cognitive load, Cognitive psychology, Task (project management), Interference (communication), Neuroscience, Computer science","en"
"10.1525/collabra.177","Attractiveness, Replication (statistics), Psychology, Physical attractiveness, Exploratory research, Romance, Null hypothesis, Social psychology, Applied psychology, Medical education, Statistics, Sociology, Medicine, Social science, Mathematics","en"
"10.1016/j.jrp.2019.103902","Prosocial behavior, Generalizability theory, Psychology, Socioeconomic status, Social class, Social psychology, Replication (statistics), Class (philosophy), Developmental psychology, Demography","en"
"10.1016/j.joep.2022.102509","Replication (statistics), Valuation (finance), Economics, Value (mathematics), Asymmetry, Psychology, Positive economics, Social psychology, Microeconomics, Statistics, Accounting, Mathematics","en"
"10.1177/1745691612463078","Psychology, Extrasensory perception, Commit, Replication (statistics), Confirmatory factor analysis, Replicate, Confirmation bias, Interpretation (philosophy), Perception, Exploratory research, Statistical hypothesis testing, Cognitive psychology, Data science, Social psychology, Computer science, Structural equation modeling, Statistics, Sociology, Social science, Mathematics","en"
"10.1037/a0036079","Bathing, Loneliness, Psychology, Trait, Association (psychology), Developmental psychology, Clinical psychology, Social psychology, Medicine","en"
"10.1037/arc0000007","Psychology, Loneliness, Trait, Replication (statistics), Developmental psychology, Social psychology, Medicine","en"
"10.17605/osf.io/w34fb","Extension (predicate logic), Replication (statistics), Gray (unit), Statistical analysis","en"
"10.1525/collabra.57785","Experiential learning, Centrality, Psychology, Extension (predicate logic), Code (set theory), Replication (statistics), Social psychology, Medicine, Pedagogy, Mathematics, Computer science, Combinatorics","en"
"10.1037/xge0000090","Replicate, Secrecy, Robustness (evolution), Throwing, Psychology, Computer science, Social psychology, Statistics, Artificial intelligence, Mathematics, Computer security, Engineering","en"
"10.3758/s13423-013-0549-2","Psychology, Cognitive psychology","en"
"10.1037/pspa0000444","Psychology, Extension (predicate logic), Replication (statistics), Social psychology, Overconfidence effect, Statistics","en"
"10.3389/fpsyg.2015.01221","Unconscious mind, Psychology, Lie detection, Deception, Deliberation, Cognitive psychology, Social psychology, Phenomenon, Epistemology, Psychoanalysis, Philosophy","en"
"10.1002/ejsp.2172","Psychology, Embodied cognition, Phonation, European Portuguese, Portuguese, Cognitive psychology, Stimulus (psychology), Covert, Cognition, Social psychology, Articulator, Communication, Developmental psychology, Audiology, Linguistics, Neuroscience","en"
"10.31234/osf.io/3bhja","Conscientiousness, Unemployment, Openness to experience, Big Five personality traits, Personality, Agreeableness, Psychology, Demographic economics, Job loss, Trait, Personality changes, Replication (statistics), Social psychology, German, Economics, Extraversion and introversion, Economic growth, Geography, Medicine","en"
"10.1037/xhp0000489","Imitation, Movement (music), Representation (politics), Psychology, Replicate, Cognitive psychology, Computer science, Communication, Artificial intelligence, Social psychology, Mathematics, Statistics","en"
"10.1037/ebs0000279","Affect (linguistics), Categorization, Replication (statistics), Psychology, Miller, Cognitive psychology, Developmental psychology, Social psychology, Biology, Communication, Ecology, Virology, Computer science, Artificial intelligence","en"
"10.1080/02732173.1991.9981978","White (mutation), Trait, Psychology, Social psychology, Gender studies, Demography, Sociology","en"
"10.1037/pspa0000261","Psychology, Replication (statistics), Social psychology, Face (sociological concept), Social influence, Statistics, Social science, Sociology","en"
"10.31234/osf.io/w87yr","Reciprocity (cultural anthropology), Replication (statistics), Psychology, Population, Social psychology, Test (biology), Compliance (psychology), Face (sociological concept), Reciprocal, Sociology, Statistics, Social science, Demography, Mathematics","en"
"10.1037/lhb0000596","Deception, Psychology, Replication (statistics), Legal psychology, Social psychology, Applied psychology, Medicine","en"
"10.1002/ejsp.2748","Outgroup, Ingroups and outgroups, Psychology, Social psychology, Criticism, Social identity theory, Norm (philosophy), In-group favoritism, Identity (music), Collective identity, Social group, Epistemology","en"
"10.1017/s1930297500007774","Generality, Credibility, Replicate, Proposition, Fluency, Psychology, Generalizability theory, Social psychology, Cognitive psychology, Perception, Framing effect, Processing fluency, Framing (construction), Moderation, Computer science, Linguistics, Statistics, Developmental psychology, Mathematics, Persuasion","en"
"10.26443/msurj.v19i1.231","Replication (statistics), Humility, Psychology, Political science, Biology, Law, Virology","en"
"10.1037/gdn0000121","Replication (statistics), Outcome (game theory), Psychology, Clinical psychology, Medicine, Mathematics","en"
"10.1002/pros.21320","Prostate cancer, Genetics, Prostate, Biology, Chromosome, Population, Oncology, Medicine, Internal medicine, Cancer, Gene, Environmental health","en"
"10.1016/j.cortex.2018.03.026","Forgetting, Psychology, Retrieval-induced forgetting, Replicate, Motivated forgetting, Cognitive psychology, Disengagement theory, Replication (statistics), Interference theory, Neuroscience, Cognition, Working memory, Statistics","en"
"10.3389/fnhum.2019.00119","Conservatism, Liberalism, Czech, Sociocultural evolution, Biology and political orientation, Politics, Context (archaeology), Psychology, Classical liberalism, Political science, Ideology, Social psychology, Law, Geography","en"
"10.1037/xge0001503","Psychology, Replication (statistics), PsycINFO, Sensory cue, Food intake, Social psychology, Cognitive psychology, Developmental psychology, MEDLINE, Medicine","en"
"10.1038/s41467-024-46936-y","Extinction (optical mineralogy), Ventromedial prefrontal cortex, Psychology, Prefrontal cortex, Memory consolidation, Neuroscience, Dopamine, Biology, Cognition, Hippocampus","en"
"10.31234/osf.io/xjaty","Anonymity, Sense (electronics), Replication (statistics), Psychology, Computer science, Social psychology, Mathematics, Computer security, Engineering, Electrical engineering, Statistics","en"
"10.1098/rsos.210641","Psychology, Empathy, Cognition, Affect (linguistics), Theory of mind, Population, Compassion, Social cognition, Developmental psychology, Cognitive psychology, Social psychology, Sociology, Political science, Neuroscience","en"
"10.1038/s41598-021-88139-1","Perception, Psychology, Wife, Subconscious, Social perception, Cognition, Social psychology, Developmental psychology, Medicine, Law","en"
"10.1038/s41598-024-63724-2","Valence (chemistry), Replication (statistics), Perception, Psychology, Computer science, Orthodontics, Audiology, Biology, Ophthalmology, Medicine, Physics, Neuroscience","en"
"10.1111/pops.12446","Psychology, Turnout, Identity (music), Verb, Social identity theory, Social psychology, Priming (agriculture), Noun, Psychological intervention, Scale (ratio), Cognitive psychology, Politics, Linguistics, Social group, Political science, Voting","en"
"10.1038/s41562-024-02062-9","Replication (statistics), Econometrics, Psychology, Statistical hypothesis testing, Statistics, Outcome (game theory), Statistical significance, Computer science, Biology, Economics, Mathematics, Microeconomics","en"
"10.17645/mac.7807","Affect (linguistics), Arousal, Negativity effect, Context (archaeology), Argument (complex analysis), Psychology, Negativity bias, Empirical evidence, Facial electromyography, Replication (statistics), Social psychology, Politics, Facial expression, Political science, History, Biology, Communication","en"
"10.31234/osf.io/jfmsz","Replication (statistics), Diversity (politics), Psychology, Sociology, Social psychology, Mathematics, Statistics, Anthropology","en"
"10.1073/pnas.2402315121","Psychology, Management science, Economics","en"
"10.32714/ricl.10.01.08","Optimal distinctiveness theory, Linguistics, Imperfect, Verb, Past tense, Psychology, Second-language acquisition, Computer science, Philosophy","en"
"10.1093/applin/amae042","Psychology, Prestige, Portuguese, Linguistics, Brazilian Portuguese, Stress (linguistics), Competence (human resources), Social psychology, Cognitive psychology","en"
"10.1080/02699931.2019.1710110","Recall, Cued speech, Emotionality, Cued recall, Cognitive psychology, Psychology, Affect (linguistics), Object (grammar), Encoding (memory), Valence (chemistry), Computer science, Artificial intelligence, Communication, Free recall, Social psychology","en"
"10.31234/osf.io/ntukz","Anger, Psychology, Replication (statistics), Perception, Demand characteristics, Social psychology, Statistics","en"
"10.1080/02699931.2020.1863187","Disgust, Mnemonic, Psychology, Valence (chemistry), Cognitive psychology, Affect (linguistics), Replicate, Arousal, Recall, Social psychology, Anger, Communication","en"
"10.1016/s0005-7967(98)00158-2","Psychology, Attentional bias, Anxiety, Vigilance (psychology), Cognitive bias, Cognitive psychology, Cognition, Facial expression, Audiology, Stimulus (psychology), Task (project management), Trait, Developmental psychology, Communication, Computer science, Neuroscience","en"
"10.1027/1864-1105/a000334","Psychology, Competence (human resources), Feeling, Autonomy, Social psychology, Phenomenon, Replication (statistics), Binge eating, Clinical psychology, Medicine, Eating disorders","en"
"10.1002/cpp.70057","Alliance, Replication (statistics), Extension (predicate logic), Psychology, Context (archaeology), Social psychology, Cognitive psychology, Computer science, Archaeology, History, Statistics, Mathematics","en"
"10.1080/10584609809342367","Political science, Advertising, Business","en"
"10.1002/rrq.62","Reading (process), Turnover, Poverty, Psychology, Mathematics education, Pedagogy, Political science, Economics, Economic growth, Management","en"
"10.1016/j.actpsy.2020.103138","Age of Acquisition, Task (project management), Psychology, Word (group theory), Subtraction, Cognitive psychology, Speech recognition, Communication, Cognition, Arithmetic, Computer science, Linguistics, Mathematics, Neuroscience","en"
"10.1080/17470218.2012.699077","Cognitive psychology, Task (project management), Psychology, Face (sociological concept), Simple (philosophy), Computer science, Communication","en"
"10.1080/23273798.2024.2337948","Replication (statistics), Psychology, Cognitive psychology, Biology, Virology","en"
"10.15626/mp.2020.2639","Variety (cybernetics), Psychology, Business, Computer science, Artificial intelligence","en"
"10.1016/j.jesp.2024.104619","Persuasion, Psychology, Replication (statistics), Extension (predicate logic), Social psychology, Computer science","en"
"10.15626/mp.2020.2538","Replication (statistics), Product (mathematics), Psychology, Demography, Internal medicine, Medicine, Mathematics, Sociology","en"
"10.17605/osf.io/ezw6p","Replication (statistics), Identification (biology), DNA replication","en"
"10.1016/j.actpsy.2022.103717","Replication (statistics), Psychology, Cognitive psychology, Neuroscience, Medicine, Virology","en"
"10.1016/j.bbr.2024.115096","Psychology, Calorie, Cognitive psychology, Population, Cognition, GRASP, Arousal, Developmental psychology, Social psychology, Computer science, Medicine, Neuroscience, Environmental health","en"
"10.1080/08870446.2013.841911","Coping (psychology), Psychology, Physical therapy, Booster (rocketry), Self-management, Intervention (counseling), Clinical psychology, Psychological intervention, Self-efficacy, Medicine, Psychotherapist, Psychiatry","en"
"10.1038/s41598-020-66915-9","Digit ratio, Testosterone (patch), Context (archaeology), Endocrine system, Exertion, Internal medicine, Endocrinology, Hormone, Psychology, Medicine, Physiology, Developmental psychology, Biology","en"
"10.48550/arxiv.1605.00178","Raising (metalworking), Replication (statistics), Object (grammar), Quantifier (linguistics), Noun phrase, Antecedent (behavioral psychology), Computer science, Context (archaeology), Parsing, Linguistics, Natural language processing, Verb, Relative clause, Scope (computer science), Point (geometry), Noun, Artificial intelligence, Psychology, Mathematics, Programming language, Statistics, Biology, Philosophy, Social psychology","en"
"10.1525/collabra.68054","Presidential system, Hostility, Context (archaeology), Replication (statistics), Political science, Psychology, Social psychology, Media studies, Sociology, Politics, Law, History, Medicine","en"
"10.1126/science.aaf0918","Sample (material), Econometrics, Statistics, Sample size determination, Reproducibility, Line (geometry), Economics, Mathematics, Psychology, Chemistry","en"
"10.1111/psyp.12825","Psychology, Arousal, Orienting response, Skin conductance, Salient, Salience (neuroscience), Heart rate, Identity (music), Cognitive psychology, Psychophysiology, Social psychology, Neuroscience, Artificial intelligence","en"
"10.1177/0145445518786463","Autism spectrum disorder, Intervention (counseling), Autism, Psychology, Clinical psychology, Early childhood, Standardized test, Adaptive behavior, Developmental psychology, Psychiatry","en"
"10.1016/j.ijpsycho.2015.12.004","Somatosensory system, Neuroscience, Audiology, Psychology, Somatosensory evoked potential, Medicine","en"
"10.1016/j.cortex.2014.11.019","Replicate, Replication (statistics), Psychology, Bayes factor, Confirmatory factor analysis, Null hypothesis, Bayes' theorem, Statistical hypothesis testing, False discovery rate, Cognitive psychology, Meta-analysis, Reliability (semiconductor), Scrutiny, Bayesian probability, Econometrics, Statistics, Structural equation modeling","en"
"10.17605/osf.io/evdp5","Task (project management), Replication (statistics), Preference, Series (stratigraphy)","en"
"10.1016/j.jbtep.2020.101569","Looming, Psychology, Cognition, Cognitive psychology, Anxiety, Content-addressable memory, Working memory, Reconstructive memory, Anxiety sensitivity, Episodic memory, Childhood memory, Neuroscience, Psychiatry","en"
"10.1109/iccq60895.2024.10576941","Readability, Replication (statistics), Chaining, Computer science, Comprehension, Program comprehension, Programming language, Psychology, Statistics, Mathematics, Software, Developmental psychology","en"
"10.1007/978-3-031-55844-3_4","Replication (statistics), Psychology, Anxiety, Process (computing), Computer science, Cognitive psychology, Mathematics, Statistics, Psychiatry, Programming language","en"
"10.15626/mp.2020.2474","Conjunction (astronomy), Ambiguity, Context (archaeology), Replication (statistics), Computer science, Psychology, Extension (predicate logic), Prospect theory, Cognitive psychology, Statistics, Mathematics, Programming language, Microeconomics","en"
"10.31234/osf.io/kavx4","Task (project management), Replication (statistics), Psychology, Social psychology, Cognitive psychology, Statistics","en"
"10.1371/journal.pone.0313619","Eating disorders, Body mass index, Perception, Psychology, Anorexia nervosa, Clinical psychology, Medicine, Pathology","en"
"10.1017/s026144482000021x","Mandarin Chinese, Imitation, Second-language acquisition, Psychology, Language proficiency, Second language, Linguistics, Replication (statistics), Computer science, Mathematics education, Cognitive psychology, Mathematics","en"
"10.1525/collabra.32572","Regret, Cash, Economics, Revenue, Microeconomics, Control (management), Business, Marketing, Actuarial science, Finance, Management","en"
"10.1007/bf02298289","Replication (statistics), Reading (process), Computer science, Mental model, Psychology, Advertising, Cognitive psychology, Cognitive science, Political science, Law","en"
"10.1037/dev0000499","Neurocognitive, Psychology, Arousal, Cognition, Autonomic nervous system, Heart rate variability, Developmental psychology, Socioeconomic status, Audiology, Event-related potential, Neuroscience, Heart rate, Blood pressure, Medicine, Population, Internal medicine","en"
"10.1037/a0024923","Generosity, Psychology, Developmental psychology, Resource distribution, Equity (law), Socioeconomic status, Ethnic group, Social psychology, Demography, Resource allocation, Population, Sociology","en"
"10.1016/j.cogdev.2017.10.004","Theory of mind, Psychology, Ignorance, False belief, Task (project management), Cognitive psychology, Consistency (knowledge bases), Developmental psychology, Social psychology, Cognition, Epistemology, Artificial intelligence, Computer science","en"
"10.1016/j.intell.2020.101471","Mindset, Association (psychology), Psychology, Educational attainment, Academic achievement, Social psychology, Developmental psychology, Computer science, Political science","en"
"10.1016/j.dcn.2017.12.003","Psychology, Temperament, Affect (linguistics), Developmental psychology, Perception, Audiology, Neuroscience, Personality, Medicine, Communication, Social psychology","en"
"10.1016/j.joep.2020.102350","Extension (predicate logic), Subject (documents), Replication (statistics), Mathematical economics, Phenomenon, Psychology, Social psychology, Statistics, Econometrics, Computer science, Mathematics, Epistemology, Philosophy","en"
"10.17605/osf.io/fmd75","Replication (statistics), Viral replication, DNA replication","en"
"10.18718/81781.38","Anchoring, Replication (statistics), Affect (linguistics), Cognition, Cognitive bias, Antecedent (behavioral psychology)","en"
"10.31234/osf.io/bgp3m","Anchoring, Psychology, Cognition, Affect (linguistics), Replication (statistics), Antecedent (behavioral psychology), Social psychology, Cognitive psychology, Statistics, Communication, Neuroscience","en"
"10.17605/osf.io/4hjck","Nucleofection, Gestational period, TSG101, Dysgeusia, Liquation, Diafiltration, Emperipolesis, Triacetin, Fusible alloy","en"
"10.17605/osf.io/e5k4j",NA,"en"
"10.1080/15248372.2018.1544140","Narrative, Theory of mind, Psychology, Cognitive psychology, Task (project management), Replicate, Stimulus (psychology), Implicit bias, Cognition, Social psychology, Linguistics","en"
"10.1177/0956797617747090","Psychology, Replicate, Replication (statistics), Cognitive psychology, Phenomenon, Set (abstract data type), Theory of mind, Limiting, Social psychology, Cognitive science, Epistemology, Cognition, Computer science, Neuroscience","en"
"10.1177/09567976241246552","Hypocrisy, Psychology, Social psychology, Politics, Derogation, Virtue, In-group favoritism, Ingroups and outgroups, Morality, Social group, Law, Political science, Social identity theory","en"
"10.1371/journal.pone.0096339","Stroop effect, Cognitive reappraisal, Expressive Suppression, Psychology, Event-related potential, Error-related negativity, Mood, Negativity effect, Cognition, Cognitive psychology, Audiology, Anterior cingulate cortex, Clinical psychology, Medicine, Neuroscience","en"
"10.1177/2515245920917931","Replication (statistics), Reading (process), Cheating, Free will, Psychology, Reliability (semiconductor), Illusion, Measure (data warehouse), Social psychology, Test (biology), Replicate, Cognitive psychology, Computer science, Epistemology, Statistics, Mathematics, Philosophy, Biology","en"
"10.1177/0956797617719730","Psychology, Amygdala, Stimulus (psychology), Cognition, Negativity effect, Framing (construction), Cognitive psychology, Neuroscience","en"
"10.3389/fpsyg.2014.00786","Replication (statistics), Psychology, Applied psychology, Cognitive psychology, Statistics","en"
"10.1027/1864-9335/a000186","Psychology, Disgust, Morality, Replication (statistics), Social psychology, Population, Sample size determination, Power (physics), Statistics, Demography, Mathematics","en"
"10.17605/osf.io/gea2s","Replication (statistics), Confidentiality, Context (archaeology)","en"
"10.2139/ssrn.2586261","Replication (statistics), Psychology, Sociology, Medicine, Virology","en"
"10.1037/xhp0000331","Conflation, Object (grammar), GRASP, Perception, Subjective constancy, Cognitive psychology, Psychology, Artificial intelligence, Action (physics), Computer science, Computer vision, Mathematics, Physics","en"
"10.17605/osf.io/39xuw","Replication (statistics), Action (physics), Scope (computer science), Exposition (narrative)","en"
"10.7334/psicothema2019.405","Deception, Psychology, Humanities, Social psychology, Persona, Philosophy","en"
"10.1017/s0272263124000238","Psychology, Inhibitory control, Replication (statistics), Cognitive psychology, Control (management), Cognitive science, Linguistics, Inhibitory postsynaptic potential, Neuroscience, Cognition, Computer science, Artificial intelligence, Philosophy, Mathematics","en"
"10.31234/osf.io/xr6bn","Replication (statistics), Stroop effect, Reliability (semiconductor), Psychology, Cognitive psychology, Cognition, Clinical psychology, Neuroscience, Medicine","en"
"10.1080/01973533.2013.856792","Psychology, Social psychology, Context (archaeology), Faith, Population, Field (mathematics), Epistemology, Sociology","en"
"10.1177/2167702613485565","Morality, Psychology, Deed, Association (psychology), Context (archaeology), Meaning (existential), Social psychology, Obsessive compulsive, Clinical psychology, Psychotherapist, Epistemology","en"
"10.5209/rev_sjop.2011.v14.n1.13","Morality, Psychology, Universality (dynamical systems), Sensibility, Social psychology, Epistemology, Law, Philosophy","en"
"10.1371/journal.pone.0172636","Religious belief, Replication (statistics), Epistemology, Psychology, Cognitive psychology, Social psychology, Philosophy, Biology, Virology","en"
"10.1016/j.joep.2018.12.001","Scarcity, Replication (statistics), Set (abstract data type), Psychology, Cognition, Affect (linguistics), Replicate, Social psychology, Economics, Microeconomics, Computer science, Mathematics, Statistics, Communication","en"
"10.1037/pspa0000064","Psychology, Social psychology","en"
"10.1111/desc.13244","Psychology, Replication (statistics), Robustness (evolution), Developmental psychology, Cognitive psychology, Statistics","en"
"10.1145/3649217.3653545","Static analysis, Computer science, Replication (statistics), Programming language, Mathematics, Statistics","en"
"10.31236/osf.io/tzn6d","Mental fatigue, Psychology, Task (project management), Replication (statistics), Heart rate, Clinical psychology, Physical medicine and rehabilitation, Medicine, Blood pressure, Internal medicine","en"
"10.1016/j.joep.2020.102349","Replication (statistics), Illusion, Inflation (cosmology), Extension (predicate logic), Economics, Monetary economics, Mathematical economics, Psychology, Computer science, Cognitive psychology, Mathematics, Statistics","en"
"10.1016/j.joep.2020.102312","China, Earnings, Competition (biology), Replication (statistics), Demographic economics, Task (project management), Gender gap, Psychology, Payment, Social psychology, Economics, Demography, Political science, Sociology, Accounting, Management, Ecology, Biology, Law","en"
"10.18718/81781.29","Norwegian, Multinational corporation, Irish, Replication (statistics), Matching (statistics)","en"
"10.1017/s1930297500008470","Agency (philosophy), Link (geometry), Psychology, Social psychology, Computer science, Sociology, Social science","en"
"10.1525/collabra.192","Concreteness, Psychology, Replication (statistics), Social psychology, Extension (predicate logic), Interpersonal communication, Cognitive psychology, Linguistics, Epistemology, Computer science, Statistics, Philosophy, Mathematics","en"
"10.3758/s13428-022-01879-4","Misattribution of memory, Affect (linguistics), Psychology, Social psychology, Cognitive psychology, Cognition, Communication","en"
"10.17605/osf.io/e9d3k","Syntax, Replication (statistics), Semantics (computer science)","en"
"10.1525/collabra.185","Autonomy, Competence (human resources), Psychology, Social support, Regulatory focus theory, Focus (optics), Social psychology, Knowledge management, Computer science, Political science","en"
"10.31234/osf.io/fmdqe","Brainstorming, Promotion (chess), Psychology, Social psychology, Applied psychology, Public relations, Political science, Marketing, Business, Law","en"
"10.31219/osf.io/q56rk","Replication (statistics), Extension (predicate logic), Computer science, Biology, Programming language, Virology","en"
"10.1017/s0272263124000342","Replication (statistics), Insignificance, Transfer (computing), Psychology, Econometrics, Computer science, Economics, Mathematics, Statistics, Social psychology, Parallel computing","en"
"10.1016/j.appet.2013.12.020","Ego depletion, Sugar, Id, ego and super-ego, Ingestion, Task (project management), Psychology, Self-control, Medicine, Cognitive psychology, Developmental psychology, Social psychology, Food science, Internal medicine, Biology, Economics","en"
"10.1177/0956797617734315","Longevity, Replication (statistics), Psychology, Extension (predicate logic), Social psychology, Statistics, Gerontology, Mathematics, Computer science","en"
"10.1027/1864-9335/a000190","Superstition, Psychology, Luck, Replication (statistics), Moderation, Meta-analysis, Social psychology, Replicate, Cognitive psychology, Cognition, Statistics, Epistemology","en"
"10.1177/0956797614553946","Psychology, Robustness (evolution), Cognitive psychology, Social psychology, Chemistry","en"
"10.1007/s00426-019-01203-4","Heart rate, Psychology, Anxiety, Replicate, Replication (statistics), Social psychology, Developmental psychology, Blood pressure, Biology, Psychiatry, Endocrinology","en"
"10.1177/1745691615605826","Replication (statistics), Psychology, Set (abstract data type), Intentionality, Cognitive psychology, Linguistics, Social psychology, Cognitive science, Epistemology, Computer science","en"
"10.1177/2515245919881152","Disgust, Psychology, Replication (statistics), Social psychology, Developmental psychology, Statistics, Mathematics","en"
"10.1037/pspa0000238","Meta-analysis, Psychology, Replicate, Social psychology, Medicine, Statistics","en"
"10.1093/scan/nsx012","Interdependence, Psychology, Mortality salience, Salience (neuroscience), Social psychology, Self construal, Cognitive psychology, Neuroscience, Developmental psychology","en"
"10.1027/1864-9335/a000191","Replication (statistics), Psychology, Social psychology, Recall, Perception, Chatterjee, Cognitive psychology","en"
"10.1016/j.cognition.2014.09.003","Psychology, Objectification, Social psychology, Stimulus (psychology), Salience (neuroscience), Cognitive psychology, Epistemology","en"
"10.1177/0956797613486983","Psychology, Sensitivity (control systems), Developmental psychology, Clinical psychology, Cognitive psychology, Social psychology","en"
"10.1177/0956797620922477","Psychology, Replication (statistics), Null hypothesis, Meaning (existential), Statistical significance, Statistical evidence, Meta-analysis, Social psychology, Psychological science, Alternative hypothesis, Statistics, Psychotherapist, Internal medicine","en"
"10.1016/j.actpsy.2022.103497","Stroop effect, Psychology, Meta-analysis, Cognition, Sitting, Cognitive psychology, Task (project management), Physical medicine and rehabilitation, Medicine, Neuroscience","en"
"10.1177/0956797620953842","Stroop effect, Psychology, Sitting, Audiology, Color term, Hue, Cognitive psychology, Developmental psychology, Cognition, Psychiatry, Medicine, Linguistics","en"
"10.1177/09567976211024535","Headline, Psychology, Psychological intervention, Replication (statistics), Test (biology), Social psychology, Discernment, Epistemology, Linguistics, Statistics","en"
"10.1080/10615806.2020.1763140","Psychology, Clinical psychology, Social psychology, Criminology","en"
"10.1080/10926771.2022.2038753","Trait, Psychology, Sample (material), Clinical psychology, Developmental psychology, Chemistry, Computer science, Chromatography","en"
"10.1177/19485506241298340","Deception, Psychology, Extension (predicate logic), Replication (statistics), Social psychology, Lie detection, Statistics, Mathematics, Computer science","en"
"10.1037/xge0000067","Psychology, Replication (statistics), Bayes factor, Priming (agriculture), PsycINFO, Social psychology, Cognitive psychology, Bayes' theorem, Bayesian probability, Replicate, Frequentist probability, Statistics, Artificial intelligence, MEDLINE, Computer science","en"
"10.31234/osf.io/esu9z","Replication (statistics), Psychology, Political science, Medicine, Virology","en"
"10.1525/collabra.90195","Smiley, Psychology, Perception, Competence (human resources), Mediation, Formality, Moderated mediation, Replication (statistics), Cognitive psychology, Developmental psychology, Social psychology, Computer science, Medicine, Linguistics, Neuroscience","en"
"10.1177/1948550618808863","Racism, Ignorance, White (mutation), Psychology, Context (archaeology), Social psychology, Mediation, Perception, Race (biology), Sociology, Gender studies, Epistemology, History, Social science, Philosophy","en"
"10.1177/19485506241257971","Replication (statistics), Similarity (geometry), Psychology, Cognitive psychology, Social psychology, Computer science, Artificial intelligence, Statistics, Mathematics","en"
"10.1080/13506285.2024.2343157","Psychology, Replication (statistics), Anxiety, Population, Generalized anxiety disorder, Cognitive psychology, Clinical psychology, Developmental psychology, Psychiatry","en"
"10.1080/15614263.2022.2102494","Scrutiny, Service (business), Scale (ratio), Officer, Business, Replication (statistics), Computer security, Public relations, Political science, Law, Computer science, Marketing, Medicine, Geography","en"
"10.17605/osf.io/rge23","Replication (statistics), Cognition, Affect (linguistics), Disease","en"
"10.70252/nkky8370","Replication (statistics), Replicate, Jump, Affect (linguistics), Vertical jump, Psychology, Mathematics, Statistics, Physics, Communication","en"
"10.1177/2515245918781032","Cheating, Deception, Psychology, Social psychology, Replication (statistics), Task (project management), Priming (agriculture), Incentive, Statistics, Mathematics","en"
"10.1093/cercor/bhx353","Amygdala, Extinction (optical mineralogy), Psychology, Fear conditioning, Neuroscience, Recall, Electroencephalography, Functional magnetic resonance imaging, Cognitive psychology, Physics","en"
"10.1177/0886260512447579","Psychology, Domestic violence, Social psychology, Affect (linguistics), Suicide prevention, Relevance (law), Human factors and ergonomics, Poison control, Injury prevention, Clinical psychology, Developmental psychology, Medicine, Medical emergency, Political science","en"
"10.1080/1612197x.2016.1199580","Trainer, Psychology, Social psychology, Control (management), Task (project management), Applied psychology, Developmental psychology, Management","en"
"10.2466/20.22.pms.114.1.185-188","Extension (predicate logic), Cognition, Asymmetry, Consciousness, Replication (statistics), Psychology, Cognitive science, Cognitive psychology, Product (mathematics), Epistemology, Computer science, Mathematics, Philosophy","en"
"10.2501/jar-40-1-2-35-42","Hierarchy, Advertising, Context (archaeology), Contextual advertising, Replicate, World Wide Web, Computer science, Psychology, Online advertising, The Internet, Business, Political science, Mathematics, Geography","en"
"10.1177/07419325241240067","Replication (statistics), Psychology, Intervention (counseling), Outcome (game theory), Special education, Clinical psychology, Research design, Applied psychology, Response to intervention, Mathematics education, Medical education, Developmental psychology, Medicine, Psychiatry, Sociology, Social science","en"
"10.1371/journal.pone.0292576","Apolipoprotein E, Brain Structure and Function, White matter, Diffusion MRI, Voxel-based morphometry, Fractional anisotropy, Psychology, Neuropsychology, Cognition, Magnetic resonance imaging, Medicine, Internal medicine, Neuroscience, Disease","en"
"10.3389/fped.2021.590040","Medicine, Chronic fatigue syndrome, Neurology, Front (military), Pediatrics, Intensive care medicine, Family medicine, Psychiatry","en"
"10.17605/osf.io/j8a4p","Replication (statistics), Identification (biology), DNA replication","en"
"10.17605/osf.io/uxajg","Priming (agriculture), Replication (statistics), Task (project management), Judgement, Perception","en"
"10.3389/fpsyg.2024.1495812","Replication (statistics), Shoot, Psychology, Traffic police, Training (meteorology), Applied psychology, Botany, Medicine, Biology, Geography","en"
"10.1167/17.10.898","Transcranial direct-current stimulation, Supplementary eye field, Frontal eye fields, Saccade, Eye movement, Saccadic masking, Psychology, Neuroscience, Stimulation, Visual field, Latency (audio), Fixation (population genetics), Frontal cortex, Frontal lobe, Smooth pursuit, Audiology, Physical medicine and rehabilitation, Medicine, Computer science","en"
"10.37237/150205","Context (archaeology), Replication (statistics), Curriculum, Psychology, Intervention (counseling), Pedagogy, Mathematics education, Medicine","en"
"10.3758/s13423-024-02602-4","Mental rotation, Working memory, Psychology, Cognitive psychology, Task (project management), Interference theory, Replication (statistics), Cognition","en"
"10.20982/tqmp.20.1.r001","Replication (statistics), Working memory, Computer science, Psychology, Cognitive psychology, Mathematics, Cognition","en"
"10.3758/s13414-015-0849-x","Categorization, Facial expression, Psychology, Stimulus (psychology), Perception, Emotional expression, Face perception, Cognitive psychology, Emotion perception, Affect (linguistics), Set (abstract data type), Social psychology, Communication, Artificial intelligence, Computer science, Neuroscience","en"
"10.1037/xhp0000180","Feature (linguistics), Visual search, Salient, Artificial intelligence, Interference (communication), Pattern recognition (psychology), Singleton, Focus (optics), Computer science, Mathematics, Variable (mathematics), Variation (astronomy), Feature selection, Computer vision, Optics, Physics","en"
"10.1017/s1930297500008299","Compatibility (geochemistry), Replication (statistics), Psychology, Social psychology, Preference, Cognitive psychology, Mathematics, Statistics","en"
"10.1027/1618-3169/a000567","Stroop effect, Psychology, Contrast (vision), Cognition, Cognitive psychology, Task (project management), Sample size determination, Sitting, Computer science, Mathematics, Statistics, Neuroscience, Artificial intelligence","en"
"10.1016/j.jecp.2015.12.009","Psychology, Generalization, Reading (process), Developmental psychology, Cognitive psychology, Linguistics","en"
"10.1111/fare.13030","Replication (statistics), Extension (predicate logic), Psychology, Developmental psychology, Computer science, Medicine","en"
"10.1525/collabra.18738","Priming (agriculture), Replication (statistics), Psychology, Zero (linguistics), Cognition, Social psychology, Cognitive psychology, Mathematics, Statistics, Linguistics, Biology, Philosophy","en"
"10.1177/2515245918777487","Hostility, Psychology, Vignette, Replication (statistics), Set (abstract data type), Task (project management), Social psychology, Personality, Computer science, Medicine","en"
"10.1093/ej/ueab096","Recession, Business, Labour economics, Economics","en"
"10.1093/qje/qjac034","Reciprocity (cultural anthropology), Empathy, Prosocial behavior, Competition (biology), Public relations, Intervention (counseling), Psychology, Social psychology, Marketing, Business, Political science","en"
"10.1093/restud/rdab056","Attendance, Subsidy, Incentive, Voucher, Welfare, Discounting, Hyperbolic discounting, Economics, Microeconomics, Control (management), Dynamic inconsistency, Finance","en"
"10.1162/rest_a_01182","Raising (metalworking), Development economics, Economic growth, Socioeconomics, Economics, Geography, Engineering","en"
"10.17605/osf.io/c3k6f","Reproduction, Replication (statistics), Reproductive health, Rural population, Work (physics)","en"
"10.1016/j.ecresq.2019.10.004",NA,"en"
"10.1093/scan/nsw175",NA,"en"
"10.5334/joc.91",NA,"en"
"10.1086/691462",NA,"en"
"10.1371/journal.pone.0071475",NA,"en"
"10.1525/collabra.32964",NA,"en"
"10.1007/s13164-018-0400-9",NA,"en"
"10.1073/pnas.2026447118",NA,"en"
"10.1007/s10803-014-2080-3",NA,"en"
"10.1002/bin.70067",NA,"en"
"10.1093/schbul/sby016.348",NA,"en"
"10.31525/ct1-nct04022759",NA,"en"
"10.15763/issn.1936-9298.2024.1.1.15-35",NA,"en"
"10.1037/0003-066x.60.5.410",NA,"en"
"10.1002/jcop.21511",NA,"en"
"10.1002/npr2.70058",NA,"en"
"10.2307/20159604",NA,"en"
"10.1016/j.cognition.2020.104488",NA,"en"
"10.1007/s10055-025-01235-9",NA,"en"
"10.1007/s10664-025-10739-6",NA,"en"
"10.1016/0148-2963(95)00125-5",NA,"en"
"10.1108/ijpsm-08-2020-0218",NA,"en"
"10.1080/14015430801945299",NA,"en"
"10.3389/fpsyg.2014.01202",NA,"en"
"10.1519/jsc.0000000000001503",NA,"en"
"10.1037/h0100577",NA,"en"
"10.1177/1745691614551642",NA,"en"
"10.3945/jn.112.159319",NA,"en"
"10.12987/9780300132953-005",NA,"en"
"10.5840/philtopics2001291/217",NA,"en"
"10.1080/01419870.2018.1526392",NA,"en"
"10.4467/22996362pz.24.012.19795",NA,"pl"
"10.2139/ssrn.2645332",NA,"en"
"10.3886/icpsr01218.v1",NA,"en"
"10.1017/s0022381608080456",NA,"en"
"10.1017/s0003055422000946",NA,"en"
"10.1080/00344893.2022.2037699",NA,"en"
"10.1017/s000842390002984x",NA,"en"
"10.1017/s0008423903778810",NA,"en"
"10.1017/s0008423922000749",NA,"en"
"10.1093/brain/awq154",NA,"en"
"10.1515/9780804778022-012",NA,"en"
"10.1007/s11109-016-9383-3",NA,"en"
"10.3998/mpub.9946611",NA,"en"
"10.3138/9781442619005-007",NA,"en"
"10.1017/xps.2022.18",NA,"en"
"10.1111/1467-9280.00111",NA,"en"
"10.1126/science.1162548",NA,"en"
"10.1111/j.1467-9280.2009.02326.x",NA,"en"
"10.1037/0012-1649.43.6.1428",NA,"en"
"10.1037/e653412011-001",NA,"en"
"10.1037/t05147-000",NA,"en"
"10.1037/a0033010",NA,"en"
"10.1037/cdp0000137.supp",NA,"en"
"10.1126/science.1128317",NA,"en"
"10.1126/science.1177067",NA,"en"
"10.1016/s0959-4752(96)00023-0",NA,"en"
"10.1001/jamapsychiatry.2014.763",NA,"en"
"10.1521/pedi.2010.24.4.516",NA,"en"
"10.1037/0022-3514.54.5.768",NA,"en"
"10.1126/science.1150952",NA,"en"
"10.1037/0022-3514.95.3.695",NA,"en"
"10.1111/j.1467-6494.2012.00807.x",NA,"en"
"10.1002/9781119311263.ch11",NA,"en"
"10.1111/j.1467-9280.2007.01983.x",NA,"en"
"10.46569/4x51hs19q",NA,"en"
"10.1016/0001-4575(78)90040-4",NA,"en"
"10.1075/lab.25048.cha",NA,"en"
"10.1111/1540-6237.8402002",NA,"en"
"10.1080/00913367.2004.10639175",NA,"en"
"10.13056/acamh.28495",NA,"en"
"10.1080/07421656.2005.10129441",NA,"en"
"10.1093/oxfordhb/9780195309799.013.0022",NA,"en"
"10.4324/9780203122433-11",NA,"en"
"10.1017/9781316874998.013",NA,"en"
"10.3109/13561820.2014.917407",NA,"en"
"10.1037/xge0000182",NA,"en"
"10.1073/pnas.1113380109",NA,"en"
"10.1016/j.jml.2013.08.001",NA,"en"
"10.1093/ageing/afad214",NA,"en"
"10.1370/afm.21.s1.3549",NA,"en"
"10.1038/nature06288",NA,"en"
"10.1037/e524912015-308",NA,"en"
"10.1016/s1353-4858(03)00505-1",NA,"en"
"10.1109/32.879815",NA,"en"
"10.4324/9780429494284-3",NA,"en"
"10.1016/j.aos.2007.01.001",NA,"en"
"10.1016/j.dcn.2015.09.007",NA,"en"
"10.1007/springerreference_179138",NA,"en"
"10.1073/pnas.0801030105",NA,"en"
"10.1111/j.1540-4781.1986.tb05256.x",NA,"en"
"10.1177/1948550611435136",NA,"en"
"10.1111/j.1467-9922.2012.00730.x",NA,"en"
"10.1111/lang.12140",NA,"en"
"10.1111/modl.12315",NA,"en"
"10.1111/puar.12649",NA,"en"
"10.1093/jopart/mui019",NA,"en"
"10.31235/osf.io/xatcn",NA,"en"
"10.2307/976307",NA,"en"
"10.1111/puar.12406",NA,"en"
"10.1093/jopart/muu053",NA,"en"
"10.1080/14719037.2013.822532",NA,"en"
"10.1111/puar.13483",NA,"en"
"10.1093/jopart/muaa033",NA,"en"
"10.4324/9780203152294-28",NA,"en"
"10.1016/j.biopsycho.2016.05.001",NA,"en"
"10.1016/j.psychsport.2019.101567",NA,"en"
"10.1093/ntr/ntu063",NA,"en"
"10.1007/s10649-021-10072-x",NA,"en"
"10.1038/tp.2017.146",NA,"en"
"10.1177/00224278251394278",NA,"en"
"10.1177/000312240406900501",NA,"en"
"10.1037/0012-1649.26.6.978",NA,"en"
"10.1191/0969733002ne512oa",NA,"en"
"10.5465/amj.2014.0424",NA,"en"
"10.1017/s0272263197001034",NA,"en"
"10.1177/1362168813505389",NA,"en"
"10.1080/00208825.1980.11656300",NA,"en"
"10.1177/15346501261416516",NA,"en"
"10.1108/978-1-60752-680-320251017",NA,"en"
"10.1037/0022-3514.74.4.865",NA,"en"
"10.31234/osf.io/7tm3s",NA,"en"
"10.4135/9781412939607.n107",NA,"en"
"10.2307/2151387",NA,"en"
"10.1177/0738894215593677",NA,"en"
"10.1093/pan/mpr057",NA,"en"
"10.31235/osf.io/3ye4b",NA,"en"
"10.29302/jolie.2021.14.2.5",NA,"en"
"10.1177/1065912920950482",NA,"en"
"10.1038/nn1066",NA,"en"
"10.1177/27000710251401142/v2/review1",NA,NA
"10.20448/journal.500.2020.71.1.7",NA,"en"
"10.1177/27550311251399174",NA,"en"
"10.1093/oxfordjournals.alcalc.a045736",NA,"en"
"10.1093/med/9780195390841.003.0021",NA,"en"
"10.1007/978-1-137-11867-7_3",NA,"en"
"10.1016/j.eururo.2014.08.010",NA,"en"
"10.1007/978-1-4020-6754-9_8555",NA,"en"
"10.53841/bpscep.2011.1.12.29",NA,"en"
"10.1037/0022-3514.81.6.1014",NA,"en"
"10.1016/j.jebo.2019.03.020",NA,"en"
"10.31235/osf.io/93eyz",NA,"en"
"10.1037/a0022406",NA,"en"
"10.1093/applin/amac057",NA,"en"
"10.3390/biomedicines8020034",NA,"en"
"10.1007/s12144-022-02879-5",NA,"en"
"10.1089/tmj.2004.10.466",NA,"en"
"10.2307/1961661",NA,"en"
"10.2308/acch-50181",NA,"en"
"10.1016/j.cell.2013.04.008",NA,"en"
"10.1257/aer.101.7.3221",NA,"en"
"10.1016/j.jalz.2010.05.197",NA,"en"
"10.3389/fdpys.2025.1641593",NA,"en"
"10.1108/lht-11-2021-0391",NA,"en"
"10.1109/iraniancee.2010.5507113",NA,"en"
"10.3389/fpsyg.2014.00444",NA,"en"
"10.2143/itl.156.0.2034441",NA,"en"
"10.1504/ijewm.2016.078598",NA,"en"
"10.3758/bf03196313",NA,"en"
"10.2307/257651",NA,"en"
"10.18574/nyu/9780814788912.003.0009",NA,"en"
"10.7554/elife.10012",NA,"en"
"10.1038/nn1504",NA,"en"
"10.2307/1412188",NA,"en"
"10.1163/9789004633322",NA,"en"
"10.1255/jnirs.599",NA,"en"
"10.1097/00000446-200609000-00029",NA,"en"
"10.1016/j.tate.2015.08.004",NA,"en"
"10.18653/v1/2023.conll-babylm.17",NA,"en"
"10.1109/lsc.2018.8572043",NA,"en"
"10.4054/demres.2019.40.2",NA,"en"
"10.36227/techrxiv.175977593.34948838/v1",NA,"en"
"10.37547/tajet/volume05issue12-13",NA,"en"
"10.1037/t07703-000",NA,"en"
"10.1109/dest.2013.6611328",NA,"en"
"10.3758/bf03214286",NA,"en"
"10.1002/acp.70124",NA,"en"
"10.1002/aur.1474",NA,"en"
"10.1002/hbm.25386",NA,"en"
"10.1002/hrdq.21212",NA,"en"
"10.1002/ijop.70144",NA,"en"
"10.1002/jaba.70048",NA,"en"
"10.1002/jclp.21839",NA,"en"
"10.1002/jcop.21574",NA,"en"
"10.1002/npr2.70078",NA,"en"
"10.1002/smj.2567",NA,"en"
"10.1002/smj.2579",NA,"en"
"10.1007/s00426-025-02167-4",NA,"en"
"10.1007/s11002-025-09794-2",NA,"en"
"10.1007/s11301-025-00572-y",NA,"en"
"10.1007/s11689-010-9065-0",NA,"en"
"10.1007/s12671-017-0880-1",NA,"en"
"10.1007/s40279-025-02201-w",NA,"en"
"10.1007/s42822-025-00229-1",NA,"en"
"10.1016/j.jml.2018.07.004",NA,"en"
"10.1016/j.tjnut.2025.101302",NA,"en"
"10.1017/s0272263125101368",NA,"en"
"10.1017/epi.2015.17",NA,"en"
"10.1017/psrm.2017.24",NA,"en"
"10.1017/psrm.2018.11",NA,"en"
"10.1017/psrm.2018.50",NA,"en"
"10.1017/s0003055404001200",NA,"en"
"10.1017/s0003055413000063",NA,"en"
"10.1017/s0003055424001308",NA,"en"
"10.1017/s000842392200004x",NA,"en"
"10.1017/s0008423924000234",NA,"en"
"10.1017/s1355617713000738",NA,"en"
"10.1017/xps.2017.22",NA,"en"
"10.1017/xps.2019.1",NA,"en"
"10.1017/xps.2020.18",NA,"en"
"10.1017/xps.2021.29",NA,"en"
"10.1027/1864-9335/a000184",NA,"en"
"10.1027/1864-9335/a000187",NA,"en"
"10.1027/1864-9335/a000189",NA,"en"
"10.1037/a0018880",NA,"en"
"10.1037/a0018881",NA,"en"
"10.1037/a0029709",NA,"en"
"10.1037/a0033324",NA,"en"
"10.1037/bne0000068",NA,"en"
"10.1037/cdp0000775",NA,"en"
"10.1037/edu0000141",NA,"en"
"10.1037/edu0000146",NA,"en"
"10.1037/edu0000965",NA,"en"
"10.1037/pas0000664",NA,"en"
"10.1037/per0000041",NA,"en"
"10.1037/pspa0000121",NA,"en"
"10.1037/pspa0000191",NA,"en"
"10.1037/pspp0000037",NA,"en"
"10.1037/pspp0000202",NA,"en"
"10.1037/xge0000027",NA,"en"
"10.1037/xge0001886",NA,"en"
"10.1037/xlm0001529",NA,"en"
"10.1080/00330124.2012.681509",NA,"en"
"10.1080/00913367.2015.1085819",NA,"en"
"10.1080/02673843.2025.2587284",NA,"en"
"10.1080/02699931.2017.1279591",NA,"en"
"10.1080/07421656.2012.680047",NA,"en"
"10.1080/09515089.2014.893288",NA,"en"
"10.1080/10584609.2014.914612",NA,"en"
"10.1080/10810730.2025.2588698",NA,"en"
"10.1080/13561820.2016.1233096",NA,"en"
"10.1080/14719037.2017.1282000",NA,"en"
"10.1080/15248372.2017.1346658",NA,"en"
"10.1080/15475441.2014.979387",NA,"en"
"10.1080/23273798.2016.1242761",NA,"en"
"10.1093/geroni/igaf122.4186",NA,"en"
"10.1097/mlr.0000000000002256",NA,"en"
"10.1098/rsos.191795",NA,"en"
"10.1098/rsos.210190",NA,"en"
"10.1101/2025.11.02.686051",NA,NA
"10.1109/esem.2011.30",NA,"en"
"10.1109/tse.2012.46",NA,"en"
"10.1111/1467-9299.00354",NA,"en"
"10.1111/acfi.70148",NA,"en"
"10.1111/cdev.12774",NA,"en"
"10.1111/dom.70448",NA,"en"
"10.1111/j.1474-9726.2010.00627.x",NA,"en"
"10.1111/j.1540-4781.2011.01174.x",NA,"en"
"10.1111/jpr.70014",NA,"en"
"10.1111/lang.12371",NA,"en"
"10.1111/lang.70019",NA,"en"
"10.1111/padm.12743",NA,"en"
"10.1111/padm.12890",NA,"en"
"10.1111/padm.12913",NA,"en"
"10.1111/padm.12921",NA,"en"
"10.1111/padm.12970",NA,"en"
"10.1111/padm.13031",NA,"en"
"10.1111/padm.70001",NA,"en"
"10.1111/padm.70015",NA,"en"
"10.1111/padm.70016",NA,"en"
"10.1111/padm.70038",NA,"en"
"10.1111/psyp.13546",NA,"en"
"10.1123/jsep.2025-0001",NA,"en"
"10.1136/tobaccocontrol-2021-056528",NA,"en"
"10.1163/26670127-bja10030",NA,NA
"10.1176/appi.ajp.20240596",NA,"en"
"10.1177/0038040718801760",NA,"en"
"10.1177/0956797618761661",NA,"en"
"10.1177/0969733010386162",NA,"en"
"10.1177/10422587221084249",NA,"en"
"10.1177/1362168810375365",NA,"en"
"10.1177/1362168816651464",NA,"en"
"10.1177/1470595814521600",NA,"en"
"10.1177/15480518251379918",NA,"en"
"10.1177/1745691617693624",NA,"en"
"10.1177/1745691618755704",NA,"en"
"10.1177/19401612251378969",NA,"en"
"10.1177/1948550618775410",NA,"en"
"10.1177/2053168014559094",NA,"en"
"10.1177/2053168016635671",NA,"en"
"10.1177/2053168016652420",NA,"en"
"10.1177/2053168018787119",NA,"en"
"10.1177/2053168018822174",NA,"en"
"10.1177/20531680231188262",NA,"en"
"10.1177/20531680231205157",NA,"en"
"10.1177/20531680251355253",NA,"en"
"10.1177/27000710251401142",NA,"en"
"10.1177/27550311251396562",NA,"en"
"10.1177/29768357251384762",NA,"en"
"10.1186/s13024-018-0267-3",NA,"en"
"10.1186/s41239-025-00570-w",NA,"en"
"10.1200/jco.2009.24.1968",NA,"en"
"10.1371/journal.pone.0016144",NA,"en"
"10.1371/journal.pone.0033423",NA,"en"
"10.1371/journal.pone.0042510",NA,"en"
"10.1371/journal.pone.0072467",NA,"en"
"10.1515/jbnst-2025-0030",NA,"en"
"10.1515/zfsoz-2023-2029",NA,"en"
"10.1525/collabra.216",NA,"en"
"10.1525/mp.2012.30.2.161",NA,"en"
"10.17705/1atrr.00001",NA,"en"
"10.21203/rs.3.rs-7544401/v1",NA,"en"
"10.21203/rs.3.rs-8351701/v1",NA,NA
"10.2196/51056",NA,"en"
"10.2307/2586310",NA,"en"
"10.2308/bria-51455",NA,"en"
"10.2337/db13-1435",NA,"en"
"10.3233/jad-2011-101932",NA,"en"
"10.3389/feduc.2025.1734517",NA,NA
"10.3389/fnins.2012.00115",NA,"en"
"10.3389/fpsyg.2017.00190",NA,"en"
"10.3390/bs16010086",NA,"en"
"10.3390/su12083069",NA,"en"
"10.3758/s13423-021-01927-8",NA,"en"
"10.5539/ibr.v5n4p71",NA,"en"
"10.57229/2834-2267.1072",NA,"en"
"10.7554/elife.25801",NA,"en"
"10.7554/elife.33468",NA,"en"
"doi:10.1038/s41598-025-25608-x",NA,"en"
"doi:10.1057/s41599-025-06066-2",NA,"en"
"10.1016/j.psychsport.2015.08.009",NA,"en"
"10.1080/02640414.2020.1785727",NA,"en"
"10.1080/02640414.2020.1788288",NA,"en"
"10.1080/17461391.2017.1308560",NA,"en"
"10.1080/17461391.2017.1333159",NA,"en"
"10.1080/17461391.2018.1537378",NA,"en"
"10.1080/17461391.2020.1733671",NA,"en"
"10.1111/sms.13776",NA,"en"
"10.1123/ijspp.2019-0098",NA,"en"
"10.1123/jsep.2016-0272",NA,"en"
"10.1249/mss.0000000000001982",NA,"en"
"10.1249/mss.0000000000002323",NA,"en"
"10.1519/jsc.0000000000001122",NA,"en"
"10.1519/jsc.0000000000001280",NA,"en"
"10.1519/jsc.0000000000001339",NA,"en"
"10.1519/jsc.0000000000001620",NA,"en"
"10.1519/jsc.0000000000001655",NA,"en"
"10.1519/jsc.0000000000002198",NA,"en"
"10.1519/jsc.0000000000002981",NA,"en"
"10.1519/jsc.0000000000003166",NA,"en"
"10.1519/jsc.0000000000003009",NA,"en"
"10.1519/jsc.0000000000003326",NA,"en"
"10.1016/j.brat.2009.11.008",NA,"en"
"10.1037//0022-3514.46.4.778",NA,"en"
"10.1007/978-3-658-21216-2_5",NA,"de"
"10.1038/s41562-020-0884-z",NA,"en"
"10.1016/0010-0285(90)90003-m",NA,"en"
"10.1037/0022-3514.82.6.956",NA,"en"
"10.1037/0022-3514.37.10.1660",NA,"en"
"10.1037/e722852011-095",NA,"en"
"10.1037//0022-3514.67.4.627",NA,"en"
"10.1177/1745691614545653",NA,"en"
"10.1177/1745691616664694",NA,"en"
"10.1177/1745691616674458",NA,"en"
"10.31234/osf.io/vef2c",NA,"en"
"10.1002/(sici)1097-0266(199704)18:4<303::aid-smj869>3.0.co;2-g",NA,"en"
"10.1016/j.obhdp.2014.04.002",NA,"en"
"10.1037/pspi0000121",NA,"en"
"10.1016/j.obhdp.2015.07.006",NA,"en"
"10.1016/j.obhdp.2017.01.005",NA,"en"
"10.3102/0002831210374874",NA,"en"
"10.1509/jmkr.46.2.247",NA,"en"
"10.1509/jmr.14.0130",NA,"en"
"10.1509/jmkr.47.2.348",NA,"en"
"10.1037/xge0000466",NA,"en"
"10.1093/esr/jcs057",NA,"en"
"10.1093/esr/jcx078",NA,"en"
"10.1016/j.socscimed.2017.03.014",NA,"en"
"10.1093/rfs/hhp008",NA,"en"
"10.1257/aer.20170029",NA,"en"
"10.1093/sf/sou074",NA,"en"
"10.3102/0002831208323278",NA,"en"
"10.3102/0002831211419490",NA,"en"
"10.1037/pspa0000093",NA,"en"
"10.1177/0956797615581491",NA,"en"
"10.1017/s0043887112000032",NA,"en"
"10.1111/j.1741-3737.2012.00990.x",NA,"en"
"10.1017/s0007123411000421",NA,"en"
"10.1177/0010414017740603",NA,"en"
"10.1017/s0007123412000191",NA,"en"
"10.1086/597176",NA,"en"
"10.1111/j.1741-3737.2012.01034.x",NA,"en"
"10.1177/0010414013516928",NA,"en"
"10.1016/j.worlddev.2016.03.006",NA,"en"
"10.1086/698750",NA,"en"
"10.1017/s0003055412000299",NA,"en"
"10.1017/s0003055410000262",NA,"en"
"10.1037/a0018983",NA,"en"
"10.1017/s0033291713000202",NA,"en"
"10.1093/jcr/ucx067",NA,"en"
"10.3102/0002831209350493",NA,"en"
"10.1007/s10683-011-9281-9",NA,"en"
"10.1111/1745-9125.12008",NA,"en"
"10.1016/j.cognition.2017.12.004",NA,"en"
"10.1016/j.leaqua.2009.06.005",NA,"en"
"10.1002/per.758",NA,"en"
"10.1002/per.1902",NA,"en"
"10.1257/app.20150517",NA,"en"
"10.1002/per.2062",NA,"en"
"10.1037/apl0000082",NA,"en"
"10.1037/xge0000157",NA,"en"
"10.1016/j.evolhumbehav.2010.05.002",NA,"en"
"10.1016/j.worlddev.2010.05.011",NA,"en"
"10.1257/aer.20130267",NA,"en"
"10.5465/amj.2016.0086",NA,"en"
"10.1177/0003122414558919",NA,"en"
"10.1509/jmkr.46.1.37",NA,"en"
"10.1016/j.socscimed.2015.11.051",NA,"en"
"10.1017/xps.2014.22",NA,"en"
"10.1086/597030",NA,"en"
"10.1086/658469",NA,"en"
"10.1037/a0025035",NA,"en"
"10.1016/j.obhdp.2013.10.003",NA,"en"
"10.1509/jmr.12.0430",NA,"en"
"10.1037/a0028964",NA,"en"
"10.1016/j.cognition.2010.05.005",NA,"en"
"10.1016/j.evolhumbehav.2009.01.004",NA,"en"
"10.1016/j.leaqua.2010.03.005",NA,"en"
"10.1111/ajps.12252",NA,"en"
"10.1093/jcr/ucx109",NA,"en"
"10.1002/job.2118",NA,"en"
"10.1093/esr/jcw008",NA,"en"
"10.1509/jmkr.48.2.403",NA,"en"
"10.1016/j.socscimed.2010.08.007",NA,"en"
"10.1016/j.jesp.2009.07.002",NA,"en"
"10.1086/653487",NA,"en"
"10.1016/j.jesp.2010.11.006",NA,"en"
"10.1002/per.803",NA,"en"
"10.1007/s13524-018-0725-0",NA,"en"
"10.1016/j.jenvp.2014.10.008",NA,"en"
"10.1016/j.compedu.2014.04.009",NA,"en"
"10.1016/j.evolhumbehav.2016.06.001",NA,"en"
"10.1016/j.jesp.2018.08.007",NA,"en"
"10.1016/j.cognition.2010.11.011",NA,"en"
"10.1007/s13524-011-0026-3",NA,"en"
"10.1287/orsc.1080.0377",NA,"en"
"10.1016/j.jfineco.2014.05.008",NA,"en"
"10.1016/j.jesp.2012.08.013",NA,"en"
"10.1177/0956797618756862",NA,"en"
"10.1086/597428",NA,"en"
"10.1016/j.evolhumbehav.2014.02.004",NA,"en"
"10.1016/j.obhdp.2009.06.003",NA,"en"
"10.1016/j.cognition.2012.11.003",NA,"en"
"10.1016/j.cognition.2012.05.011",NA,"en"
"10.1007/s10683-011-9295-3",NA,"en"
"10.17605/osf.io/73pnd",NA,"en"
"10.1111/puar.12401",NA,"en"
"10.1037/pspp0000104",NA,"en"
"10.1111/lang.12335",NA,"en"
"10.1177/2515245920903079",NA,"en"
"10.1038/s41598-025-25608-x",NA,"en"
"10.2307/2082710",NA,"en"
"10.2307/2586119",NA,"en"
"10.2307/2586120",NA,"en"
"10.1038/nature08833",NA,"en"
"10.1126/scitranslmed.3001318",NA,"en"
"10.1126/science.1183057",NA,"en"
"10.1073/pnas.1121623109",NA,"en"
"10.1016/j.cell.2011.08.017",NA,"en"
"10.1038/nature11071",NA,"en"
"10.1038/nature10509",NA,"en"
"10.1101/gr.126516.111",NA,"en"
"10.1016/j.ccr.2010.01.020",NA,"en"
"10.1038/nature11005",NA,"en"
"10.1016/j.cell.2012.08.026",NA,"en"
"10.1126/science.1224820",NA,"en"
"10.1038/nm.2753",NA,"en"
"10.1038/nm.2284",NA,"en"
"10.1016/j.cell.2011.05.040",NA,"en"
"10.1038/ncb2048",NA,"en"
"10.1038/nature09144",NA,"en"
"10.1016/j.cell.2011.09.029",NA,"en"
"10.1016/j.cell.2009.12.040",NA,"en"
"10.1038/nature09208",NA,"en"
"10.1038/nature09557",NA,"en"
"10.1038/nature09627",NA,"en"
"10.1038/nature10860",NA,"en"
"10.1038/ng.520",NA,"en"
"10.1093/scan/nsn004",NA,"en"
"10.1101/2021.11.30.470372",NA,"en"
"10.7554/elife.17044",NA,"en"
"10.7554/elife.17584",NA,"en"
"10.7554/elife.18173",NA,"en"
"10.7554/elife.21253",NA,"en"
"10.7554/elife.21634",NA,"en"
"10.7554/elife.25306",NA,"en"
"10.7554/elife.26030",NA,"en"
"10.7554/elife.29747",NA,"en"
"10.7554/elife.30274",NA,"en"
"10.7554/elife.34364",NA,"en"
"10.7554/elife.39944",NA,"en"
"10.7554/elife.43511",NA,"en"
"10.7554/elife.45120",NA,"en"
"10.7554/elife.45426",NA,"en"
"10.7554/elife.51019",NA,"en"
"10.7554/elife.56651",NA,"en"
"10.7554/elife.73430",NA,"en"
"10.1007/s00125-010-2002-7",NA,"en"
"10.1037/fam0000034",NA,"en"
"10.1017/s1930297500009189",NA,"en"
"10.1080/23808985.1987.11678663",NA,"en"
"10.1080/03634529909379152",NA,"en"
"10.1080/03634520109379232",NA,"en"
"10.1002/ab.21544",NA,"en"
"10.1007/bf00299299",NA,"en"
"10.1002/jaba.152",NA,"en"
"10.1901/jaba.2012.45-69",NA,"en"
"10.1002/jaba.27",NA,"en"
"10.1002/jaba.394",NA,"en"
"10.1002/jaba.672",NA,"en"
"10.1002/jaba.69",NA,"en"
"10.2307/256894",NA,"en"
"10.1287/orsc.1040.0065",NA,"en"
"10.1002/smj.2682",NA,"en"
"10.1177/0265532212436659",NA,"en"
"10.1177/0956797614524581",NA,"en"
"10.1016/j.lindif.2016.03.001",NA,"en"
"10.1111/j.1540-627x.2012.00373.x",NA,"en"
"10.1016/j.cognition.2010.09.012",NA,"en"
"10.1016/j.labeco.2016.04.004",NA,"en"
"10.3390/cli7020028",NA,"en"
"10.1037/0022-3514.58.6.1015",NA,"en"
"10.1016/j.jfbs.2016.08.001",NA,"en"
"10.1121/1.1894649",NA,"en"
"10.1177/2167702612472487",NA,"en"
"10.2307/255897",NA,"en"
"10.1037/e520602012-521",NA,"en"
"10.1111/j.1559-1816.2003.tb02783.x",NA,"en"
"10.1037//0022-0663.67.6.882",NA,"en"
"10.1007/bf03395755",NA,"en"
"10.1111/bjop.12239",NA,"en"
"10.1037/a0022834",NA,"en"
"10.1017/cbo9780511667268.005",NA,"en"
"10.1016/j.jslw.2012.05.011",NA,"en"
"10.1177/0267658310395851",NA,"en"
"10.1177/0267658315589656",NA,"en"
"10.1111/j.1933-1592.2007.00118.x",NA,"en"
"10.1017/s0142716409990014",NA,"en"
"10.3138/cmlr.3831",NA,"en"
"10.1017/s0954579410000659",NA,"en"
"10.1017/s0958344020000191",NA,"en"
"10.1016/j.jocrd.2014.08.002",NA,"en"
"10.1145/2380718.2380739",NA,"en"
"10.1002/bdm.656",NA,"en"
"10.1016/j.earlhumdev.2003.12.002",NA,"en"
"10.1037/0022-0663.91.2.358",NA,"en"
"10.1024/1010-0652.21.3.305",NA,"de"
"10.1097/00001888-197307000-00003",NA,"en"
"10.1177/0011000012442650",NA,"en"
"10.1348/014466609x473956",NA,"en"
"10.1037/edu0000039",NA,"en"
"10.1037/a0032282",NA,"en"
"10.1037/pspp0000136",NA,"en"
"10.1016/j.jbtep.2018.07.002",NA,"en"
"10.1037/e578192014-061",NA,"en"
"10.1037/a0031337",NA,"en"
"10.1075/jsls.20004.cho",NA,"en"
"10.3389/fnhum.2017.00468",NA,"en"
"10.1177/002224298204600109",NA,"en"
"10.1509/jppm.29.2.265",NA,"en"
"10.2753/joa0091-3367370303",NA,"en"
"10.1016/j.system.2008.08.002",NA,"en"
"10.1080/02699930802652388",NA,"en"
"10.1037/0022-3514.91.6.995",NA,"en"
"10.1177/0305735696241007",NA,"en"
"10.1073/pnas.1407535111",NA,"en"
"10.1080/03004430215103",NA,"en"
"10.1163/15685370260441008",NA,"en"
"10.1080/03634520216516",NA,"en"
"10.1002/hbm.20939",NA,"en"
"10.1016/j.brainres.2009.07.042",NA,"en"
"10.1682/jrrd.2013.05.0104",NA,"en"
"10.1007/s10940-015-9263-8",NA,"en"
"10.1103/physrevphyseducres.14.020109",NA,"en"
"10.1111/j.1468-0297.2009.02267.x",NA,"en"
"10.1145/3379597.3387482",NA,"en"
"10.1111/j.1467-8624.2009.01278.x",NA,"en"
"10.1017/s0272263102004023",NA,"en"
"10.1111/j.1468-0408.2006.00428.x",NA,"en"
"10.1111/j.1551-6709.2008.01005.x",NA,"en"
"10.1162/jocn_a_00801",NA,"en"
"10.1086/686249",NA,"en"
"10.1080/09602010500145620",NA,"en"
"10.1177/002248715901000129",NA,"en"
"10.1207/s15328023top2704_02",NA,"en"
"10.1177/0098628311401591",NA,"en"
"10.1177/0146167208327217",NA,"en"
"10.5465/amj.2005.18803920",NA,"en"
"10.1177/0272431614523133",NA,"en"
"10.1177/030857591103500106",NA,"en"
"10.1037/spq0000088",NA,"en"
"10.1177/0956797610362675",NA,"en"
"10.1177/0956797616677313",NA,"en"
"10.1177/0956797610364762",NA,"en"
"10.1037/h0028063",NA,"en"
"10.1177/0956797612443835",NA,"en"
"10.1177/0956797613494848",NA,"en"
"10.1177/0956797618764621",NA,"en"
"10.3758/bf03206733",NA,"en"
"10.1108/09578230410554052",NA,"en"
"10.1177/106169340301200205",NA,"en"
"10.7820/vli.v02.1.ishii",NA,"en"
"10.1177/0267658307076546",NA,"en"
"10.1016/j.evolhumbehav.2005.06.002",NA,"en"
"10.1177/016264340802300304",NA,"en"
"10.1350/ijps.2013.15.2.306",NA,"en"
"10.1371/journal.pgen.1002656",NA,"en"
"10.1056/nejmoa1007064",NA,"en"
"10.1371/journal.pone.0181640",NA,"en"
"10.5210/bsi.v18i1.2292",NA,"en"
"10.1111/j.1467-7687.2005.00441.x",NA,"en"
"10.1111/j.1540-6261.2007.01207.x",NA,"en"
"10.1162/jocn_a_00708",NA,"en"
"10.1016/j.actpsy.2018.04.007",NA,"en"
"10.1016/s1386-4181(01)00024-6",NA,"en"
"10.1016/j.jfineco.2004.06.007",NA,"en"
"10.2753/mis0742-1222240209",NA,"en"
"10.17705/1jais.00232",NA,"en"
"10.1111/j.1467-6486.2012.01062.x",NA,"en"
"10.1901/jaba.2006.46-05",NA,"en"
"10.1901/jeab.2008.90-257",NA,"en"
"10.1037/1931-3896.2.1.8",NA,"en"
"10.2308/accr-51448",NA,"en"
"10.1093/jopart/muw063",NA,"en"
"10.3102/0002831210362589",NA,"en"
"10.1080/13638490400024036",NA,"en"
"10.2139/ssrn.3649814",NA,"en"
"10.1016/j.cortex.2015.05.007",NA,"en"
"10.1016/j.beproc.2008.04.003",NA,"en"
"10.1073/pnas.251541498",NA,"en"
"10.1080/02701367.2005.10599260",NA,"en"
"10.1016/j.cogbrainres.2005.02.020",NA,"en"
"10.1016/j.jesp.2015.01.005",NA,"en"
"10.1086/208911",NA,"en"
"10.1037/edu0000193",NA,"en"
"10.1111/1467-9817.00137",NA,"en"
"10.1108/jpbm-09-2013-0393",NA,"en"
"10.1073/pnas.1009906107",NA,"en"
"10.1037/a0022403",NA,"en"
"10.1002/acp.3442",NA,"en"
"10.1037/e522512014-027",NA,"en"
"10.1037/bar0000276",NA,"en"
"10.1126/science.1252900",NA,"en"
"10.1521/ijgp.52.4.511.45520",NA,"en"
"10.1093/scan/nsn046",NA,"en"
"10.1016/j.jml.2007.02.001",NA,"en"
"10.1073/pnas.1211645109",NA,"en"
"10.1038/ng2101",NA,"en"
"10.1177/0146167211436117",NA,"en"
"10.1002/jaba.525",NA,"en"
"10.3982/ecta13408",NA,"en"
"10.1016/j.intell.2011.06.007",NA,"en"
"10.1017/s1930297500006999",NA,"en"
"10.1080/02796015.2011.12087729",NA,"en"
"10.1002/smj.2274",NA,"en"
"10.1002/smj.807",NA,"en"
"10.1287/mnsc.2018.3249",NA,"en"
"10.2307/3586735",NA,"en"
"10.1016/s2213-8587(18)30051-2",NA,"en"
"10.64628/aak.5cdac76yy",NA,"en"
"10.2139/ssrn.1158663",NA,"en"
"10.1080/10510974.2018.1466718",NA,"en"
"10.1002/ab.22027",NA,"en"
"10.1002/ece3.3759",NA,"en"
"10.1002/jaba.329",NA,"en"
"10.1002/jaba.339",NA,"en"
"10.1002/jaba.398",NA,"en"
"10.1002/jaba.665",NA,"en"
"10.1002/jaba.740",NA,"en"
"10.1002/jaba.750",NA,"en"
"10.1002/jae.2309",NA,"en"
"10.1002/smj.2569",NA,"en"
"10.1002/smj.2573",NA,"en"
"10.1002/smj.3252",NA,"en"
"10.1002/tesq.3096",NA,"en"
"10.1007/s10648-019-09468-2",NA,"en"
"10.1007/s10864-018-9302-2",NA,"en"
"10.1007/s11187-023-00736-8",NA,"en"
"10.1007/s11409-015-9151-5",NA,"en"
"10.1016/j.econedurev.2020.102009",NA,"en"
"10.1016/j.enbuild.2021.111542",NA,"en"
"10.1016/j.jenvp.2021.101573",NA,"en"
"10.1016/j.jfbs.2022.100497",NA,"en"
"10.1016/j.jml.2022.104352",NA,"en"
"10.1016/j.jocrd.2014.08.004",NA,"en"
"10.1016/j.leaqua.2021.101538",NA,"en"
"10.1016/j.learninstruc.2015.08.002",NA,"en"
"10.1016/j.lindif.2012.03.010",NA,"en"
"10.1016/j.lindif.2015.12.026",NA,"en"
"10.1016/j.lindif.2019.05.004",NA,"en"
"10.1016/j.tsc.2016.10.001",NA,"en"
"10.1017/s0261444813000049",NA,"en"
"10.1017/s0261444815000087",NA,"en"
"10.1017/s0261444817000362",NA,"en"
"10.1017/s0261444818000368",NA,"en"
"10.1017/epi.2019.20",NA,"en"
"10.1017/s0142716414000137",NA,"en"
"10.1017/s0261444818000216",NA,"en"
"10.1017/s0954579414000856",NA,"en"
"10.1017/s0958344023000022",NA,"en"
"10.1017/s1352465817000091",NA,"en"
"10.1017/s1930297500002941",NA,"en"
"10.1017/s1930297500008615",NA,"en"
"10.1017/s2040174420001294",NA,"en"
"10.1024/1010-0652/a000049",NA,"en"
"10.1024/1010-0652/a000121",NA,"de"
"10.1037/a0033827",NA,"en"
"10.1037/cou0000110",NA,"en"
"10.1037/edu0000326",NA,"en"
"10.1037/edu0000335",NA,"en"
"10.1037/pspp0000017",NA,"en"
"10.1037/pspp0000408",NA,"en"
"10.1037/xap0000270",NA,"en"
"10.1037/xge0000788",NA,"en"
"10.1037/xlm0000490",NA,"en"
"10.1075/target.18159.ola",NA,"en"
"10.1080/00913367.2015.1088809",NA,"en"
"10.1080/00913367.2015.1089426",NA,"en"
"10.1080/00913367.2015.1093438",NA,"en"
"10.1080/01434632.2020.1730861",NA,"en"
"10.1080/02699931.2015.1136270",NA,"en"
"10.1080/02699931.2018.1429389",NA,"en"
"10.1080/02699931.2018.1541312",NA,"en"
"10.1080/02699931.2021.1891863",NA,"en"
"10.1080/03004430.2014.1003554",NA,"en"
"10.1080/10508619.2013.735493",NA,"en"
"10.1080/10510974.2018.1466719",NA,"en"
"10.1080/17470218.2016.1233439",NA,"en"
"10.1080/23273798.2018.1524500",NA,"en"
"10.1080/23279095.2015.1055564",NA,"en"
"10.1093/police/paz066",NA,"en"
"10.1103/physrevphyseducres.15.020116",NA,"en"
"10.1108/s0193-230620150000018002",NA,"en"
"10.1109/icpc52881.2021.00052",NA,"en"
"10.1111/cdev.13559",NA,"en"
"10.1111/flan.12077",NA,"en"
"10.1111/j.1468-0408.2010.00513.x",NA,"en"
"10.1111/j.1551-6709.2010.01136.x",NA,"en"
"10.1111/lang.12403",NA,"en"
"10.1177/0014402920953763",NA,"en"
"10.1177/0022219417711223",NA,"en"
"10.1177/0022487115626428",NA,"en"
"10.1177/0098628318796414",NA,"en"
"10.1177/0098628319888086",NA,"en"
"10.1177/01461672221137209",NA,"en"
"10.1177/0149206320908630",NA,"en"
"10.1177/0272431620950478",NA,"en"
"10.1177/0308575913518003",NA,"en"
"10.1177/0734282915580885",NA,"en"
"10.1177/0956797618774252",NA,"en"
"10.1177/0956797619875482",NA,"en"
"10.1177/0956797619893062",NA,"en"
"10.1177/0956797620902101",NA,"en"
"10.1177/0956797620903716",NA,"en"
"10.1177/0956797620968792",NA,"en"
"10.1177/0956797621997366",NA,"en"
"10.1177/1029864913493802",NA,"en"
"10.1177/105268461102100603",NA,"en"
"10.1177/106169341001900303",NA,"en"
"10.1177/1362168814559799",NA,"en"
"10.1177/1367006912448125",NA,"en"
"10.1177/147470491501300110",NA,"en"
"10.1177/2165143420908286",NA,"en"
"10.1350/ijps.2014.16.4.346",NA,"en"
"10.1371/journal.pgen.1006343",NA,"en"
"10.1371/journal.pone.0018044",NA,"en"
"10.1371/journal.pone.0281140",NA,"en"
"10.1515/iral-2012-0001",NA,"en"
"10.15195/v4.a5",NA,"en"
"10.1523/eneuro.0333-18.2018",NA,"en"
"10.1525/collabra.117",NA,"en"
"10.1525/collabra.168",NA,"en"
"10.1561/104.00000058",NA,"en"
"10.1561/104.00000071",NA,"en"
"10.17705/1atrr.00004",NA,"en"
"10.17705/1atrr.00015",NA,"en"
"10.1901/jaba.2011.44-369",NA,"en"
"10.1901/jeab.2012.98-283",NA,"en"
"10.2190/em.29.2.d",NA,"en"
"10.2308/bria-52306",NA,"en"
"10.30636/jbpa.12.34",NA,"en"
"10.3102/0013189x20922993",NA,"en"
"10.3109/13668250.2012.703318",NA,"en"
"10.31234/osf.io/zeux9",NA,"en"
"10.3389/fnins.2017.00664",NA,"en"
"10.3389/fpsyg.2013.00698",NA,"en"
"10.3389/fpsyg.2014.01035",NA,"en"
"10.3389/fpsyg.2014.01325",NA,"en"
"10.3389/fpsyg.2014.01511",NA,"en"
"10.3389/fpsyg.2015.01709",NA,"en"
"10.4324/9781315864952-3",NA,"en"
"10.5964/jnc.7047",NA,"en"
"10.64152/10125/66687",NA,"en"
"10.7441/joc.2019.02.01",NA,"en"
"10.7717/peerj.1173",NA,"en"
"10.7717/peerj.3580",NA,"en"
"10.1002/acp.4037",NA,"en"
"10.1002/ajcp.12385",NA,"en"
"10.1002/brb3.1393",NA,"en"
"10.1002/cpp.686",NA,"en"
"10.1002/dev.21515",NA,"en"
"10.1002/dys.1497",NA,"en"
"10.1002/ejsp.2390",NA,"en"
"10.1002/hep.30313",NA,"en"
"10.1002/jaba.666",NA,"en"
"10.1002/jae.2697",NA,"en"
"10.1002/jocb.350",NA,"en"
"10.1002/per.2176",NA,"en"
"10.1002/pits.22106",NA,"en"
"10.1002/pits.22364",NA,"en"
"10.1002/smj.2905",NA,"en"
"10.1002/smj.3287",NA,"en"
"10.1002/smj.3580",NA,"en"
"10.1002/tesq.128",NA,"en"
"10.1007/s00125-021-05490-8",NA,"en"
"10.1007/s11145-018-9838-5",NA,"en"
"10.1177/2053168015577969",NA,"en"
"10.1093/erae/jbt006",NA,"en"
"10.1002/smr.1838",NA,"en"
"10.1145/2702123.2702593",NA,"en"
"10.1007/s10803-020-04478-4",NA,"en"
"10.1177/0022487118761860",NA,"en"
"10.1177/1098300711398935",NA,"en"
"10.1002/jaba.385",NA,"en"
"10.1016/j.jsp.2008.09.003",NA,"en"
"10.1007/s10864-005-2703-z",NA,"en"
"10.1016/j.ridd.2011.07.018",NA,"en"
"10.1177/00224669070410010201",NA,"en"
"10.1111/j.1467-8624.2010.01557.x",NA,"en"
"10.1007/s11145-016-9688-y",NA,"en"
"10.1080/01690960802164242",NA,"en"
"10.1086/668503",NA,"en"
"10.1023/a:1018729101473",NA,"en"
"10.25656/01:31701",NA,"de"
"10.1007/bf02335554",NA,"en"
"10.1007/s11251-009-9093-x",NA,"en"
"10.1016/j.learninstruc.2015.12.002",NA,"en"
"10.1037/0278-7393.31.6.1267",NA,"en"
"10.1089/glre.2017.2134",NA,"en"
"10.1007/s11575-008-0022-z",NA,"en"
"10.1007/978-90-481-3941-5_10",NA,"en"
"10.1016/j.beth.2012.02.002",NA,"en"
"10.1097/acm.0b013e31823b55fa",NA,"en"
"10.1016/j.jet.2014.10.006",NA,"en"
"10.3758/s13423-017-1306-8",NA,"en"
"10.1002/jaba.106",NA,"en"
"10.1037/a0027470",NA,"en"
"10.1016/j.compedu.2013.12.004",NA,"en"
"10.1017/s0305000900012411",NA,"en"
"10.1111/j.1467-7687.2011.01127.x",NA,"en"
"10.1002/(sici)1520-6653(199924)13:1<5::aid-dir2>3.0.co;2-9",NA,"en"
"10.1016/j.jml.2012.02.005",NA,"en"
"10.1177/1088357615618941",NA,"en"
"10.1007/s10508-007-9175-2",NA,"en"
"10.1007/s10649-007-9083-3",NA,"en"
"10.1016/j.lindif.2007.01.002",NA,"en"
"10.1177/0956797615623770",NA,"en"
"10.1901/jaba.2004.37-11",NA,"en"
"10.1901/jaba.2011.44-327",NA,"en"
"10.1007/s10803-008-0608-0",NA,"en"
"10.1016/0272-7358(94)90002-7",NA,"en"
"10.1093/applin/amv060",NA,"en"
"10.1016/j.biopsych.2018.02.061",NA,"en"
"10.1177/1367006916688333",NA,"en"
"10.1136/jnnp.2004.047357",NA,"en"
"10.2307/2585837",NA,"en"
"10.1017/s0022381608080638",NA,"en"
"10.1093/acprof:oso/9780190205782.001.0001",NA,"en"
"10.2307/2091819",NA,"en"
"10.1017/s0272263118000244",NA,"en"
"10.1093/applin/amp016",NA,"en"
"10.1002/imhj.21653",NA,"en"
"10.1037/a0025391",NA,"en"
"10.4159/9780674369542",NA,"en"
"10.1375/twin.14.6.539",NA,"en"
"10.1086/688585",NA,"en"
"10.1007/s11109-015-9325-5",NA,"en"
"10.1037/0096-1523.15.4.673",NA,"en"
"10.3102/0002831211419649",NA,"en"
"10.1177/2167702616677312",NA,"en"
"10.1126/science.167.3914.86",NA,"en"
"10.1037/a0036158",NA,"en"
"10.58680/rte20076014",NA,"en"
"10.1016/j.cedpsych.2017.07.002",NA,"en"
"10.1037/edu0000115",NA,"en"
"10.1037/0022-0663.100.1.223",NA,"en"
"10.1177/016502547800100203",NA,"en"
"10.1037/a0034755",NA,"en"
"10.1037//0022-3514.56.6.972",NA,"en"
"10.1037/pspp0000100",NA,"en"
"10.1037/ccp0000051",NA,"en"
"10.1016/j.jsp.2016.07.001",NA,"en"
"10.31234/osf.io/uhbk9",NA,"en"
"10.1073/pnas.0505454102",NA,"en"
"10.1037/0033-295x.114.2.245",NA,"en"
"10.1037/0022-3514.78.6.1038",NA,"en"
"10.1037/a0017094",NA,"en"
"10.1080/17470215908416289",NA,"en"
"10.1016/j.neuroimage.2013.05.039",NA,"en"
"10.1101/lm.035493.114",NA,"en"
"10.37016/mr-2020-47",NA,"en"
"10.1162/jocn.2009.21282",NA,"en"
"10.1371/journal.pone.0016782",NA,"en"
"10.1039/c7rp00238f",NA,"en"
"10.1113/expphysiol.2008.045138",NA,"en"
"10.1126/science.1195996",NA,"en"
"10.1037/pspp0000096",NA,"en"
"10.1080/10400419.2011.595974",NA,"en"
"10.1073/pnas.1015493108",NA,"en"
"10.1177/0022487108328155",NA,"en"
"10.1177/0146167205279905",NA,"en"
"10.1002/tea.21227",NA,"en"
"10.2196/26134",NA,"en"
"10.1145/1404520.1404531",NA,"en"
"10.1080/09084282.2010.523365",NA,"en"
"10.5040/9781472594150.ch-005",NA,"en"
"10.3928/0048-5713-19951201-07",NA,"en"
"10.3109/10253890.2015.1040987",NA,"en"
"10.1207/s15326985ep3902_1",NA,"en"
"10.1177/0022219409335218",NA,"en"
"10.1207/s15506878jobem4801_3",NA,"en"
"10.1037/0022-006x.64.5.927",NA,"en"
"10.1002/ejsp.2219",NA,"en"
"10.1177/0265407512453827",NA,"en"
"10.1177/001440291107700203",NA,"en"
"10.1007/bf01541644",NA,"en"
"10.1002/jip.55",NA,"en"
"10.1037/1076-8998.5.3.347",NA,"en"
"10.1080/10810730.2018.1472316",NA,"en"
"10.1016/j.jecp.2016.11.008",NA,"en"
"10.1111/j.1467-9280.2006.01705.x",NA,"en"
"10.1016/j.janxdis.2011.11.004",NA,"en"
"10.1007/978-0-387-74290-8",NA,"en"
"10.1016/j.jenvp.2018.02.001",NA,"en"
"10.1177/001440291107700204",NA,"en"
"10.1037/e633982013-075",NA,"en"
"10.3389/fpsyt.2014.00019",NA,"en"
"10.1037/0022-3514.95.1.18",NA,"en"
"10.1177/1053815112471990",NA,"en"
"10.32469/10355/70156",NA,"en"
"10.1126/science.1107621",NA,"en"
"10.1017/s0140525x07001185",NA,"en"
"10.1073/pnas.2209414120",NA,"en"
"10.1016/j.evalprogplan.2007.01.006",NA,"en"
"10.1210/jc.2009-0545",NA,"en"
"10.1126/science.1123633",NA,"en"
"10.1093/scan/nsw113",NA,"en"
"10.1111/j.1532-5415.2008.01710.x",NA,"en"
"10.1007/s11606-021-06676-x",NA,"en"
"10.1097/brs.0b013e3181ed2de1",NA,"en"
"10.1016/j.ejpain.2011.07.012",NA,"en"
"10.1007/s12041-011-0112-8",NA,"en"
"10.1037/0096-3445.130.3.427",NA,"en"
"10.1016/j.cognition.2013.09.001",NA,"en"
"10.1037/xhp0000284",NA,"en"
"10.1111/j.2044-8295.1975.tb01468.x",NA,"en"
"10.1098/rsos.160384",NA,"en"
"10.1126/science.abh4340",NA,"en"
"10.1038/nm.4246",NA,"en"
"10.1108/et-04-2015-0026",NA,"en"
"10.1016/j.jom.2007.08.002",NA,"en"
"10.1080/0958519032000114237",NA,"en"
"10.1111/jsbm.12023",NA,"en"
"10.1016/j.jom.2014.11.002",NA,"en"
"10.1145/1368088.1368161",NA,"en"
"10.1145/2025113.2025141",NA,"en"
"10.18653/v1/2020.findings-emnlp.139",NA,"en"
"10.1109/32.988711",NA,"en"
"10.1002/stvr.1594",NA,"en"
"10.1177/0963662514549688",NA,"en"
"10.1109/tvcg.2018.2832633",NA,"en"
"10.15288/jsa.2006.67.169",NA,"en"
"10.1111/add.14403",NA,"en"
"10.1016/j.jfineco.2018.01.009",NA,"en"
"10.1111/camh.12052",NA,"en"
"10.1038/srep05304",NA,"en"
"10.1111/j.1467-8624.2012.01748.x",NA,"en"
"10.1073/pnas.0910967107",NA,"en"
"10.1038/s41591-024-03283-1",NA,"en"
"10.1371/journal.pgen.1000847",NA,"en"
"10.1111/j.1530-0277.2006.00265.x",NA,"en"
"10.2307/329894",NA,"en"
"10.1017/cbo9781139524575.009",NA,"en"
"10.1080/009262300278597",NA,"en"
"10.1207/s15327809jls1302_1",NA,"en"
"10.1080/01411926.2010.538468",NA,"en"
"10.1037/a0021801",NA,"en"
"10.1016/j.learninstruc.2018.04.010 get rights and content",NA,"en"
"10.1037/0022-0663.93.2.390",NA,"en"
"10.1521/jsyt.2012.31.2.21",NA,"en"
"10.1037/per0000181",NA,"en"
"10.1111/j.0022-3506.2004.00270.x",NA,"en"
"10.1177/0734282909344205",NA,"en"
"10.1016/s0883-9026(96)00003-1",NA,"en"
"10.2307/1386523",NA,"en"
"10.1177/1362168815617334",NA,"en"
"10.3389/fpsyg.2017.00051",NA,"en"
"10.1017/s1366728920000280",NA,"en"
"10.64152/10125/66973",NA,"en"
"10.1177/0014402914563706",NA,"en"
"10.1111/lang.12353",NA,"en"
"10.2139/ssrn.2187902",NA,"en"
"10.1111/puar.12896",NA,"en"
"10.1111/psyp.12064",NA,"en"
"10.1016/j.jsams.2016.12.076",NA,"en"
"10.1128/jvi.79.15.9746-9755.2005",NA,"en"
"10.1136/injuryprev-2018-043127",NA,"en"
"10.1093/hmg/ddp542",NA,"en"
"10.1001/jama.2015.8950",NA,"en"
"10.1007/978-3-642-20677-1_13",NA,"en"
"10.1109/icse.2007.32",NA,"en"
"10.1145/3517745.3561436",NA,"en"
"10.1038/ng.635",NA,"en"
"10.1167/iovs.14-15390",NA,"en"
"10.17816/nb100176",NA,"en"
"10.1016/j.biopsych.2006.03.040",NA,"en"
"10.1177/0014402916658658",NA,"en"
"10.1177/0014402917708216",NA,"en"
"10.1177/0017896915610144",NA,"en"
"10.1086/691684",NA,"en"
"10.1002/acp.2881",NA,"en"
"10.1177/0011128720940953",NA,"en"
"10.1177/0888406415600769",NA,"en"
"10.1177/0956797611431465",NA,"en"
"10.1177/0956797617710785",NA,"en"
"10.1177/0956797611420166",NA,"en"
"10.1371/journal.pone.0175799",NA,"en"
"10.1086/209200",NA,"en"
"10.1371/journal.pone.0101091",NA,"en"
"10.1016/s0883-9026(02)00097-6",NA,"en"
"10.1007/s11121-007-0080-7",NA,"en"
"10.1177/1049731509359187",NA,"en"
"10.3386/w6614",NA,"en"
"10.1177/215416470604100404",NA,"en"
"10.1177/1098300712440453",NA,"en"
"10.1080/1045988x.2012.701252",NA,"en"
"10.1016/j.adolescence.2017.01.006",NA,"en"
"10.1016/s0092-6566(02)00529-9 get rights and content",NA,"en"
"10.1177/0741932514530572",NA,"en"
"10.1002/bin.70004",NA,"en"
"10.1352/1934-9556-56.6.442",NA,"en"
"10.1016/0030-5073(84)90043-6",NA,"en"
"10.1177/1948550612447114",NA,"en"
"10.1177/0022002714545222",NA,"en"
"10.1111/ajps.12412",NA,"en"
"10.1073/pnas.2022819118",NA,"en"
"10.1177/2167702618757658",NA,"en"
"10.1111/j.1467-8624.1966.tb05387.x",NA,"en"
"10.1007/s11211-023-00407-9",NA,"en"
"10.1037/apl0000347",NA,"en"
"10.1177/0149206319833445",NA,"en"
"10.1080/14659891.2019.1642405",NA,"en"
"10.1371/journal.pgen.1000378",NA,"en"
"10.1037/1040-3590.14.4.485",NA,"en"
"10.1186/ar2695",NA,"en"
"10.1038/ng.3246",NA,"en"
"10.1186/s41239-025-00533-1",NA,"en"
"10.1187/cbe.16-10-0294",NA,"en"
"10.1038/mp.2011.132",NA,"en"
"10.1038/ng.485",NA,"en"
"10.1007/s10956-012-9369-9",NA,"en"
"10.1353/aad.0.0113",NA,"en"
"10.1353/etc.2015.0001",NA,"en"
"10.1023/b:rihe.0000027392.94172.d2",NA,"en"
"10.1096/fj.07-9261com",NA,"en"
"10.1038/ng.974",NA,"en"
"10.1038/ng.2637",NA,"en"
"10.1111/j.1467-9280.2009.02434.x",NA,"en"
"10.1007/s001270050022",NA,"en"
"10.1037/h0040525",NA,"en"
"10.1126/science.aaa3841",NA,"en"
"10.1055/s-0030-1249773",NA,"en"
"10.1038/ng.3598",NA,"en"
"10.7551/mitpress/4117.003.0006",NA,"en"
"10.1521/pedi.17.2.152.23990",NA,"en"
"10.1073/pnas.1423035112",NA,"en"
"10.1038/ng1732",NA,"en"
"10.1016/j.ecresq.2008.08.002",NA,"en"
"10.2307/3250921",NA,"en"
"10.2753/mis0742-1222310210",NA,"en"
"10.1016/j.jesp.2017.01.006",NA,"en"
"10.18653/v1/p16-2067",NA,"en"
"10.1186/s12913-017-2744-8",NA,"en"
"10.1037/0022-0663.97.3.493",NA,"en"
"10.1016/b978-0-12-108840-8.50014-7",NA,"en"
"10.1257/app.1.3.111",NA,"en"
"10.3109/0142159x.2012.714884",NA,"en"
"10.1016/j.neuron.2008.07.005",NA,"en"
"10.1037/h0093718",NA,"en"
"10.3233/jad-160881",NA,"en"
"10.1001/jama.2010.574",NA,"en"
"10.1016/j.jecp.2012.06.013",NA,"en"
"10.1016/j.neuroimage.2010.02.068",NA,"en"
"10.1038/nn1029",NA,"en"
"10.1177/1948550611419266",NA,"en"
"10.1016/s0005-7967(00)00036-x",NA,"en"
"10.1016/j.cognition.2017.02.010",NA,"en"
"10.1016/j.pscychresns.2010.11.008",NA,"en"
"10.1016/j.applanim.2006.03.017",NA,"en"
"10.1111/bjhp.12430",NA,"en"
"10.1016/s0034-4257(03)00145-7",NA,"en"
"10.1509/jmkg.73.3.052",NA,"en"
"10.3758/bf03202642",NA,"en"
"10.1073/pnas.2202700119",NA,"en"
"10.1177/09567976221108944",NA,"en"
"10.1037/pspi0000402",NA,"en"
"10.1037/pspa0000319",NA,"en"
"10.1126/science.abb6591",NA,"en"
"10.1037/pspi0000348",NA,"en"
"10.1016/0010-0285(92)90008-p",NA,"en"
"10.1093/ajae/aas023",NA,"en"
"10.1126/science.1168450",NA,"en"
"10.1037/e513702014-054",NA,"en"
"10.1901/jaba.1999.32-107",NA,"en"
"10.1002/jaba.154",NA,"en"
"10.1002/jaba.431",NA,"en"
"10.1901/jaba.2011.44-121",NA,"en"
"10.1007/s40617-018-00314-5",NA,"en"
"10.1002/jaba.453",NA,"en"
"10.1023/a:1011120928698",NA,"en"
"10.1901/jeab.1981.36-141",NA,"en"
"10.1038/mp.2017.24",NA,"en"
"10.1002/smj.2108",NA,"en"
"10.1002/jaba.86",NA,"en"
"10.1007/s10683-015-9437-0",NA,"en"
"10.1016/j.brs.2020.01.005",NA,"en"
"10.1177/0956797619842191",NA,"en"
"10.1017/s0954579419000580",NA,"en"
"10.1016/j.ijgo.2006.07.013",NA,"en"
"10.1016/j.cub.2011.03.017",NA,"en"
"10.1097/01.naq.0000305943.46440.77",NA,"en"
"10.1080/08941920802039804",NA,"en"
"10.1037/0022-006x.62.3.636",NA,"en"
"10.1038/s41598-017-05456-0",NA,"en"
"10.1093/qje/qjr029",NA,"en"
"10.1026//0949-3946.48.2.94",NA,"en"
"10.1002/aepp.13330",NA,"en"
"10.1007/s10664-022-10117-6",NA,"en"
"10.1007/s10803-020-04626-w",NA,"en"
"10.1007/s10857-019-09443-2",NA,"en"
"10.1007/s10864-016-9252-5",NA,"en"
"10.1007/s10864-020-09389-z",NA,"en"
"10.1007/s10864-020-09415-0",NA,"en"
"10.1007/s10864-020-09423-0",NA,"en"
"10.1007/s10882-010-9212-2",NA,"en"
"10.1007/s10882-014-9400-6",NA,"en"
"10.1007/s10882-019-09718-9",NA,"en"
"10.1007/s11121-020-01116-4",NA,"en"
"10.1007/s11145-018-9858-1",NA,"en"
"10.1007/s11145-020-10060-2",NA,"en"
"10.1007/s11162-016-9433-z",NA,"en"
"10.1007/s11165-012-9320-3",NA,"en"
"10.1007/s11218-012-9188-0",NA,"en"
"10.1007/s11251-010-9144-3",NA,"en"
"10.1007/s11251-018-9451-7",NA,"en"
"10.1007/s11409-020-09235-7",NA,"en"
"10.1007/s11469-021-00695-9",NA,"en"
"10.1007/s11575-020-00417-8",NA,"en"
"10.1007/s12186-012-9090-0",NA,"en"
"10.1007/s12310-020-09375-w",NA,"en"
"10.1007/s12369-020-00688-z",NA,"en"
"10.1007/s40037-020-00611-2",NA,"en"
"10.1007/s40881-015-0019-x",NA,"en"
"10.1007/s41809-020-00072-3",NA,"en"
"10.1007/s43494-020-00015-1",NA,"en"
"10.1016/j.cedpsych.2019.01.006",NA,"en"
"10.1016/j.compedu.2017.05.013",NA,"en"
"10.1016/j.ecresq.2015.09.001",NA,"en"
"10.1016/j.infbeh.2019.101340",NA,"en"
"10.1016/j.intmar.2021.03.001",NA,"en"
"10.1016/j.jsp.2017.07.006",NA,"en"
"10.1016/j.jsxm.2018.02.012",NA,"en"
"10.1016/j.learninstruc.2018.10.002",NA,"en"
"10.1016/j.lindif.2012.01.004",NA,"en"
"10.1016/j.lindif.2015.03.029",NA,"en"
"10.1016/j.lindif.2019.05.001",NA,"en"
"10.1016/j.rasd.2013.02.007",NA,"en"
"10.1016/j.rasd.2013.02.015",NA,"en"
"10.1016/j.rasd.2014.01.006",NA,"en"
"10.1016/j.sbspro.2015.09.054",NA,"en"
"10.1016/j.ssci.2020.105065",NA,"en"
"10.1016/j.system.2020.102377",NA,"en"
"10.1016/j.ynirp.2022.100149",NA,"en"
"10.1017/brimp.2013.34",NA,"en"
"10.1017/s000305540505166x",NA,"en"
"10.1017/s0142716423000127",NA,"en"
"10.1017/s0261444819000120",NA,"en"
"10.1017/s0954579418001530",NA,"en"
"10.1017/s1930297500007348",NA,"en"
"10.1017/ssh.2017.27",NA,"en"
"10.1017/thg.2012.151",NA,"en"
"10.1037/a0019951",NA,"en"
"10.1037/a0036307",NA,"en"
"10.1037/abn0000318",NA,"en"
"10.1037/com0000223",NA,"en"
"10.1037/cou0000322",NA,"en"
"10.1037/edu0000095",NA,"en"
"10.1037/edu0000413",NA,"en"
"10.1037/edu0000433",NA,"en"
"10.1037/edu0000441",NA,"en"
"10.1037/emo0000569",NA,"en"
"10.1037/pspp0000195",NA,"en"
"10.1037/spq0000229",NA,"en"
"10.1037/spq0000246",NA,"en"
"10.1037/tmb0000086",NA,"en"
"10.1037/xge0000131",NA,"en"
"10.1037/xge0000203",NA,"en"
"10.1037/xge0000644",NA,"en"
"10.1037/xlm0000874",NA,"en"
"10.1038/s41598-018-35209-6",NA,"en"
"10.1038/s41598-022-06119-5",NA,"en"
"10.1038/s41598-023-43885-2",NA,"en"
"10.1038/sdata.2016.116",NA,"en"
"10.1038/sdata.2016.120",NA,"en"
"10.1038/sdata.2016.98",NA,"en"
"10.1039/c9rp00171a",NA,"en"
"10.1055/s-0030-1268438",NA,"en"
"10.1063/1.3680037",NA,"en"
"10.1080/00221546.2019.1650582",NA,"en"
"10.1080/00223891.2018.1539004",NA,"en"
"10.1080/01443410.2013.812615",NA,"en"
"10.1080/01973533.2016.1256287",NA,"en"
"10.1080/01973533.2020.1806845",NA,"en"
"10.1080/02607476.2019.1674563",NA,"en"
"10.1080/02619768.2014.882308",NA,"en"
"10.1080/02671522.2019.1678062",NA,"en"
"10.1080/08993408.2022.2079866",NA,"en"
"10.1080/09084282.2011.595455",NA,"en"
"10.1080/09515089.2019.1587912",NA,"en"
"10.1080/09658211.2023.2198327",NA,"en"
"10.1080/10253890.2016.1219718",NA,"en"
"10.1080/10400419.2020.1821552",NA,"en"
"10.1080/10409289.2018.1475202",NA,"en"
"10.1080/10410236.2016.1140268",NA,"en"
"10.1080/10503307.2011.598580",NA,"en"
"10.1080/10508619.2019.1568142",NA,"en"
"10.1080/10510974.2018.1467941",NA,"en"
"10.1080/10573569.2020.1860841",NA,"en"
"10.1080/10683160903273188",NA,"en"
"10.1080/10803548.2013.11076973",NA,"en"
"10.1080/10986065.2020.1818467",NA,"en"
"10.1080/13803611.2021.2022319",NA,"en"
"10.1080/15534510.2019.1710248",NA,"en"
"10.1080/16506073.2014.990050",NA,"en"
"10.1080/16506073.2015.1015163",NA,"en"
"10.1080/17524032.2020.1777181",NA,"en"
"10.1080/19345747.2012.706694",NA,"en"
"10.1080/19345747.2014.906009",NA,"en"
"10.1080/20008198.2019.1705599",NA,"en"
"10.1080/22243534.2015.11828344",NA,"en"
"10.1080/2330443x.2016.1277966",NA,"en"
"10.1080/23743603.2019.1684821",NA,"en"
"10.1086/686223",NA,"en"
"10.1086/698818",NA,"en"
"10.1086/714812",NA,"en"
"10.1093/cercor/bhaa282",NA,"en"
"10.1093/her/cyt088",NA,"en"
"10.1093/humrep/dev182",NA,"en"
"10.1093/pnasnexus/pgad091",NA,"en"
"10.1093/scan/nsy030",NA,"en"
"10.1097/acm.0000000000002311",NA,"en"
"10.1097/brs.0000000000000807",NA,"en"
"10.1097/j.pain.0000000000000657",NA,"en"
"10.1097/ypg.0000000000000061",NA,"en"
"10.1098/rsos.191114",NA,"en"
"10.1098/rsos.191353",NA,"en"
"10.1098/rsos.200090",NA,"en"
"10.1098/rsos.200724",NA,"en"
"10.1098/rsos.221306",NA,"en"
"10.1101/111807",NA,"en"
"10.1101/2023.05.26.542419",NA,"en"
"10.1101/416321",NA,"en"
"10.1103/physrevstper.10.010110",NA,"en"
"10.1108/et-02-2019-0037",NA,"en"
"10.1108/ijpdlm-04-2021-0121",NA,"en"
"10.1108/jgm-12-2014-0055",NA,"en"
"10.1108/neje-04-2020-0005",NA,"en"
"10.1108/scm-06-2023-0297",NA,"en"
"10.1109/esem.2015.7321191",NA,"en"
"10.1109/iwsc55060.2022.00015",NA,"en"
"10.1109/reser.2011.10",NA,"en"
"10.1109/reser.2011.12",NA,"en"
"10.1109/reser.2011.8",NA,"en"
"10.1109/saner53432.2022.00088",NA,"en"
"10.1109/tvcg.2017.2744298",NA,"en"
"10.1109/vrw50115.2020.00137",NA,"en"
"10.1111/acer.13039",NA,"en"
"10.1111/acer.14413",NA,"en"
"10.1111/acfi.12631",NA,"en"
"10.1111/camh.12338",NA,"en"
"10.1111/cdev.13026",NA,"en"
"10.1111/cdev.13309",NA,"en"
"10.1111/desc.13080",NA,"en"
"10.1111/j.1365-2265.2011.04175.x",NA,"en"
"10.1111/j.1530-0277.2011.01630.x",NA,"en"
"10.1111/j.1540-4781.2011.01236.x",NA,"en"
"10.1111/j.1743-6109.2010.01970.x",NA,"en"
"10.1111/j.2044-8279.2011.02041.x",NA,"en"
"10.1111/jcal.12045",NA,"en"
"10.1111/jcal.12211",NA,"en"
"10.1111/jcal.12265",NA,"en"
"10.1111/jcal.12426",NA,"en"
"10.1111/jcal.12485",NA,"en"
"10.1111/jmft.12140",NA,"en"
"10.1111/jopy.12325",NA,"en"
"10.1111/jopy.12677",NA,"en"
"10.1111/josh.12124",NA,"en"
"10.1111/jsbm.12233",NA,"en"
"10.1111/jssr.12578",NA,"en"
"10.1111/lang.12236",NA,"en"
"10.1111/lang.12402",NA,"en"
"10.1111/lang.12438",NA,"en"
"10.1111/lang.12622",NA,"en"
"10.1111/ldrp.12131",NA,"en"
"10.1111/modl.12835",NA,"en"
"10.1111/psyp.12425",NA,"en"
"10.1111/sms.13021",NA,"en"
"10.1126/sciadv.adl0999",NA,"en"
"10.1128/jvi.01714-18",NA,"en"
"10.1136/jmg.2009.075911",NA,"en"
"10.1145/2593868.2593874",NA,"en"
"10.1145/2652524.2652556",NA,"en"
"10.1145/3618257.3624820",NA,"en"
"10.1158/1055-9965.epi-11-0870-t",NA,"en"
"10.1161/strokeaha.111.623090",NA,"en"
"10.1167/iovs.10-6497",NA,"en"
"10.1176/appi.ajp.2015.14070896",NA,"en"
"10.1176/ps.62.4.pss6204_0367",NA,"en"
"10.1177/0014402918771321",NA,"en"
"10.1177/0014402920924845",NA,"en"
"10.1177/0016986220932533",NA,"en"
"10.1177/0017896919826374",NA,"en"
"10.1177/0022219418775114",NA,"en"
"10.1177/0022219419897268",NA,"en"
"10.1177/0098628320979864",NA,"en"
"10.1177/08884064211001453",NA,"en"
"10.1177/0956797619837942",NA,"en"
"10.1177/0956797619841265",NA,"en"
"10.1177/0956797620955209",NA,"en"
"10.1177/0956797620968526",NA,"en"
"10.1177/0958928712471227",NA,"en"
"10.1177/09636625211024550",NA,"en"
"10.1177/1029864913493800",NA,"en"
"10.1177/1029864918811879",NA,"en"
"10.1177/10422587251322409",NA,"en"
"10.1177/1049731515576546",NA,"en"
"10.1177/1049731515597477",NA,"en"
"10.1177/1091142114537892",NA,"en"
"10.1177/1098300710366593",NA,"en"
"10.1177/1098300716637192",NA,"en"
"10.1177/1098300719870438",NA,"en"
"10.1177/1359104519838593",NA,"en"
"10.1177/147470491401200510",NA,"en"
"10.1177/1534508417727489",NA,"en"
"10.1177/1540796920949448",NA,"en"
"10.1177/1948550616639649",NA,"en"
"10.1177/1948550618771003",NA,"en"
"10.1177/2158244019899047",NA,"en"
"10.1177/2167702619859335",NA,"en"
"10.1177/25152459211018187",NA,"en"
"10.1186/1471-2350-11-119",NA,"en"
"10.1186/1471-244x-11-129",NA,"en"
"10.1186/ar3789",NA,"en"
"10.1186/s13195-015-0154-x",NA,"en"
"10.1187/cbe.19-01-0028",NA,"en"
"10.1192/bjp.bp.114.154997",NA,"en"
"10.1212/wnl.0b013e318202031f",NA,"en"
"10.12973/eurasia.2014.948a",NA,"en"
"10.1353/aad.2011.0002",NA,"en"
"10.1353/csd.2014.0018",NA,"en"
"10.1353/etc.2018.0028",NA,"en"
"10.1353/jhe.2015.0006",NA,"en"
"10.1371/journal.pone.0053234",NA,"en"
"10.1371/journal.pone.0107411",NA,"en"
"10.1371/journal.pone.0112772",NA,"en"
"10.1371/journal.pone.0129263",NA,"en"
"10.1371/journal.pone.0209704",NA,"en"
"10.1371/journal.pone.0211416",NA,"en"
"10.1371/journal.pone.0235525",NA,"en"
"10.1371/journal.pone.0251451",NA,"en"
"10.1371/journal.pone.0261477",NA,"en"
"10.1371/journal.pone.0294325",NA,"en"
"10.1515/gcla-2014-0004",NA,"en"
"10.1521/pedi_2013_27_117",NA,"en"
"10.1525/collabra.97",NA,"en"
"10.1590/s1415-47572010005000056",NA,"en"
"10.17105/spr-15-0048.1",NA,"en"
"10.17705/1atrr.00014",NA,"en"
"10.17705/1atrr.00028",NA,"en"
"10.18148/srm/2012.v6i1.5092",NA,"en"
"10.18653/v1/d17-1076",NA,"en"
"10.3102/0002831214565787",NA,"en"
"10.3102/0013189x20940304",NA,"en"
"10.3109/0142159x.2014.890702",NA,"en"
"10.31234/osf.io/p9dgn",NA,"en"
"10.31234/osf.io/qhxkm",NA,"en"
"10.31820/pt.28.3.7",NA,"en"
"10.3233/jad-170276",NA,"en"
"10.3389/fcomm.2018.00046",NA,"en"
"10.3389/fpsyg.2014.00955",NA,"en"
"10.3389/fpsyg.2015.00494",NA,"en"
"10.3389/fpsyg.2015.01755",NA,"en"
"10.3389/fpsyg.2018.00540",NA,"en"
"10.3389/fpsyg.2018.02476",NA,"en"
"10.3389/fpsyt.2020.00777",NA,"en"
"10.3390/ani12070807",NA,"en"
"10.3390/jcm10010052",NA,"en"
"10.3390/su9071286",NA,"en"
"10.3758/s13421-020-01073-x",NA,"en"
"10.5281/zenodo.17705407",NA,"en"
"10.5281/zenodo.17705573",NA,"en"
"10.5281/zenodo.17715177",NA,"en"
"10.5281/zenodo.17715275",NA,"en"
"10.5281/zenodo.17715400",NA,"en"
"10.5281/zenodo.17716051",NA,"en"
"10.5281/zenodo.17716155",NA,"en"
"10.5281/zenodo.17716241",NA,"en"
"10.5281/zenodo.17716306",NA,"en"
"10.5964/jnc.7029",NA,"en"
"10.1002/aepp.13377",NA,"en"
"10.1002/aur.2496",NA,"en"
"10.1002/ejsp.2175",NA,"en"
"10.1002/hbm.26065",NA,"en"
"10.1002/ijop.12519",NA,"en"
"10.1002/jaba.195",NA,"en"
"10.1002/jaba.401",NA,"en"
"10.1002/jaba.631",NA,"en"
"10.1002/jaba.905",NA,"en"
"10.1002/jaba.908",NA,"en"
"10.1002/jaba.921",NA,"en"
"10.1002/jae.2513",NA,"en"
"10.1002/jeab.327",NA,"en"
"10.1002/jts.22339",NA,"en"
"10.1002/smj.3453",NA,"en"
"10.1007/s40732-020-00396-0",NA,"en"
"10.1007/s40881-022-00118-y",NA,"en"
"10.1016/j.brs.2022.09.014",NA,"en"
"10.1016/j.concog.2024.103665",NA,"en"
"10.1016/j.dcn.2022.101120",NA,"en"
"10.1016/j.ijgo.2016.06.008",NA,"en"
"10.1016/j.isci.2024.110532",NA,"en"
"10.1016/j.jarmac.2018.09.004",NA,"en"
"10.5172/conu.2013.43.2.237",NA,"en"
"10.1002/1099-0879(200007)7:3<220::aid-cpp243>3.0.co;2-f",NA,"en"
"10.1002/acn3.50914",NA,"en"
"10.1002/jae.2445",NA,"en"
"10.1177/25152459251328334",NA,"en"
"10.1016/j.system.2013.03.004",NA,"en"
"10.1097/j.pain.0000000000001232",NA,"en"
"10.1080/00048670802653364",NA,"en"
"10.1016/j.system.2003.08.002",NA,"en"
"10.1177/1362168820921895",NA,"en"
"10.1111/1468-0297.00407",NA,"en"
"10.1177/0956797613482947",NA,"en"
"10.1017/thg.2015.66",NA,"en"
"10.1111/j.1467-9280.2009.02479.x",NA,"en"
"10.1145/2382448.2382450",NA,"en"
"10.1007/s42761-021-00036-y",NA,"en"
"10.7554/elife.82364",NA,"en"
"10.1109/wetseb52558.2021.00014",NA,"en"
"10.1016/j.jad.2024.05.040",NA,"en"
"10.1162/jeea.2008.6.5.1037",NA,"en"
"10.1073/pnas.0804388105",NA,"en"
"10.1073/pnas.1609203113",NA,"en"
"10.1037/0012-1649.43.6.1447",NA,"en"
"10.1111/j.1467-8624.1988.tb03262.x",NA,"en"
"10.1016/s0163-6383(98)90014-5",NA,"en"
"10.1111/j.2044-835x.1989.tb00784.x",NA,"en"
"10.1126/science.198.4312.75",NA,"en"
"10.1542/peds.77.5.654",NA,"en"
"10.1016/0042-6989(78)90011-1",NA,"en"
"10.1111/acer.15209",NA,"en"
"10.1037/xge0000232",NA,"en"
"10.1007/s10508-016-0847-7",NA,"en"
"10.1371/journal.pone.0214747",NA,"en"
"10.1037/0022-3514.40.5.822",NA,"en"
"10.1027/1864-9335/a000540",NA,"en"
"10.1037/apl0000281",NA,"en"
"10.1177/0956797613500796",NA,"en"
"10.1177/1368430216682350",NA,"en"
"10.1037/0022-3514.95.5.1150",NA,"en"
"10.1371/journal.pone.0059837",NA,"en"
"10.1111/j.0963-7214.2004.01502002.x",NA,"en"
"10.1002/(sici)1099-0992(199912)29:8%3c1011::aid-ejsp974%3e3.0.co;2-a",NA,"en"
"10.2307/1251163",NA,"en"
"10.1037/0022-3514.70.6.1142",NA,"en"
"10.1007/s12110-004-1010-z",NA,"en"
"10.1017/s1930297500006343",NA,"en"
"10.1002/ejsp.392",NA,"en"
"10.1111/j.0956-7976.2005.00798.x",NA,"en"
"10.1016/j.sbspro.2016.10.072",NA,"en"
"10.1016/j.ynirp.2022.100147",NA,"en"
"10.1017/s0033291720001919",NA,"en"
"10.1017/s0261444819000296",NA,"en"
"10.1017/s0261444822000544",NA,"en"
"10.1017/s174413742200025x",NA,"en"
"10.1017/s1930297500008184",NA,"en"
"10.1017/thg.2016.80",NA,"en"
"10.1027/1864-9335/a000388",NA,"en"
"10.48550/arxiv.2208.07395",NA,"en"
"10.1525/collabra.151230",NA,"en"
"10.1016/j.xops.2026.101131",NA,"en"
"10.1016/j.jadr.2026.101051",NA,"en"
"10.18718/81781.52",NA,"en"
"10.1016/j.infbeh.2019.03.005",NA,"en"
"10.1016/j.infbeh.2018.09.012",NA,"en"
"10.1016/s0163-6383(99)00012-0",NA,"en"
"10.1016/s0163-6383(01)00038-8",NA,"en"
"10.1016/0163-6383(95)90009-8",NA,"en"
"10.1016/s0163-6383(83)80012-5",NA,"en"
"10.1016/0163-6383(90)90029-8",NA,"en"
"10.1016/s0163-6383(80)80021-x",NA,"en"
"10.1037/pha0000834",NA,"en"
"10.1027/1864-9335/a000585",NA,"en"
"10.1027/1864-9335/a000554",NA,"en"
"10.1027/1864-9335/a000537",NA,"en"
"10.1027/1864-9335/a000491",NA,"en"
"10.1027/1864-9335/a000458",NA,"en"
"10.1027/1864-9335/a000448",NA,"en"
"10.1027/1864-9335/a000432",NA,"en"
"10.1027/1864-9335/a000361",NA,"en"
"10.1027/1864-9335/a000296",NA,"en"
"10.1027/1864-9335/a000300",NA,"en"
"10.1027/1864-9335/a000236",NA,"en"
"10.1027/1864-9335/a000173",NA,"en"
"10.1027/1864-9335/a000179",NA,"en"
"10.1027/1864-9335/a000182",NA,"en"
"10.1027/1864-9335/a000183",NA,"en"
"10.1027/1864-9335/a000185",NA,"en"
"10.1027/1864-9335/a000209",NA,"en"
"10.1027/1864-9335/a000210",NA,"en"
"10.3389/fnagi.2022.804937",NA,"en"
"10.1016/j.cortex.2025.05.019",NA,"en"
"10.1007/s11618-026-01385-9",NA,"en"
"10.1371/journal.pone.0226284",NA,"en"
"10.3758/mc.37.1.65",NA,"en"
"10.1037/amp0001079",NA,"en"
"10.1037/cou0000131",NA,"en"
"10.1016/j.paid.2023.112300",NA,"en"
"10.1073/pnas.1918952117",NA,"en"
"10.3368/jhr.47.4.991",NA,"en"
"10.3758/s13428-023-02329-5",NA,"en"
"10.1037/a0031138",NA,"en"
"10.1037/amp0001210",NA,"en"
"10.1037/cou0000608",NA,"en"
"10.1037/men0000301",NA,"en"
"10.1002/ijop.70199",NA,"en"
"10.3368/jhr.0623-12973r6",NA,"en"
"10.1080/00221309.2024.2317247",NA,"en"
"10.1177/1474704919852921",NA,"en"
"10.1525/collabra.77610",NA,"en"
"10.1016/j.jrp.2019.06.009",NA,"en"
"10.5281/zenodo.17716240",NA,"en"
"10.1111/psyp.70042",NA,"en"
"10.1080/17461391.2020.1781265",NA,"en"
"10.5334/irsp.522",NA,"en"
"10.31234/osf.io/akfzh",NA,"en"
"10.1007/s00213-025-06983-9",NA,"en"
"10.1177/25152459241267902",NA,"en"
"10.1016/j.nicl.2019.101796",NA,"en"
"10.1016/j.cortex.2022.12.003",NA,"en"
"10.1111/desc.13581",NA,"en"
"10.1037/0022-0663.67.6.882",NA,"en"
"10.1037/0022-3514.56.6.972",NA,"en"
"10.1037/t71797-000",NA,"fr"
"10.1037/pspp0000047",NA,"en"
"10.1002/(sici)1099-0992(199912)29:8<1011::aid-ejsp974>3.0.co;2-a",NA,"en"
"10.1037/pas0001164",NA,"en"
"10.1037/pspp0000380",NA,"en"
"10.1016/j.ridd.2010.02.001",NA,"en"
"10.1027/1864-9335/a000292",NA,"en"
"10.1037/vio0000187",NA,"en"
"10.1037/a0018144",NA,"en"
"10.1037/0022-3514.69.4.603",NA,"en"
"10.1080/00140139608964474",NA,"en"
"10.1145/3328778.3366948",NA,"en"
"10.1016/j.chb.2017.09.030",NA,"en"
"10.1002/jclp.22191",NA,"en"
"10.1111/j.1083-6101.2007.00367.x",NA,"en"
"10.1016/j.paid.2008.08.019",NA,"en"
"10.1016/s0022-4359(00)00035-x",NA,"en"
"10.1037/a0032028",NA,"en"
"10.1080/20008198.2019.1686806",NA,"en"
"10.2139/ssrn.999353",NA,"en"
"10.1080/14640746808400158",NA,"en"
"10.1093/joc/jqx008",NA,"en"
"10.1145/985692.985709",NA,"en"
"10.1016/j.neuroimage.2007.08.032",NA,"en"
"10.1097/00003446-200210000-00007",NA,"en"
"10.1016/j.cognition.2013.01.009",NA,"en"
"10.1177/0956797613504785",NA,"en"
"10.1177/1747021820980301",NA,"en"
"10.1037/0278-7393.6.6.651",NA,"en"
"10.1177/0956797617702699",NA,"en"
"10.1037/vio0000282",NA,"en"
"10.1037/xge0000124",NA,"en"
"10.1037/xge0000992",NA,"en"
"10.1037/xge0001333",NA,"en"
"10.1080/00140139.2021.1909752",NA,"en"
"10.1080/08993408.2022.2071543",NA,"en"
"10.1080/08993408.2022.2079864",NA,"en"
"10.1080/10503307.2020.1757175",NA,"en"
"10.1080/10510974.2018.1464937",NA,"en"
"10.1080/1357650x.2015.1016530",NA,"en"
"10.1080/15332969.2014.916148",NA,"en"
"10.1080/20008198.2017.1315291",NA,"en"
"10.1080/20008198.2021.1930703",NA,"en"
"10.1080/23251042.2021.1975350",NA,"en"
"10.1080/25742442.2021.1896908",NA,"en"
"10.1093/hcr/hqab013",NA,"en"
"10.1093/hcr/hqab019",NA,"en"
"10.1093/scan/nsaa107",NA,"en"
"10.1097/aud.0000000000000393",NA,"en"
"10.1098/rsos.200664",NA,"en"
"10.1098/rsos.211152",NA,"en"
"10.1098/rsos.230651",NA,"en"
"10.1101/144733",NA,"en"
"10.1101/2020.07.10.197269",NA,"en"
"10.1101/689265",NA,"en"
"10.1093/carcin/bgr100",NA,"en"
"10.2337/diabetes.53.9.2467",NA,"en"
"10.3758/pp.70.3.477",NA,"en"
"10.1038/nature06014",NA,"en"
"10.1177/107118138002400197",NA,"en"
"10.1037/a0010932",NA,"en"
"10.1016/0749-596x(88)90071-x",NA,"en"
"10.1111/jofi.12698",NA,"en"
"10.1097/00001888-200203000-00007",NA,"en"
"10.1002/art.39932",NA,"en"
"10.1644/1545-1542(2005)086[0745:bbabss]2.0.co;2",NA,"en"
"10.1037/h0032236",NA,"en"
"10.1097/00005650-198705000-00004",NA,"en"
"10.1101/lm.053470.121",NA,"en"
"10.1007/s13300-022-01230-2",NA,"en"
"10.1002/hrm.10029",NA,"en"
"10.1007/s11055-011-9545-z",NA,"en"
"10.1016/j.cognition.2007.10.010",NA,"en"
"10.1021/pr9004162",NA,"en"
"10.4324/9780203865972-24",NA,"en"
"10.1111/j.1752-0606.1986.tb00673.x",NA,"en"
"10.1093/hmg/ddm352",NA,"en"
"10.1021/acscentsci.8b00879",NA,"en"
"10.1002/acp.2350090703",NA,"en"
"10.1002/jbmr.4341",NA,"en"
"10.1016/j.omtn.2018.01.003",NA,"en"
"10.1038/s41593-021-00908-3",NA,"en"
"10.1111/j.1469-7610.2004.t01-1-00289.x",NA,"en"
"10.1038/npp.2009.220",NA,"en"
"10.1038/ng.584",NA,"en"
"10.1111/cogs.13254",NA,"en"
"10.1097/00005053-198810000-00006",NA,"en"
"10.1093/jamia/ocv046",NA,"en"
"10.1093/deafed/eng009",NA,"en"
"10.1176/appi.ajp.2016.15111500",NA,"en"
"10.1080/09084282.2011.643966",NA,"en"
"10.1016/j.jphys.2020.03.009",NA,"en"
"10.1017/s0033291705005441",NA,"en"
"10.1016/j.neulet.2004.10.018",NA,"en"
"10.3109/13816810.2015.1005317",NA,"en"
"10.2196/37954",NA,"en"
"10.3109/0142159x.2010.541533",NA,"en"
"10.1007/s00455-007-9127-y",NA,"en"
"10.1523/jneurosci.1959-18.2018",NA,"en"
"10.1016/j.jad.2020.07.068",NA,"en"
"10.1016/j.jpsychires.2015.12.001",NA,"en"
"10.1210/jc.2011-1801",NA,"en"
"10.1086/378133",NA,"en"
"10.1016/j.nicl.2018.02.020",NA,"en"
"10.1055/s-0041-111172",NA,"en"
"10.1192/bjp.129.2.125",NA,"en"
"10.1038/sj.mp.4001753",NA,"en"
"10.1136/gut.2003.030205",NA,"en"
"10.1046/j.1369-6513.2002.00191.x",NA,"en"
"10.1037/0022-3514.92.1.97",NA,"en"
"10.1093/jamia/ocx073",NA,"en"
"10.1126/science.aau8712",NA,"en"
"10.1016/j.biopsych.2005.07.040",NA,"en"
"10.1523/jneurosci.0816-23.2023",NA,"en"
"10.1111/gbb.12129",NA,"en"
"10.1080/15475441.2019.1676751",NA,"en"
"10.1053/j.gastro.2014.04.022",NA,"en"
"10.1371/journal.pone.0045232",NA,"en"
"10.2196/20572",NA,"en"
"10.1037/tra0000276",NA,"en"
"10.1037/0096-1523.25.4.1005",NA,"en"
"10.3758/s13423-013-0572-3",NA,"it"
"10.1073/pnas.1209746109",NA,"en"
"10.1162/003355302320935025",NA,"en"
"10.1257/aer.101.2.749",NA,"en"
"10.1038/srep38427",NA,"en"
"10.1037/a0030931",NA,"en"
"10.2139/ssrn.2152623",NA,"en"
"10.1080/02699931.2013.832653",NA,"en"
"10.1097/fpc.0b013e32800ffbb4",NA,"en"
"10.1037/h0033373",NA,"en"
"10.1257/aer.104.1.123",NA,"en"
"10.3389/fpsyt.2024.1432679",NA,"en"
"10.1016/j.concog.2009.08.009",NA,"en"
"10.1002/pon.2108",NA,"en"
"10.1038/nature13977",NA,"en"
"10.1016/0304-3932(89)90047-0",NA,"en"
"10.1097/00001756-200002070-00038",NA,"en"
"10.7334/psicothema2016.24",NA,"en"
"10.1002/art.38110",NA,"en"
"10.1192/s0007125000283001",NA,"en"
"10.1016/j.reseneeco.2019.07.001",NA,"en"
"10.1038/ng.2007.47",NA,"en"
"10.1086/374383",NA,"en"
"10.1161/circresaha.117.310628",NA,"en"
"10.1016/0010-0277(86)90010-7",NA,"en"
"10.1186/s13148-019-0699-9",NA,"en"
"10.1111/j.1467-7687.2009.00946.x",NA,"en"
"10.1037/a0019902",NA,"en"
"10.1006/jmla.2000.2737",NA,"en"
"10.1037/0278-7393.28.1.233",NA,"en"
"10.1111/j.1467-9280.2009.02339.x",NA,"en"
"10.1002/jae.1118",NA,"en"
"10.1080/07350015.1995.10524601",NA,"en"
"10.1606/1044-3894.1817",NA,"en"
"10.1016/0145-2134(88)90073-7",NA,"en"
"10.2307/2786238",NA,"en"
"10.1037/h0042026",NA,"en"
"10.1086/298261",NA,"en"
"10.2466/pms.1999.89.1.151",NA,"en"
"10.1515/lingvan-2020-0040",NA,"en"
"10.1016/s0042-6989(01)00092-x",NA,"en"
"10.1097/jom.0000000000000562",NA,"en"
"10.1176/appi.ajp.159.3.443",NA,"en"
"10.1080/15622975.2016.1190033",NA,"en"
"10.1038/ng.3434",NA,"en"
"10.1523/jneurosci.5538-09.2010",NA,"en"
"10.1079/hai.2018.0021",NA,"en"
"10.1037/a0027586",NA,"en"
"10.1056/nejmoa073493",NA,"en"
"10.18420/muc2017-up-0002",NA,"de"
"10.1126/science.1157627",NA,"en"
"10.1073/pnas.1217854110",NA,"en"
"10.1037/0033-295x.84.4.327",NA,"en"
"10.1016/s0749-596x(02)00515-6",NA,"en"
"10.1016/j.jretconser.2011.06.012",NA,"en"
"10.1038/nature01930",NA,"en"
"10.1057/palgrave.jibs.8490825",NA,"en"
"10.1037/0003-066x.49.5.417",NA,"en"
"10.2466/pr0.1998.83.2.455",NA,"en"
"10.1152/japplphysiol.01095.2004",NA,"en"
"10.1044/jslhr.4306.1440",NA,"en"
"10.1198/073500102317352029",NA,"en"
"10.1037/a0035826",NA,"en"
"10.1186/s13012-015-0364-4",NA,"en"
"10.1348/026151001166182",NA,"en"
"10.1007/bf00431763",NA,"en"
"10.1007/s00439-022-02495-0",NA,"en"
"10.3102/0162373720954183",NA,"en"
"10.1016/s0165-1765(01)00394-9",NA,"en"
"10.3758/s13423-015-0923-3",NA,"en"
"10.1111/j.1365-2982.2012.01937.x",NA,"en"
"10.1037/xhp0000463",NA,"en"
"10.1037/xlm0000530",NA,"en"
"10.1037/h0062326",NA,"en"
"10.1038/sj.mp.4001437",NA,"en"
"10.1016/j.neuron.2015.07.028",NA,"en"
"10.1007/s12369-023-01076-z",NA,"en"
"10.4992/jjpsy.94.22334",NA,"en"
"10.1007/s40732-014-0052-9",NA,"en"
"10.1371/journal.pone.0216241",NA,"en"
"10.1111/ibi.13246",NA,"en"
"10.1097/00005053-198011000-00008",NA,"en"
"10.1002/acp.3958",NA,"en"
"10.1093/carcin/bgw047",NA,"en"
"10.1353/hub.2006.0033",NA,"en"
"10.3758/s13414-019-01890-6",NA,"en"
"10.1186/1471-2350-12-133",NA,"en"
"10.1136/oem.40.4.413",NA,"en"
"10.1038/s41598-025-10331-4",NA,"en"
"10.5334/joc.324",NA,"en"
"10.1111/cogs.12962",NA,"en"
"10.29338/wp2019-15",NA,"en"
"10.1186/s12909-022-03665-4",NA,"en"
"10.1007/s10067-020-04995-8",NA,"en"
"10.1007/s00248-024-02368-1",NA,"en"
"10.5114/cipp/189860",NA,"en"
"10.1371/journal.pone.0138922",NA,"en"
"10.1097/00005650-199204000-00001",NA,"en"
"10.1101/lm.053631.122",NA,"en"
"10.1136/bmjopen-2024-093080",NA,"en"
"10.1080/09585190802324304",NA,"en"
"10.1017/sjp.2016.1",NA,"en"
"10.1080/15248372.2019.1604525",NA,"en"
"10.1021/pr400337b",NA,"en"
"10.1098/rsos.250290",NA,"en"
"10.1111/j.1752-0606.1989.tb00812.x",NA,"en"
"10.1186/1471-2350-11-60",NA,"en"
"10.1021/acscentsci.0c01028",NA,"en"
"10.3758/s13423-019-01708-4",NA,"en"
"10.1093/jbmrpl/ziae082",NA,"en"
"10.1155/2019/6514608",NA,"en"
"10.18699/vjgb-25-91",NA,"en"
"10.1192/bjp.bp.108.061341",NA,"en"
"10.1038/tpj.2011.32",NA,"en"
"10.1136/jmg.2010.081380",NA,"en"
"10.1111/cogs.13339",NA,"en"
"10.1097/00005053-199311000-00007",NA,"en"
"10.1038/srep33166",NA,"en"
"10.1353/aad.2004.0016",NA,"en"
"10.1017/s0033291722003233",NA,"en"
"10.1080/23279095.2021.1917411",NA,"en"
"10.1371/journal.pone.0321397",NA,"en"
"10.1017/s003329170500543x",NA,"en"
"10.1186/1471-2350-6-35",NA,"en"
"10.1186/s12886-022-02359-1",NA,"en"
"10.2196/39258",NA,"en"
"10.3205/zma000997",NA,"en"
"10.1007/s00455-013-9488-3",NA,"en"
"10.1038/s44271-024-00067-8",NA,"en"
"10.1016/j.psychres.2024.115855",NA,"en"
"10.1016/j.jpsychires.2021.06.021",NA,"en"
"10.3389/fgene.2021.690335",NA,"en"
"10.1186/1471-2350-7-71",NA,"en"
"10.1117/12.2546895",NA,"en"
"10.3389/fpsyt.2022.836077",NA,"en"
"10.1192/bjp.161.2.223",NA,"en"
"10.1038/mp.2011.155",NA,"en"
"10.1038/sj.gene.6364398",NA,"en"
"10.1111/hex.12242",NA,"en"
"10.1098/rsos.250441",NA,"en"
"10.1055/s-0038-1649509",NA,"en"
"10.1073/pnas.2213824120",NA,"en"
"10.2174/1874402800902010006",NA,"en"
"10.1523/eneuro.0332-25.2025",NA,"en"
"10.1371/journal.pone.0193787",NA,"en"
"10.1017/s0305000925100366",NA,"en"
"10.1038/jhg.2016.155",NA,"en"
"10.1186/s12979-019-0146-y",NA,"en"
"10.2196/45481",NA,"en"
"10.1037/tra0000586",NA,"en"
"10.1027/1618-3169/a000554",NA,"en"
"10.3389/fpsyg.2016.01042",NA,"en"
"10.1073/pnas.1911695117",NA,"en"
"10.1257/mac.6.3.1",NA,"en"
"10.1257/aer.20120767",NA,"en"
"10.7554/elife.57614",NA,"en"
"10.1038/sdata.2016.129",NA,"en"
"10.1007/s40881-017-0041-2",NA,"en"
"10.1371/journal.pone.0121564",NA,"en"
"10.1038/tpj.2008.6",NA,"en"
"10.1561/104.00000052",NA,"en"
"10.1177/1948550616652209",NA,"en"
"10.1027/1864-9335/a000181",NA,"en"
"10.1257/aer.20160789",NA,"en"
"10.3390/healthcare13212808",NA,"en"
"10.1561/104.00000072",NA,"en"
"10.3389/fpsyg.2014.00539",NA,"en"
"10.1002/pon.4841",NA,"en"
"10.1038/s41586-019-1741-y",NA,"en"
"10.1177/1091142117736606",NA,"en"
"10.1002/bem.10105",NA,"en"
"10.3389/fpsyg.2018.00996",NA,"en"
"10.4103/ijabmr.ijabmr_156_24",NA,"en"
"10.1192/bjp.141.3.249",NA,"en"
"10.1111/ecin.13279",NA,"en"
"10.1038/gene.2008.95",NA,"en"
"10.1038/sj.ejhg.5201317",NA,"en"
"10.1101/2023.06.27.546731",NA,"en"
"10.1080/02687038.2010.536841",NA,"en"
"10.3390/genes12091349",NA,"en"
"10.1098/rsos.191998",NA,"en"
"10.3389/fpsyg.2016.01977",NA,"en"
"10.1037/a0028072",NA,"en"
"10.1080/17470210903377380",NA,"en"
"10.1177/1948550616662026",NA,"en"
"10.1002/jae.2607",NA,"en"
"10.1002/jae.2458",NA,"en"
"10.1080/03124070008414314",NA,"en"
"10.26021/11892",NA,"en"
"10.1177/014616727600300119",NA,"en"
"10.1027/1864-1105/a000396",NA,"en"
"10.5334/irsp.751",NA,"en"
"10.1080/0003684042000229532",NA,"en"
"10.2466/pms.2000.90.2.640",NA,"en"
"10.1121/10.0042222",NA,"en"
"10.1371/journal.pone.0229161",NA,"en"
"10.3389/fnhum.2014.00460",NA,"en"
"10.1136/oemed-2021-107617",NA,"en"
"10.1007/s00127-007-0170-7",NA,"en"
"10.1038/s41598-025-12592-5",NA,"en"
"10.5808/gi.2016.14.3.85",NA,"en"
"10.3389/fnins.2020.00803",NA,"en"
"10.1016/j.heliyon.2024.e32467",NA,"en"
"10.3389/fvets.2023.1305353",NA,"en"
"10.3389/fnhum.2016.00475",NA,"en"
"10.1038/jhg.2009.96",NA,"en"
"10.1016/j.heliyon.2019.e02434",NA,"en"
"10.1038/s41562-020-0823-z",NA,"en"
"10.1037/xge0000058",NA,"en"
"10.1038/s41562-020-0822-0",NA,"en"
"10.3389/fpsyg.2014.00875",NA,"en"
"10.31234/osf.io/4j8xb",NA,"en"
"10.3389/fpsyg.2015.01552",NA,"en"
"10.4102/ac.v19i1.690",NA,"en"
"10.1073/pnas.1601440113",NA,"en"
"10.1108/jgm-11-2022-0063",NA,"en"
"10.1002/eahr.500039",NA,"en"
"10.1371/journal.pone.0335330",NA,"en"
"10.2466/pr0.1999.85.2.457",NA,"en"
"10.3389/fphys.2019.01578",NA,"en"
"10.1080/1368282031000062882",NA,"en"
"10.17016/feds.2017.062",NA,"en"
"10.1371/journal.pone.0326446",NA,"en"
"10.1186/s13012-025-01471-2",NA,"en"
"10.1098/rsos.211278",NA,"en"
"10.1027/1618-3169/a000569",NA,"en"
"10.3389/fcvm.2023.1226971",NA,"en"
"10.1080/19345747.2023.2287615",NA,"en"
"10.1007/s10683-008-9197-1",NA,"en"
"10.5334/joc.456",NA,"en"
"10.3389/fmicb.2018.01598",NA,"en"
"10.1098/rsos.190699",NA,"en"
"10.1007/s00426-019-01258-3",NA,"en"
"10.1027/1864-9335/a000180",NA,"en"
"10.1038/sj.mp.4001719",NA,"en"
"10.1523/jneurosci.0660-17.2017",NA,"en"
"10.1007/s12369-024-01207-0",NA,"en"
"10.5178/lebs.2024.118",NA,"en"
"10.1007/s40732-015-0144-1",NA,"en"
"10.1187/cbe.24-07-0193",NA,"en"
"10.1111/jav.03365",NA,"en"
"10.1093/scan/nsz017",NA,"en"
"10.1097/00005053-198408000-00006",NA,"en"
"10.1177/0956797615576533",NA,"en"
"10.1016/j.neulet.2011.02.024",NA,"en"
"10.1001/jamapsychiatry.2015.1977",NA,"en"
"10.1038/ng.439",NA,"en"
"10.1038/s41598-021-89023-8",NA,"en"
"10.1177/0956797619887896",NA,"en"
"10.1177/1754073908100432",NA,"en"
"10.1016/j.psyneuen.2009.12.010",NA,"en"
"10.1038/s41467-020-17654-y",NA,"en"
"10.1111/ejn.15049",NA,"en"
"10.1186/s41155-024-00291-5",NA,"en"
"10.1016/j.jml.2015.10.007",NA,"en"
"10.1080/01690965.2011.622905",NA,"en"
"10.2307/2393473",NA,"en"
"10.1177/0956797616689092",NA,"en"
"10.1002/hipo.23099",NA,"en"
"10.1073/pnas.1421435112",NA,"en"
"10.1093/nc/niab025",NA,"en"
"10.1038/srep30423",NA,"en"
"10.1016/j.brs.2021.02.002",NA,"en"
"10.1016/j.jbusres.2019.08.002",NA,"en"
"10.1002/gps.4221",NA,"en"
"10.1186/s12913-021-06708-6",NA,"en"
"10.1093/milmed/usac028",NA,"en"
"10.29115/sp-2022-0009",NA,"en"
"10.1111/j.1467-7687.2004.00351.x",NA,"en"
"10.1162/089892998563121",NA,"en"
"10.1176/appi.ajp.160.11.1965",NA,"en"
"10.1001/archgenpsychiatry.2009.153",NA,"en"
"10.1248/bpb.b19-00527",NA,"en"
"10.1192/bjp.124.6.588",NA,"en"
"10.1177/0956797611406445",NA,"en"
"10.1093/ageing/afx128",NA,"en"
"10.1136/ard.2008.093252",NA,"en"
"10.1111/j.1467-9280.2008.02187.x",NA,"en"
"10.1136/jmedgenet-2013-101705",NA,"en"
"10.1038/ng2121",NA,"en"
"10.2478/v10036-009-0039-9",NA,"en"
"10.1073/pnas.1506076112",NA,"en"
"10.1186/s13229-020-00389-4",NA,"en"
"10.1001/archpsyc.58.8.787",NA,"en"
"10.1037/a0030655",NA,"en"
"10.3390/brainsci8040062",NA,"en"
"10.1111/j.1467-9922.2006.00374.x",NA,"en"
"10.4161/viru.1.5.12486",NA,"en"
"10.1006/jesp.1996.0005",NA,"en"
"10.1038/nature01960",NA,"en"
"10.3389/fpsyg.2016.00027",NA,"en"
"10.1037/0021-843x.112.2.228",NA,"en"
"10.1371/journal.pone.0205903",NA,"nl"
"10.1016/j.cortex.2007.08.010",NA,"en"
"10.1038/ng.2578",NA,"en"
"10.1002/smj.774",NA,"en"
"10.1007/s00784-013-1054-8",NA,"en"
"10.1016/j.biopsych.2004.11.026",NA,"en"
"10.1016/j.neuroimage.2020.117005",NA,"en"
"10.1016/j.obhdp.2016.12.005",NA,"en"
"10.1192/bjp.142.2.139",NA,"en"
"10.1016/j.ctim.2008.10.004",NA,"en"
"10.5860/choice.34-2458",NA,"en"
"10.1097/00054725-200008000-00016",NA,"en"
"10.1016/j.heares.2013.12.003",NA,"en"
"10.1007/bf00402312",NA,"en"
"10.1068/p6254",NA,"en"
"10.1080/17470218.2013.777084",NA,"en"
"10.1038/ng.2802",NA,"en"
"10.1056/nejmoa0903753",NA,"en"
"10.1016/j.beth.2011.02.006",NA,"en"
"10.1016/j.puhip.2021.100219",NA,"en"
"10.1038/mp.2015.32",NA,"en"
"10.1523/jneurosci.5996-10.2012",NA,"en"
"10.1038/sj.mp.4000515",NA,"en"
"10.1038/ncomms1262",NA,"en"
"10.1016/j.joca.2011.10.004",NA,"en"
"10.1038/s41467-021-25734-w",NA,"en"
"10.1037/xge0001120",NA,"en"
"10.1007/s00213-024-06679-6",NA,"en"
"10.1145/1449715.1449724",NA,"en"
"10.1038/282403a0",NA,"en"
"10.1177/0022219421997103",NA,"en"
"10.1073/pnas.1618923114",NA,"en"
"10.1001/archgenpsychiatry.2012.124",NA,"en"
"10.1080/17470910701563681",NA,"en"
"10.1016/j.jaac.2022.07.864",NA,"en"
"10.1111/j.1365-2648.1987.tb01339.x",NA,"en"
"10.1038/sj.mp.4000345",NA,"en"
"10.1007/s10926-019-09829-2",NA,"en"
"10.1016/j.media.2013.06.003",NA,"en"
"10.1093/oxfordjournals.pan.a004876",NA,"en"
"10.1257/aer.104.9.2593",NA,"en"
"10.1093/brain/awq035",NA,"en"
"10.1177/1545968317746781",NA,"en"
"10.1371/journal.pone.0220282",NA,"en"
"10.1001/jamanetworkopen.2019.0570",NA,"en"
"10.1038/ng.2390",NA,"en"
"10.1186/1471-2318-14-29",NA,"en"
"10.1016/j.chiabu.2017.09.022",NA,"en"
"10.1111/ejn.15367",NA,"en"
"10.1007/s11682-020-00339-x",NA,"en"
"10.1017/s0033291719002770",NA,"en"
"10.1016/j.jalz.2011.05.2412",NA,"en"
"10.1186/s12911-023-02389-9",NA,"en"
"10.1038/s41467-025-62462-x",NA,"en"
"10.3389/fpsyg.2018.02374",NA,"en"
"10.1037/bne0000439",NA,"en"
"10.1038/s41598-022-10567-4",NA,"en"
"10.1016/j.ynirp.2022.100109",NA,"en"
"10.3389/fpsyg.2024.1433725",NA,"en"
"10.1111/psyp.13312",NA,"en"
"10.1007/s10339-023-01130-8",NA,"en"
"10.1002/smj.2578",NA,"en"
"10.1177/09567976211026983",NA,"en"
"10.3389/fpsyg.2020.02182",NA,"en"
"10.31234/osf.io/fyx9c_v1",NA,"en"
"10.1111/ejn.14347",NA,"en"
"10.1098/rsos.221091",NA,"en"
"10.1098/rsos.181868",NA,"en"
"10.3389/fnhum.2022.937515",NA,"en"
"10.1016/j.heliyon.2023.e22064",NA,"en"
"10.1080/23743603.2016.1248081",NA,"en"
"10.1002/gps.4893",NA,"en"
"10.1186/s12913-023-09505-5",NA,"en"
"10.1093/milmed/usad274",NA,"en"
"10.29115/sp-2023-0025",NA,"en"
"10.1371/journal.pone.0255157",NA,"en"
"10.15626/mp.2018.1481",NA,"en"
"10.7717/peerj.5790",NA,"en"
"10.1002/ajmg.b.32068",NA,"en"
"10.1248/bpb.b22-00136",NA,"en"
"10.1192/bjp.130.2.186",NA,"en"
"10.1098/rsos.191507",NA,"en"
"10.1186/s12877-019-1311-z",NA,"en"
"10.3899/jrheum.131548",NA,"en"
"10.1038/jhg.2016.82",NA,"en"
"10.1111/j.1469-1809.2009.00555.x",NA,"en"
"10.1186/s40798-020-00243-0",NA,"en"
"10.1038/jhg.2012.11",NA,"en"
"10.7717/peerj.10131",NA,"en"
"10.1186/s13229-024-00583-8",NA,"en"
"10.1017/s0033291706008257",NA,"en"
"10.12688/f1000research.25573.2",NA,"en"
"10.3390/brainsci8080152",NA,"en"
"10.1371/journal.pone.0161387",NA,"en"
"10.1128/jvi.00693-11",NA,"en"
"10.1080/713755986",NA,"en"
"10.1111/j.1747-0285.2009.00901.x",NA,"en"
"10.1371/journal.pone.0198620",NA,"en"
"10.1037/0021-843x.113.1.145",NA,"en"
"10.1371/journal.pone.0249309",NA,"en"
"10.1038/s41598-022-23411-6",NA,"en"
"10.1371/journal.pone.0046595",NA,"en"
"10.1186/1471-2415-14-140",NA,"en"
"10.1002/smj.2570",NA,"en"
"10.3390/jcm13030857",NA,"en"
"10.1037/pspp0000371",NA,"en"
"10.1002/hbm.26522",NA,"en"
"10.3758/s13423-023-02259-5",NA,"en"
"10.1192/bjp.151.5.684",NA,"en"
"10.51910/ijhdr.v11i40.598",NA,"en"
"10.3390/jintelligence7010006",NA,"en"
"10.1038/sj.ejhg.5200687",NA,"en"
"10.1121/10.0010258",NA,"en"
"10.7717/peerj.5347",NA,"en"
"10.1371/journal.pone.0286451",NA,"en"
"10.1027/1618-3169/a000490",NA,"en"
"10.18632/oncotarget.7945",NA,"en"
"10.1007/s00439-014-1502-9",NA,"en"
"10.1002/jclp.70017",NA,"en"
"10.14324/111.444/ucloe.000051",NA,"en"
"10.1002/hup.2659",NA,"en"
"10.1523/jneurosci.0888-19.2019",NA,"en"
"10.1159/000054847",NA,"en"
"10.3389/fpsyg.2012.00504",NA,"en"
"10.1155/2014/979520",NA,"en"
"10.1038/s41598-024-53427-z",NA,"en"
"10.31234/osf.io/3xrbj",NA,"en"
"10.1037/xge0001467",NA,"en"
"10.1111/acer.15532",NA,"en"
"10.1109/tvcg.2021.3101854",NA,"en"
"10.1111/1467-8624.00077",NA,"en"
"10.1177/00222194231215031",NA,"en"
"10.1027/1618-3169.51.2.109",NA,"en"
"10.1093/pnasnexus/pgaf327",NA,"en"
"10.1093/ntr/ntaa229",NA,"en"
"10.1007/s00426-019-01163-9",NA,"en"
"10.1038/gene.2008.59",NA,"en"
"10.1089/cap.2024.0078",NA,"en"
"10.1111/j.1365-2648.1990.tb01949.x",NA,"en"
"10.1038/sj.npp.1300311",NA,"en"
"10.1186/s12891-022-05208-w",NA,"en"
"10.1038/s41598-020-63924-6",NA,"en"
"10.1093/pan/mpi019",NA,"en"
"10.3386/w20657",NA,"en"
"10.1186/s12974-014-0181-8",NA,"en"
"10.1038/s41393-020-00536-x",NA,"en"
"10.1371/journal.pone.0286714",NA,"en"
"10.3389/fneur.2025.1709389",NA,"en"
"10.1155/2013/641596",NA,"en"
"10.1186/s12877-017-0689-8",NA,"en"
"10.18632/oncotarget.12648",NA,"en"
"10.1037/fam0000521",NA,"en"
"10.18632/oncotarget.9819",NA,"en"
"10.1016/s0899-8256(03)00119-2",NA,"en"
"10.1016/j.brs.2024.05.004",NA,"en"
"10.1038/s41598-026-44440-5",NA,"en"
"10.1093/chidev/aacaf052",NA,"en"
"10.1086/669122",NA,"en"
"10.1901/jaba.1982.15-533",NA,"en"
"10.1037/emo0001621",NA,"en"
"10.31235/osf.io/2nwft",NA,"en"
"10.1007/s42822-025-00242-4",NA,"en"
"10.1177/1098300714565244",NA,"en"
"10.1037/0278-7393.4.1.19",NA,"en"
"10.1002/npr2.70029",NA,"en"
"10.1037/cdp0000137",NA,"en"
"10.1891/0889-8391.22.4.303",NA,"en"
"10.1177/0146167213508791",NA,"en"
"10.1037/pas0001193",NA,"en"
"10.1016/j.cub.2011.09.049",NA,"en"
"10.1098/rsos.250908",NA,"en"
"10.1037/pas0001395",NA,"en"
"10.1093/nc/niaf046",NA,"en"
"10.1002/smj.2331",NA,"en"
"10.1002/bin.1836",NA,"en"
"10.2139/ssrn.5048949",NA,"en"
"10.5465/amproc.2023.222bp",NA,"en"
"10.1002/jaba.706",NA,"en"
"10.1002/jaba.659",NA,"en"
"10.1037/0096-3445.132.2.228",NA,"en"
"10.1080/016396299266524",NA,"en"
"10.1016/0167-2681(82)90011-7",NA,"en"
"10.2307/3512141",NA,"en"
"10.17760/d20483134",NA,"en"
"10.1037/a0019128",NA,"en"
"10.1080/13552600903395319",NA,"en"
"10.1086/599622",NA,"en"
"10.1111/j.1468-5906.2009.01499.x",NA,"en"
"10.1016/j.brainres.2009.05.079",NA,"en"
"10.1075/sibil.9.05bre",NA,"en"
"10.1038/nature05724",NA,"en"
"10.1002/dev.420050403",NA,"en"
"10.1001/jama.297.7.716",NA,"en"
"10.2307/1128199",NA,"en"
"10.1016/j.cell.2008.05.048",NA,"en"
"10.1038/365611a0",NA,"en"
"10.1037/0022-0167.33.3.282",NA,"en"
"10.1017/s0272263110000264",NA,"en"
"10.1037/0278-7393.33.2.431",NA,"en"
"10.1016/j.beth.2005.03.002",NA,"en"
"10.1016/j.brainres.2005.11.046",NA,"en"
"10.1038/nature01647",NA,"en"
"10.1162/jocn.2010.21507",NA,"en"
"10.1080/08853134.1990.10753824",NA,"en"
"10.1038/ng2048",NA,"en"
"10.1177/2156759x0901300101",NA,"en"
"10.1086/267344",NA,"en"
"10.1037/0022-3514.84.6.1236",NA,"en"
"10.1037/1040-3590.15.2.205",NA,"en"
"10.1037/0022-3514.83.6.1409",NA,"en"
"10.1016/j.neulet.2009.06.030",NA,"en"
"10.1037/a0021282",NA,"en"
"10.1177/0146167205284004",NA,"en"
"10.1016/j.jue.2008.02.004",NA,"en"
"10.1080/13698240903403915",NA,"en"
"10.5232/ricyde2010.01804",NA,"es"
"10.1073/pnas.0711555105",NA,"en"
"10.1128/jvi.00741-11",NA,"en"
"10.1177/0003122410378232",NA,"en"
"10.1162/jocn.2009.21191",NA,"en"
"10.1073/pnas.0805867105",NA,"en"
"10.1111/j.1551-6709.2009.01092.x",NA,"en"
"10.1002/jaba.2905",NA,"en"
"10.1016/s2352-4642(18)30112-3",NA,"en"
"10.2753/jec1086-4415130103",NA,"en"
"10.1002/jaba.863",NA,"en"
"10.1177/0267658311432200",NA,"en"
"10.1111/j.1469-8986.2010.01022.x",NA,"en"
"10.1111/j.1944-9720.2010.01057.x",NA,"en"
"10.1167/10.9.3",NA,"en"
"10.1177/0022022110381114",NA,"en"
"10.1504/ejim.2010.031281",NA,"en"
"10.2190/om.61.2.b",NA,"en"
"10.2466/pr0.107.1.139-144",NA,"en"
"10.3233/jad-2010-1357",NA,"en"
"10.4103/1463-1741.70502",NA,"en"
"10.1002/j.1556-6978.2011.tb01919.x",NA,"en"
"10.1017/s0272263111000325",NA,"en"
"10.1027/1618-3169/a000117",NA,"en"
"10.1037/a0022144",NA,"en"
"10.1080/10400419.2011.621859",NA,"en"
"10.1111/j.1742-9536.2011.00001.x",NA,"en"
"10.1162/jocn_a_00109",NA,"en"
"10.2753/pss0885-3134310105",NA,"en"
"10.3109/03014460.2011.614278",NA,"en"
"10.34917/2824168",NA,"en"
"10.1027/1614-0001/a000082",NA,"en"
"10.1037/a0023237",NA,"en"
"10.1037/a0025169",NA,"en"
"10.1037/a0027210",NA,"en"
"10.1037/a0029855",NA,"en"
"10.1080/00224545.2012.706242",NA,"en"
"10.1080/13504851.2011.564125",NA,"en"
"10.1080/13698249.2012.679497",NA,"en"
"10.1108/ijsms-13-03-2012-b004",NA,"en"
"10.1111/j.1601-183x.2012.00849.x",NA,"en"
"10.1128/jvi.00068-12",NA,"en"
"10.1177/0003122412444720",NA,"en"
"10.1523/jneurosci.2511-12.2012",NA,"en"
"10.1523/jneurosci.3973-11.2012",NA,"en"
"10.1111/cogs.13445",NA,"en"
"10.1017/jdm.2023.48",NA,"en"
"10.1177/09567976251412721",NA,"en"
"10.1002/jaba.70060",NA,"en"
"10.1093/alcalc/agag013",NA,"en"
"10.1080/10447318.2026.2645767",NA,"en"
"10.31234/osf.io/ydgh9_v2",NA,NA
"10.1016/s0272-4944(05)80184-7",NA,"en"
"10.3758/s13420-016-0250-1",NA,"en"
"10.1145/3180155.3180192",NA,"en"
"10.1016/j.jenvp.2026.102956",NA,"en"
"10.5334/joc.494",NA,"en"
"10.48550/arxiv.2603.15935",NA,NA
"10.1509/jm.16.0125",NA,"en"
"10.1016/j.obhdp.2018.08.002",NA,"en"
"10.1086/670394",NA,"en"
"10.1002/per.853",NA,"en"
"10.1017/xps.2018.6",NA,"en"
"10.1016/j.obhdp.2008.06.001",NA,"en"
"10.3982/ecta8852",NA,"en"
"10.1016/j.cognition.2017.04.004",NA,"en"
"10.1016/j.socscimed.2017.03.035",NA,"en"
"10.3102/0002831209340043",NA,"en"
"10.1111/j.1540-6210.2011.02414.x",NA,"en"
"10.1007/s13524-012-0091-2",NA,"en"
"10.1007/s13524-012-0173-1",NA,"en"
"10.1017/s0043887114000100",NA,"en"
"10.1016/j.jbusres.2016.07.021",NA,"en"
"10.3102/0013189x11422112",NA,"en"
"10.1016/j.worlddev.2015.10.037",NA,"en"
"10.1037/pspp0000113",NA,"en"
"10.1016/j.jfineco.2008.12.008",NA,"en"
"10.1007/s13524-016-0483-9",NA,"en"
"10.1007/s10683-008-9210-8",NA,"en"
"10.1086/662130",NA,"en"
"10.1257/app.3.1.239",NA,"en"
"10.1257/aer.100.4.1913",NA,"en"
"10.1111/1745-9125.12151",NA,"en"
"10.1007/s10683-015-9436-1",NA,"en"
"10.1016/j.learninstruc.2014.12.001",NA,"en"
"10.1016/j.evolhumbehav.2018.06.004",NA,"en"
"10.1037/a0019973",NA,"en"
"10.1037/a0037294",NA,"en"
"10.1016/j.jesp.2012.02.002",NA,"en"
"10.1002/job.598",NA,"en"
"10.1007/s13524-013-0261-x",NA,"en"
"10.1093/sf/soy014",NA,"en"
"10.1002/per.2157",NA,"en"
"10.1093/jcr/ucw044",NA,"en"
"10.1007/s10683-016-9484-1",NA,"en"
"10.1037/a0023937",NA,"en"
"10.1016/j.cedpsych.2014.03.004",NA,"en"
"10.1037/a0033009",NA,"en"
"10.1037/a0027678",NA,"en"
"10.1002/per.1942",NA,"en"
"10.1016/j.obhdp.2016.08.001",NA,"en"
"10.1016/j.cognition.2016.03.003",NA,"en"
"10.1086/680670",NA,"en"
"10.1007/s11747-009-0140-6",NA,"en"
"10.1017/s0003055409090066",NA,"en"
"10.1037/pspp0000031",NA,"en"
"10.3982/ecta14370",NA,"en"
"10.1086/678035",NA,"en"
"10.1509/jmr.14.0300",NA,"en"
"10.1287/mnsc.1120.1650",NA,"en"
"10.1016/j.jenvp.2013.09.003",NA,"en"
"10.1002/job.697",NA,"en"
"10.1037/a0037037",NA,"en"
"10.1007/s11747-014-0373-x",NA,"en"
"10.1017/s0043887117000107",NA,"en"
"10.1016/j.cognition.2009.08.005",NA,"en"
"10.1177/0014402918771337",NA,"en"
"10.3102/0002831214531323",NA,"en"
"10.1093/rfs/hhr027",NA,"en"
"10.1086/676333",NA,"en"
"10.1037/t70768-000",NA,"en"
"10.1073/pnas.2109373119",NA,"en"
"10.25669/w00q-wk0c",NA,"en"
"10.1371/journal.pone.0120644",NA,"en"
"10.1038/ng.513",NA,"en"
"10.1016/b978-0-12-823519-5.00003-8",NA,"en"
"10.1037/pspa0000306",NA,"en"
"10.1093/scan/nsu108",NA,"en"
"10.1177/0305735606067168",NA,"en"
"10.1016/j.jesp.2012.08.015",NA,"en"
"10.1016/j.schres.2010.02.453",NA,"en"
"10.1111/bjop.12208",NA,"en"
"10.1177/0956797612446024",NA,"en"
"10.1371/journal.pone.0026828",NA,"en"
"10.1016/j.ebiom.2021.103246",NA,"en"
"10.1098/rsta.2014.0464",NA,"en"
"10.1016/j.chb.2015.04.024",NA,"en"
"10.1109/vis54172.2023.00016",NA,"en"
"10.1038/s41586-021-03380-y",NA,"en"
"10.1016/j.biopsych.2014.12.027",NA,"en"
"10.1007/s00296-010-1566-3",NA,"en"
"10.48550/arxiv.2303.08577",NA,"en"
"10.1177/08902070251410250",NA,"en"
"10.1177/2515245920925750",NA,"en"
"10.3389/fnbeh.2018.00080",NA,"en"
"10.1177/10298649221149109",NA,"en"
"10.71889/5fylantbak.29863853",NA,"en"
"10.1002/pu.30211",NA,"en"
"10.1037/ebs0000298",NA,"en"
"10.1037/aca0000420",NA,"en"
"10.1371/journal.pone.0284243",NA,"en"
"10.1111/andr.13339",NA,"en"
"10.1098/rsos.180475",NA,"en"
"10.1108/ijis-11-2017-0119",NA,"en"
"10.31234/osf.io/4jkvn_v1",NA,"en"
"10.1111/adb.12361",NA,"en"
"10.1534/g3.114.015669",NA,"en"
"10.1177/0956797614545886",NA,"en"
"10.1016/j.evolhumbehav.2005.01.002",NA,"en"
"10.1017/s0047404500008472",NA,"en"
"10.48550/arxiv.2302.02083",NA,"en"
"10.1016/j.jenvp.2005.07.001",NA,"en"
"10.1162/qjec.121.1.73",NA,"en"
"10.1016/0010-0277(90)90035-i",NA,"en"
"10.1111/add.14071",NA,"en"
"10.1111/j.0956-7976.2005.01556.x",NA,"en"
"10.1901/jaba.1976.9-179",NA,"en"
"10.1037/xhp0000399",NA,"en"
"10.1073/pnas.1520027113",NA,"en"
"10.2139/ssrn.3435378",NA,"en"
"10.1038/s41561-020-00674-0",NA,"en"
"10.1037/e519702015-101",NA,"en"
"10.1093/acprof:osobl/9780199927418.003.0013",NA,"en"
"10.1177/1948550612452014",NA,"en"
"10.1016/j.cognition.2021.104939",NA,"en"
"10.1177/0956797612452574",NA,"en"
"10.1177/0956797610389187",NA,"en"
"10.25300/misq/2020/14110",NA,"en"
"10.1177/0146167299025002007",NA,"en"
"10.1037/pst0000015",NA,"en"
"10.1111/1467-9280.00168",NA,"en"
"10.1348/000709909x466479",NA,"en"
"10.1016/j.cub.2017.09.001",NA,"en"
"10.1111/j.1467-8624.1976.tb02248.x",NA,"en"
"10.1017/s1930297500000966",NA,"en"
"10.1037/a0038543",NA,"en"
"10.1016/j.visres.2006.11.013",NA,"en"
"10.1123/jmld.2015-0036",NA,"en"
"10.1257/aer.20141409",NA,"en"
"10.1111/j.1745-6916.2006.00007.x",NA,"en"
"10.1002/acp.1692",NA,"en"
"10.1002/ajhb.20823",NA,"en"
"10.1126/science.151.3712.837",NA,"en"
"10.1016/b978-0-12-205050-3.50008-7",NA,"en"
"10.64152/10125/66632",NA,"en"
"10.1086/668417",NA,"en"
"10.1080/10615806.2021.1888933",NA,"en"
"10.1080/27691616.2025.2480830",NA,"en"
"10.1186/s12891-019-2402-x",NA,"en"
"10.1177/09567976211040745",NA,"en"
"10.1017/cnj.2023.13",NA,"en"
"10.48550/arxiv.2302.08399",NA,"en"
"10.1037/cns0000005",NA,"en"
"10.31275/20211903",NA,"en"
"10.1177/0018720820909287",NA,"en"
"10.18718/81781.7",NA,"en"
"10.4324/9781410603494-41",NA,"en"
"10.1016/j.addbeh.2023.107778",NA,"en"
"10.31234/osf.io/mjs2d",NA,"en"
"10.17615/q9na-cr13",NA,"en"
"10.3758/s13414-024-02994-4",NA,"en"
"10.1523/eneuro.0150-20.2020",NA,"en"
"10.1073/pnas.2305629120",NA,"en"
"10.1017/rdc.2024.52",NA,"en"
"10.1017/bpp.2020.57",NA,"en"
"10.1080/09515089.2013.878834",NA,"en"
"10.1371/journal.pone.0140806",NA,"en"
"10.1080/20445911.2023.2245112",NA,"en"
"10.1177/0956797619896273",NA,"en"
"10.1037/xge0000353",NA,"en"
"10.17705/1cais.05749",NA,NA
"10.3389/fpsyg.2015.00335",NA,"en"
"10.1002/jclp.23459",NA,"en"
"10.1101/2025.07.30.667636",NA,"en"
"10.1016/j.actpsy.2026.106214",NA,"en"
"10.2466/04.03.pr0.112.2.533-544",NA,"en"
"10.1177/23982128241255798",NA,"en"
"10.1177/1948550616646426",NA,"en"
"10.2466/07.10.17.pr0.107.4.139-144",NA,"en"
"10.1017/jdm.2023.40",NA,"en"
"10.1080/23743603.2016.1248080",NA,"en"
"10.1037/xge0001756",NA,"en"
"10.51224/cik.v1i2.39",NA,"en"
"10.1007/s40881-023-00136-4",NA,"en"
"10.13140/2.1.4432.0644",NA,"en"
"10.1177/0305735617704300",NA,"en"
"10.1002/ajhb.22875",NA,"en"
"10.1007/s11205-005-5074-x",NA,"en"
"10.1080/02702711.2020.1768976",NA,"en"
"10.1017/xps.2025.10027",NA,"en"
"10.1080/10615806.2026.2658018",NA,"en"
"10.1080/27691616.2026.2652951",NA,"en"
"10.1093/rof/rfv016",NA,"en"
"10.1257/aer.20130683",NA,"en"
"10.1111/j.1559-1816.1999.tb00142.x",NA,"en"
"10.1093/rfs/hhy109",NA,"en"
"10.1111/jofi.12619",NA,"en"
"10.1111/ajps.12004",NA,"en"
"10.1002/ana.22403",NA,"en"
"10.1016/s0092-6566(02)00529-9",NA,"en"
"10.1016/j.learninstruc.2018.04.010",NA,"en"
"10.1257/aer.98.3.924",NA,"en"
"10.1287/mnsc.1110.1365",NA,"en"
"10.1037/xlm0000546",NA,"en"
"10.1111/lang.70005",NA,"en"
"10.23668/psycharchives.21850",NA,"en"
"10.1111/j.1467-9280.1995.tb00312.x",NA,"en"
"10.1080/10503307.2014.963730",NA,"en"
"10.1111/mono.12404",NA,"en"
"10.31234/osf.io/n9kgz_v2",NA,NA
"10.31219/osf.io/v6sfg_v1",NA,"en"
"10.1002/j.2164-585x.1979.tb00097.x",NA,"en"
"10.1016/0010-0285(72)90003-5",NA,"en"
"10.1037/h0080111",NA,"en"
"10.1080/00223891.2013.806327",NA,"en"
"10.3389/fpsyg.2014.01518",NA,"en"
"10.1371/journal.pone.0089642",NA,"en"
"10.1037/0022-3514.32.6.951",NA,"en"
"10.1016/j.paid.2007.11.003",NA,"en"
"10.1111/j.1467-9922.2007.00400.x",NA,"en"
"10.1038/ng.663",NA,"en"
"10.1006/cogp.1998.0690",NA,"en"
"10.2139/ssrn.1246696",NA,"en"
"10.1016/0010-0285(92)90013-r",NA,"en"
"10.1037/t79666-000",NA,"en"
"10.20429/ijsotl.2013.070218",NA,"en"
"10.1037/edu0000701",NA,"en"
"10.1017/s0272263109990519",NA,"en"
"10.1037/abn0000277",NA,"en"
"10.1007/s40732-014-0040-0",NA,"en"
"10.3758/s13423-014-0683-5",NA,"en"
"10.1111/bjc.12069",NA,"en"
"10.1377/hlthaff.2012.0393",NA,"en"
"10.1371/journal.pone.0004117",NA,"en"
"https://psycnet.apa.org/doi/10.1037/0096-1523.34.2.340",NA,"en"
"10.1038/nm.3466",NA,"en"
"10.1037/0096-1523.1.3.288",NA,"en"
"10.1038/mp.2015.109",NA,"en"
"10.3389/fnhum.2013.00257",NA,"en"
"10.1016/j.worlddev.2011.05.014",NA,"en"
"10.1080/01690960802250900",NA,"en"
"10.1177/1049731508329392",NA,"en"
"10.1038/ng.81",NA,"en"
"10.1126/science.1217697",NA,"en"
"10.1080/01690960701402933",NA,"en"
"10.1093/ije/dyt028",NA,"en"
"10.1093/hmg/ddq571",NA,"en"
"10.4103/0366-6999.171421",NA,"en"
"10.1080/026990599121494",NA,"en"
"10.1017/s0962728600023563",NA,"en"
"10.1080/1068316x.2010.515987",NA,"en"
"10.3758/s13414-015-0885-6",NA,"en"
"10.1002/ana.26294",NA,"en"
"10.1016/j.jpsychires.2008.07.004",NA,"en"
"10.3389/fnhum.2013.00014",NA,"en"
"10.1002/jaba.975",NA,"en"
"10.1007/s10926-019-09849-y",NA,"en"
"10.1080/13674676.2023.2293831",NA,"en"
"10.1037/0022-3514.75.1.5",NA,"en"
"10.1111/j.1467-9280.2006.01698.x",NA,"en"
"10.1038/s41598-021-81148-0",NA,"en"
"10.3389/fpsyg.2020.01415",NA,"en"
"10.1016/j.aos.2016.02.003",NA,"en"
"10.1037/0096-1523.34.2.340",NA,"en"
"10.1037/e519682015-069",NA,"en"
"10.1016/j.cognition.2008.04.002",NA,"en"
"10.1017/s0272263100015047",NA,"en"
"10.1006/jesp.2001.1488",NA,"en"
"10.1111/jopy.12690",NA,"en"
"10.1016/j.jesp.2009.03.013",NA,"en"
"10.1016/j.obhdp.2009.11.001",NA,"en"
"10.1007/s11199-007-9195-3",NA,"en"
"10.2307/145795",NA,"en"
"10.1016/j.jsams.2009.09.005",NA,"en"
"10.1093/ptj/85.6.515",NA,"en"
"10.1073/pnas.0803768105",NA,"en"
"10.1016/j.ajhg.2009.12.009",NA,"en"
"10.1038/ng.2520",NA,"en"
"10.1016/j.paid.2009.11.029",NA,"en"
"10.1523/jneurosci.14-05-03208.1994",NA,"en"
"10.1257/0002828054201387",NA,"en"
"10.1177/0956797613497969",NA,"en"
"10.1177/0956797612465878",NA,"en"
"10.1016/j.jesp.2013.05.013",NA,"en"
"10.1080/10447318.2011.595621",NA,"en"
"10.1016/j.im.2013.08.006",NA,"en"
"10.1177/0731948712438556",NA,"en"
"10.1111/j.1467-9280.2008.02082.x",NA,"en"
"10.1086/511995",NA,"en"
"10.1016/j.brs.2012.03.006",NA,"en"
"10.1177/1948550616628608",NA,"en"
"10.1016/s0140-6736(12)60681-3",NA,"en"
"10.1037/0278-7393.21.4.1008",NA,"en"
"10.1016/s0022-1031(03)00057-x",NA,"en"
"10.1111/jpr.12125",NA,"en"
"10.1006/jmla.1996.0032",NA,"en"
"10.7717/peerj.1232",NA,"en"
"10.1037/0096-3445.122.3.331",NA,"en"
"10.1037/h0053944",NA,"en"
"10.1007/s10803-012-1608-7",NA,"en"
"10.1080/13669877.2018.1443491",NA,"en"
"10.1177/0020872818804298",NA,"en"
"10.1007/s10643-020-01043-7",NA,"en"
"10.1017/psrm.2022.12",NA,"en"
"10.1086/678193",NA,"en"
"10.1037/0022-3514.81.1.33",NA,"en"
"10.1037/a0024608",NA,"en"
"10.1177/0956797616669086",NA,"en"
"10.1002/smj.2268",NA,"en"
"10.1111/j.0956-7976.2005.00810.x",NA,"en"
"10.1523/jneurosci.0411-11.2011",NA,"en"
"10.17605/osf.io/bu3gm",NA,NA
"10.3758/s13423-014-0582-9",NA,"en"
"10.1027/1614-0001/a000311",NA,"en"
"10.18564/jasss.4219",NA,"en"
"10.1080/14459795.2022.2133906",NA,"en"
"10.1177/0098628311421328",NA,"en"
"10.1375/twin.11.1.44",NA,"en"
"10.1177/0022466912449652",NA,"en"
"10.1017/s0272263112000903",NA,"en"
"10.1155/2013/639702",NA,"en"
"10.1186/1744-8603-10-19",NA,"en"
"10.1007/s11166-015-9208-5",NA,"en"
"10.20429/ijsotl.2018.120107",NA,"en"
"10.1007/s10648-023-09729-1",NA,"en"
"10.1111/lang.12623",NA,"en"
"10.1007/s10803-024-06486-0",NA,"en"
"10.21203/rs.3.rs-6613854/v1",NA,"en"
"10.3389/fpsyg.2021.626087",NA,"en"
"10.32872/cpe.v2i4.2593",NA,"en"
"10.1111/1475-6773.12595",NA,"en"
"10.1371/journal.pone.0220419",NA,"en"
"10.1177/0956797620972367",NA,"en"
"10.1016/j.jalz.2015.12.008",NA,"en"
"10.31219/osf.io/x394e_v2",NA,"en"
"10.18653/v1/w19-8649",NA,"en"
"10.1038/s41398-021-01366-y",NA,"en"
"10.64898/2026.01.19.700331",NA,NA
"10.1016/j.intman.2026.101337",NA,"en"
"10.1016/j.bandl.2024.105496",NA,"en"
"10.1177/1049731514530000",NA,"en"
"10.1007/s00296-010-1789-3",NA,"en"
"10.1111/j.1949-8594.2012.00166.x",NA,"en"
"10.1186/1750-1326-8-18",NA,"en"
"10.1177/1029864913489703",NA,"en"
"10.1371/journal.pone.0109035",NA,"en"
"10.1007/s13577-014-0103-1",NA,"en"
"10.1186/1471-2474-15-38",NA,"en"
"10.1037/xlm0000127",NA,"en"
"10.1080/09362835.2016.1238379",NA,"en"
"10.46867/ijcp.2018.31.01.13",NA,"en"
"10.1098/rsos.181575",NA,"en"
"10.1111/lcrp.12252",NA,"en"
"10.1111/jpr.12599",NA,"en"
"10.20982/tqmp.21.3.p115",NA,"fr"
"10.36948/ijfmr.2025.v07i06.61995",NA,NA
"10.1162/imag.a.1046",NA,"en"
"10.1525/collabra.147691",NA,"en"
"10.26481/umagsb.2025008",NA,"en"
"10.1002/jaba.70061",NA,"en"
"10.21203/rs.3.rs-9422704/v1",NA,NA
"10.1007/s40839-026-00293-8",NA,"en"
"10.3389/fnins.2018.00617",NA,"en"
"10.1177/25152459251401177",NA,"en"
"10.1186/s12885-026-16029-8",NA,"en"
"10.4054/demres.2025.53.29",NA,"en"
"10.1017/s0261444825100992",NA,"en"
"10.3102/0162373720948884",NA,"en"
"10.2308/bria-2020-021",NA,"en"
"10.1037/a0017172",NA,"en"
"10.31234/osf.io/yn64p",NA,"en"
"10.31234/osf.io/eu9cj",NA,"en"
"10.1177/2515245920916513",NA,"en"
"10.1111/lang.12557",NA,"en"
"10.71889/5fylantbak.29863007",NA,"en"
"10.1101/2020.04.05.026823",NA,"en"
"10.1167/jov.23.9.5765",NA,"en"
"10.31234/osf.io/a6qnk_v1",NA,"en"
"10.31234/osf.io/g5bnd_v1",NA,"en"
"10.2307/146341",NA,"en"
"10.1113/expphysiol.2010.055442",NA,"en"
"10.2522/ptj.20120444",NA,"en"
"10.1371/journal.pone.0080688",NA,"en"
"10.1038/jhg.2013.28",NA,"en"
"10.1371/journal.pone.0102100",NA,"en"
"10.3389/fnhum.2014.00154",NA,"en"
"10.1371/journal.pone.0096654",NA,"en"
"10.1152/jn.00493.2013",NA,"en"
"10.1027/1864-9335/a000193",NA,"en"
"10.1016/j.euroecorev.2015.05.006",NA,"en"
"10.20982/tqmp.11.2.r008",NA,"en"
"10.6084/m9.figshare.4213137.v2",NA,"en"
"10.17615/snbr-qh40",NA,"en"
"10.1037/pspp0000070",NA,"en"
"10.1145/2858036.2858349",NA,"en"
"10.1080/00220671.2015.1048503",NA,"en"
"10.1080/02699931.2017.1292217",NA,"en"
"10.5018/economics-ejournal.ja.2017-13",NA,"en"
"10.1155/2017/1254615",NA,"en"
"10.1177/1948550617740941",NA,"en"
"10.1073/pnas.1708345114",NA,"en"
"10.1186/s13018-018-0769-2",NA,"en"
"10.5334/jeps.450",NA,"en"
"10.1371/journal.pone.0209263",NA,"en"
"10.1111/jpr.12187",NA,"en"
"10.7717/peerj.4661",NA,"en"
"10.5334/joc.35",NA,"en"
"10.1371/journal.pone.0208794",NA,"en"
"10.1177/1948550618792057",NA,"en"
"10.31234/osf.io/mvn9b",NA,"en"
"10.3390/rs14030597",NA,"en"
"10.1186/s12888-023-04903-9",NA,"en"
"10.1080/13669877.2023.2249909",NA,"en"
"10.1080/10803548.2022.2156095",NA,"en"
"10.15763/issn.1936-9298.2024.1.1.36-60",NA,"en"
"10.1017/pan.2024.7",NA,"en"
"10.1007/s11002-024-09739-1",NA,"en"
"10.5334/irsp.945",NA,"en"
"10.1037/xge0000622",NA,"en"
"10.1177/09567976251335567",NA,"en"
"10.32388/e37rhf",NA,"en"
"10.1101/2025.03.13.643168",NA,"en"
"10.1177/0146167211424291",NA,"en"
"10.1016/j.cognition.2024.105843",NA,"en"
"10.1016/j.econedurev.2014.10.007",NA,"en"
"10.1017/s0003055421000678",NA,"en"
"10.3758/pbr.17.5.644",NA,"en"
"10.1111/j.1469-8986.2005.00278.x",NA,"en"
"10.1080/00224545.2020.1796567",NA,"en"
"10.2307/3333827",NA,"en"
"10.1111/j.1467-9280.2007.02028.x",NA,"en"
"10.1016/j.jesp.2016.02.005",NA,"en"
"10.1177/09567976241249183",NA,"en"
"10.1212/wnl.0000000000213905",NA,"en"
"10.1002/tesq.3137",NA,"en"
"10.1002/tesq.445",NA,"en"
"10.1111/j.1467-9922.2012.00729.x",NA,"en"
"10.1111/j.1468-0084.2011.00689.x",NA,"en"
"10.1287/orsc.2017.1146",NA,"en"
"10.1016/j.jbusvent.2003.12.007",NA,"en"
"10.1016/j.jbusvent.2008.04.003",NA,"en"
"10.1142/s1363919608001947",NA,"en"
"10.2307/257100",NA,"en"
"10.1016/j.jfbs.2011.07.003",NA,"en"
"10.1037/0021-9010.90.6.1265",NA,"en"
"10.1080/135048500444804",NA,"en"
"10.1016/0883-9026(94)90013-2",NA,"en"
"10.1073/pnas.1321202111",NA,"en"
"10.1016/j.jfbs.2017.04.001",NA,"en"
"10.1287/mnsc.2016.2664",NA,"en"
"10.1016/0883-9026(91)90005-x",NA,"en"
"10.31219/osf.io/x394e_v3",NA,"en"
"10.31234/osf.io/yt9n8",NA,"en"
"10.1098/rsos.160431",NA,"en"
"10.5334/irsp.932",NA,"en"
"10.1167/jov.25.8.13",NA,"en"
"10.1080/01443410.2025.2477181",NA,"en"
"10.1111/lcrp.12219",NA,"en"
"10.31234/osf.io/4uy2c",NA,"en"
"10.1080/00224545.2025.2482014",NA,"en"
"10.1080/07351690.2025.2609523",NA,"en"
"10.31234/osf.io/5e8mz_v1",NA,NA
"10.1016/j.jesp.2026.104871",NA,"en"
"10.3389/fneur.2026.1796427",NA,"en"
"10.1002/tesq.3212",NA,"en"
"10.1080/09658416.2021.1894162",NA,"en"
"10.1111/lang.12621",NA,"en"
"10.1016/j.jbvi.2022.e00303",NA,"en"
"10.1057/s41267-022-00532-8",NA,"en"
"10.1177/10422587251347060",NA,"en"
"10.1177/10422587211059991",NA,"en"
"10.1007/s11575-022-00472-3",NA,"en"
"10.1108/jec-08-2021-0122",NA,"en"
"10.1016/j.jbvi.2019.e00128",NA,"en"
"10.1016/j.jbvi.2019.e00138",NA,"en"
"10.1080/146324400363491",NA,"en"
"10.1177/10422587251382870",NA,"en"
"10.1108/jeee-04-2022-0123",NA,"en"
"10.1177/1042258720985478",NA,"en"
"10.17885/heiup.1157.c19369",NA,"en"
"10.1142/s1084946721500084",NA,"en"
"10.1177/0956797617690277",NA,"en"
"10.1080/23273798.2026.2618581",NA,"en"
"10.1016/s1060-3743(96)90022-3",NA,"en"
"10.1016/s1060-3743(99)80113-1",NA,"en"
"10.1111/pops.12938",NA,"en"
"10.1038/nn1601",NA,"en"
"10.1037/dev0001689",NA,"en"
"10.1002/acp.2959",NA,"en"
"10.1007/bf01371820",NA,"en"
"10.1080/20445911.2023.2198065",NA,"en"
"10.1016/j.jesp.2015.05.008",NA,"en"
"10.1037/dev0002158",NA,"en"
"10.1002/acp.70168",NA,"en"
"10.1007/s00426-026-02299-1",NA,"en"
"10.1080/20445911.2026.2657818",NA,"en"
"10.1016/j.jesp.2026.104938",NA,"en"
"10.1017/s0272263117000341",NA,"en"
"10.1111/cogs.13064",NA,"en"
"10.3758/bf03196335",NA,"en"
"10.1111/lang.12278",NA,"en"
"10.1111/lang.12443",NA,"en"
"10.1111/j.1467-9922.2008.00446.x",NA,"en"
"10.1017/s0272263119000202",NA,"en"
"10.1111/j.1467-1770.1995.tb00963.x",NA,"en"
"10.1017/s0272263124000275",NA,"en"
"10.1017/s0272263124000123",NA,"en"
"10.1017/s0272263124000457",NA,"en"
"10.1017/s0272263124000603",NA,"en"
"10.1017/s0272263124000512",NA,"en"
"10.1017/s0272263124000445",NA,"en"
"10.1017/s027226312400024x",NA,"en"
"10.1111/lang.12451",NA,"en"
"10.1002/clc.22410",NA,"en"
"10.1037/0022-3514.93.5.880",NA,"en"
"10.1016/j.neuroimage.2015.03.073",NA,"en"
"10.1177/0146167212442394",NA,"en"
"10.1111/pops.12327",NA,"en"
"10.1037/0096-1523.18.3.849",NA,"en"
"10.1037/tps0000068",NA,"en"
"10.2307/749455",NA,"en"
"10.1080/17461391.2018.1431311",NA,"en"
"10.1097/psy.0000000000000479",NA,"en"
"10.1016/j.neuron.2004.12.006",NA,"en"
"10.1093/ser/mwm006",NA,"en"
"10.1037/0022-3514.86.1.57",NA,"en"
"10.1086/673256",NA,"en"
"10.1371/journal.pone.0072626",NA,"en"
"10.1016/j.neuroimage.2005.11.003",NA,"en"
"10.1016/j.cognition.2012.04.008",NA,"en"
"10.1007/s00213-010-1872-1",NA,"en"
"10.1007/s10508-009-9559-6",NA,"en"
"10.1017/s0272263112000149",NA,"en"
"10.3389/fpsyg.2017.01508",NA,"en"
"10.18148/srm/2013.v7i3.5458",NA,"en"
"10.1111/j.1467-7687.2009.00888.x",NA,"en"
"10.1086/595951",NA,"en"
"10.1016/j.jesp.2013.07.002",NA,"en"
"10.1017/s0272263119000093",NA,"en"
"10.1177/1948550612466115",NA,"en"
"10.1111/j.1467-6494.1949.tb01241.x",NA,"en"
"10.1111/psyp.13419",NA,"en"
"10.1152/jn.00286.2019",NA,"en"
"10.1177/01461672241238420",NA,"en"
"10.31234/osf.io/m5paz",NA,"en"
"10.3758/s13428-020-01457-6",NA,"en"
"10.31234/osf.io/5y34g",NA,"en"
"10.31979/mrj.2020.1607",NA,"en"
"10.23668/psycharchives.4766",NA,"en"
"10.31234/osf.io/vkarq",NA,"en"
"10.13023/etd.2019.180",NA,"en"
"10.1016/j.nicl.2020.102441",NA,"en"
"10.17705/1atrr.00067",NA,"en"
"10.1353/eca.2016.0000",NA,"en"
"10.5117/2017.045.002.002",NA,"nl"
"10.1561/107.00000066",NA,"en"
"10.31234/osf.io/knh68",NA,"en"
"10.1503/jpn.120060",NA,"en"
"10.3389/fpsyg.2016.01930",NA,"en"
"10.1093/alcalc/agaa009",NA,"en"
"10.31234/osf.io/qn7pt",NA,"en"
"10.1075/bpa.3.13goo",NA,"en"
"10.1111/jpr.12507",NA,"en"
"10.18148/srm/2016.v10i2.6274",NA,"en"
"10.1016/j.jecp.2015.11.007",NA,"en"
"10.1080/14616696.2017.1290265",NA,"en"
"10.31234/osf.io/2h59n",NA,"en"
"10.1111/lang.12393",NA,"en"
"10.31234/osf.io/prfm3",NA,"en"
"10.1037/a0023597",NA,"en"
"10.1016/j.im.2015.06.009",NA,"en"
"10.1111/j.1467-7687.2009.00881.x",NA,"en"
"10.1037/xhp0000541",NA,"en"
"10.1525/collabra.163080",NA,"en"
"10.1257/aer.103.1.1",NA,"en"
"10.1016/j.concog.2012.01.016",NA,"en"
"10.1086/716952",NA,"en"
"10.3233/jsa-160165",NA,"en"
"10.1016/0010-0285(89)90003-0",NA,"en"
"10.1901/jaba.1996.29-231",NA,"en"
"10.1080/13811118.2021.1922110",NA,"en"
"10.1016/j.cognition.2006.12.015",NA,"en"
"10.1086/678484",NA,"en"
"10.1007/s11199-015-0450-8",NA,"en"
"10.2307/20466649",NA,"en"
"10.1177/0091552108322631",NA,"en"
"10.1007/s10608-012-9509-9",NA,"en"
"10.1037/0022-0167.51.2.178",NA,"en"
"10.1177/0956797613482943",NA,"en"
"10.1901/jeab.1970.13-127",NA,"en"
"10.1016/j.bandl.2010.07.003",NA,"en"
"10.1037/1082-989x.6.2.161",NA,"en"
"10.1037/0021-9010.81.2.161",NA,"en"
"10.1016/j.paid.2023.112102",NA,"en"
"10.1016/s0022-5371(74)80011-3",NA,"en"
"10.1016/j.jenvp.2008.11.001",NA,"en"
"10.17705/1cais.02729",NA,"en"
"10.1016/0013-4694(96)95711-9",NA,"en"
"10.1177/0956797610388048",NA,"en"
"10.1080/10862967409547072",NA,"en"
"10.1017/s1366728916000547",NA,"en"
"10.1192/bjp.139.6.553",NA,"en"
"10.1093/poq/nfm056",NA,"en"
"10.1016/j.gloenvcha.2011.01.002",NA,"en"
"10.1038/358749a0",NA,"en"
"10.1177/0146167215580775",NA,"en"
"10.1371/journal.pbio.0060202",NA,"en"
"10.1111/1467-9280.00415",NA,"en"
"10.1257/aer.20180338",NA,"en"
"10.25300/misq/2014/38.1.14",NA,"en"
"10.1016/j.cognition.2009.07.009",NA,"en"
"10.7275/11867619",NA,"en"
"10.31234/osf.io/8zarq",NA,"en"
"10.31235/osf.io/a2d5p",NA,"en"
"10.1080/09720510.2020.1848040",NA,"en"
"10.7916/d8f76r2r",NA,"en"
"10.1901/jaba.1999.32-367",NA,"en"
"10.1080/14459795.2022.2135227",NA,"en"
"10.31235/osf.io/zugae",NA,"en"
"10.1525/collabra.87",NA,"en"
"10.31234/osf.io/yd4re",NA,"en"
"10.1080/00224545.2017.1331991",NA,"en"
"10.1080/02702711.2017.1344165",NA,"en"
"10.1080/10668926.2016.1179606",NA,"en"
"10.1007/s12144-024-06067-5",NA,"en"
"10.1037/0022-0167.55.2.263",NA,"en"
"10.31234/osf.io/gjxyh",NA,"en"
"10.1016/j.jesp.2023.104583",NA,"en"
"10.1007/bf03395084",NA,"en"
"10.20982/tqmp.14.1.r008",NA,"en"
"10.1037/a0014697",NA,"en"
"10.1111/j.1744-6570.1997.tb00707.x",NA,"en"
"10.1111/jopy.12996",NA,"en"
"10.1080/17470218.2016.1237980",NA,"en"
"10.1177/00332941211012621",NA,"en"
"10.17705/1atrr.00021",NA,"en"
"10.31234/osf.io/3472y_v4",NA,"en"
"10.1177/08902070221099688",NA,"en"
"10.1080/10862967409547090",NA,"en"
"10.3758/s13428-022-01989-z",NA,"en"
"10.1192/bjp.142.5.471",NA,"en"
"10.1093/poq/nfab031",NA,"en"
"10.1089/eco.2020.0012",NA,"en"
"10.1016/0885-2014(95)90011-x",NA,"en"
"10.1111/pere.12304",NA,"en"
"10.5281/zenodo.18538611",NA,"en"
"10.1177/1745691617697077",NA,"en"
"10.1016/j.econlet.2020.109646",NA,"en"
"10.17705/1atrr.00010",NA,"en"
"10.31234/osf.io/xzn4d",NA,"en"
"10.1017/s0958344023000034",NA,"en"
"10.1016/j.brat.2022.104130",NA,"en"
"10.1086/529000",NA,"en"
"10.1162/003465303772815754",NA,"en"
"10.1198/jbes.2009.07213",NA,"en"
"10.1002/jae.976",NA,"en"
"10.22004/ag.econ.139020",NA,"en"
"10.1111/0022-1082.00318",NA,"en"
"10.1016/j.jeconom.2020.08.013",NA,"en"
"10.1093/restud/rdt040",NA,"en"
"10.1093/qje/qjt006",NA,"en"
"10.1111/ecin.12840",NA,"en"
"10.1016/j.jfineco.2019.06.005",NA,"en"
"10.1007/s11187-010-9264-9",NA,"en"
"10.1016/j.jhealeco.2006.07.003",NA,"en"
"10.1257/aer.20151551",NA,"en"
"10.1257/0002828053828671",NA,"en"
"10.1007/s10551-016-3409-y",NA,"en"
"10.1111/0034-6527.00363",NA,"en"
"10.1111/j.1540-6261.2011.01665.x",NA,"en"
"10.1257/app.1.4.140",NA,"en"
"10.1016/j.jinteco.2010.12.003",NA,"en"
"10.1002/jae.1159",NA,"en"
"10.1111/j.1468-0297.2009.02325.x",NA,"en"
"10.1002/jae.763",NA,"en"
"10.1016/j.econlet.2006.06.020",NA,"en"
"10.1257/aer.96.5.1611",NA,"en"
"10.1257/app.1.1.183",NA,"en"
"10.1111/j.0012-9682.2008.00818.x",NA,"en"
"10.1016/s0927-5371(01)00048-3",NA,"en"
"10.1016/s0047-2727(01)00094-9",NA,"en"
"10.1086/261674",NA,"en"
"10.1111/1468-0327.00082",NA,"en"
"10.2307/2234376",NA,"en"
"10.1111/j.1467-9299.2011.02011.x",NA,"en"
"10.1016/j.jpubeco.2017.03.002",NA,"en"
"10.1093/jae/ejaa010",NA,"en"
"10.1111/j.2047-2927.2012.00013.x",NA,"en"
"10.1257/aer.102.3.594",NA,"en"
"10.1093/qje/qjw034",NA,"en"
"10.1287/mnsc.1110.1449",NA,"en"
"10.1002/hec.1160",NA,"en"
"10.2307/2118389",NA,"en"
"10.3386/w1006",NA,"en"
"10.1007/s10824-022-09464-5",NA,"en"
"10.1016/j.jcorpfin.2007.03.004",NA,"en"
"10.1016/j.jpubeco.2011.03.003",NA,"en"
"10.1016/j.jeconom.2010.03.040",NA,"en"
"10.1016/j.jbtep.2026.102124",NA,"en"
"10.1561/104.00000142",NA,"en"
"10.1561/104.00000111",NA,"en"
"10.1002/jae.3023",NA,"en"
"10.1002/jae.3106",NA,"en"
"10.1002/jae.3074",NA,"en"
"10.1002/aepp.13366",NA,"en"
"10.17811/ebl.12.3.2023.241-247",NA,"en"
"10.1002/jae.2970",NA,"en"
"10.1002/jae.2979",NA,"en"
"10.1016/j.jebo.2023.03.019",NA,"en"
"10.1007/s40881-023-00131-9",NA,"en"
"10.1016/j.respol.2023.104819",NA,"en"
"10.1515/econ-2022-0030",NA,"en"
"10.1002/jae.2880",NA,"en"
"10.1080/21606544.2021.1966516",NA,"en"
"10.1017/s1930297500009128",NA,"en"
"10.1007/s11238-021-09836-x",NA,"en"
"10.1257/app.20180329",NA,"en"
"10.1177/1091142120914278",NA,"en"
"10.5018/economics-ejournal.ja.2019-51",NA,"en"
"10.1080/00036846.2017.1321840",NA,"en"
"10.1002/jae.2543",NA,"en"
"10.1002/jae.2462",NA,"en"
"10.1177/1091142113510197",NA,"en"
"10.1007/s10683-011-9302-8",NA,"en"
"10.1353/jhr.2012.0015",NA,"en"
"10.3386/w15609",NA,"en"
"10.1080/00220380802058156",NA,"en"
"10.1177/1091142106295761",NA,"en"
"10.1007/s11127-005-7171-4",NA,"en"
"10.1111/1468-0327.00081",NA,"en"
"10.1016/0165-4101(94)00376-g",NA,"en"
"10.1561/104.00000144",NA,"en"
"10.1111/padm.12914",NA,"en"
"10.1002/aepp.13322",NA,"en"
"10.1016/j.jbvi.2023.e00419",NA,"en"
"10.1002/soej.12598",NA,"en"
"10.1016/j.eneco.2017.12.024",NA,"en"
"10.1162/rest_a_00761",NA,"en"
"10.1007/s10683-014-9411-2",NA,"en"
"10.1002/hec.1787",NA,"en"
"10.1080/0003684032000056805",NA,"en"
"10.2307/145684",NA,"en"
"10.1016/j.leaqua.2020.101437",NA,"en"
"10.1016/j.jeem.2020.102351",NA,"en"
"10.1016/j.eneco.2017.12.020",NA,"en"
"10.1002/jae.2372",NA,"en"
"10.1257/aer.101.4.1616",NA,"en"
"10.1007/s10683-014-9405-0",NA,"en"
"10.1080/07350015.2019.1637745",NA,"en"
"10.1086/321015",NA,"en"
"10.1257/aer.102.5.2358",NA,"en"
"10.1016/j.landusepol.2020.104771",NA,"en"
"10.1016/0304-405x(87)90026-2",NA,"en"
"10.2307/2118477",NA,"en"
"10.4337/9781848442764.00018",NA,"en"
"10.1111/ecoj.12233",NA,"en"
"10.1257/aer.99.3.1040",NA,"en"
"10.1162/rest_a_00555",NA,"en"
"10.1002/jae.2873",NA,"en"
"10.2307/2109862",NA,"en"
"10.3982/ecta11573",NA,"en"
"10.1287/mnsc.2014.1966",NA,"en"
"10.1016/j.jcorpfin.2020.101607",NA,"en"
"10.1007/s10640-012-9592-0",NA,"en"
"10.1016/j.respol.2011.07.007",NA,"en"
"10.2139/ssrn.305167",NA,"en"
"10.1257/jep.28.1.167",NA,"en"
"10.1002/jae.616",NA,"en"
"10.1257/aer.104.12.3991",NA,"en"
"10.1086/500990",NA,"en"
"10.1257/aer.100.3.1238",NA,"en"
"10.1038/s41477-020-0732-1",NA,"en"
"10.1017/s1930297500006185",NA,"en"
"10.1002/jcpy.1156",NA,"en"
"10.1093/qje/qjv001",NA,"en"
"10.1093/qje/qjy007",NA,"en"
"10.1162/rest_a_00225",NA,"en"
"10.1016/j.worlddev.2018.05.013",NA,"en"
"10.1162/003355303321675428",NA,"en"
"10.1111/obes.12012",NA,"en"
"10.1093/qje/qju031",NA,"en"
"10.1162/rest.90.2.347",NA,"en"
"10.1162/0033553041502153",NA,"en"
"10.1162/rest_a_00172",NA,"en"
"10.1162/rest.90.3.592",NA,"en"
"10.1162/rest.90.1.158",NA,"en"
"10.3982/ecta8827",NA,"en"
"10.1257/00028280260344452",NA,"en"
"10.1086/209825",NA,"en"
"10.1257/000282802762024700",NA,"en"
"10.1002/jae.1093",NA,"en"
"10.1086/427464",NA,"en"
"10.1016/s0305-750x(00)00018-8",NA,"en"
"10.1016/s0167-6296(02)00126-1",NA,"en"
"10.3368/jhr.xxxviii.1.111",NA,"en"
"10.3368/jhr.xxxviii.3.701",NA,"en"
"10.1086/ntj41789364",NA,"en"
"10.2139/ssrn.331921",NA,"en"
"10.1086/261649",NA,"en"
"10.1002/(sici)1099-1050(199909)8:6<485::aid-hec461>3.0.co;2-4",NA,"en"
"10.1002/(sici)1099-1255(199801/02)13:1<49::aid-jae459>3.0.co;2-o",NA,"en"
"10.1006/game.1995.1027",NA,"en"
"10.1016/0167-6296(95)90921-r",NA,"en"
"10.1016/0165-4101(85)90029-1",NA,"en"
"10.1016/0022-0531(82)90030-8",NA,"en"
"10.2139/ssrn.547183",NA,"en"
"10.1016/j.jbankfin.2013.12.016",NA,"en"
"10.2307/1241581",NA,"en"
"10.1002/fut.22112",NA,"en"
"10.1016/j.jbvi.2021.e00294",NA,"en"
"10.1111/ssqu.12566",NA,"en"
"10.1257/aer.20160425",NA,"en"
"10.1017/s1053837209990307",NA,"en"
"10.1093/restud/rdr027",NA,"en"
"10.1086/260470",NA,"en"
"10.1086/656252",NA,"en"
"10.1162/rest_a_00199",NA,"en"
"10.2307/2118508",NA,"en"
"10.1007/s11127-010-9760-0",NA,"en"
"10.1093/qje/120.2.424",NA,"en"
"10.1016/s0167-2681(02)00024-0",NA,"en"
"10.1080/00036849108841061",NA,"en"
"10.2307/2327333",NA,"en"
"10.1111/j.1540-6261.1997.tb03808.x",NA,"en"
"10.1111/j.1468-2354.2009.00568.x",NA,"en"
"10.1080/00036840500462020",NA,"en"
"10.1016/0304-405x(89)90077-9",NA,"en"
"10.3386/w30851",NA,"en"
"10.1002/jae.3091",NA,"en"
"10.1002/jae.3088",NA,"en"
"10.1007/s11573-024-01214-7",NA,"en"
"10.1002/aepp.13306",NA,"en"
"10.1561/104.00000130",NA,"en"
"10.1561/104.00000127",NA,"en"
"10.1007/s00181-023-02450-6",NA,"en"
"10.1002/jae.2957",NA,"en"
"10.1002/jae.2983",NA,"en"
"10.1002/jae.3003",NA,"en"
"10.1002/jae.2941",NA,"en"
"10.1080/15140326.2022.2163580",NA,"en"
"10.1111/joca.12492",NA,"en"
"10.1016/j.joep.2023.102664",NA,"en"
"10.1016/j.pacfin.2023.101935",NA,"en"
"10.1016/j.pacfin.2023.102008",NA,"en"
"10.1016/j.techfore.2023.122843",NA,"en"
"10.1561/104.00000118",NA,"en"
"10.1186/s12651-022-00306-7",NA,"en"
"10.1002/jae.2919",NA,"en"
"10.1002/jae.2933",NA,"en"
"10.1002/jae.2881",NA,"en"
"10.1002/jae.2886",NA,"en"
"10.1016/j.jfbs.2022.100498",NA,"en"
"10.1108/jfep-07-2022-0175",NA,"en"
"10.1017/s193029750000930x",NA,"en"
"10.1002/jae.2801",NA,"en"
"10.1002/jae.2853",NA,"en"
"10.1561/104.00000089",NA,"en"
"10.5018/economics-ejournal.ja.2020-14",NA,"en"
"10.1111/sjoe.12341",NA,"en"
"10.1257/pol.20180230",NA,"en"
"10.5018/economics-ejournal.ja.2020-21",NA,"en"
"10.1007/s10683-017-9549-9",NA,"en"
"10.1002/jae.2584",NA,"en"
"10.1177/1091142117721739",NA,"en"
"10.1002/jae.2437",NA,"en"
"10.1002/jae.2461",NA,"en"
"10.1002/jae.2449",NA,"en"
"10.1002/jae.2402",NA,"en"
"10.1257/aer.104.10.3297",NA,"en"
"10.1007/s00181-012-0549-5",NA,"en"
"10.1007/s10683-011-9293-5",NA,"en"
"10.1002/jae.2269",NA,"en"
"10.1162/rest_a_00050",NA,"en"
"10.1016/j.worlddev.2011.05.001",NA,"en"
"10.1002/hec.1454",NA,"en"
"10.1353/jhr.2010.0008",NA,"en"
"10.3368/jhr.xlii.4.919",NA,"en"
"10.1007/s10683-005-0867-y",NA,"en"
"10.1111/j.1540-6261.2005.00750.x",NA,"en"
"10.1002/hec.826",NA,"en"
"10.1002/jae.802",NA,"en"
"10.1023/a:1009946125005",NA,"en"
"10.1016/s0167-6296(97)00023-4",NA,"en"
"10.2307/2234982",NA,"en"
"10.2307/2951542",NA,"en"
"10.1108/raf-02-2022-0046",NA,"en"
"10.1016/j.socec.2024.102333",NA,"en"
"10.1016/j.frl.2022.103375",NA,"en"
"10.1093/jae/ejad013",NA,"en"
"10.1111/ssqu.13292",NA,"en"
"10.1007/s10683-021-09720-z",NA,"en"
"10.1007/s00181-020-01857-9",NA,"en"
"10.1016/j.joep.2021.102363",NA,"en"
"10.1002/jae.2709",NA,"en"
"10.1016/j.joep.2018.10.010",NA,"en"
"10.1007/s10683-016-9491-2",NA,"en"
"10.1002/jae.2485",NA,"en"
"10.1007/s11127-012-0023-0",NA,"en"
"10.3386/w16115",NA,"en"
"10.1007/s11138-005-6825-2",NA,"en"
"10.1080/000368498324977",NA,"en"
"10.1111/j.1540-6261.1985.tb04952.x",NA,"en"
"10.1007/s10824-024-09525-x",NA,"en"
"10.1016/j.jfbs.2021.100451",NA,"en"
"10.1561/104.00000103",NA,"en"
"10.1080/00036846.2015.1013613",NA,"en"
"10.1111/j.1540-6261.1992.tb04691.x",NA,"en"
"10.1287/mnsc.2022.4463",NA,"en"
"10.1561/104.00000126",NA,"en"
"10.1007/bf01205784",NA,"en"
"10.1016/s0272-7757(98)00038-7",NA,"en"
"10.1016/j.evolhumbehav.2010.04.004",NA,"en"
"10.1002/1097-4679(197110)27:4<514::aid-jclp2270270435>3.0.co;2-k",NA,"en"
"10.1080/16506073.2025.2465760",NA,"en"
"10.1177/0265407596131004",NA,"en"
"10.1016/s0010-0285(03)00128-2",NA,"en"
"10.1080/16506073.2018.1475505",NA,"en"
"10.1016/0022-4405(78)90001-8",NA,"en"
"10.1177/02654075030205001",NA,"en"
"10.1177/17470218221085117",NA,"en"
"10.31234/osf.io/nm8p5",NA,"en"
"10.31542/r.gm:2129",NA,"en"
"10.1080/00223891.1973.10119882",NA,"en"
"10.1002/1520-6807(198607)23:3<271::aid-pits2310230308>3.0.co;2-y",NA,"en"
"10.1016/j.lingua.2013.07.002",NA,"en"
"10.1016/j.jadr.2023.100473",NA,"en"
"10.32601/ejal.911399",NA,"en"
"10.1017/s0272263121000905",NA,"en"
"10.1177/13621688211044240",NA,"en"
"10.1515/iral.1994.32.1.41",NA,"en"
"10.1017/s0272263125000130",NA,"en"
"10.1111/lang.12615",NA,"en"
"10.1353/lan.2016.0052",NA,"en"
"10.1016/j.jesp.2017.11.005",NA,"en"
"10.1080/00207590344000178",NA,"en"
"10.1353/lib.2022.0003",NA,"en"
"10.1016/j.brat.2020.103798",NA,"en"
"10.2307/2392469",NA,"en"
"10.1016/j.jesp.2026.104969",NA,"en"
"10.5334/joc.508",NA,"en"
"10.18438/eblip30968",NA,"en"
"10.1108/00438029710171980",NA,"en"
"10.1371/journal.pone.0049083",NA,"en"
"10.1136/bmj.d3313",NA,"en"
"10.1177/1098300717693568",NA,"en"
"10.1093/hmg/ddr268",NA,"en"
"10.25300/misq/2018/13853",NA,"en"
"10.1111/j.1467-9221.2005.00416.x",NA,"en"
"10.1093/hcr/hqae016",NA,"en"
"10.1016/j.jesp.2023.104457",NA,"en"
"10.1111/j.1468-2958.2001.tb00792.x",NA,"en"
"10.1016/j.jaac.2015.04.007",NA,"en"
"10.1016/s0165-4101(97)00017-7",NA,"en"
"10.1287/isre.1050.0073",NA,"en"
"10.3758/s13428-020-01440-1",NA,"en"
"10.1167/16.13.4",NA,"en"
"10.1016/j.neuron.2015.08.026",NA,"en"
"10.1177/0022243719851490",NA,"en"
"10.1111/j.1469-8986.2008.00688.x",NA,"en"
"10.1287/isre.1040.0032",NA,"en"
"10.1097/ajp.0b013e3181cd1710",NA,"en"
"10.3758/s13423-025-02771-w",NA,"en"
"10.2132/personality.33.3.13",NA,"en"
"10.1080/10510974.2018.1464043",NA,"en"
"10.3389/fvets.2018.00312",NA,"en"
"10.16930/2237-7662202131531",NA,"en"
"10.17705/1atrr.00026",NA,"en"
"10.3758/s13428-021-01693-4",NA,"en"
"10.16910/jemr.11.4.6",NA,"en"
"10.31234/osf.io/b6wxu",NA,"en"
"10.1523/jneurosci.1060-18.2018",NA,"en"
"10.1086/695137",NA,"en"
"10.1007/s11002-023-09690-7",NA,"en"
"10.1016/j.ijpsycho.2026.113382",NA,"en"
"10.17705/1atrr.00046",NA,"en"
"10.1521/jscp.2016.35.5.386",NA,"en"
"10.1007/s10803-024-06383-6",NA,"en"
"10.1257/0002828054201242",NA,"en"
"10.1109/tvcg.2016.2518137",NA,"en"
"10.2307/249688",NA,"en"
"10.1086/209397",NA,"en"
"10.1002/jaba.887",NA,"en"
"10.1007/s11031-006-9031-z",NA,"en"
"10.1126/science.288.5467.850",NA,"en"
"10.1037/h0021797",NA,"en"
"10.3758/bf03197446",NA,"en"
"10.5465/amj.2010.51468978",NA,"en"
"10.1016/j.reia.2026.202971",NA,"en"
"10.1002/jae.2922",NA,"en"
"10.1038/s41598-022-18520-1",NA,"en"
"10.17705/1atrr.00076",NA,"en"
"10.1145/2168556.2168644",NA,"en"
"10.1002/jaba.1055",NA,"en"
"10.1098/rsos.250508",NA,"en"
"10.3390/g11040058",NA,"en"
"10.20982/tqmp.16.2.r001",NA,"en"
"10.20982/tqmp.21.3.p138",NA,"fr"
"10.17705/1atrr.00066",NA,"en"
"10.1016/j.paid.2014.09.034",NA,"en"
"10.1016/j.paid.2026.113992",NA,"en"
"10.36019/9781978817111",NA,"en"
"10.1007/s11050-010-9062-6",NA,"en"
"10.1038/s41467-019-12048-1",NA,"en"
"10.1037/a0019786",NA,"en"
"10.1207/s15327906mbr0502_2",NA,"en"
"10.1177/106342669800600406",NA,"en"
"10.1080/0144341850050206",NA,"en"
"10.1086/260572",NA,"en"
"10.2307/2061139",NA,"en"
"10.1016/0376-6357(94)90072-8",NA,"en"
"10.1111/j.1747-4469.2011.01256.x",NA,"en"
"10.3765/exabs.v0i0.603",NA,"en"
"10.31234/osf.io/rvxw4",NA,"en"
"10.1002/cpp.2677",NA,"en"
"10.1207/s15327906mbr0503_5",NA,"en"
"10.1177/019874290503100104",NA,"en"
"10.1080/0144341860060206",NA,"en"
"10.1086/260573",NA,"en"
"10.2307/2061038",NA,"en"
"10.12794/metadc2415972",NA,"en"
"10.1111/1467-9280.00441",NA,"en"
"10.15626/mp.2023.3960",NA,"en"
"10.15626/mp.2025.4708",NA,"en"
"10.1002/smj.3354",NA,"en"
"10.5465/amle.2010.0012",NA,"en"
"10.1016/j.jml.2020.104174",NA,"en"
"10.1227/neu.0000000000003032",NA,"en"
"10.1037/0022-3514.73.2.321",NA,"en"
"10.1002/(sici)1099-0836(199909/10)8:5<296::aid-bse212>3.0.co;2-n",NA,"en"
"10.1037/xlm0000479",NA,"en"
"10.1017/s0007123420000046",NA,"en"
"10.1073/pnas.192579399",NA,"en"
"10.1037/0022-3514.72.5.1202",NA,"en"
"10.1177/002383099503800103",NA,"en"
"10.1037/0022-006x.50.5.624",NA,"en"
"10.5465/amproc.2026.13271abstract",NA,"en"
"10.5465/amproc.2026.17201abstract",NA,"en"
"10.31234/osf.io/kt3sw_v2",NA,NA
"10.1227/neu.0000000000004151",NA,"en"
"10.1080/02699931.2024.2434156",NA,"en"
"10.1002/bse.372",NA,"en"
"10.31234/osf.io/yha5e",NA,"en"
"10.1111/ajsp.12164",NA,"en"
"10.31235/osf.io/nt8c4",NA,"en"
"10.1167/12.11.12",NA,"en"
"10.5964/ejop.8375",NA,"en"
"10.1159/000506138",NA,"en"
"10.1037/0022-006x.55.1.115",NA,"en"
"10.24193/cbb.2022.26.09",NA,"en"
"10.1037/xap0000408",NA,"en"
"10.1177/0146167208315555",NA,"en"
"10.1038/s41562-023-01594-w",NA,"en"
"10.1037/h0037031",NA,"en"
"10.1002/ejsp.70015",NA,"en"
"10.31235/osf.io/2j9hr_v1",NA,"en"
"10.1177/014616727900500312",NA,"en"
"10.4995/muse.2019.10390",NA,"en"
"10.7554/elife.49700",NA,"en"
"10.1007/s11423-023-10326-w",NA,"en"
"10.1086/269138",NA,"en"
"10.1145/3196398.3196421",NA,"en"
"10.1111/1467-9280.02431",NA,"en"
"10.31234/osf.io/am6rg_v1",NA,NA
"10.1167/jov.22.10.10",NA,"en"
"10.1002/jae.2861",NA,"en"
"10.1007/s11423-025-10508-8",NA,"en"
"10.1086/269255",NA,"en"
"10.1177/1948550620944083",NA,"en"
"10.7717/peerj-cs.245",NA,"en"
"10.1098/rsos.250669",NA,"en"
"10.1016/j.obhdp.2014.07.004",NA,"en"
"10.1002/ejsp.127",NA,"en"
"10.1016/j.joep.2006.12.001",NA,"en"
"10.1111/j.1540-5907.2006.00220.x",NA,"en"
"10.1073/pnas.2216614120",NA,"en"
"10.15195/v11.a32",NA,"en"
"10.1037/edu0001022",NA,"en"
"10.3982/ecta6248",NA,"en"
"10.1177/09567976261460772",NA,"en"
"10.1037/a0031751",NA,"en"
"10.1016/j.joep.2026.102886",NA,"en"
"10.5281/zenodo.17705056",NA,"en"
"10.31235/osf.io/zk2ar_v2",NA,"en"
"10.31234/osf.io/weu9m_v1",NA,NA
"10.1177/0956797620923587",NA,"en"
"10.48550/arxiv.2604.00848",NA,NA
"10.1111/j.1467-9280.2008.02090.x",NA,"en"
"10.55370/urj.v2i1.1423",NA,"en"
"10.1145/3545945.3569766",NA,"en"
"10.1038/s41467-022-28252-5",NA,"en"
"10.1086/704385",NA,"en"
"10.25300/misq/2021/14626",NA,"en"
"10.1145/3770762.3772568",NA,NA
"10.1016/j.xjidi.2026.100490",NA,"en"
"10.1515/jbnst-2025-0084",NA,"en"
"10.1257/aer.20201550",NA,"en"
"10.5964/jnc.6063",NA,"en"
"10.31222/osf.io/sjyp3",NA,"en"
"10.1556/jep.7.2009.1.3",NA,"en"
"10.1073/pnas.0811323106",NA,"en"
"10.1080/17470216408416356",NA,"en"
"10.1073/pnas.1619717114",NA,"en"
"10.1080/23273798.2020.1762905",NA,"en"
"10.5465/amj.2010.0608",NA,"en"
"10.1016/j.paid.2012.04.002",NA,"en"
"10.1093/toxsci/kfs285",NA,"en"
"10.1007/s10943-006-9075-0",NA,"en"
"10.1016/j.visres.2008.09.025",NA,"en"
"10.1172/jci.insight.89376",NA,"en"
"10.1037/a0027395",NA,"en"
"10.1017/s0954579414000492",NA,"en"
"10.1080/07421222.2017.1394083",NA,"en"
"10.1037/0022-3514.37.3.433",NA,"en"
"10.1037/a0026099",NA,"en"
"10.1371/journal.pone.0144228",NA,"en"
"10.1111/j.1467-9280.2008.02124.x",NA,"en"
"10.1136/bmj.g7015",NA,"en"
"10.1057/ejis.2009.6",NA,"en"
"10.1073/pnas.0607716103",NA,"en"
"10.1371/journal.pone.0197268",NA,"en"
"10.1037/0022-3514.41.4.703",NA,"en"
"10.25300/misq/2013/37.4.01",NA,"en"
"10.1037/xge0000165",NA,"en"
"10.1037/h0087446",NA,"en"
"10.2224/sbp.2008.36.6.753",NA,"en"
"10.3758/s13414-018-1498-7",NA,"en"
"10.1038/nature06176",NA,"en"
"10.1002/rrq.027",NA,"en"
"10.1162/jocn.2008.21154",NA,"en"
"10.1177/0003122416663683",NA,"en"
"10.1111/desc.13377",NA,"en"
"10.1080/14640746908400204",NA,"en"
"10.1016/j.jesp.2019.103843",NA,"en"
"10.1017/s0272263123000086",NA,"en"
"10.1177/27550311231225957",NA,"en"
"10.31234/osf.io/2br58",NA,"en"
"10.1016/j.yrtph.2016.02.005",NA,"en"
"10.33423/jop.v24i1.6861",NA,"en"
"10.1167/jov.20.6.18",NA,"en"
"10.1371/journal.pone.0341334",NA,"en"
"10.1371/journal.pone.0236825",NA,"en"
"10.3389/fpsyg.2016.01013",NA,"en"
"10.17705/1atrr.00053",NA,"en"
"10.1093/jos/ffaa001",NA,"en"
"10.1111/j.1471-6402.1997.tb00120.x",NA,"en"
"10.1037/a0030530",NA,"en"
"10.1007/s40881-021-00109-5",NA,"en"
"10.1017/prp.2020.6",NA,"en"
"10.1177/1948550612439721",NA,"en"
"10.12688/wellcomeopenres.15486.2",NA,"en"
"10.17705/1atrr.00027",NA,"en"
"10.1093/nc/niw002",NA,"en"
"10.1371/journal.pone.0253023",NA,"en"
"10.1080/15534510.2019.1669488",NA,"en"
"10.17705/1atrr.00032",NA,"en"
"10.1037/xge0000295",NA,"en"
"10.3758/s13421-018-0888-3",NA,"en"
"10.5114/cipp.2021.110948",NA,"en"
"10.5334/joc.432",NA,"en"
"10.1098/rstb.2016.0517",NA,"en"
"10.1558/cj.v32i2.25139",NA,"en"
"10.20378/irb-49996",NA,"en"
"10.1111/nana.12722",NA,"en"
"10.1002/jaba.504",NA,"en"
"10.1037/0022-0663.83.4.444",NA,"en"
"10.1016/j.ssresearch.2014.08.001",NA,"en"
"10.1037/0022-3514.50.1.205",NA,"en"
"10.2307/1388548",NA,"en"
"10.2307/41703463",NA,"en"
"10.2307/249754",NA,"en"
"10.1080/02687030600631827",NA,"en"
"10.3389/fpsyg.2017.00790",NA,"en"
"10.1002/bin.242",NA,"en"
"10.1016/j.intell.2008.03.008",NA,"en"
"10.1016/j.cognition.2025.106257",NA,"en"
"10.2466/pr0.1997.80.2.511",NA,"en"
"10.17645/si.v6i2.1395",NA,"en"
"10.1002/per.2410080106",NA,"en"
"10.1002/jeab.249",NA,"en"
"10.17705/1atrr.00024",NA,"en"
"10.17705/1atrr.00064",NA,"en"
"10.1016/j.jneuroling.2010.05.001",NA,"en"
"10.1177/20551029221139679",NA,"en"
"10.1002/jaba.613",NA,"en"
"10.1027/1015-5759/a000263",NA,"en"
"10.31234/osf.io/j2xn3",NA,"en"
"10.1080/00223980109603712",NA,"en"
"10.1257/0002828041464614",NA,"en"
"10.1108/s0193-230620150000018005",NA,"en"
"10.31234/osf.io/ekw9c",NA,"en"
"10.18559/ebr.2021.2.2",NA,"en"
"10.1523/jneurosci.1489-14.2014",NA,"en"
"10.1002/ece3.3192",NA,"en"
"10.1152/jn.00412.2024",NA,"en"
"10.1177/2167702620921341",NA,"en"
"10.1111/2041-210x.13602",NA,"en"
"10.1016/j.cogpsych.2017.07.001",NA,"en"
"10.1177/09567976211068045",NA,"en"
"10.1016/j.jesp.2014.05.002",NA,"en"
"10.1086/684582",NA,"en"
"10.1017/s0043887110000286",NA,"en"
"10.1017/s0003055413000415",NA,"en"
"10.1111/j.1745-9125.2011.00251.x",NA,"en"
"10.1017/s0003055413000567",NA,"en"
"10.1509/jm.14.0091",NA,"en"
"10.1037/pspi0000065",NA,"en"
"10.1017/xps.2017.15",NA,"en"
"10.1017/s0007123413000070",NA,"en"
"10.1177/0022002714547903",NA,"en"
"10.3982/ecta11380",NA,"en"
"10.1017/s0007123416000144",NA,"en"
"10.1177/2167702618785339",NA,"en"
"10.1017/s0043887117000363",NA,"en"
"10.1257/app.4.1.85",NA,"en"
"10.1086/689189",NA,"en"
"10.1017/s0043887114000227",NA,"en"
"10.1287/mnsc.2013.1794",NA,"en"
"10.1017/s000305541600071x",NA,"en"
"10.1017/s0007123415000356",NA,"en"
"10.1257/aer.99.4.1384",NA,"en"
"10.1177/0022002716680266",NA,"en"
"10.3982/ecta10813",NA,"en"
"10.1086/605604",NA,"en"
"10.1017/s0007123414000520",NA,"en"
"10.3982/ecta12987",NA,"en"
"10.1111/j.1745-9125.2010.00212.x",NA,"en"
"10.1086/677392",NA,"en"
"10.1111/1745-9125.12035",NA,"en"
"10.1086/691703",NA,"en"
"10.1111/ajps.12240",NA,"en"
"10.1177/0022002710371671",NA,"en"
"10.1086/675910",NA,"en"
"10.1111/j.1540-5907.2012.00628.x",NA,"en"
"10.1177/0003122410368927",NA,"en"
"10.1257/aer.101.2.493",NA,"en"
"10.1017/s0007123413000422",NA,"en"
"10.1177/0022002712449328",NA,"en"
"10.1257/app.5.3.91",NA,"en"
"10.1111/ajps.12394",NA,"en"
"10.1037/a0019432",NA,"en"
"10.1086/666746",NA,"en"
"10.1111/ajps.12074",NA,"en"
"10.1086/670272",NA,"en"
"10.1177/0022002715612575",NA,"en"
"10.1177/0022002708330289",NA,"en"
"10.1177/0022002710381064",NA,"en"
"10.1177/0010414009332147",NA,"en"
"10.1177/0022002714553105",NA,"en"
"10.1111/cdev.12603",NA,"en"
"10.1177/0010414015626446",NA,"en"
"10.1017/s0003055418000485",NA,"en"
"10.1086/693869",NA,"en"
"10.1177/0010414014546331",NA,"en"
"10.1111/j.1540-5907.2011.00567.x",NA,"en"
"10.1093/sf/sou103",NA,"en"
"10.1111/ajps.12164",NA,"en"
"10.1037/a0035615",NA,"en"
"10.1177/0003122418785371",NA,"en"
"10.1007/s10683-012-9342-8",NA,"en"
"10.1257/app.6.3.133",NA,"en"
"10.31234/osf.io/jkfu3",NA,"en"
"10.1101/2020.04.03.20052373",NA,"en"
"10.31234/osf.io/k23cv",NA,"en"
"10.31234/osf.io/5gskw",NA,"en"
"10.31234/osf.io/rz78k",NA,"en"
"10.31234/osf.io/6a2cx",NA,"en"
"10.1101/2020.05.12.20098699",NA,"en"
"10.31234/osf.io/jrpfd",NA,"en"
"10.1177/0022002715587053",NA,"en"
"10.31234/osf.io/m3vth",NA,"en"
"10.1086/684032",NA,"en"
"10.31234/osf.io/yb2h8",NA,"en"
"10.1177/0010414015621080",NA,"en"
"10.31234/osf.io/e3kcw",NA,"en"
"10.31234/osf.io/m7f8a",NA,"en"
"10.1177/0022002712445741",NA,"en"
"10.1016/j.paid.2020.110232",NA,"en"
"10.1037/pspp0000068",NA,"en"
"10.1044/jshd.4301.47",NA,"en"
"10.1111/j.1467-9280.2009.02457.x",NA,"en"
"10.1016/j.jesp.2015.11.008",NA,"en"
"10.1093/esr/jcq033",NA,"en"
"10.1016/j.jesp.2016.11.014",NA,"en"
"10.1101/2020.03.30.20048090",NA,"en"
"10.1101/2020.05.14.20093633",NA,"en"
"10.1086/700235",NA,"en"
"10.17605/osf.io/akubt",NA,NA
"10.17605/osf.io/fpuh3",NA,NA
"10.17605/osf.io/vndky",NA,NA
"10.17605/osf.io/yrh4v",NA,NA
"10.17605/osf.io/35tgu",NA,NA
"10.17605/osf.io/zsptj",NA,NA
"10.17605/osf.io/4y8ja",NA,NA
"10.17605/osf.io/nhecx",NA,NA
"10.17605/osf.io/qu3p2",NA,NA
"10.17605/osf.io/3mr7g",NA,NA
"10.17605/osf.io/axtg4",NA,NA
"10.17605/osf.io/jzfs2",NA,NA
"10.17605/osf.io/s57jr",NA,NA
"10.17605/osf.io/v9ykq",NA,NA
"10.17605/osf.io/q5ka2",NA,NA
"10.17605/osf.io/y47pr",NA,NA
"10.17605/osf.io/x9pd3",NA,NA
"10.17605/osf.io/dcez6",NA,NA
"10.17605/osf.io/jcbfw",NA,NA
"10.17605/osf.io/vk2a3",NA,NA
"10.17605/osf.io/5fc4n",NA,NA
"10.17605/osf.io/hyqpr",NA,NA
"10.17605/osf.io/57pn2",NA,NA
"10.17605/osf.io/urfmp",NA,NA
"10.17605/osf.io/vc8hs",NA,NA
"10.17605/osf.io/c4ar6",NA,NA
"10.17605/osf.io/v2yaq",NA,NA
"10.17605/osf.io/8eqk6",NA,NA
"10.17605/osf.io/3a5u7",NA,NA
"10.17605/osf.io/u3y9w",NA,NA
"10.17605/osf.io/dxmrb",NA,NA
"10.17605/osf.io/sc87r",NA,NA
"10.17605/osf.io/wnv8y",NA,NA
"10.17605/osf.io/5a7qp",NA,NA
"10.17605/osf.io/563d4",NA,NA
"10.17605/osf.io/frc3x",NA,NA
"10.17605/osf.io/qk9v3",NA,NA
"10.17605/osf.io/namvy",NA,NA
"10.17605/osf.io/gk6mh",NA,NA
"10.17605/osf.io/w8n3s",NA,NA
"10.17605/osf.io/gpyu7",NA,NA
"10.17605/osf.io/sv9tm",NA,NA
"10.17605/osf.io/qd3rm",NA,NA
"10.17605/osf.io/vh5u6",NA,NA
"10.17605/osf.io/6mdxr",NA,NA
"10.17605/osf.io/g2jua",NA,NA
"10.17605/osf.io/h2u96",NA,NA
"10.17605/osf.io/qs827",NA,NA
"10.17605/osf.io/tgkhv",NA,NA
"10.17605/osf.io/d4p59",NA,NA
"10.17605/osf.io/vfyxz",NA,NA
"10.17605/osf.io/ujmvw",NA,NA
"10.17605/osf.io/p7tb4",NA,NA
"10.17605/osf.io/ks6ut",NA,NA
"10.17605/osf.io/qnmrj",NA,NA
"10.17605/osf.io/7ak4n",NA,NA
"10.17605/osf.io/5vntp",NA,NA
"10.17605/osf.io/jp3qb",NA,NA
"10.17605/osf.io/ezx2k",NA,NA
"10.17605/osf.io/tmg3z",NA,NA
"10.17605/osf.io/g83kx",NA,NA
"10.17605/osf.io/4fvzq",NA,NA
"10.17605/osf.io/jhe6q",NA,NA
"10.17605/osf.io/swkur",NA,NA
"10.17605/osf.io/xue5d",NA,NA
"10.17605/osf.io/f3p2m",NA,NA
"10.17605/osf.io/xshrn",NA,NA
"10.17605/osf.io/wb524",NA,NA
"10.17605/osf.io/zfxk9",NA,NA
"10.17605/osf.io/eqyhz",NA,NA
"10.17605/osf.io/adxj2",NA,NA
"10.17605/osf.io/yfvzr",NA,NA
"10.17605/osf.io/rpc54",NA,NA
"10.17605/osf.io/38zs9",NA,NA
"10.17605/osf.io/8xyhb",NA,NA
"10.17605/osf.io/6e9ka",NA,NA
"10.17605/osf.io/fspwc",NA,NA
"10.17605/osf.io/5ywth",NA,NA
"10.17605/osf.io/kup8x",NA,NA
"10.17605/osf.io/j6c8g",NA,NA
"10.17605/osf.io/anfk6",NA,NA
"10.17605/osf.io/7p5tw",NA,NA
"10.17605/osf.io/6ye5m",NA,NA
"10.17605/osf.io/4axu6",NA,NA
"10.17605/osf.io/4p892",NA,NA
"10.17605/osf.io/kzpf8",NA,NA
"10.17605/osf.io/zehky",NA,NA
"10.17605/osf.io/mshda",NA,NA
"10.17605/osf.io/pkwgx",NA,NA
"10.17605/osf.io/da26y",NA,NA
"10.17605/osf.io/54syu",NA,NA
"10.17605/osf.io/w5b24",NA,NA
"10.17605/osf.io/2e5wr",NA,NA
"10.17605/osf.io/xrymd",NA,NA
"10.17605/osf.io/yh25j",NA,NA
"10.17605/osf.io/5vx27",NA,NA
"10.17605/osf.io/u8zk5",NA,NA
"10.17605/osf.io/2uxrt",NA,NA
"10.17605/osf.io/jfxnt",NA,NA
"10.17605/osf.io/8sae9",NA,NA
"10.17605/osf.io/8btme",NA,NA
"10.17605/osf.io/nekdp",NA,NA
"10.17605/osf.io/rkh2a",NA,NA
"10.17605/osf.io/y5uwg",NA,NA
"10.17605/osf.io/2vust",NA,NA
"10.17605/osf.io/5k8m4",NA,NA
"10.17605/osf.io/9c5sm",NA,NA
"10.17605/osf.io/r9bdx",NA,NA
"10.17605/osf.io/mjb97",NA,NA
"10.17605/osf.io/8wf3h",NA,NA
"10.17605/osf.io/jvwer",NA,NA
"10.17605/osf.io/6wfmz",NA,NA
"10.1016/j.paid.2022.111910",NA,"en"
"10.26443/msurj.v15i1.10",NA,"en"
"10.1080/02699206.2018.1504989",NA,"en"
"10.15626/mp.2018.880",NA,"en"
"10.1037/a0025253",NA,"en"
"10.17879/replicationresearch-2026-9414",NA,"en"
"10.3758/s13421-018-0803-y",NA,"en"
"10.1075/lab.23071.bra",NA,"en"
"10.1016/j.jrp.2014.06.006",NA,"en"
"10.1037/pac0000609",NA,"en"
"10.3758/s13414-019-01946-7",NA,"en"
"10.1016/0042-6989(86)90090-8",NA,"en"
"10.1177/1368430219845462",NA,"en"
"10.5334/irsp.546",NA,"en"
"10.1167/13.6.11",NA,"en"
"10.1016/j.foodpol.2021.102214",NA,"en"
"10.1016/j.foodqual.2023.105010",NA,"en"
"10.1080/00207146508412939",NA,"en"
"10.1037/0012-1649.37.6.739",NA,"en"
"10.1037/0021-9010.82.1.44",NA,"en"
"10.1027/0227-5910.16.1.39",NA,"en"
"10.1016/j.jbusvent.2007.11.001",NA,"en"
"10.1093/restud/rdac011",NA,"en"
"10.1093/restud/rdab043",NA,"en"
"10.1093/qje/qjac001",NA,"en"
"10.1093/qje/qjab042",NA,"en"
"10.1093/qje/qjac035",NA,"en"
"10.1093/qje/qjac039",NA,"en"
"10.1093/qje/qjab036",NA,"en"
"10.1038/s41562-023-01636-3",NA,"en"
"10.1038/s41562-023-01712-8",NA,"en"
"10.1086/717042",NA,"en"
"10.1093/ej/uead061",NA,"en"
"10.1017/s0003055423000308",NA,"en"
"10.1017/s0003055421000940",NA,"en"
"10.1111/ajps.12833",NA,"en"
"10.1111/ajps.12583",NA,"en"
"10.1257/aer.20190433",NA,"en"
"10.1257/aer.20190565",NA,"en"
"10.1257/aer.103.4.1507",NA,"en"
"10.1257/pol.20180594",NA,"en"
"10.1257/pol.20200559",NA,"en"
"10.1257/pol.20210129",NA,"en"
"10.1177/09567976231222288",NA,"en"
"10.1257/app.20210571",NA,"en"
"10.52825/gjae.v74i.2635",NA,"en"
"10.52825/gjae.v75i.3085",NA,"en"
"10.1080/00207149008414504",NA,"en"
"10.1111/j.1467-7687.2004.00322.x",NA,"en"
"10.1037/0021-9010.90.6.1204",NA,"en"
"10.1027/0227-5910.25.2.65",NA,"en"
"10.1111/jpr.70034",NA,"en"
"10.31979/etd.eh36-m2wx",NA,NA
"10.5465/ambpp.2018.15544abstract",NA,"en"
"10.5951/jresematheduc.29.5.0503",NA,"en"
"10.1016/j.neuropsychologia.2021.107965",NA,"en"
"10.1086/719277",NA,"en"
"10.1016/j.jmathb.2026.101352",NA,"en"
"10.52294/001c.165402",NA,"en"
"10.1086/714924",NA,"en"
"10.1016/j.foodpol.2022.102359",NA,"en"
"10.1093/qopen/qoag020",NA,"en"
"10.1016/j.jmathb.2023.101087",NA,"en"
"10.1007/s10649-026-10535-z",NA,"en"
"10.1093/qje/qjac037",NA,"en"
"10.1038/s41562-023-01538-4",NA,"en"
"10.1086/717453",NA,"en"
"10.1093/ej/ueab076",NA,"en"
"10.1017/s0003055422000107",NA,"en"
"10.1111/ajps.12624",NA,"en"
"10.1111/ajps.12739",NA,"en"
"10.1257/aer.20191927",NA,"en"
"10.1257/aer.20161385",NA,"en"
"10.1257/pol.20210812",NA,"en"
"10.1177/09567976241231506",NA,"en"
"10.1093/ej/ueae060",NA,"en"
"10.1257/app.20170223",NA,"en"
"10.1257/aer.20131377",NA,"en"
"10.3982/ecta14176",NA,"en"
"10.1162/rest.90.4.777",NA,"en"
"10.1016/s0304-3932(99)00026-4",NA,"en"
"10.1257/aer.99.3.827",NA,"en"
"10.1162/qjec.2009.124.2.531",NA,"en"
"10.1002/jae.615",NA,"en"
"10.1257/aer.103.4.1212",NA,"en"
"10.1002/jae.2503",NA,"en"
"10.1162/rest_a_00272",NA,"en"
"10.2307/2109768",NA,"en"
"10.1093/qje/qjw025",NA,"en"
"10.1016/s0140-6736(07)60312-2",NA,"en"
"10.1016/j.jpubeco.2010.06.002",NA,"en"
"10.1016/j.ecosys.2015.04.004",NA,"en"
"10.1016/s0140-6736(12)60730-2",NA,"en"
"10.1257/aer.102.1.428",NA,"en"
"10.1257/mac.3.3.92",NA,"en"
"10.1002/jae.2312",NA,"en"
"10.1162/qjec.2009.124.2.469",NA,"fr"
"10.1162/rest.89.1.183",NA,"en"
"10.1257/pol.2.1.131",NA,"en"
"10.1257/aer.20121546",NA,"en"
"10.1257/aer.102.5.1927",NA,"en"
"10.1177/000312240907400203",NA,"en"
"10.1257/aer.103.1.277",NA,"en"
"10.1257/aer.102.2.1029",NA,"en"
"10.1086/527495",NA,"en"
"10.3386/w18992",NA,"en"
"10.1257/aer.98.4.1591",NA,"en"
"10.1257/aer.104.6.1630",NA,"en"
"10.2139/ssrn.1756581",NA,"en"
"10.2139/ssrn.1908409",NA,"en"
"10.2202/1558-3708.1832",NA,"en"
"10.1016/s2214-109x(14)70025-7",NA,"en"
"10.1016/j.ejpoleco.2003.10.001",NA,"en"
"10.1086/605565",NA,"en"
"10.2308/accr.2009.84.1.183",NA,"en"
"10.1111/j.1468-0297.2011.02482.x",NA,"en"
"10.1257/aer.97.5.1939",NA,"en"
"10.1257/aer.101.6.2530",NA,"en"
"10.1257/aer.101.4.1514",NA,"en"
"10.1257/aer.98.1.519",NA,"en"
"10.1257/0002828042002651",NA,"en"
"10.1257/aer.98.1.439",NA,"en"
"10.1257/aer.96.4.1013",NA,"en"
"10.1257/aer.91.5.1369",NA,"en"
"10.3982/ecta6224",NA,"en"
"10.1162/0033553053970214",NA,"en"
"10.3386/w9682",NA,"en"
"10.1257/mac.2.4.222",NA,"en"
"10.1073/pnas.1002632107",NA,"en"
"10.1257/000282803322655554",NA,"en"
"10.1257/aer.98.3.938",NA,"en"
"10.2202/1553-3832.1170",NA,"en"
"10.2307/1923892",NA,"en"
"10.1002/jae.1020",NA,"en"
"10.1162/0034653041811770",NA,"en"
"10.1111/j.1538-4616.2008.00172.x",NA,"en"
"10.1162/qjec.2010.125.2.591",NA,"en"
"10.2139/ssrn.1332768",NA,"en"
"10.1257/00028280260344597",NA,"en"
"10.1162/154247603770383415",NA,"en"
"10.1198/016214501753168235",NA,"en"
"10.1002/(sici)1099-1255(199901/02)14:1<57::aid-jae501>3.0.co;2-g",NA,"en"
"10.1002/jae.929",NA,"en"
"10.1016/j.red.2005.03.004",NA,"en"
"10.17016/ifdp.1995.498",NA,"en"
"10.1257/0002828043052303",NA,"en"
"10.1080/1350485032000126712",NA,"en"
"10.1002/(sici)1099-1255(199707)12:4<435::aid-jae430>3.0.co;2-1",NA,"en"
"10.1257/0002828053828699",NA,"en"
"10.3386/w8004",NA,"en"
"10.1002/(sici)1099-1255(199803/04)13:2<185::aid-jae478>3.0.co;2-1",NA,"en"
"10.1002/(sici)1099-1255(200001/02)15:1<59::aid-jae544>3.0.co;2-1",NA,"en"
"10.2307/2109893",NA,"en"
"10.1257/000282802760015757",NA,"en"
"10.1002/jae.659",NA,"en"
"10.1596/1813-9450-1690",NA,"en"
"10.1086/260646",NA,"en"
"10.1002/jae.644",NA,"en"
"10.2307/1913712",NA,"en"
"10.1257/aer.90.4.847",NA,"en"
"10.1086/467988",NA,"en"
"10.2307/1911060",NA,"en"
"10.2307/1885668",NA,"en"
"10.2307/1925043",NA,"en"
"10.2307/1923917",NA,"en"
"10.1162/rest_a_00412",NA,"en"
"10.1257/aer.102.7.3357",NA,"en"
"10.1257/jep.26.3.69",NA,"en"
"10.1093/cje/bet075",NA,"en"
"10.3386/w5398",NA,"en"
"10.1002/hec.922",NA,"en"
"10.1257/aer.20161923",NA,"en"
"10.3982/ecta7767",NA,"en"
"10.1111/jofi.12868",NA,"en"
"10.1086/323281",NA,"en"
"10.1097/qad.0b013e32833e77c9",NA,"en"
"10.1086/374184",NA,"en"
"10.1016/j.jdeveco.2013.11.009",NA,"en"
"10.1257/pol.1.1.75",NA,"en"
"10.1111/j.1467-8276.2009.01319.x",NA,"en"
"10.1016/s0140-6736(10)60744-1",NA,"en"
"10.1080/00220381003599436",NA,"en"
"10.1056/nejmoa1013607",NA,"en"
"10.1002/jae.1080",NA,"en"
"10.1111/ecoj.12235",NA,"en"
"10.1257/aer.102.1.202",NA,"en"
"10.1080/07350015.2012.741549",NA,"en"
"10.1111/j.1468-0262.2004.00481.x",NA,"en"
"10.1257/aer.100.5.2340",NA,"en"
"10.1257/aer.103.4.1109",NA,"en"
"10.1016/j.jfineco.2005.09.009",NA,"en"
"10.1111/j.1540-6261.2008.01433.x",NA,"en"
"10.3386/w9741",NA,"en"
"10.1111/0022-1082.00115",NA,"en"
"10.1086/260061",NA,"en"
"10.1002/jae.3950050408",NA,"en"
"10.1086/250102",NA,"en"
"10.2307/145493",NA,"en"
"10.1162/rest_a_00949",NA,"en"
"10.1093/restud/rdaa074",NA,"en"
"10.1257/pol.20170144",NA,"en"
"10.1162/rest_a_00754",NA,"en"
"10.1093/qje/qjt005",NA,"en"
"10.1257/aer.20210369",NA,"en"
"10.1016/j.jeconom.2009.10.008",NA,"en"
"10.1093/ej/ueab089",NA,"en"
"10.1257/mac.20170367",NA,"en"
"10.18651/rwp2018-04",NA,"en"
"10.1111/ecoj.12493",NA,"en"
"10.1257/aer.20190687",NA,"en"
"10.1016/j.jfineco.2014.11.008",NA,"en"
"10.2139/ssrn.2846322",NA,"en"
"10.1016/j.htct.2020.10.165",NA,"pt"
"10.1093/restud/rdv039",NA,"en"
"10.1111/j.1467-9477.2007.00176.x",NA,"en"
"10.1596/1813-9450-5159",NA,"en"
"10.1111/j.1468-0297.2007.02027.x",NA,"en"
"10.1596/1813-9450-2108",NA,"en"
"10.1007/s10683-011-9283-7",NA,"en"
"10.1111/j.1468-0297.2008.02208.x",NA,"en"
"10.1086/250037",NA,"en"
"10.1515/jbnst-2013-0402",NA,"en"
"10.1111/obes.12084",NA,"en"
"10.1093/acprof:oso/9780199562091.003.0013",NA,"en"
"10.1257/app.20200118",NA,"en"
"10.1257/aer.20200679",NA,"en"
"10.1002/jae.2850",NA,"en"
"10.1007/s00181-019-01708-2",NA,"en"
"10.1007/s00181-019-01778-2",NA,"en"
"10.1002/jae.2814",NA,"en"
"10.1002/jae.2851",NA,"en"
"10.1002/jae.2760",NA,"en"
"10.1257/aer.20162011",NA,"en"
"10.1002/jae.2695",NA,"en"
"10.1002/jae.2662",NA,"en"
"10.1002/jae.2648",NA,"en"
"10.1080/19439342.2019.1666900",NA,"en"
"10.1080/00220388.2018.1506580",NA,"en"
"10.1080/00220388.2018.1506576",NA,"en"
"10.1111/joes.12352",NA,"en"
"10.1371/journal.pone.0206677",NA,"en"
"10.1257/aer.20170413",NA,"en"
"10.5018/economics-ejournal.ja.2018-3",NA,"en"
"10.1002/jae.2651",NA,"en"
"10.1002/jae.2622",NA,"en"
"10.1002/jae.2591",NA,"en"
"10.1177/1091142117690437",NA,"en"
"10.1257/aer.20150891",NA,"en"
"10.1257/aer.20150988",NA,"en"
"10.1177/0003122417714422",NA,"en"
"10.1007/s00181-016-1118-0",NA,"en"
"10.1002/jae.2554",NA,"en"
"10.1002/jae.2540",NA,"en"
"10.1002/jae.2526",NA,"en"
"10.1002/jae.2563",NA,"en"
"10.1002/jae.2558",NA,"en"
"10.1111/sjoe.12209",NA,"en"
"10.1002/jae.2432",NA,"en"
"10.1002/jae.2434",NA,"en"
"10.1016/s2214-109x(16)30250-9",NA,"en"
"10.1177/1091142114568659",NA,"en"
"10.1177/1091142115605380",NA,"en"
"10.1177/1091142115580130",NA,"en"
"10.1177/1091142114537895",NA,"en"
"10.1257/aer.104.4.1446",NA,"en"
"10.1257/aer.104.12.4231",NA,"en"
"10.1257/aer.104.1.323",NA,"en"
"10.1257/aer.104.3.1072",NA,"en"
"10.3386/w17034",NA,"en"
"10.1257/aer.102.7.3774",NA,"en"
"10.1257/aer.102.4.1751",NA,"en"
"10.1257/aer.102.6.3059",NA,"en"
"10.1002/jae.1277",NA,"en"
"10.1002/jae.1262",NA,"en"
"10.1002/jae.1245",NA,"en"
"10.1002/jae.2265",NA,"en"
"10.1073/pnas.1202049109",NA,"en"
"10.1257/aer.101.4.1629",NA,"en"
"10.1257/aer.101.2.1029",NA,"en"
"10.1080/00036841003670804",NA,"en"
"10.1080/09603107.2011.564130",NA,"en"
"10.1002/jae.1180",NA,"en"
"10.1002/jae.1264",NA,"en"
"10.1111/j.1538-4616.2011.00406.x",NA,"en"
"10.1093/qje/qjr042",NA,"en"
"10.1162/rest_a_00173",NA,"en"
"10.1257/aer.100.3.1280",NA,"en"
"10.3982/ecta7970",NA,"en"
"10.1002/jae.1131",NA,"en"
"10.1002/jae.1200",NA,"en"
"10.1002/jae.1191",NA,"en"
"10.1002/jae.1186",NA,"en"
"10.1016/j.red.2009.08.002",NA,"en"
"10.1257/mac.1.1.219",NA,"en"
"10.1257/aer.99.4.1672",NA,"en"
"10.1080/00036840802112471",NA,"en"
"10.1002/jae.1098",NA,"en"
"10.1162/rest.91.1.112",NA,"en"
"10.1162/qjec.2008.123.1.407",NA,"en"
"10.1002/jae.876",NA,"en"
"10.1002/jae.895",NA,"en"
"10.1002/jae.861",NA,"en"
"10.1257/000282805775014353",NA,"en"
"10.1017/s0003055405051658",NA,"en"
"10.1002/jae.856",NA,"en"
"10.1080/0269217032000148645",NA,"en"
"10.1002/jae.777",NA,"en"
"10.1002/jae.702",NA,"en"
"10.1002/jae.699",NA,"en"
"10.1198/073500102753410372",NA,"en"
"10.1080/713601081",NA,"en"
"10.1086/323313",NA,"en"
"10.2307/1885722",NA,"en"
"10.2307/1924234",NA,"en"
"10.2307/1924292",NA,"en"
"10.1002/jae.2667",NA,"en"
"10.1007/s10683-016-9506-z",NA,"en"
"10.4337/ejeep.2015.01.03",NA,"en"
"10.1093/jeg/lbu005",NA,"en"
"10.1080/00220388.2013.807501",NA,"en"
"10.1002/hec.1415",NA,"en"
"10.1002/jae.3005",NA,"en"
"10.1080/17421772.2022.2123111",NA,"en"
"10.1111/jofi.13063",NA,"en"
"10.1002/jae.2782",NA,"en"
"10.1371/journal.pone.0226237",NA,"en"
"10.1561/104.00000076",NA,"en"
"10.1080/19439342.2019.1666901",NA,"en"
"10.1080/00220388.2018.1506579",NA,"en"
"10.1080/00220388.2018.1506574",NA,"en"
"10.1080/00220388.2018.1506578",NA,"en"
"10.1108/jed-06-2019-0002",NA,"en"
"10.1371/journal.pone.0210327",NA,"en"
"10.1002/jae.2544",NA,"en"
"10.1002/jae.2572",NA,"en"
"10.1002/jae.2446",NA,"en"
"10.1002/jae.2493",NA,"en"
"10.1093/ije/dyv127",NA,"en"
"10.1257/aer.103.6.2633",NA,"en"
"10.1257/aer.103.5.2021",NA,"en"
"10.1257/aer.103.5.2003",NA,"en"
"10.1016/j.jfineco.2013.08.003",NA,"en"
"10.1111/j.1540-6261.2012.01744.x",NA,"en"
"10.3233/jem-2011-0347",NA,"en"
"10.1002/jae.1078",NA,"en"
"10.1093/rfs/hhp067",NA,"en"
"10.3233/jem-2007-0268",NA,"en"
"10.1002/jae.708",NA,"en"
"10.2307/146330",NA,"en"
"10.2307/145240",NA,"en"
"10.1002/jae.3117",NA,"en"
"10.1111/ecin.13242",NA,"en"
"10.1515/econ-2022-0109",NA,"en"
"10.1002/jae.3073",NA,"en"
"10.1002/jae.3083",NA,"en"
"10.1257/aer.20221432",NA,"en"
"10.1002/aepp.13282",NA,"en"
"10.1111/caje.12693",NA,"en"
"10.1111/ecin.13185",NA,"en"
"10.1515/econ-2022-0036",NA,"en"
"10.1002/jae.3021",NA,"en"
"10.1086/725235",NA,"en"
"10.1257/aer.20210121",NA,"en"
"10.1561/104.00000120",NA,"en"
"10.1177/10911421221101690",NA,"en"
"10.1007/s13209-022-00260-0",NA,"en"
"10.1093/restud/rdab037",NA,"en"
"10.1086/683144",NA,"en"
"10.1007/s00181-014-0902-y",NA,"en"
"10.1002/jae.2424",NA,"en"
"10.1002/jae.2392",NA,"en"
"10.1080/01419870.2012.762106",NA,"en"
"10.1007/s10683-013-9375-7",NA,"en"
"10.1002/jae.2366",NA,"en"
"10.1002/jae.2365",NA,"en"
"10.2139/ssrn.2231535",NA,"en"
"10.1515/jbnst-2014-0504",NA,"en"
"10.1007/s00181-019-01663-y",NA,"en"
"10.3386/w15553",NA,"en"
"10.3233/jem-2006-0262",NA,"en"
"10.1111/j.1465-7295.1998.tb01693.x",NA,"en"
"10.1086/260511",NA,"en"
"10.1086/719757",NA,"en"
"10.1016/j.addbeh.2012.12.022",NA,"en"
"10.1016/j.jpeds.2017.10.028",NA,"en"
"10.17605/osf.io/7yfkc",NA,"en"
"10.1080/10826084.2016.1267222",NA,"en"
"10.1007/s11126-020-09742-5",NA,"en"
"10.1111/j.1467-9280.2009.02306.x",NA,"en"
"10.1016/j.jesp.2026.104988",NA,"en"
"10.1016/s0166-4328(89)80088-9",NA,"en"
"10.64898/2026.09.02.748865",NA,NA
