"doi","is_oa","oa_url"
"10.1002/(sici)1099-0771(199806)11:2%3c107::aid-bdm292%3e3.0.co;2-y",FALSE,NA
"10.1002/(sici)1099-0771(200001/03)13:1<1::aid-bdm333>3.0.co;2-s",FALSE,NA
"10.1002/(sici)1099-0771(199806)11:2<107::aid-bdm292>3.0.co;2-y",FALSE,NA
"10.1002/acp.1376",FALSE,NA
"10.1002/acp.2874",FALSE,NA
"10.1002/ajmg.b.31028",TRUE,"https://www.ncbi.nlm.nih.gov/pmc/articles/2909112"
"10.1002/bdm.492",FALSE,NA
"10.1002/bdm.586",FALSE,NA
"10.1002/ejsp.2013",FALSE,NA
"10.1002/ejsp.2420170402",FALSE,NA
"10.1002/ejsp.446",FALSE,NA
"10.1002/jcpy.1028",FALSE,NA
"10.1002/jeab.432",TRUE,"https://www.ncbi.nlm.nih.gov/pmc/articles/6455921"
"10.1002/jeab.705",FALSE,NA
"10.1002/pam.21702",FALSE,NA
"10.1002/smj.2585",FALSE,NA
"10.1002/soej.12223",TRUE,"https://durham-repository.worktribe.com/output/1358840"
"10.1006/cogp.1998.0708",FALSE,NA
"10.1006/jesp.1996.1314",FALSE,NA
"10.1007/s00221-012-3266-6",FALSE,NA
"10.1007/s10071-012-0510-1",FALSE,NA
"10.1007/s10802-020-00712-w",TRUE,"https://www.ncbi.nlm.nih.gov/pmc/articles/7839316"
"10.1007/s10803-008-0664-5",FALSE,NA
"10.1007/s10803-013-1829-4",FALSE,NA
"10.1007/s10899-016-9662-2",TRUE,"https://link.springer.com/content/pdf/10.1007%2Fs10899-016-9662-2.pdf"
"10.1007/s11002-005-0457-y",FALSE,NA
"10.1007/s11002-014-9295-0",FALSE,NA
"10.1007/s11098-009-9439-x",FALSE,NA
"10.1007/s11098-010-9651-8",TRUE,"https://link.springer.com/content/pdf/10.1007/s11098-010-9651-8.pdf"
"10.1007/s11145-010-9282-7",TRUE,"https://link.springer.com/content/pdf/10.1007/s11145-010-9282-7.pdf"
"10.1007/s11150-021-09593-4",FALSE,NA
"10.1007/s11199-011-0036-z",FALSE,NA
"10.1007/s11858-016-0819-3",FALSE,NA
"10.1007/s12152-008-9015-7",FALSE,NA
"10.1007/s13164-013-0154-3",FALSE,NA
"10.1007/s13164-013-0162-3",FALSE,NA
"10.1007/s40732-020-00453-8",FALSE,NA
"10.1016/0001-6918(81)90005-6",FALSE,NA
"10.1016/0010-0285(73)90033-9",FALSE,NA
"10.1016/0010-0285(83)90002-6",TRUE,"https://www.sciencedirect.com/science/article/pii/0010028583900026"
"10.1016/0022-1031(77)90049-x",FALSE,NA
"10.1016/0022-1031(91)90011-t",TRUE,"https://doi.org/10.1016/0022-1031(91)90011-t"
"10.1016/0030-5073(76)90005-2",FALSE,NA
"10.1016/0920-9964(93)90019-f",FALSE,NA
"10.1016/s0272-6963(97)00033-8",FALSE,NA
"10.1016/s0749-5978(02)00013-4",FALSE,NA
"10.1016/s2215-0366(21)00241-8",FALSE,NA
"10.1016/j.actpsy.2019.04.006",TRUE,"https://www.sciencedirect.com/science/article/pii/S0001691818305316"
"10.1016/j.appet.2011.12.023",FALSE,NA
"10.1016/j.appet.2016.07.009",FALSE,NA
"10.1016/j.appet.2020.104808",FALSE,NA
"10.1016/j.biopsycho.2018.08.007",FALSE,NA
"10.1016/j.brat.2015.01.001",TRUE,"https://espace.curtin.edu.au/bitstream/20.500.11937/20159/2/230909_230909.pdf"
"10.1016/j.cogdev.2010.09.001",FALSE,NA
"10.1016/j.cognition.2003.10.003",FALSE,NA
"10.1016/j.cognition.2007.09.006",FALSE,NA
"10.1016/j.cognition.2007.11.004",TRUE,"http://doi.org/10.1016/j.cognition.2007.11.004"
"10.1016/j.cognition.2009.02.001",TRUE,"http://nrs.harvard.edu/urn-3:HUL.InstRepos:4264763"
"10.1016/j.cognition.2009.10.008",FALSE,NA
"10.1016/j.cognition.2010.12.009",FALSE,NA
"10.1016/j.cognition.2011.04.005",FALSE,NA
"10.1016/j.cognition.2013.02.008",FALSE,NA
"10.1016/j.cognition.2013.12.005",FALSE,NA
"10.1016/j.cognition.2014.08.006",FALSE,NA
"10.1016/j.cognition.2014.09.006",FALSE,NA
"10.1016/j.cognition.2015.01.013",FALSE,NA
"10.1016/j.cognition.2016.06.011",FALSE,NA
"10.1016/j.cognition.2017.06.025",FALSE,NA
"10.1016/j.concog.2008.11.006",FALSE,NA
"10.1016/j.cortex.2014.02.013",FALSE,NA
"10.1016/j.cub.2004.01.029",TRUE,"http://hdl.handle.net/2158/202581"
"10.1016/j.devbrainres.2005.06.014",FALSE,NA
"10.1016/j.drugalcdep.2016.10.014",TRUE,"https://www.ncbi.nlm.nih.gov/pmc/articles/5140845"
"10.1016/j.drugalcdep.2021.108610",TRUE,"https://www.ncbi.nlm.nih.gov/pmc/articles/8026624"
"10.1016/j.econedurev.2005.05.008",FALSE,NA
"10.1016/j.ecresq.2019.10.004",TRUE,"https://doi.org/10.5167/uzh-178978"
"10.1016/j.euroecorev.2004.01.004",FALSE,NA
"10.1016/j.ijinfomgt.2018.03.001",FALSE,NA
"10.1016/j.ijresmar.2012.03.002",FALSE,NA
"10.1016/j.jarmac.2021.08.001",TRUE,"https://ruj.uj.edu.pl/handle/item/445040"
"10.1016/j.jcps.2010.06.007",FALSE,NA
"10.1016/j.jenvp.2022.101868",FALSE,NA
"10.1016/j.jesp.2004.07.001",FALSE,NA
"10.1016/j.jesp.2005.05.001",FALSE,NA
"10.1016/j.jesp.2008.03.012",TRUE,"http://doi.org/10.1016/j.jesp.2008.03.012"
"10.1016/j.jesp.2009.05.003",FALSE,NA
"10.1016/j.jesp.2009.06.003",TRUE,"https://durham-repository.worktribe.com/output/1344483"
"10.1016/j.jesp.2010.05.014",TRUE,"https://durham-repository.worktribe.com/output/1351230"
"10.1016/j.jesp.2011.11.012",FALSE,NA
"10.1016/j.jesp.2012.11.012",FALSE,NA
"10.1016/j.jesp.2017.02.005",FALSE,NA
"10.1016/j.jesp.2018.05.006",FALSE,NA
"10.1016/j.jesp.2020.104019",TRUE,"https://www.sciencedirect.com/science/article/pii/S0022103120303590"
"10.1016/j.jesp.2020.104080",FALSE,NA
"10.1016/j.jml.2006.02.004",FALSE,NA
"10.1016/j.jml.2010.11.002",TRUE,"https://www.ncbi.nlm.nih.gov/pmc/articles/3079256"
"10.1016/j.jsams.2017.06.007",TRUE,"http://hdl.handle.net/10197/9355"
"10.1016/j.jsp.2021.09.004",FALSE,NA
"10.1016/j.learninstruc.2014.08.004",FALSE,NA
"10.1016/j.learninstruc.2018.04.006",TRUE,"https://digibug.ugr.es/bitstream/10481/97410/1/03_2018_P%c3%a9rezPotockiStadlerMacedo-RouetPaulSalmeronRouet_Digibug.pdf"
"10.1016/j.learninstruc.2018.05.004",TRUE,"https://doi.org/10.1016/j.learninstruc.2018.05.004"
"10.1016/j.neuroimage.2006.11.048",TRUE,"http://doi.org/10.1016/j.neuroimage.2006.11.048"
"10.1016/j.neuron.2006.03.036",TRUE,"http://www.cell.com/article/S0896627306002625/pdf"
"10.1016/j.neuropsychologia.2009.05.011",FALSE,NA
"10.1016/j.nlm.2017.09.009",TRUE,"https://www.sciencedirect.com/science/article/pii/S1074742717301545"
"10.1016/j.obhdp.2004.12.002",FALSE,NA
"10.1016/j.obhdp.2006.01.005",FALSE,NA
"10.1016/j.obhdp.2006.10.001",TRUE,"http://hdl.handle.net/1765/9727"
"10.1016/j.obhdp.2010.10.001",FALSE,NA
"10.1016/j.obhdp.2018.10.004",FALSE,NA
"10.1016/j.paid.2009.11.002",FALSE,NA
"10.1016/j.paid.2012.04.036",TRUE,"https://hull-repository.worktribe.com/output/417642"
"10.1016/j.paid.2014.11.040",FALSE,NA
"10.1016/j.paid.2021.111472",FALSE,NA
"10.1016/j.poetic.2015.07.001",FALSE,NA
"10.1016/j.psychres.2017.09.048",FALSE,NA
"10.1016/j.psychsport.2021.102099",TRUE,"https://birmingham.elsevierpure.com/en/publications/ab817790-b1eb-41ab-8f8e-c4984d244580"
"10.1016/j.tourman.2016.01.013",FALSE,NA
"10.1016/j.visres.2005.11.013",FALSE,NA
"10.1016/s0010-0277(03)00064-7",FALSE,NA
"10.1016/s0010-0277(99)00073-6",FALSE,NA
"10.1016/s0022-1031(03)00065-9",FALSE,NA
"10.1017/s0007123421000557",FALSE,NA
"10.1017/s1366728914000273",TRUE,"https://www.cambridge.org/core/services/aop-cambridge-core/content/view/5886FD02EE32C1FBD1374AF2F0808011/S1366728914000273a.pdf/div-class-title-flexibility-in-task-switching-by-monolinguals-and-bilinguals-a-href-afn1-ref-type-fn-a-div.pdf"
"10.1017/s1930297500005064",TRUE,"https://www.cambridge.org/core/services/aop-cambridge-core/content/view/775A8F09AAC2E75749FBA034B4992CBA/S1930297500005064a.pdf/div-class-title-regret-salience-and-accountability-in-the-decoy-effect-div.pdf"
"10.1017/bec.2013.16",FALSE,NA
"10.1017/epi.2013.23",TRUE,"https://www.cambridge.org/core/services/aop-cambridge-core/content/view/7A313CEBB18468875372DB034179B606/S1742360013000233a.pdf/div-class-title-gettierized-knobe-effects-div.pdf"
"10.1017/s1930297500001170",TRUE,"https://www.cambridge.org/core/services/aop-cambridge-core/content/view/95DA11F5AE78BA5924DA185EEAD075A3/S1930297500001170a.pdf/div-class-title-the-retrospective-gambler-s-fallacy-unlikely-events-constructing-the-past-and-multiple-universes-div.pdf"
"10.1017/xps.2017.21",FALSE,NA
"10.1023/a:1007744326393",FALSE,NA
"10.1023/a:1008184423824",FALSE,NA
"10.1023/a:1015044207315",TRUE,"https://autopapers.ssrn.com/sol3/papers.cfm?abstract_id=1324778"
"10.1023/a:1019923923537",FALSE,NA
"10.1027/1864-9335/a000147",FALSE,NA
"10.1037/0003-066x.54.6.408",FALSE,NA
"10.1037/0021-843x.108.3.511",FALSE,NA
"10.1037/0021-843x.115.4.798",FALSE,NA
"10.1037/0021-9010.77.4.419",FALSE,NA
"10.1037/0022-3514.45.4.782",FALSE,NA
"10.1037/0022-3514.45.4.805",FALSE,NA
"10.1037/0022-3514.46.4.778",FALSE,NA
"10.1037/0022-3514.49.6.1621",FALSE,NA
"10.1037/0022-3514.50.3.502",FALSE,NA
"10.1037/0022-3514.54.4.569",FALSE,NA
"10.1037/0022-3514.67.3.357",FALSE,NA
"10.1037/0022-3514.67.4.627",FALSE,NA
"10.1037/0022-3514.68.5.793",FALSE,NA
"10.1037/0022-3514.71.2.230",FALSE,NA
"10.1037/0022-3514.73.4.733",FALSE,NA
"10.1037/0022-3514.74.1.53",FALSE,NA
"10.1037/0022-3514.74.3.774",FALSE,NA
"10.1037/0022-3514.76.6.893",FALSE,NA
"10.1037/0022-3514.77.2.221",FALSE,NA
"10.1037/0022-3514.77.4.785",FALSE,NA
"10.1037/0022-3514.82.5.792",FALSE,NA
"10.1037/0022-3514.83.1.138",FALSE,NA
"10.1037/0022-3514.83.1.44",FALSE,NA
"10.1037/0022-3514.83.5.1239",FALSE,NA
"10.1037/0022-3514.86.5.680",TRUE,"https://autopapers.ssrn.com/sol3/papers.cfm?abstract_id=929932"
"10.1037/0022-3514.89.3.277",FALSE,NA
"10.1037/0022-3514.90.2.197",FALSE,NA
"10.1037/0022-3514.90.4.543",FALSE,NA
"10.1037/0022-3514.94.1.1",FALSE,NA
"10.1037/0022-3514.94.1.116",FALSE,NA
"10.1037/0022-3514.94.1.158",TRUE,"http://doi.org/10.1037/0022-3514.94.1.158"
"10.1037/0022-3514.94.1.16",FALSE,NA
"10.1037/0022-3514.94.1.48",FALSE,NA
"10.1037/0022-3514.94.1.91",FALSE,NA
"10.1037/0022-3514.94.2.183",FALSE,NA
"10.1037/0022-3514.94.2.245",FALSE,NA
"10.1037/0022-3514.94.2.94.2.196",FALSE,NA
"10.1037/0022-3514.94.2.94.2.231",FALSE,NA
"10.1037/0022-3514.94.3.382",FALSE,NA
"10.1037/0022-3514.94.3.396",FALSE,NA
"10.1037/0022-3514.94.3.429",FALSE,NA
"10.1037/0022-3514.94.3.495",FALSE,NA
"10.1037/0022-3514.94.3.516",FALSE,NA
"10.1037/0022-3514.94.3.545",FALSE,NA
"10.1037/0022-3514.94.4.560",TRUE,"http://doi.org/10.1037/0022-3514.94.4.560"
"10.1037/0022-3514.94.4.579",FALSE,NA
"10.1037/0022-3514.94.4.600",TRUE,"https://dare.uva.nl/personal/pure/en/publications/a-social-functional-approach-to-emotions-in-bargaining-when-communicating-anger-pays-and-when-it-backfires(cb9af110-8341-4b5e-94dd-2f464eee3aa6).html"
"10.1037/0022-3514.94.4.615",FALSE,NA
"10.1037/0022-3514.94.4.647",FALSE,NA
"10.1037/0022-3514.94.4.672",FALSE,NA
"10.1037/0022-3514.94.4.696",FALSE,NA
"10.1037/0022-3514.94.4.718",FALSE,NA
"10.1037/0022-3514.94.5.871",FALSE,NA
"10.1037/0022-3514.95.1.76",FALSE,NA
"10.1037/0022-3514.95.2.274",FALSE,NA
"10.1037/0022-3514.95.2.293",FALSE,NA
"10.1037/0022-3514.95.2.420",FALSE,NA
"10.1037/0033-295x.93.2.136",FALSE,NA
"10.1037/0096-1523.3.4.544",FALSE,NA
"10.1037/0096-3445.133.1.23",TRUE,"https://papers.ssrn.com/sol3/papers.cfm?abstract_id=929935"
"10.1037/0096-3445.135.4.641",FALSE,NA
"10.1037/0096-3445.136.2.241",FALSE,NA
"10.1037/0096-3445.136.2.289",FALSE,NA
"10.1037/0096-3445.136.4.569",FALSE,NA
"10.1037/0278-6133.3.5.431",FALSE,NA
"10.1037/0278-7393.34.1.128",FALSE,NA
"10.1037/0278-7393.34.1.146",FALSE,NA
"10.1037/0278-7393.34.1.167",FALSE,NA
"10.1037/0278-7393.34.1.186",FALSE,NA
"10.1037/0278-7393.34.1.204",FALSE,NA
"10.1037/0278-7393.34.1.219",FALSE,NA
"10.1037/0278-7393.34.1.230",FALSE,NA
"10.1037/0278-7393.34.1.237",FALSE,NA
"10.1037/0278-7393.34.1.243",FALSE,NA
"10.1037/0278-7393.34.1.249",TRUE,"http://doi.org/10.1037/0278-7393.34.1.249"
"10.1037/0278-7393.34.1.50",FALSE,NA
"10.1037/0278-7393.34.1.65",TRUE,"http://doi.org/10.1037/0278-7393.34.1.65"
"10.1037/0278-7393.34.1.80",FALSE,NA
"10.1037/0278-7393.34.1.97",TRUE,"http://hdl.handle.net/10026.1/3213"
"10.1037/0278-7393.34.2.302",FALSE,NA
"10.1037/0278-7393.34.2.343",FALSE,NA
"10.1037/0278-7393.34.2.353",FALSE,NA
"10.1037/0278-7393.34.2.369",FALSE,NA
"10.1037/0278-7393.34.2.399",FALSE,NA
"10.1037/0278-7393.34.2.408",TRUE,"http://libres.uncg.edu/ir/uncg/f/P_Delaney_Intentional_2008(MULTI UNCG AUTHORS).pdf"
"10.1037/0278-7393.34.2.430",FALSE,NA
"10.1037/0278-7393.34.3.439",FALSE,NA
"10.1037/0278-7393.34.3.460",FALSE,NA
"10.1037/0278-7393.34.3.478",FALSE,NA
"10.1037/0278-7393.34.3.495",FALSE,NA
"10.1037/0278-7393.34.3.514",TRUE,"https://biblio.ugent.be/publication/3108480/file/3108484.pdf"
"10.1037/0278-7393.34.3.524",FALSE,NA
"10.1037/0278-7393.34.3.546",FALSE,NA
"10.1037/a0012833",TRUE,"https://www.ncbi.nlm.nih.gov/pmc/articles/3626413"
"10.1037/a0012840",FALSE,NA
"10.1037/a0013748",FALSE,NA
"10.1037/a0015960",FALSE,NA
"10.1037/a0016795",FALSE,NA
"10.1037/a0019006",FALSE,NA
"10.1037/a0019337",FALSE,NA
"10.1037/a0019689",TRUE,"https://durham-repository.worktribe.com/output/1340318"
"10.1037/a0020092",FALSE,NA
"10.1037/a0020757",FALSE,NA
"10.1037/a0021524",FALSE,NA
"10.1037/a0023527",TRUE,"https://www.ncbi.nlm.nih.gov/pmc/articles/3406601"
"10.1037/a0025345",FALSE,NA
"10.1037/a0025883",FALSE,NA
"10.1037/a0027407",FALSE,NA
"10.1037/a0027598",FALSE,NA
"10.1037/a0028216",FALSE,NA
"10.1037/a0029288",FALSE,NA
"10.1037/a0029395",TRUE,"https://www.escholarship.org/uc/item/6s5812wf.pdf;origin=repeccitec"
"10.1037/a0029649",TRUE,"http://nrs.harvard.edu/urn-3:HUL.InstRepos:10646389"
"10.1037/a0031047",TRUE,"http://nrs.harvard.edu/urn-3:HUL.InstRepos:10578870"
"10.1037/a0032108",FALSE,NA
"10.1037/a0034352",TRUE,NA
"10.1037/a0034462",FALSE,NA
"10.1037/a0035663",FALSE,NA
"10.1037/a0036477",TRUE,"https://madoc.bib.uni-mannheim.de/60565/1/Topolinski_Maschmann_Pecher_Winkielman_2014_JPSP-3.pdf"
"10.1037/a0038647",FALSE,NA
"10.1037/a0039737",TRUE,"http://hdl.handle.net/2078.1/168106"
"10.1037/ebs0000028",FALSE,NA
"10.1037/h0054651",FALSE,NA
"10.1037/h0055756",FALSE,NA
"10.1037/h0076284",FALSE,NA
"10.1037/h0091247",FALSE,NA
"10.1037/h0093929",FALSE,NA
"10.1037/mot0000097",FALSE,NA
"10.1037/pspa0000032",TRUE,"https://lirias.kuleuven.be/handle/123456789/498251"
"10.1037/pspi0000081",FALSE,NA
"10.1037/pspi0000109",FALSE,NA
"10.1037/pst0000133",FALSE,NA
"10.1037/xge0000064",TRUE,"https://doi.org/10.1037/xge0000064"
"10.1037/xge0000263",TRUE,"https://doi.org/10.1037/xge0000263"
"10.1037/xge0000738",TRUE,"https://research.tilburguniversity.edu/en/publications/4c865b1e-33bc-4fef-acc8-a222532561b0"
"10.1037/xge0001195",TRUE,"https://doi.org/10.1037/xge0001195"
"10.1038/nature11467",FALSE,NA
"10.1038/nature12774",FALSE,NA
"10.1038/nature13530",TRUE,"http://hdl.handle.net/10871/33556"
"10.1038/nature15392",FALSE,NA
"10.1038/nclimate2093",FALSE,NA
"10.1038/ng1808",FALSE,NA
"10.1038/nn.3973",TRUE,"http://doi.org/10.1038/nn.3973"
"10.1038/nn1979",FALSE,NA
"10.1038/oby.2005.12",TRUE,"https://onlinelibrary.wiley.com/doi/pdfdirect/10.1038/oby.2005.12"
"10.1038/s41467-018-06785-y",TRUE,"https://www.nature.com/articles/s41467-018-06785-y.pdf"
"10.1038/s41467-021-27323-3",TRUE,"https://www.nature.com/articles/s41467-021-27323-3.pdf"
"10.1038/s41562-018-0399-z",TRUE,"https://pure.eur.nl/en/publications/3ab5eb27-1e23-405b-ad4c-6520fb37b035"
"10.1038/s41586-022-04452-3",FALSE,NA
"10.1038/s41598-017-10669-4",TRUE,"https://www.nature.com/articles/s41598-017-10669-4.pdf"
"10.1038/s41598-018-30314-y",TRUE,"https://www.nature.com/articles/s41598-018-30314-y.pdf"
"10.1038/s41598-018-31129-7",TRUE,"https://www.nature.com/articles/s41598-018-31129-7.pdf"
"10.1038/s41598-019-57204-1",TRUE,"https://www.nature.com/articles/s41598-019-57204-1.pdf"
"10.1038/s41598-022-24919-7",TRUE,"https://www.nature.com/articles/s41598-022-24919-7.pdf"
"10.1057/s41599-019-0279-9",TRUE,"https://www.nature.com/articles/s41599-019-0279-9.pdf"
"10.1073/pnas.0908963106",TRUE,"http://doi.org/10.1073/pnas.0908963106"
"10.1073/pnas.1103343108",FALSE,NA
"10.1073/pnas.1118373109",TRUE,"https://www.pnas.org/content/pnas/109/11/4086.full.pdf"
"10.1073/pnas.1202129109",TRUE,"https://www.pnas.org/content/pnas/109/21/8038.full.pdf"
"10.1073/pnas.1216438110",TRUE,"https://www.pnas.org/content/pnas/110/20/8051.full.pdf"
"10.1073/pnas.1501592112",TRUE,"https://www.pnas.org/content/pnas/112/12/3599.full.pdf"
"10.1073/pnas.1505067112",TRUE,"https://www.pnas.org/content/pnas/112/22/6937.full.pdf"
"10.1073/pnas.1508932113",TRUE,"https://www.pnas.org/content/pnas/113/15/4009.full.pdf"
"10.1073/pnas.1511536112",TRUE,"https://www.pnas.org/content/pnas/112/52/15838.full.pdf"
"10.1073/pnas.1516047113",TRUE,"https://www.pnas.org/content/pnas/113/16/4296.full.pdf"
"10.1073/pnas.1516868113",TRUE,"https://www.pnas.org/content/pnas/113/4/954.full.pdf"
"10.1073/pnas.1517662112",TRUE,"https://www.pnas.org/content/pnas/112/50/15337.full.pdf"
"10.1073/pnas.1519401113",TRUE,"https://www.pnas.org/content/pnas/113/2/310.full.pdf"
"10.1073/pnas.1523586113",TRUE,"https://www.pnas.org/content/pnas/113/22/6166.full.pdf"
"10.1073/pnas.1523698113",TRUE,"https://www.pnas.org/content/pnas/113/19/5221.full.pdf"
"10.1073/pnas.1601280113",TRUE,"https://www.pnas.org/content/pnas/113/31/8658.full.pdf"
"10.1073/pnas.1606574113",TRUE,"https://www.pnas.org/content/pnas/113/40/11168.full.pdf"
"10.1073/pnas.1607330114",TRUE,"https://www.pnas.org/content/pnas/114/1/72.full.pdf"
"10.1073/pnas.1610834113",TRUE,"https://www.pnas.org/content/pnas/113/52/14953.full.pdf"
"10.1073/pnas.1616921114",TRUE,"https://www.pnas.org/content/pnas/114/28/7301.full.pdf"
"10.1073/pnas.1620542114",TRUE,"https://www.pnas.org/content/pnas/114/23/5970.full.pdf"
"10.1073/pnas.1701916114",TRUE,"https://www.pnas.org/content/pnas/114/38/10071.full.pdf"
"10.1073/pnas.1704032114",TRUE,"https://www.pnas.org/content/pnas/114/39/10396.full.pdf"
"10.1073/pnas.1705238114",TRUE,"https://www.pnas.org/content/pnas/114/32/8511.full.pdf"
"10.1073/pnas.1706253114",TRUE,"https://www.pnas.org/content/pnas/114/36/9593.full.pdf"
"10.1073/pnas.1706913114",TRUE,"https://www.pnas.org/content/pnas/114/45/11902.full.pdf"
"10.1073/pnas.1707040114",TRUE,"https://www.pnas.org/content/pnas/114/45/11890.full.pdf"
"10.1073/pnas.1707719114",TRUE,"https://www.pnas.org/content/pnas/114/39/10324.full.pdf"
"10.1073/pnas.1717092115",TRUE,"https://www.pnas.org/content/pnas/115/48/E11238.full.pdf"
"10.1073/pnas.1722664115",TRUE,"https://www.pnas.org/content/pnas/115/39/9714.full.pdf"
"10.1073/pnas.1805284115",TRUE,"https://www.ncbi.nlm.nih.gov/pmc/articles/6048538"
"10.1073/pnas.1805327115",TRUE,"https://www.pnas.org/content/pnas/115/52/13222.full.pdf"
"10.1073/pnas.1908369116",TRUE,"https://www.pnas.org/content/pnas/116/38/18888.full.pdf"
"10.1073/pnas.2009030117",TRUE,"https://www.pnas.org/content/pnas/117/32/18948.full.pdf"
"10.1073/pnas.2014505117",TRUE,"https://www.pnas.org/content/pnas/117/42/26158.full.pdf"
"10.1073/pnas.2218961120",TRUE,"https://pmc.ncbi.nlm.nih.gov/articles/PMC10438833/pdf/pnas.202218961.pdf"
"10.1075/arcl.7.07gri",FALSE,NA
"10.1075/jslp.22013.tel",FALSE,NA
"10.1075/resla.17019.loz",FALSE,NA
"10.1080/00224545.2016.1270892",FALSE,NA
"10.1080/02699931.2015.1059317",TRUE,"https://www.ncbi.nlm.nih.gov/pmc/articles/4732930"
"10.1080/02699931.2016.1273201",FALSE,NA
"10.1080/02699931.2017.1394817",FALSE,NA
"10.1080/026999398379411",FALSE,NA
"10.1080/08824096.2018.1525347",FALSE,NA
"10.1080/09515080307771",TRUE,"https://www.tandfonline.com/doi/abs/10.1080/09515080307771"
"10.1080/0951508042000202354",FALSE,NA
"10.1080/09515080500177309",FALSE,NA
"10.1080/09515080500264180",FALSE,NA
"10.1080/09515080801978777",FALSE,NA
"10.1080/09515080902802769",FALSE,NA
"10.1080/09515080903532290",FALSE,NA
"10.1080/09515089.2014.894431",FALSE,NA
"10.1080/10503307.2012.731088",FALSE,NA
"10.1080/10584609.1994.9963030",FALSE,NA
"10.1080/10888430701746849",FALSE,NA
"10.1080/13506280544000110",TRUE,"https://research.manchester.ac.uk/en/publications/d382310c-5a33-48e2-9731-32a06e50aaa5"
"10.1080/135062899395000",FALSE,NA
"10.1080/13869790600641905",FALSE,NA
"10.1080/23273798.2018.1431397",FALSE,NA
"10.1080/23273798.2020.1810292",TRUE,"https://hdl.handle.net/1871.1/8e1d046d-639c-4a14-8b2a-9b0f3852e46c"
"10.1086/268936",FALSE,NA
"10.1086/269239",FALSE,NA
"10.1086/383422",TRUE,"https://academic.oup.com/jcr/article-pdf/31/1/43/17929039/31-1-43.pdf"
"10.1086/511799",FALSE,NA
"10.1086/598971",FALSE,NA
"10.1086/648381",FALSE,NA
"10.1086/661531",FALSE,NA
"10.1086/661890",FALSE,NA
"10.1086/669476",FALSE,NA
"10.1086/670020",FALSE,NA
"10.1086/679118",FALSE,NA
"10.1086/691462",TRUE,"https://doi.org/10.15781/t2j679d4s"
"10.1089/cyber.2015.0311",FALSE,NA
"10.1089/cyber.2016.0530",TRUE,"https://research.wur.nl/en/publications/spontaneous-hedonic-reactions-to-social-media-cues"
"10.1093/aesthj/ayu027",FALSE,NA
"10.1093/analys/63.3.190",TRUE,"https://academic.oup.com/analysis/article-pdf/63/3/190/471795/63-3-190.pdf"
"10.1093/geronb/gbx099",FALSE,NA
"10.1093/her/cyl160",TRUE,"https://academic.oup.com/her/article-pdf/23/1/53/2485081/cyl160.pdf"
"10.1093/jcr/ucaa006",FALSE,NA
"10.1093/jcr/ucaa019",FALSE,NA
"10.1093/jcr/ucv007",FALSE,NA
"10.1093/jcr/ucv023",FALSE,NA
"10.1093/jcr/ucv048",FALSE,NA
"10.1093/jcr/ucv049",FALSE,NA
"10.1093/jcr/ucv051",FALSE,NA
"10.1093/jcr/ucw008",FALSE,NA
"10.1093/jcr/ucw056",TRUE,"https://academic.oup.com/jcr/article-pdf/43/5/683/25022899/ucw056.pdf"
"10.1093/jcr/ucx039",FALSE,NA
"10.1093/jcr/ucx066",FALSE,NA
"10.1093/jcr/ucy082",FALSE,NA
"10.1093/jcr/ucz022",FALSE,NA
"10.1093/jcr/ucz028",TRUE,"http://ira.lib.polyu.edu.hk/bitstream/10397/97105/1/Huang_Influence_Product_Anthropomorphism.pdf"
"10.1093/jcr/ucz031",FALSE,NA
"10.1093/jos/ffr009",TRUE,"https://academic.oup.com/jos/article-pdf/29/2/145/4623482/ffr009.pdf"
"10.1093/poq/nfx042",FALSE,NA
"10.1093/qje/qjr034",TRUE,"http://infoscience.epfl.ch/record/290635"
"10.1093/qje/qjt035",FALSE,NA
"10.1093/scan/nsw175",TRUE,"https://academic.oup.com/scan/article-pdf/12/4/671/27104106/nsw175.pdf"
"10.1093/workar/waac024",TRUE,"https://academic.oup.com/workar/advance-article-pdf/doi/10.1093/workar/waac024/45044706/waac024.pdf"
"10.1097/00004703-200604002-00013",FALSE,NA
"10.1097/00006842-200103000-00012",FALSE,NA
"10.1098/rspb.2011.1959",TRUE,"https://royalsocietypublishing.org/doi/pdf/10.1098/rspb.2011.1959"
"10.1098/rspb.2022.0128",TRUE,"https://doi.org/10.1098/rspb.2022.0128"
"10.1109/tse.2016.2527791",TRUE,"http://urn.kb.se/resolve?urn=urn:nbn:se:bth-11730"
"10.1111/0023-8333.00112",FALSE,NA
"10.1111/1467-9280.00334",FALSE,NA
"10.1111/1467-9280.00350",FALSE,NA
"10.1111/1467-9280.00376",FALSE,NA
"10.1111/1467-9280.02436",FALSE,NA
"10.1111/bjhp.12185",FALSE,NA
"10.1111/cogs.12605",TRUE,"https://onlinelibrary.wiley.com/doi/pdfdirect/10.1111/cogs.12605"
"10.1111/ecin.12470",FALSE,NA
"10.1111/flan.12063",TRUE,"https://onlinelibrary.wiley.com/doi/pdfdirect/10.1111/flan.12063"
"10.1111/j.0956-7976.2004.00757.x",FALSE,NA
"10.1111/j.1460-2466.1984.tb02164.x",FALSE,NA
"10.1111/j.1467-7687.2009.00807.x",TRUE,"https://www.ncbi.nlm.nih.gov/pmc/articles/2718768"
"10.1111/j.1467-7687.2009.00859.x",FALSE,NA
"10.1111/j.1467-7687.2011.01098.x",FALSE,NA
"10.1111/j.1467-8284.2004.00481.x",FALSE,NA
"10.1111/j.1467-8624.2007.00995.x",FALSE,NA
"10.1111/j.1467-8624.2009.01312.x",TRUE,"https://onlinelibrary.wiley.com/doi/pdfdirect/10.1111/j.1467-8624.2009.01312.x"
"10.1111/j.1467-9280.1992.tb00678.x",FALSE,NA
"10.1111/j.1467-9280.2006.01704.x",FALSE,NA
"10.1111/j.1467-9280.2006.01720.x",FALSE,NA
"10.1111/j.1467-9280.2006.01824.x",FALSE,NA
"10.1111/j.1467-9280.2007.01909.x",FALSE,NA
"10.1111/j.1467-9280.2007.01944.x",FALSE,NA
"10.1111/j.1467-9280.2007.01961.x",FALSE,NA
"10.1111/j.1467-9280.2007.02004.x",FALSE,NA
"10.1111/j.1467-9280.2008.02039.x",FALSE,NA
"10.1111/j.1467-9280.2008.02040.x",FALSE,NA
"10.1111/j.1467-9280.2008.02041.x",FALSE,NA
"10.1111/j.1467-9280.2008.02042.x",FALSE,NA
"10.1111/j.1467-9280.2008.02043.x",FALSE,NA
"10.1111/j.1467-9280.2008.02044.x",FALSE,NA
"10.1111/j.1467-9280.2008.02045.x",FALSE,NA
"10.1111/j.1467-9280.2008.02046.x",TRUE,"https://research.vu.nl/en/publications/48f87650-85cf-42d4-a1d4-f55afa117a3c"
"10.1111/j.1467-9280.2008.02049.x",FALSE,NA
"10.1111/j.1467-9280.2008.02050.x",FALSE,NA
"10.1111/j.1467-9280.2008.02051.x",TRUE,"http://hdl.handle.net/2022/24718"
"10.1111/j.1467-9280.2008.02052.x",FALSE,NA
"10.1111/j.1467-9280.2008.02053.x",FALSE,NA
"10.1111/j.1467-9280.2008.02054.x",FALSE,NA
"10.1111/j.1467-9280.2008.02056.x",FALSE,NA
"10.1111/j.1467-9280.2008.02057.x",FALSE,NA
"10.1111/j.1467-9280.2008.02060.x",FALSE,NA
"10.1111/j.1467-9280.2008.02061.x",FALSE,NA
"10.1111/j.1467-9280.2008.02062.x",FALSE,NA
"10.1111/j.1467-9280.2008.02064.x",FALSE,NA
"10.1111/j.1467-9280.2008.02066.x",FALSE,NA
"10.1111/j.1467-9280.2008.02069.x",FALSE,NA
"10.1111/j.1467-9280.2008.02070.x",FALSE,NA
"10.1111/j.1467-9280.2008.02072.x",FALSE,NA
"10.1111/j.1467-9280.2008.02076.x",FALSE,NA
"10.1111/j.1467-9280.2008.02077.x",FALSE,NA
"10.1111/j.1467-9280.2008.02078.x",FALSE,NA
"10.1111/j.1467-9280.2008.02080.x",FALSE,NA
"10.1111/j.1467-9280.2008.02081.x",FALSE,NA
"10.1111/j.1467-9280.2008.02084.x",TRUE,"http://doi.org/10.1111/j.1467-9280.2008.02084.x"
"10.1111/j.1467-9280.2008.02085.x",FALSE,NA
"10.1111/j.1467-9280.2008.02088.x",FALSE,NA
"10.1111/j.1467-9280.2008.02089.x",FALSE,NA
"10.1111/j.1467-9280.2008.02091.x",FALSE,NA
"10.1111/j.1467-9280.2008.02092.x",TRUE,"http://doi.org/10.1111/j.1467-9280.2008.02092.x"
"10.1111/j.1467-9280.2008.02093.x",FALSE,NA
"10.1111/j.1467-9280.2008.02095.x",FALSE,NA
"10.1111/j.1467-9280.2008.02098.x",TRUE,"http://nrs.harvard.edu/urn-3:HUL.InstRepos:41056878"
"10.1111/j.1467-9280.2008.02100.x",FALSE,NA
"10.1111/j.1467-9280.2008.02136.x",TRUE,"https://escholarship.org/uc/item/7x1799rm"
"10.1111/j.1467-9280.2008.02157.x",TRUE,"http://doi.org/10.1111/j.1467-9280.2008.02157.x"
"10.1111/j.1467-9280.2008.02159.x",FALSE,NA
"10.1111/j.1467-9280.2008.02227.x",FALSE,NA
"10.1111/j.1467-9280.2009.02426.x",FALSE,NA
"10.1111/j.1467-9280.2009.02447.x",TRUE,"https://scholarworks.wm.edu/aspubs/1115"
"10.1111/j.1468-0017.2006.00297.x",FALSE,NA
"10.1111/j.1468-0017.2010.01398.x",FALSE,NA
"10.1111/j.1468-0017.2011.01428.x",FALSE,NA
"10.1111/j.1468-0068.2010.00795.x",FALSE,NA
"10.1111/j.1475-4975.2007.00150.x",FALSE,NA
"10.1111/j.1475-4975.2007.00158.x",FALSE,NA
"10.1111/j.1551-6709.2010.01161.x",TRUE,"https://onlinelibrary.wiley.com/doi/pdfdirect/10.1111/j.1551-6709.2010.01161.x"
"10.1111/j.1551-6709.2010.01164.x",TRUE,"https://onlinelibrary.wiley.com/doi/pdfdirect/10.1111/j.1551-6709.2010.01164.x"
"10.1111/j.1551-6709.2011.01210.x",TRUE,"https://onlinelibrary.wiley.com/doi/pdfdirect/10.1111/j.1551-6709.2011.01210.x"
"10.1111/j.1933-1592.2012.00609.x",FALSE,NA
"10.1111/jcom.12135",TRUE,"https://gredos.usal.es/bitstream/10366/159754/1/Police%20detection%20of%20deception.pdf"
"10.1111/lang.12161",FALSE,NA
"10.1111/nous.12017",TRUE,"https://research.manchester.ac.uk/en/publications/35d99c43-e67a-48af-8219-119e5498e21c"
"10.1111/psyp.12132",FALSE,NA
"10.1126/science.1091721",TRUE,"https://papers.ssrn.com/sol3/Delivery.cfm/SSRN_ID1324774_code1144166.pdf?abstractid=1324774&mirid=1"
"10.1126/science.1130726",FALSE,NA
"10.1126/science.1132491",FALSE,NA
"10.1126/science.1183532",FALSE,NA
"10.1126/science.1186799",FALSE,NA
"10.1126/science.1189993",TRUE,"https://www.ncbi.nlm.nih.gov/pmc/articles/3005631"
"10.1126/science.1190792",FALSE,NA
"10.1126/science.1191465",FALSE,NA
"10.1126/science.1195701",FALSE,NA
"10.1126/science.1199327",TRUE,"http://dle.rae.es/?id=A7Kk6Zz"
"10.1126/science.1199427",FALSE,NA
"10.1126/science.1207745",FALSE,NA
"10.1126/science.1211180",FALSE,NA
"10.1126/science.1215647",FALSE,NA
"10.1126/science.1221936",TRUE,"https://www.ncbi.nlm.nih.gov/pmc/articles/3527841"
"10.1126/science.1222426",FALSE,NA
"10.1126/science.1224313",FALSE,NA
"10.1126/science.1238041",FALSE,NA
"10.1126/science.1239918",TRUE,"http://hdl.handle.net/11572/289277"
"10.1126/science.1250830",FALSE,NA
"10.1126/science.1253932",FALSE,NA
"10.1126/science.283.5398.77",FALSE,NA
"10.1126/science.7455683",FALSE,NA
"10.1145/3105726.3106182",FALSE,NA
"10.1145/3173574.3174188",TRUE,"https://dl.acm.org/doi/pdf/10.1145/3173574.3174188"
"10.1145/3290605.3300469",FALSE,NA
"10.1152/japplphysiol.91324.2008",FALSE,NA
"10.1162/003355397555208",FALSE,NA
"10.1162/jocn_a_00709",TRUE,"http://doi.org/10.1162/jocn_a_00709"
"10.1162/qjec.122.3.1067",FALSE,NA
"10.1162/rest_a_00258",FALSE,NA
"10.1163/156853706776931222",FALSE,NA
"10.1163/156853706776931385",FALSE,NA
"10.1177/0001839219840022",FALSE,NA
"10.1177/0022243718813544",FALSE,NA
"10.1177/0022243720904758",FALSE,NA
"10.1177/0022243720932532",TRUE,"https://journals.sagepub.com/doi/pdf/10.1177/0022243720932532"
"10.1177/0093650215609676",FALSE,NA
"10.1177/0146167202286008",FALSE,NA
"10.1177/0146167207309195",FALSE,NA
"10.1177/0146167210386238",FALSE,NA
"10.1177/0146167212475225",FALSE,NA
"10.1177/0146167214524992",FALSE,NA
"10.1177/0146167215580776",FALSE,NA
"10.1177/0146167215610520",FALSE,NA
"10.1177/0146167216684132",FALSE,NA
"10.1177/01461672211025423",FALSE,NA
"10.1177/01461672952111004",FALSE,NA
"10.1177/0261927x01020004004",FALSE,NA
"10.1177/0267658310386439",FALSE,NA
"10.1177/0956797609358096",FALSE,NA
"10.1177/0956797609359908",FALSE,NA
"10.1177/0956797610363775",FALSE,NA
"10.1177/0956797610372631",FALSE,NA
"10.1177/0956797610383437",FALSE,NA
"10.1177/0956797610384746",FALSE,NA
"10.1177/0956797610395393",TRUE,"https://www.ncbi.nlm.nih.gov/pmc/articles/3626430"
"10.1177/0956797610397956",TRUE,"http://nrs.harvard.edu/urn-3:HUL.InstRepos:41302705"
"10.1177/0956797611398497",FALSE,NA
"10.1177/0956797611402514",FALSE,NA
"10.1177/0956797611413935",FALSE,NA
"10.1177/0956797611414726",FALSE,NA
"10.1177/0956797611418350",TRUE,"https://research.rug.nl/en/publications/32e89145-634f-45f6-b0dd-d015d8048ea2"
"10.1177/0956797611428079",FALSE,NA
"10.1177/0956797611429579",FALSE,NA
"10.1177/0956797611432497",FALSE,NA
"10.1177/0956797611434537",FALSE,NA
"10.1177/0956797611434540",FALSE,NA
"10.1177/0956797611434748",TRUE,"http://hdl.handle.net/2013/ULB-DIPOT:oai:dipot.ulb.ac.be:2013/107553"
"10.1177/0956797611435919",FALSE,NA
"10.1177/0956797612445318",FALSE,NA
"10.1177/0956797612449177",FALSE,NA
"10.1177/0956797613494853",TRUE,"http://doi.org/10.1177/0956797613494853"
"10.1177/0956797613502732",FALSE,NA
"10.1177/0956797613508412",FALSE,NA
"10.1177/0956797614527113",FALSE,NA
"10.1177/0956797614534693",FALSE,NA
"10.1177/0956797614536739",TRUE,"https://www.ncbi.nlm.nih.gov/pmc/articles/4275427"
"10.1177/0956797614547705",FALSE,NA
"10.1177/0956797614553009",FALSE,NA
"10.1177/0956797614554955",FALSE,NA
"10.1177/0956797614558718",TRUE,"https://ink.library.smu.edu.sg/lkcsb_research/5153"
"10.1177/0956797614559285",FALSE,NA
"10.1177/0956797614561266",FALSE,NA
"10.1177/0956797614563108",FALSE,NA
"10.1177/0956797614563958",FALSE,NA
"10.1177/0956797615569889",TRUE,"https://journals.sagepub.com/doi/pdf/10.1177/0956797615569889"
"10.1177/0956797615572231",FALSE,NA
"10.1177/0956797615573516",FALSE,NA
"10.1177/0956797615585002",TRUE,"http://doi.org/10.1177/0956797615585002"
"10.1177/0956797615588195",FALSE,NA
"10.1177/0956797615598739",FALSE,NA
"10.1177/0956797615608267",FALSE,NA
"10.1177/0956797615612202",FALSE,NA
"10.1177/0956797615617779",TRUE,"https://journals.sagepub.com/doi/pdf/10.1177/0956797615617779"
"10.1177/0956797615624492",FALSE,NA
"10.1177/0956797615625640",FALSE,NA
"10.1177/0956797616630964",TRUE,"http://nrs.harvard.edu/urn-3:HUL.InstRepos:41302421"
"10.1177/0956797616639727",TRUE,"https://journals.sagepub.com/doi/pdf/10.1177/0956797616639727"
"10.1177/0956797616640705",FALSE,NA
"10.1177/0956797616650875",FALSE,NA
"10.1177/0956797616651973",FALSE,NA
"10.1177/0956797616662271",FALSE,NA
"10.1177/0956797616667459",FALSE,NA
"10.1177/0956797616669947",FALSE,NA
"10.1177/0956797616674999",FALSE,NA
"10.1177/0956797616685771",FALSE,NA
"10.1177/0956797617705399",FALSE,NA
"10.1177/0956797617721270",FALSE,NA
"10.1177/0956797617728270",TRUE,"https://pure.au.dk/portal/en/publications/457c7917-fcac-4aa2-8172-9f9063b96002"
"10.1177/0956797618760784",FALSE,NA
"10.1177/0956797618779061",FALSE,NA
"10.1177/0956797618780643",TRUE,"https://www.ncbi.nlm.nih.gov/pmc/articles/6180666"
"10.1177/0956797618788882",TRUE,"https://www.ncbi.nlm.nih.gov/pmc/articles/6249659"
"10.1177/0956797618805750",TRUE,"https://journals.sagepub.com/doi/pdf/10.1177/0956797618805750"
"10.1177/0956797618806296",FALSE,NA
"10.1177/0956797618818484",FALSE,NA
"10.1177/0956797619854706",FALSE,NA
"10.1177/0956797619855382",FALSE,NA
"10.1177/0956797619856844",FALSE,NA
"10.1177/0956797619879441",TRUE,"https://www.ncbi.nlm.nih.gov/pmc/articles/7137142"
"10.1177/0956797620927967",TRUE,"https://journals.sagepub.com/doi/pdf/10.1177/0956797620927967"
"10.1177/0956797620939054",TRUE,"https://doi.org/10.1177/0956797620939054"
"10.1177/09567976221082941",TRUE,"https://doi.org/10.1177/09567976221082941"
"10.1177/1073191116686685",FALSE,NA
"10.1177/1077559513483002",FALSE,NA
"10.1177/1747021817744546",FALSE,NA
"10.1177/1948550609360261",FALSE,NA
"10.1177/1948550611410890",FALSE,NA
"10.1177/1948550611432938",FALSE,NA
"10.1177/1948550612457688",FALSE,NA
"10.1177/1948550614555029",FALSE,NA
"10.1177/1948550617720269",TRUE,"https://dare.uva.nl/personal/pure/en/publications/the-dark-side-of-a-smiley(8e28898a-8129-4bbb-9aa0-fa98fe6fa883).html"
"10.1177/1948550617751583",FALSE,NA
"10.1177/1948550619843931",FALSE,NA
"10.1177/1948550619849426",FALSE,NA
"10.1177/2167702614545216",TRUE,"https://journals.sagepub.com/doi/pdf/10.1177/2167702614545216"
"10.1177/2f10986111211035002",FALSE,NA
"10.1186/s40163-021-00141-0",TRUE,"https://crimesciencejournal.biomedcentral.com/track/pdf/10.1186/s40163-021-00141-0"
"10.1207/s15324834basp2504_5",FALSE,NA
"10.1249/mss.0000000000000818",TRUE,"https://doi.org/10.1249/mss.0000000000000818"
"10.1257/aer.101.2.470",FALSE,NA
"10.1257/aer.101.2.526",FALSE,NA
"10.1257/aer.101.2.819",FALSE,NA
"10.1257/aer.101.2.927",FALSE,NA
"10.1257/aer.101.4.1211",FALSE,NA
"10.1257/aer.101.6.2562",FALSE,NA
"10.1257/aer.101.7.3109",TRUE,"https://core.ac.uk/display/127619638"
"10.1257/aer.102.1.337",FALSE,NA
"10.1257/aer.102.2.720",TRUE,"https://papers.ssrn.com/sol3/Delivery.cfm/SSRN_ID1616396_code469083.pdf?abstractid=1616396"
"10.1257/aer.102.2.834",TRUE,"https://www.aeaweb.org/articles/pdf/doi/10.1257/aer.102.2.834"
"10.1257/aer.102.2.865",FALSE,NA
"10.1257/aer.102.5.2018",FALSE,NA
"10.1257/aer.102.7.3317",FALSE,NA
"10.1257/aer.103.4.1325",FALSE,NA
"10.1257/aer.104.11.3434",FALSE,NA
"10.1257/aer.104.6.1735",FALSE,NA
"10.1287/mnsc.2019.3362",FALSE,NA
"10.1287/orsc.2021.1456",FALSE,NA
"10.1371/journal.pone.0071475",TRUE,"https://journals.plos.org/plosone/article/file?id=10.1371/journal.pone.0071475&type=printable"
"10.1371/journal.pone.0154854",TRUE,"https://journals.plos.org/plosone/article/file?id=10.1371/journal.pone.0154854&type=printable"
"10.1509/jmkr.45.6.633",FALSE,NA
"10.1509/jmr.13.0023",FALSE,NA
"10.1509/jmr.13.0451",FALSE,NA
"10.1509/jppm.16.157",FALSE,NA
"10.1515/ling.2011.016",FALSE,NA
"10.1521/soco.2018.36.1.4",FALSE,NA
"10.1523/jneurosci.3427-13.2014",TRUE,"https://www.jneurosci.org/content/jneuro/34/21/7059.full.pdf"
"10.1891/0886-6708.26.6.703",FALSE,NA
"10.2196/jmir.2551",TRUE,"https://www.jmir.org/2013/6/e104/PDF"
"10.2466/pms.109.2.577-580",FALSE,NA
"10.2501/jar-40-1-2-29-34",FALSE,NA
"10.3102/0013189x13507104",TRUE,"https://ecommons.luc.edu/education_facpubs/53"
"10.3233/jad-2009-1163",TRUE,"http://doi.org/10.3233/JAD-2009-1163"
"10.3389/fped.2019.00206",TRUE,"https://doi.org/10.3389/fped.2019.00206"
"10.3389/fpsyg.2014.01276",TRUE,"https://www.frontiersin.org/articles/10.3389/fpsyg.2014.01276/pdf"
"10.3389/fpsyg.2024.1335892",TRUE,"https://www.frontiersin.org/journals/psychology/articles/10.3389/fpsyg.2024.1335892/pdf"
"10.3758/bf03194043",TRUE,"https://link.springer.com/content/pdf/10.3758/BF03194043.pdf"
"10.3758/bf03197186",TRUE,"https://link.springer.com/content/pdf/10.3758/BF03197186.pdf"
"10.3758/bf03211160",TRUE,"https://link.springer.com/content/pdf/10.3758/BF03211160.pdf"
"10.3758/app.71.1.9",TRUE,"https://link.springer.com/content/pdf/10.3758/APP.71.1.9.pdf"
"10.3758/bf03193824",TRUE,"https://link.springer.com/content/pdf/10.3758/BF03193824.pdf"
"10.3758/s13414-019-01723-6",TRUE,"https://link.springer.com/content/pdf/10.3758/s13414-019-01723-6.pdf"
"10.3758/s13414-020-02150-8",TRUE,"https://link.springer.com/content/pdf/10.3758/s13414-020-02150-8.pdf"
"10.3758/s13423-014-0663-9",FALSE,NA
"10.3758/s13428-021-01694-3",TRUE,"https://link.springer.com/content/pdf/10.3758/s13428-021-01694-3.pdf"
"10.4148/1944-9771.1299",TRUE,"https://newprairiepress.org/cgi/viewcontent.cgi?article=1299&context=jft"
"10.4324/9780203496398-9",FALSE,NA
"10.4324/9781032633275-7",FALSE,NA
"10.51548/joctec-2021-016",TRUE,"https://www.joctec.net/all-issues/volume-1-to-volume-5/volume-4-issue-3/volume-4-issue-3-article-3"
"10.5840/jphil20091061128",FALSE,NA
"10.5840/jphil20111081238",TRUE,"http://www.pdcnet.org/scholarpdf/show?id=jphil_2011_0108_0012_0670_0696&pdfname=jphil_2011_0108_0012_0670_0696.pdf&file_type=pdf"
"art00005",FALSE,NA
"djaerv_2018",FALSE,NA
"escholarship.orgucitem39d347bk",FALSE,NA
"scholars.indianastate.eduetds--2136",FALSE,NA
"thekeep.eiu.edu/theses/4783",FALSE,NA
"10.1371/journal.pone.0163051",TRUE,"https://journals.plos.org/plosone/article/file?id=10.1371/journal.pone.0163051&type=printable"
"10.1073/pnas.2026447118",TRUE,"https://www.ncbi.nlm.nih.gov/pmc/articles/8020801"
"10.1007/s10803-014-2080-3",TRUE,"https://www.ncbi.nlm.nih.gov/pmc/articles/4104252"
"10.1093/schbul/sby016.348",TRUE,"https://academic.oup.com/schizophreniabulletin/article-pdf/44/suppl_1/S142/25466603/sby016.348.pdf"
"10.15763/issn.1936-9298.2024.1.1.15-35",TRUE,"https://journals.shareok.org/singlecasejournal/ojs/singlecasejournal/article/download/2/1"
"10.1037/0003-066x.60.5.410",FALSE,NA
"10.1002/jcop.21511",FALSE,NA
"10.1002/npr2.70058",TRUE,"https://onlinelibrary.wiley.com/doi/pdfdirect/10.1002/npr2.70058"
"10.2307/20159604",FALSE,NA
"10.1002/(sici)1097-0266(199704)18:4<303::aid-smj869>3.0.co;2-g",FALSE,NA
"10.1016/j.cognition.2020.104488",TRUE,"https://www.sciencedirect.com/science/article/abs/pii/S0010027720303073?via=ihub"
"10.1016/0148-2963(95)00125-5",FALSE,NA
"10.1108/ijpsm-08-2020-0218",FALSE,NA
"10.3389/fpsyg.2014.01202",TRUE,"https://www.frontiersin.org/articles/10.3389/fpsyg.2014.01202/pdf"
"10.1519/jsc.0000000000001503",FALSE,NA
"10.1037/h0100577",TRUE,"https://doi.org/10.1037/h0100577"
"10.3945/jn.112.159319",FALSE,NA
"10.5840/philtopics2001291/217",FALSE,NA
"10.2139/ssrn.2645332",TRUE,"https://doi.org/10.2139/ssrn.2645332"
"10.3886/icpsr01218.v1",FALSE,NA
"10.1017/s0022381608080456",FALSE,NA
"10.1080/00344893.2022.2037699",FALSE,NA
"10.1017/s0008423903778810",FALSE,NA
"10.1017/s0008423922000749",FALSE,NA
"10.1093/brain/awq154",TRUE,"https://academic.oup.com/brain/article-pdf/133/8/2196/16696192/awq154.pdf"
"10.1007/s11109-016-9383-3",FALSE,NA
"10.3998/mpub.9946611",TRUE,"https://doi.org/10.3998/mpub.9946611"
"10.1111/1467-9280.00111",FALSE,NA
"10.1126/science.1162548",TRUE,"http://doi.org/10.1126/science.1162548"
"10.1111/j.1467-9280.2009.02326.x",FALSE,NA
"10.1037/0012-1649.43.6.1428",FALSE,NA
"10.1037/e653412011-001",FALSE,NA
"10.1037/t05147-000",FALSE,NA
"10.1037/a0033010",FALSE,NA
"10.1037/cdp0000137.supp",FALSE,NA
"10.1126/science.1128317",FALSE,NA
"10.1126/science.1177067",FALSE,NA
"10.1001/jamapsychiatry.2014.763",TRUE,"http://doi.org/10.1001/jamapsychiatry.2014.763"
"10.1521/pedi.2010.24.4.516",FALSE,NA
"10.1037/0022-3514.54.5.768",FALSE,NA
"10.1126/science.1150952",FALSE,NA
"10.1037/0022-3514.95.3.695",FALSE,NA
"10.1111/j.1467-6494.2012.00807.x",FALSE,NA
"10.1111/j.1467-9280.2007.01983.x",FALSE,NA
"10.1016/0001-4575(78)90040-4",FALSE,NA
"10.1111/1540-6237.8402002",FALSE,NA
"10.1080/00913367.2004.10639175",FALSE,NA
"10.1080/07421656.2005.10129441",FALSE,NA
"10.1093/oxfordhb/9780195309799.013.0022",FALSE,NA
"10.4324/9780203122433-11",FALSE,NA
"10.3109/13561820.2014.917407",FALSE,NA
"10.1037/xge0000182",TRUE,"https://doi.org/10.1037/xge0000182"
"10.1073/pnas.1113380109",TRUE,"https://www.pnas.org/content/pnas/109/9/3253.full.pdf"
"10.1016/j.jml.2013.08.001",FALSE,NA
"10.1038/nature06288",FALSE,NA
"10.1037/e524912015-308",FALSE,NA
"10.1109/32.879815",FALSE,NA
"10.1016/j.aos.2007.01.001",FALSE,NA
"10.1016/j.dcn.2015.09.007",TRUE,"https://doi.org/10.1016/j.dcn.2015.09.007"
"10.1073/pnas.0801030105",TRUE,"https://www.pnas.org/doi/pdf/10.1073/pnas.0801030105"
"10.1111/j.1540-4781.1986.tb05256.x",FALSE,NA
"10.1177/1948550611435136",FALSE,NA
"10.1111/j.1467-9922.2012.00730.x",FALSE,NA
"10.1111/lang.12140",FALSE,NA
"10.1111/modl.12315",TRUE,"https://espace.curtin.edu.au/bitstream/20.500.11937/54258/2/253849.pdf"
"10.1111/puar.12649",FALSE,NA
"10.1093/jopart/mui019",TRUE,"https://academic.oup.com/jpart/article-pdf/15/3/393/2774112/mui019.pdf"
"10.31235/osf.io/xatcn",TRUE,"https://osf.io/xatcn/download"
"10.2307/976307",FALSE,NA
"10.1111/puar.12406",TRUE,"https://pure.au.dk/portal/en/publications/974de334-3435-4975-a603-315cb86534c3"
"10.1093/jopart/muu053",TRUE,"https://academic.oup.com/jpart/article-pdf/26/1/143/17710183/muu053.pdf"
"10.1080/14719037.2013.822532",TRUE,"http://hdl.handle.net/10902/7358"
"10.1111/puar.13483",TRUE,"https://onlinelibrary.wiley.com/doi/pdfdirect/10.1111/puar.13483"
"10.1093/jopart/muaa033",TRUE,"https://academic.oup.com/jpart/article-pdf/31/1/184/36194962/muaa033.pdf"
"10.1016/j.biopsycho.2016.05.001",TRUE,"https://doi.org/10.1016/j.biopsycho.2016.05.001"
"10.1016/j.psychsport.2019.101567",FALSE,NA
"10.1007/s10649-021-10072-x",TRUE,"https://link.springer.com/content/pdf/10.1007/s10649-021-10072-x.pdf"
"10.1038/tp.2017.146",TRUE,"https://www.nature.com/articles/tp2017146.pdf"
"10.1177/000312240406900501",FALSE,NA
"10.1037/0012-1649.26.6.978",FALSE,NA
"10.1191/0969733002ne512oa",FALSE,NA
"10.5465/amj.2014.0424",TRUE,"https://dspace.library.uu.nl/handle/1874/343202"
"10.1017/s0272263197001034",FALSE,NA
"10.1177/1362168813505389",FALSE,NA
"10.1080/00208825.1980.11656300",FALSE,NA
"10.1037/0022-3514.74.4.865",FALSE,NA
"10.31234/osf.io/7tm3s",TRUE,"https://psyarxiv.com/7tm3s/download"
"10.4135/9781412939607.n107",FALSE,NA
"10.1093/pan/mpr057",TRUE,"https://www.cambridge.org/core/services/aop-cambridge-core/content/view/348F95C0FBCF21C3B37D66EB432F3BA5/S1047198700013875a.pdf/div-class-title-evaluating-online-labor-markets-for-experimental-research-amazon-com-s-mechanical-turk-div.pdf"
"10.31235/osf.io/3ye4b",TRUE,"https://doi.org/10.31235/osf.io/3ye4b"
"10.1177/1065912920950482",FALSE,NA
"10.1038/nn1066",FALSE,NA
"10.1093/med/9780195390841.003.0021",FALSE,NA
"10.53841/bpscep.2011.1.12.29",FALSE,NA
"10.1037/0022-3514.81.6.1014",TRUE,"https://www.ncbi.nlm.nih.gov/pmc/articles/3005626"
"10.1016/j.jebo.2019.03.020",FALSE,NA
"10.31235/osf.io/93eyz",TRUE,"https://doi.org/10.31235/osf.io/93eyz"
"10.1037/a0022406",FALSE,NA
"10.3390/biomedicines8020034",TRUE,"https://www.mdpi.com/2227-9059/8/2/34/pdf"
"10.1007/s12144-022-02879-5",FALSE,NA
"10.2307/1961661",FALSE,NA
"10.2308/acch-50181",FALSE,NA
"10.1016/j.cell.2013.04.008",TRUE,"https://doi.org/10.1016/j.cell.2013.04.008"
"10.1257/aer.101.7.3221",TRUE,"http://nrs.harvard.edu/urn-3:HUL.InstRepos:11986331"
"10.3389/fpsyg.2014.00444",TRUE,"https://www.frontiersin.org/articles/10.3389/fpsyg.2014.00444/pdf"
"10.1504/ijewm.2016.078598",FALSE,NA
"10.3758/bf03196313",TRUE,"https://link.springer.com/content/pdf/10.3758/BF03196313.pdf"
"10.2307/257651",FALSE,NA
"10.18574/nyu/9780814788912.003.0009",FALSE,NA
"10.7554/elife.10012",TRUE,"https://elifesciences.org/download/aHR0cHM6Ly9jZG4uZWxpZmVzY2llbmNlcy5vcmcvYXJ0aWNsZXMvMTAwMTIvZWxpZmUtMTAwMTItdjEucGRm/elife-10012-v1.pdf?_hash=EMsCIr5Nfk%2Fs2U0rHifzdJgfnD4dA4jaoW2l2FYi%2Bqk%3D"
"10.1038/nn1504",FALSE,NA
"10.2307/1412188",FALSE,NA
"10.1016/j.psychsport.2015.08.009",FALSE,NA
"10.1080/02640414.2020.1785727",FALSE,NA
"10.1080/02640414.2020.1788288",TRUE,"https://www.tandfonline.com/doi/pdf/10.1080/02640414.2020.1788288?needAccess=true"
"10.1080/17461391.2017.1308560",FALSE,NA
"10.1080/17461391.2017.1333159",TRUE,"https://pureportal.coventry.ac.uk/en/publications/828c3158-28d7-433f-bfa1-0f5b54929a7c"
"10.1080/17461391.2018.1537378",FALSE,NA
"10.1080/17461391.2020.1733671",TRUE,"https://research-portal.uws.ac.uk/en/publications/632a18e1-4f67-4fa2-9af0-03e733bf7260"
"10.1111/sms.13776",TRUE,"https://onlinelibrary.wiley.com/doi/pdfdirect/10.1111/sms.13776"
"10.1123/ijspp.2019-0098",FALSE,NA
"10.1123/jsep.2016-0272",FALSE,NA
"10.1249/mss.0000000000001982",TRUE,"https://doi.org/10.1249/mss.0000000000001982"
"10.1249/mss.0000000000002323",FALSE,NA
"10.1519/jsc.0000000000001122",FALSE,NA
"10.1519/jsc.0000000000001280",FALSE,NA
"10.1519/jsc.0000000000001339",FALSE,NA
"10.1519/jsc.0000000000001620",FALSE,NA
"10.1519/jsc.0000000000001655",FALSE,NA
"10.1519/jsc.0000000000002198",TRUE,"http://hdl.handle.net/11449/198193"
"10.1519/jsc.0000000000002981",FALSE,NA
"10.1519/jsc.0000000000003166",FALSE,NA
"10.1519/jsc.0000000000003009",FALSE,NA
"10.1519/jsc.0000000000003326",FALSE,NA
"10.1111/puar.12401",TRUE,"https://doi.org/10.7282/t3hx1fj0"
"10.1016/j.brat.2009.11.008",TRUE,"https://www.sciencedirect.com/science/article/pii/S0005796709002691"
"10.1037//0022-3514.46.4.778",FALSE,NA
"10.1007/978-3-658-21216-2_5",FALSE,NA
"10.1016/0010-0285(90)90003-m",FALSE,NA
"10.1037/0022-3514.82.6.956",FALSE,NA
"10.1037/0022-3514.37.10.1660",FALSE,NA
"10.1037/e722852011-095",FALSE,NA
"10.1037//0022-3514.67.4.627",FALSE,NA
"10.2307/2082710",FALSE,NA
"10.1038/s41562-023-01655-0",FALSE,NA
"10.1093/ej/ueab096",FALSE,NA
"10.1093/qje/qjac034",TRUE,"https://cadmus.eui.eu/bitstream/1814/74924/2/AlanCorekciogluSutter.pdf"
"10.1093/restud/rdab056",TRUE,"https://papers.ssrn.com/sol3/Delivery.cfm/nber_w26161.pdf?abstractid=3439171&mirid=1"
"10.1162/rest_a_01182",FALSE,NA
"10.2307/2586119",FALSE,NA
"10.1177/2515245918810225",TRUE,"https://journals.sagepub.com/doi/pdf/10.1177/2515245918810225"
"10.1177/19485506211056761",TRUE,"https://cris.maastrichtuniversity.nl/en/publications/c9ae2781-3f97-4b43-a0d0-be2bafccecaa"
"10.1525/collabra.77859",TRUE,"https://doi.org/10.1525/collabra.77859"
"10.1037/h0101833",FALSE,NA
"10.1111/jpr.12158",TRUE,"https://onlinelibrary.wiley.com/doi/pdfdirect/10.1111/jpr.12158"
"10.1097/psy.0b013e3181fdd074",FALSE,NA
"10.1017/jdm.2024.31",TRUE,"https://www.cambridge.org/core/services/aop-cambridge-core/content/view/3DA967642DBCD4E6117CCA104F3D6854/S1930297524000317a.pdf/div-class-title-revisiting-the-impact-of-singularity-on-the-identified-victim-effect-replication-and-extension-of-kogut-and-ritov-2005a-study-2-div.pdf"
"10.1525/collabra.310",TRUE,"https://online.ucpress.edu/collabra/article-pdf/6/1/19/437532/310-4361-2-pb.pdf"
"10.1016/j.jesp.2020.103972",FALSE,NA
"10.1177/0033294120957242",FALSE,NA
"10.1073/pnas.2103313118",TRUE,"https://www.pnas.org/content/pnas/118/44/e2103313118.full.pdf"
"10.1007/s40732-024-00597-x",FALSE,NA
"10.1002/jeab.915",TRUE,"https://onlinelibrary.wiley.com/doi/pdfdirect/10.1002/jeab.915"
"10.1111/padm.12860",TRUE,"https://onlinelibrary.wiley.com/doi/pdfdirect/10.1111/padm.12860"
"10.1177/27550311251323281",FALSE,NA
"10.18718/81781.27",FALSE,NA
"10.17605/osf.io/wmqtb",FALSE,NA
"10.1016/j.jesp.2022.104372",FALSE,NA
"10.1080/00222895.2014.898608",FALSE,NA
"10.1037/cep0000225",FALSE,NA
"10.1016/j.xjmad.2024.100075",TRUE,"https://www.jmoodanxdisorders.org/article/S2950-0044(24)00029-4/pdf"
"10.1007/s10803-013-1900-1",FALSE,NA
"10.1007/s10803-014-2139-1",FALSE,NA
"10.1007/s10899-020-09932-7",TRUE,"https://link.springer.com/content/pdf/10.1007/s10899-020-09932-7.pdf"
"10.1007/s11002-025-09771-9",TRUE,"https://doi.org/10.1007/s11002-025-09771-9"
"10.1007/s13164-018-0400-9",TRUE,"https://link.springer.com/content/pdf/10.1007/s13164-018-0400-9.pdf"
"10.1080/23273798.2016.1197954",TRUE,"https://www.research.ed.ac.uk/en/publications/1320dcf0-9c15-49bb-af2d-8532a2f5e3cc"
"10.1007/s10834-024-09975-7",FALSE,NA
"10.1177/1948550616683017",FALSE,NA
"10.1163/26670127-bja10017",TRUE,"https://roderic.uv.es/bitstreams/ecab4c3e-8041-4d77-b794-526bf8c21149/download"
"10.1007/s40732-024-00601-4",FALSE,NA
"10.15626/mp.2021.2932",TRUE,"https://open.lnu.se/index.php/metapsychology/article/download/2932/3327"
"10.1016/j.jesp.2015.10.012",FALSE,NA
"10.1098/rsos.231240",TRUE,"https://doi.org/10.1098/rsos.231240"
"10.1016/j.jesp.2020.103977",FALSE,NA
"10.1037/xap0000366",TRUE,"https://resolver.sub.uni-goettingen.de/purl?gro-2/87636"
"10.1097/00041444-199322000-00006",FALSE,NA
"10.1016/j.jom.2005.11.004",FALSE,NA
"10.1093/schbul/sbae058",TRUE,"https://academic.oup.com/schizophreniabulletin/advance-article-pdf/doi/10.1093/schbul/sbae058/57361215/sbae058.pdf"
"10.1080/20445911.2020.1805453",TRUE,"https://www.tandfonline.com/doi/pdf/10.1080/20445911.2020.1805453?needAccess=true"
"10.1016/j.appet.2021.105619",TRUE,"https://www.sciencedirect.com/science/article/pii/S0195666321005262"
"10.1177/1368430219861848",FALSE,NA
"10.1016/j.appet.2023.106554",FALSE,NA
"10.1016/j.eatbeh.2024.101899",FALSE,NA
"bischoff_ma_bms",FALSE,NA
"10.1111/psyp.12452",TRUE,"https://espace.curtin.edu.au/bitstream/20.500.11937/26684/2/234577_234577.pdf"
"10.1371/journal.pone.0140570",TRUE,"https://journals.plos.org/plosone/article/file?id=10.1371/journal.pone.0140570&type=printable"
"10.14288/1.0372317",FALSE,NA
"10.3389/fpsyg.2013.00858",TRUE,"https://www.frontiersin.org/articles/10.3389/fpsyg.2013.00858/pdf"
"10.31234/osf.io/dca65",TRUE,"https://osf.io/dca65/download"
"10.1080/00222895.2012.746635",FALSE,NA
"10.1016/j.cognition.2017.09.005",FALSE,NA
"10.17605/osf.io/qswe3",FALSE,NA
"10.17605/osf.io/g2zv6",FALSE,NA
"10.1016/j.jesp.2023.104549",TRUE,"https://doi.org/10.1016/j.jesp.2023.104549"
"10.1007/s00213-019-05314-z",TRUE,"https://link.springer.com/content/pdf/10.1007/s00213-019-05314-z.pdf"
"10.1177/01461672211052120",FALSE,NA
"10.12688/openreseurope.17749.1",TRUE,"https://doi.org/10.12688/openreseurope.17749.1"
"10.1016/j.cortex.2019.03.026",TRUE,"https://doi.org/10.1016/j.cortex.2019.03.026"
"10.1016/j.physbeh.2010.12.015",FALSE,NA
"10.1016/j.beproc.2017.03.017",TRUE,"https://www.ncbi.nlm.nih.gov/pmc/articles/5567871"
"10.1016/j.drugalcdep.2024.111323",TRUE,"https://pmc.ncbi.nlm.nih.gov/articles/PMC11179960/pdf/nihms-1995788.pdf"
"10.5281/zenodo.6426882",FALSE,NA
"10.18718/81781.23",FALSE,NA
"10.17645/mac.7666",TRUE,"https://www.cogitatiopress.com/mediaandcommunication/article/download/7666/3716"
"10.3389/fcomm.2022.1048896",TRUE,"https://doi.org/10.3389/fcomm.2022.1048896"
"10.1002/acp.4202",TRUE,"https://ruj.uj.edu.pl/handle/item/445036"
"10.1016/j.jenvp.2024.102289",FALSE,NA
"10.1016/j.jesp.2013.05.011",FALSE,NA
"10.1016/j.jesp.2020.104066",TRUE,"https://www.ncbi.nlm.nih.gov/pmc/articles/7567524"
"10.1027/1864-9335/a000188",FALSE,NA
"10.17605/osf.io/xszk6",FALSE,NA
"10.1525/collabra.277",TRUE,"https://online.ucpress.edu/collabra/article-pdf/6/1/3/437347/277-3991-1-pb.pdf"
"10.1027/1864-9335/a000178",TRUE,"https://research.tilburguniversity.edu/en/publications/a53e2ea1-bea5-447d-8f4d-8d89eb640448"
"10.1016/j.jesp.2015.08.005",FALSE,NA
"10.1016/j.jesp.2024.104712",TRUE,"https://doi.org/10.1016/j.jesp.2024.104712"
"10.3389/fpsyg.2020.02107",TRUE,"https://www.frontiersin.org/articles/10.3389/fpsyg.2020.02107/pdf"
"10.3758/s13421-019-00899-4",TRUE,"https://link.springer.com/content/pdf/10.3758/s13421-019-00899-4.pdf"
"10.1016/j.jsams.2024.07.018",TRUE,"http://www.jsams.org/article/S1440244024002597/pdf"
"10.1016/j.jsp.2024.101307",FALSE,NA
"10.1007/s11251-024-09670-y",TRUE,"https://link.springer.com/content/pdf/10.1007/s11251-024-09670-y.pdf"
"10.1080/0163853x.2024.2339738",TRUE,"https://repositorio.uca.edu.ar/handle/123456789/18349"
"10.1080/19345747.2024.2333734",TRUE,"https://www.tandfonline.com/doi/pdf/10.1080/19345747.2024.2333734?needAccess=true"
"10.1093/geronb/gbt044",FALSE,NA
"osf.io/y2emk",FALSE,NA
"10.1525/collabra.90203",TRUE,"https://online.ucpress.edu/collabra/article-pdf/9/1/90203/804925/collabra_2023_9_1_90203.pdf"
"10.31234/osf.io/68jft",TRUE,"https://doi.org/10.31234/osf.io/68jft"
"10.1016/j.jrp.2010.11.010",FALSE,NA
"10.1016/j.paid.2015.04.020",FALSE,NA
"10.1016/j.paid.2015.08.031",FALSE,NA
"10.1016/j.paid.2024.112692",FALSE,NA
"10.24839/2325-7342.jn26.4.422",TRUE,"https://doi.org/10.24839/2325-7342.jn26.4.422"
"10.1002/erv.3103",TRUE,"https://onlinelibrary.wiley.com/doi/pdfdirect/10.1002/erv.3103"
"10.1016/j.psychsport.2024.102761",TRUE,"https://doi.org/10.1016/j.psychsport.2024.102761"
"10.1016/j.joep.2018.11.004",TRUE,"https://www.sciencedirect.com/science/article/pii/S0167487018302794"
"10.3389/fnhum.2014.00019",TRUE,"https://www.frontiersin.org/articles/10.3389/fnhum.2014.00019/pdf"
"10.1525/collabra.87489",TRUE,"https://online.ucpress.edu/collabra/article-pdf/9/1/87489/794041/collabra_2023_9_1_87489.pdf"
"10.1080/15614263.2023.2185241",TRUE,"https://doi.org/10.1080/15614263.2023.2185241"
"10.1017/s0272263124000378",TRUE,"https://www.cambridge.org/core/services/aop-cambridge-core/content/view/8EB777A4F5B3464B3EB788F652816B63/S0272263124000378a.pdf/div-class-title-bilingualism-and-flexibility-in-task-switching-div.pdf"
"10.1080/23743603.2021.1878340",FALSE,NA
"10.1016/j.jbtep.2020.101573",FALSE,NA
"10.1017/xps.2022.35",TRUE,"https://doi.org/10.1017/xps.2022.35"
"10.1016/j.jesp.2021.104222",FALSE,NA
"10.15626/mp.2022.3108",TRUE,"https://open.lnu.se/index.php/metapsychology/article/download/3108/3438"
"10.15626/mp.2019.2134",TRUE,"https://open.lnu.se/index.php/metapsychology/article/download/2134/2509"
"10.31234/osf.io/nymh2",TRUE,"https://psyarxiv.com/nymh2/download"
"10.31234/osf.io/mtsx8",TRUE,"https://doi.org/10.31234/osf.io/mtsx8"
"10.1080/09658211.2011.590505",FALSE,NA
"10.1037/a0033303",FALSE,NA
"10.1037/xap0000321",FALSE,NA
"10.1177/25152459231213375",TRUE,"https://journals.sagepub.com/doi/pdf/10.1177/25152459231213375"
"10.1017/xps.2017.8",FALSE,NA
"10.1177/1948550620948973",FALSE,NA
"10.17605/osf.io/knjhu",FALSE,NA
"10.1525/collabra.37122",TRUE,"https://online.ucpress.edu/collabra/article-pdf/8/1/37122/737320/collabra_2022_8_1_37122.pdf"
"10.1525/collabra.35271",TRUE,"https://online.ucpress.edu/collabra/article-pdf/8/1/35271/662625/collabra_2022_8_1_35271.pdf"
"10.1177/1948550619900570",FALSE,NA
"10.1037/0022-3514.83.2.406",FALSE,NA
"10.1037/0022-3514.90.6.893",FALSE,NA
"10.1371/journal.pone.0029081",TRUE,"https://journals.plos.org/plosone/article/file?id=10.1371/journal.pone.0029081&type=printable"
"10.1177/08902070221094216",TRUE,"https://doi.org/10.1177/08902070221094216"
"10.1525/collabra.23443",TRUE,"https://online.ucpress.edu/collabra/article-pdf/7/1/23443/464004/collabra_2021_7_1_23443.pdf"
"murtagh_2004",FALSE,NA
"10.17605/osf.io/7weum",FALSE,NA
"korbmacher_2022",FALSE,NA
"10.17605/osf.io/j3ue4",FALSE,NA
"10.1016/j.jesp.2020.104052",TRUE,"https://www.sciencedirect.com/science/article/pii/S0022103120303929"
"10.1111/bjso.12217",FALSE,NA
"10.5334/irsp.571",TRUE,"http://www.rips-irsp.com/articles/10.5334/irsp.571/galley/259/download/"
"10.17605/osf.io/j9mfn",FALSE,NA
"10.1126/science.aac4716",TRUE,"https://cris.maastrichtuniversity.nl/en/publications/ae222e8f-dabf-4063-98a9-39922bfc1cfe"
"10.1177/0146167213510746",FALSE,NA
"10.1177/2515245920958687",TRUE,"https://journals.sagepub.com/doi/pdf/10.1177/2515245920958687"
"10.3758/s13423-014-0757-4",TRUE,"https://link.springer.com/content/pdf/10.3758/s13423-014-0757-4.pdf"
"10.1177/2515245920927643",TRUE,"https://journals.sagepub.com/doi/pdf/10.1177/2515245920927643"
"10.17605/osf.io/etg7c",FALSE,NA
"10.1080/02699931.2018.1504747",TRUE,"https://www.tandfonline.com/doi/pdf/10.1080/02699931.2018.1504747?needAccess=true"
"10.1016/j.jesp.2021.104154",FALSE,NA
"10.17605/osf.io/ahcpw",FALSE,NA
"10.1037/pspa0000214",FALSE,NA
"10.1037/a0024587",FALSE,NA
"10.1186/2050-7283-1-22",TRUE,"https://bmcpsychology.biomedcentral.com/counter/pdf/10.1186/2050-7283-1-22"
"10.1371/journal.pone.0147770",TRUE,"https://journals.plos.org/plosone/article/file?id=10.1371/journal.pone.0147770&type=printable"
"10.1002/pits.22027",FALSE,NA
"10.1037/emo0001389",FALSE,NA
"10.3758/s13421-019-00958-w",TRUE,"https://link.springer.com/content/pdf/10.3758/s13421-019-00958-w.pdf"
"10.1525/collabra.177",TRUE,"https://online.ucpress.edu/collabra/article-pdf/5/1/5/437367/177-2715-3-pb.pdf"
"10.1016/j.jrp.2019.103902",TRUE,"https://www.sciencedirect.com/science/article/pii/S0092656619301230"
"10.1016/j.joep.2022.102509",FALSE,NA
"10.1177/1745691612463078",FALSE,NA
"10.1037/a0036079",FALSE,NA
"10.1037/arc0000007",TRUE,"https://doi.org/10.1037/arc0000007"
"ferrell_2013",FALSE,NA
"10.17605/osf.io/w34fb",FALSE,NA
"10.1525/collabra.57785",TRUE,"https://online.ucpress.edu/collabra/article-pdf/9/1/57785/769028/collabra_2023_9_1_57785.pdf"
"10.1037/xge0000090",FALSE,NA
"10.3758/s13423-013-0549-2",FALSE,NA
"10.1037/pspa0000444",FALSE,NA
"10.3389/fpsyg.2015.01221",TRUE,"https://www.frontiersin.org/articles/10.3389/fpsyg.2015.01221/pdf"
"10.1002/ejsp.2172",FALSE,NA
"10.31234/osf.io/3bhja",TRUE,"https://doi.org/10.31234/osf.io/3bhja"
"10.1037/xhp0000489",FALSE,NA
"10.1037/ebs0000279",FALSE,NA
"10.1037/pspa0000261",FALSE,NA
"10.31234/osf.io/w87yr",TRUE,"https://psyarxiv.com/w87yr/download"
"10.1037/lhb0000596",FALSE,NA
"10.1002/ejsp.2748",TRUE,"https://onlinelibrary.wiley.com/doi/pdfdirect/10.1002/ejsp.2748"
"10.1017/s1930297500007774",TRUE,"https://www.cambridge.org/core/services/aop-cambridge-core/content/view/0C28BC1EA5CE6F6DC3C8C3C4FD09BE99/S1930297500007774a.pdf/div-class-title-more-is-easier-testing-the-role-of-fluency-in-the-more-credible-effect-div.pdf"
"10.26443/msurj.v19i1.231",TRUE,"https://msurjonline.mcgill.ca/article/download/231/187"
"10.1037/gdn0000121",FALSE,NA
"10.1002/pros.21320",TRUE,"https://onlinelibrary.wiley.com/doi/pdfdirect/10.1002/pros.21320"
"10.1016/j.cortex.2018.03.026",FALSE,NA
"10.3389/fnhum.2019.00119",TRUE,"https://www.frontiersin.org/articles/10.3389/fnhum.2019.00119/pdf"
"10.1037/xge0001503",FALSE,NA
"10.1038/s41467-024-46936-y",TRUE,"https://www.nature.com/articles/s41467-024-46936-y.pdf"
"10.31234/osf.io/xjaty",TRUE,"https://osf.io/xjaty/download"
"10.1098/rsos.210641",TRUE,"https://doi.org/10.1098/rsos.210641"
"10.1038/s41598-021-88139-1",TRUE,"https://www.nature.com/articles/s41598-021-88139-1.pdf"
"10.1038/s41598-024-63724-2",TRUE,"https://www.nature.com/articles/s41598-024-63724-2.pdf"
"10.5334/joc.91",TRUE,"http://www.journalofcognition.org/articles/10.5334/joc.91/galley/231/download/"
"10.1111/pops.12446",FALSE,NA
"10.1038/s41562-024-02062-9",TRUE,"https://doi.org/10.1038/s41562-024-02062-9"
"10.17645/mac.7807",TRUE,"https://doi.org/10.17645/mac.7807"
"10.1073/pnas.2402315121",TRUE,"https://www.pnas.org/doi/pdf/10.1073/pnas.2402315121"
"10.32714/ricl.10.01.08",TRUE,"https://ricl.aelinco.es/index.php/ricl/article/view/241/128"
"10.1093/applin/amae042",TRUE,"https://academic.oup.com/applij/advance-article-pdf/doi/10.1093/applin/amae042/58513992/amae042.pdf"
"kontkanen_jaakko_thesis_2024",FALSE,NA
"10.1080/02699931.2019.1710110",TRUE,"https://nottingham-repository.worktribe.com/output/3637717"
"10.31234/osf.io/ntukz",TRUE,"https://psyarxiv.com/ntukz/download"
"10.1080/02699931.2020.1863187",FALSE,NA
"10.1016/s0005-7967(98)00158-2",FALSE,NA
"10.1027/1864-1105/a000334",FALSE,NA
"10.1002/cpp.70057",FALSE,NA
"10.1080/10584609809342367",FALSE,NA
"10.1002/rrq.62",TRUE,"http://nrs.harvard.edu/urn-3:HUL.InstRepos:28552549"
"10.1016/j.actpsy.2020.103138",FALSE,NA
"10.1080/17470218.2012.699077",FALSE,NA
"10.1080/23273798.2024.2337948",FALSE,NA
"10.15626/mp.2020.2639",TRUE,"https://open.lnu.se/index.php/metapsychology/article/download/2639/3807"
"10.1016/j.jesp.2024.104619",TRUE,"https://doi.org/10.1016/j.jesp.2024.104619"
"10.15626/mp.2020.2538",TRUE,"https://open.lnu.se/index.php/metapsychology/article/download/2538/2566"
"10.17605/osf.io/ezw6p",FALSE,NA
"10.1016/j.actpsy.2022.103717",TRUE,"https://doi.org/10.1016/j.actpsy.2022.103717"
"10.1016/j.bbr.2024.115096",TRUE,"https://doi.org/10.1016/j.bbr.2024.115096"
"10.1080/08870446.2013.841911",TRUE,"https://dspace.library.uu.nl/handle/1874/305844"
"10.48550/arxiv.1605.00178",FALSE,NA
"10.1525/collabra.68054",TRUE,"https://online.ucpress.edu/collabra/article-pdf/9/1/68054/768685/collabra_2023_9_1_68054.pdf"
"10.1126/science.aaf0918",TRUE,"https://scholarbank.nus.edu.sg/handle/10635/168210"
"10.1111/psyp.12825",TRUE,"https://cris.maastrichtuniversity.nl/en/publications/b3561ee6-83f7-4e06-8df3-e77e2db51025"
"10.1177/0145445518786463",FALSE,NA
"10.1016/j.ijpsycho.2015.12.004",FALSE,NA
"10.1016/j.cortex.2014.11.019",TRUE,"https://dare.uva.nl/personal/pure/en/publications/a-purely-confirmatory-replication-study-of-structural-brainbehavior-correlations(8d58acc6-5946-47ba-83b0-05cf2215b4b1).html"
"10.17605/osf.io/evdp5",FALSE,NA
"10.1109/iccq60895.2024.10576941",FALSE,NA
"10.1007/978-3-031-55844-3_4",FALSE,NA
"10.15626/mp.2020.2474",TRUE,"https://open.lnu.se/index.php/metapsychology/article/download/2474/2516"
"10.31234/osf.io/kavx4",TRUE,"https://doi.org/10.31234/osf.io/kavx4"
"10.1371/journal.pone.0313619",TRUE,"https://doi.org/10.1371/journal.pone.0313619"
"10.1017/s026144482000021x",FALSE,NA
"10.1525/collabra.32572",TRUE,"https://online.ucpress.edu/collabra/article-pdf/8/1/32572/496286/collabra_2022_8_1_32572.pdf"
"10.1007/bf02298289",FALSE,NA
"10.1037/dev0000499",FALSE,NA
"10.1037/a0024923",FALSE,NA
"10.1016/j.cogdev.2017.10.004",FALSE,NA
"10.1016/j.intell.2020.101471",TRUE,"https://doi.org/10.1016/j.intell.2020.101471"
"10.1016/j.dcn.2017.12.003",TRUE,"https://doi.org/10.1016/j.dcn.2017.12.003"
"10.1016/j.joep.2020.102350",FALSE,NA
"10.17605/osf.io/fmd75",FALSE,NA
"10.18718/81781.38",FALSE,NA
"10.31234/osf.io/bgp3m",TRUE,"https://psyarxiv.com/bgp3m/download"
"10.17605/osf.io/4hjck",FALSE,NA
"10.1080/15248372.2018.1544140",FALSE,NA
"10.1177/0956797617747090",FALSE,NA
"10.1177/09567976241246552",FALSE,NA
"10.1371/journal.pone.0096339",TRUE,"https://journals.plos.org/plosone/article/file?id=10.1371/journal.pone.0096339&type=printable"
"10.1177/2515245920917931",TRUE,"https://journals.sagepub.com/doi/pdf/10.1177/2515245920917931"
"10.17605/osf.io/82bwv",FALSE,NA
"10.17605/osf.io/ehjdm",FALSE,NA
"10.1177/0956797617719730",FALSE,NA
"10.17605/osf.io/ictp5",FALSE,NA
"10.3389/fpsyg.2014.00786",TRUE,"https://www.frontiersin.org/articles/10.3389/fpsyg.2014.00786/pdf"
"10.1027/1864-9335/a000186",FALSE,NA
"10.17605/osf.io/gea2s",FALSE,NA
"10.2139/ssrn.2586261",TRUE,"https://doi.org/10.2139/ssrn.2586261"
"10.1037/xhp0000331",TRUE,"https://doi.org/10.1037/xhp0000331"
"10.17605/osf.io/39xuw",FALSE,NA
"10.7334/psicothema2019.405",TRUE,"https://doi.org/10.7334/psicothema2019.405"
"10.1017/s0272263124000238",TRUE,"https://www.cambridge.org/core/services/aop-cambridge-core/content/view/1B3C56DC41EFB09D8F8B82DBD22A785E/S0272263124000238a.pdf/div-class-title-clarifying-the-role-of-inhibitory-control-in-l2-phonological-processing-a-preregistered-close-replication-of-darcy-et-al-2016-div.pdf"
"10.31234/osf.io/xr6bn",TRUE,"https://doi.org/10.31234/osf.io/xr6bn"
"10.1080/01973533.2013.856792",TRUE,"https://www.repository.cam.ac.uk/handle/1810/245200"
"10.1177/2167702613485565",FALSE,NA
"10.5209/rev_sjop.2011.v14.n1.13",FALSE,NA
"10.1371/journal.pone.0172636",TRUE,"https://journals.plos.org/plosone/article/file?id=10.1371/journal.pone.0172636&type=printable"
"10.1016/j.joep.2018.12.001",FALSE,NA
"10.1037/pspa0000064",FALSE,NA
"10.1111/desc.13244",TRUE,"https://onlinelibrary.wiley.com/doi/pdfdirect/10.1111/desc.13244"
"10.1145/3649217.3653545",TRUE,"https://doi.org/10.1145/3649217.3653545"
"10.31236/osf.io/tzn6d",TRUE,"https://doi.org/10.31236/osf.io/tzn6d"
"10.1016/j.joep.2020.102349",FALSE,NA
"10.1016/j.joep.2020.102312",FALSE,NA
"10.18718/81781.29",FALSE,NA
"10.1017/s1930297500008470",TRUE,"https://www.cambridge.org/core/services/aop-cambridge-core/content/view/33C3F2CE24AC6932CD6339713B566E55/S1930297500008470a.pdf/div-class-title-agency-and-self-other-asymmetries-in-perceived-bias-and-shortcomings-replications-of-the-bias-blind-spot-and-link-to-free-will-beliefs-div.pdf"
"10.1525/collabra.192",TRUE,"http://www.collabra.org/articles/10.1525/collabra.192/galley/251/download/"
"10.3758/s13428-022-01879-4",TRUE,"https://link.springer.com/content/pdf/10.3758/s13428-022-01879-4.pdf"
"10.17605/osf.io/e9d3k",FALSE,NA
"10.1525/collabra.185",TRUE,"http://www.collabra.org/articles/10.1525/collabra.185/galley/278/download/"
"10.31234/osf.io/fmdqe",TRUE,"https://doi.org/10.31234/osf.io/fmdqe"
"10.31219/osf.io/q56rk",TRUE,"https://osf.io/q56rk/download"
"10.1525/collabra.32964",TRUE,"https://online.ucpress.edu/collabra/article-pdf/8/1/32964/496296/collabra_2022_8_1_32964.pdf"
"10.1017/s0272263124000342",TRUE,"https://www.cambridge.org/core/services/aop-cambridge-core/content/view/916EBF157B2B8E70E2440CBE9749DDFA/S0272263124000342a.pdf/div-class-title-statistical-insignificance-is-not-wholesale-transfer-in-l3-acquisition-an-approximate-replication-of-rothman-2011-div.pdf"
"10.1016/j.appet.2013.12.020",FALSE,NA
"10.1177/0956797617734315",TRUE,"https://research.tilburguniversity.edu/en/publications/9abdb959-d176-486a-8ef0-701981ba48df"
"10.1027/1864-9335/a000190",FALSE,NA
"10.1177/0956797614553946",FALSE,NA
"10.1007/s00426-019-01203-4",TRUE,"https://link.springer.com/content/pdf/10.1007/s00426-019-01203-4.pdf"
"10.1177/1745691615605826",TRUE,"https://journals.sagepub.com/doi/pdf/10.1177/1745691615605826"
"10.1177/2515245919881152",TRUE,"https://journals.sagepub.com/doi/pdf/10.1177/2515245919881152"
"10.1037/pspa0000238",FALSE,NA
"10.1093/scan/nsx012",TRUE,"https://academic.oup.com/scan/article-pdf/12/6/910/27104404/nsx012.pdf"
"10.1027/1864-9335/a000191",FALSE,NA
"10.1016/j.cognition.2014.09.003",TRUE,"http://orbilu.uni.lu/handle/10993/17967"
"10.1177/0956797613486983",FALSE,NA
"10.1177/0956797620922477",FALSE,NA
"10.1016/j.actpsy.2022.103497",TRUE,"https://doi.org/10.1016/j.actpsy.2022.103497"
"10.1177/0956797620953842",FALSE,NA
"10.1177/09567976211024535",TRUE,"https://doi.org/10.1177/09567976211024535"
"10.1080/10615806.2020.1763140",FALSE,NA
"10.1080/10926771.2022.2038753",FALSE,NA
"10.1177/19485506241298340",FALSE,NA
"10.1037/xge0000067",TRUE,"https://research.rug.nl/en/publications/8236dbdc-347f-4c85-bd84-6456c1d8ab2d"
"10.31234/osf.io/esu9z",TRUE,"https://osf.io/esu9z/download"
"10.1525/collabra.90195",TRUE,"https://online.ucpress.edu/collabra/article-pdf/9/1/90195/796630/collabra_2023_9_1_90195.pdf"
"10.1177/1948550618808863",FALSE,NA
"10.1177/19485506241257971",FALSE,NA
"10.1080/13506285.2024.2343157",FALSE,NA
"10.1080/15614263.2022.2102494",TRUE,"https://www.tandfonline.com/doi/pdf/10.1080/15614263.2022.2102494?needAccess=true"
"10.17605/osf.io/rge23",FALSE,NA
"10.70252/nkky8370",TRUE,"https://doi.org/10.70252/nkky8370"
"10.1177/2515245918781032",TRUE,"https://journals.sagepub.com/doi/pdf/10.1177/2515245918781032"
"10.1093/cercor/bhx353",TRUE,"https://academic.oup.com/cercor/article-pdf/29/2/701/29093080/bhx353.pdf"
"10.1177/0886260512447579",TRUE,"https://research-repository.griffith.edu.au/bitstreams/ecc51667-1941-5c40-acd8-114819e4a3ab/download"
"10.1080/1612197x.2016.1199580",FALSE,NA
"10.2466/20.22.pms.114.1.185-188",FALSE,NA
"10.2501/jar-40-1-2-35-42",FALSE,NA
"10.1177/07419325241240067",FALSE,NA
"10.1371/journal.pone.0292576",TRUE,"https://journals.plos.org/plosone/article/file?id=10.1371/journal.pone.0292576&type=printable"
"10.3389/fped.2021.590040",TRUE,"https://www.frontiersin.org/articles/10.3389/fped.2021.590040/pdf"
"10.17605/osf.io/j8a4p",FALSE,NA
"10.17605/osf.io/uxajg",FALSE,NA
"10.3389/fpsyg.2024.1495812",TRUE,"https://www.frontiersin.org/journals/psychology/articles/10.3389/fpsyg.2024.1495812/pdf"
"10.3758/s13423-024-02602-4",TRUE,"https://link.springer.com/content/pdf/10.3758/s13423-024-02602-4.pdf"
"10.20982/tqmp.20.1.r001",TRUE,"https://www.tqmp.org/ReplicationStudies/vol20-1/r001/r001.pdf"
"10.3758/s13414-015-0849-x",TRUE,"https://link.springer.com/content/pdf/10.3758/s13414-015-0849-x.pdf"
"10.1037/xhp0000180",FALSE,NA
"10.1017/s1930297500008299",TRUE,"https://www.cambridge.org/core/services/aop-cambridge-core/content/view/BB2D0F7C7B9BC46BD65F1512868C8D6F/S1930297500008299a.pdf/div-class-title-accentuation-and-compatibility-replication-and-extensions-of-shafir-1993-to-rethink-choosing-versus-rejecting-paradigms-div.pdf"
"10.1027/1618-3169/a000567",TRUE,"https://doi.org/10.1027/1618-3169/a000567"
"10.1016/j.jecp.2015.12.009",FALSE,NA
"10.1111/fare.13030",FALSE,NA
"10.1525/collabra.18738",TRUE,"https://online.ucpress.edu/collabra/article-pdf/7/1/18738/454211/collabra_2021_7_1_18738.pdf"
"10.1177/2515245918777487",TRUE,"https://journals.sagepub.com/doi/pdf/10.1177/2515245918777487"
"vonpruski_2024",FALSE,NA
"digitalcommons.memphis.edu--etd--3538",FALSE,NA
"thekeep.eiu.edu/theses/5025",FALSE,NA
"10.1002/acp.70124",TRUE,"https://onlinelibrary.wiley.com/doi/pdfdirect/10.1002/acp.70124"
"10.1002/aur.1474",TRUE,"https://hdl.handle.net/2027.42/115929"
"10.1002/hbm.25386",TRUE,"https://onlinelibrary.wiley.com/doi/pdfdirect/10.1002/hbm.25386"
"10.1002/jaba.70048",FALSE,NA
"10.1002/jclp.21839",FALSE,NA
"10.1002/jcop.21574",FALSE,NA
"10.1002/npr2.70078",TRUE,"https://onlinelibrary.wiley.com/doi/pdfdirect/10.1002/npr2.70078"
"10.1002/smj.2567",FALSE,NA
"10.1002/smj.2579",FALSE,NA
"10.1007/s00426-025-02167-4",TRUE,"https://link.springer.com/content/pdf/10.1007/s00426-025-02167-4.pdf"
"10.1007/s11002-025-09794-2",TRUE,"https://link.springer.com/content/pdf/10.1007/s11002-025-09794-2.pdf"
"10.1007/s11301-025-00572-y",FALSE,NA
"10.1007/s12671-017-0880-1",TRUE,"https://link.springer.com/content/pdf/10.1007/s12671-017-0880-1.pdf"
"10.1007/s40279-025-02201-w",TRUE,"https://link.springer.com/content/pdf/10.1007/s40279-025-02201-w.pdf"
"10.1007/s42822-025-00229-1",FALSE,NA
"10.1016/j.tjnut.2025.101302",TRUE,"https://doi.org/10.1016/j.tjnut.2025.101302"
"10.1017/epi.2015.17",FALSE,NA
"10.1017/psrm.2018.50",FALSE,NA
"10.1017/s0003055404001200",FALSE,NA
"10.1017/s0003055413000063",FALSE,NA
"10.1017/s0003055424001308",FALSE,NA
"10.1017/s000842392200004x",TRUE,"https://www.cambridge.org/core/services/aop-cambridge-core/content/view/6BE35CBEF554436E5AA8272B71CD6BCD/S000842392200004Xa.pdf/div-class-title-reassessing-local-candidate-effects-div.pdf"
"10.1017/s0008423924000234",TRUE,"https://www.cambridge.org/core/services/aop-cambridge-core/content/view/CD9E3DBFDB6DF430CECEE305CE942DBB/S0008423924000234a.pdf/div-class-title-replicating-language-matters-taking-baselines-into-account-div.pdf"
"10.1017/s1355617713000738",TRUE,"https://doi.org/10.7916/d82v3tmd"
"10.1017/xps.2019.1",FALSE,NA
"10.1017/xps.2020.18",FALSE,NA
"10.1027/1864-9335/a000184",FALSE,NA
"10.1027/1864-9335/a000187",FALSE,NA
"10.1027/1864-9335/a000189",TRUE,"https://dare.uva.nl/personal/pure/en/publications/three-attempts-to-replicate-the-moral-licensing-effect(63f081e1-e973-4507-8c98-9506243999d7).html"
"10.1037/a0018881",FALSE,NA
"10.1037/a0029709",FALSE,NA
"10.1037/a0033324",FALSE,NA
"10.1037/bne0000068",TRUE,"http://doi.org/10.1037/bne0000068"
"10.1037/cdp0000775",TRUE,"https://doi.org/10.1037/cdp0000775"
"10.1037/edu0000141",TRUE,"https://doi.org/10.1037/edu0000141"
"10.1037/edu0000146",TRUE,"https://doi.org/10.1037/edu0000146"
"10.1037/pas0000664",TRUE,"https://doi.org/10.1037/pas0000664"
"10.1037/per0000041",FALSE,NA
"10.1037/pspa0000121",FALSE,NA
"10.1037/pspa0000191",FALSE,NA
"10.1037/pspp0000037",FALSE,NA
"10.1037/pspp0000104",TRUE,"https://doi.org/10.5167/uzh-206354"
"10.1037/xge0000027",FALSE,NA
"10.1037/xlm0001529",FALSE,NA
"10.1080/00330124.2012.681509",FALSE,NA
"10.1080/00913367.2015.1085819",FALSE,NA
"10.1080/02699931.2017.1279591",TRUE,"https://www.tandfonline.com/doi/pdf/10.1080/02699931.2017.1279591?needAccess=true"
"10.1080/07421656.2012.680047",FALSE,NA
"10.1080/09515089.2014.893288",FALSE,NA
"10.1080/10584609.2014.914612",FALSE,NA
"10.1080/13561820.2016.1233096",FALSE,NA
"10.1080/14719037.2017.1282000",TRUE,"https://www.tandfonline.com/doi/pdf/10.1080/14719037.2017.1282000?needAccess=true"
"10.1080/15248372.2017.1346658",FALSE,NA
"10.1080/15475441.2014.979387",TRUE,"http://doi.org/10.1080/15475441.2014.979387"
"10.1080/23273798.2016.1242761",TRUE,"https://www.research.ed.ac.uk/en/publications/8f8d47aa-065a-46e8-86bb-55db7d3b1708"
"10.1098/rsos.191795",TRUE,"https://royalsocietypublishing.org/doi/pdf/10.1098/rsos.191795"
"10.1098/rsos.210190",TRUE,"https://royalsocietypublishing.org/doi/pdf/10.1098/rsos.210190"
"10.1101/2025.11.02.686051",TRUE,"https://www.biorxiv.org/content/biorxiv/early/2025/11/04/2025.11.02.686051.full.pdf"
"10.1109/tse.2012.46",TRUE,"https://lup.lub.lu.se/record/3242814"
"10.1111/acfi.70148",FALSE,NA
"10.1111/cdev.12774",FALSE,NA
"10.1111/j.1474-9726.2010.00627.x",TRUE,"https://onlinelibrary.wiley.com/doi/pdfdirect/10.1111/j.1474-9726.2010.00627.x"
"10.1111/j.1540-4781.2011.01174.x",FALSE,NA
"10.1111/jpr.70014",FALSE,NA
"10.1111/lang.12335",TRUE,"https://figshare.com/articles/journal_contribution/The_Development_of_Implicit_and_Explicit_Knowledge_of_Collocations_A_Conceptual_Replication_and_Extension_of_Sonbul_and_Schmitt_2013_/16306113"
"10.1111/lang.12371",FALSE,NA
"10.1111/lang.70019",TRUE,"https://doi.org/10.1111/lang.70019"
"10.1111/padm.12743",TRUE,"https://onlinelibrary.wiley.com/doi/pdfdirect/10.1111/padm.12743"
"10.1111/padm.12890",FALSE,NA
"10.1111/padm.12913",TRUE,"https://doi.org/10.1111/padm.12913"
"10.1111/padm.12921",FALSE,NA
"10.1111/padm.12970",TRUE,"https://onlinelibrary.wiley.com/doi/pdfdirect/10.1111/padm.12970"
"10.1111/padm.13031",FALSE,NA
"10.1111/padm.70001",TRUE,"https://onlinelibrary.wiley.com/doi/pdfdirect/10.1111/padm.70001"
"10.1111/padm.70015",FALSE,NA
"10.1111/padm.70016",TRUE,"https://onlinelibrary.wiley.com/doi/pdfdirect/10.1111/padm.70016"
"10.1111/psyp.13546",TRUE,"https://onlinelibrary.wiley.com/doi/pdfdirect/10.1111/psyp.13546"
"10.1123/jsep.2025-0001",FALSE,NA
"10.1163/26670127-bja10030",TRUE,"https://doi.org/10.1163/26670127-bja10030"
"10.1176/appi.ajp.20240596",FALSE,NA
"10.1177/0038040718801760",TRUE,"https://www.ncbi.nlm.nih.gov/pmc/articles/11139062"
"10.1177/0956797618761661",FALSE,NA
"10.1177/0969733010386162",FALSE,NA
"10.1177/10422587221084249",FALSE,NA
"10.1177/1362168810375365",FALSE,NA
"10.1177/1362168816651464",FALSE,NA
"10.1177/1470595814521600",FALSE,NA
"10.1177/1745691617693624",TRUE,"https://journals.sagepub.com/doi/pdf/10.1177/1745691617693624"
"10.1177/1745691618755704",TRUE,"https://discovery.dundee.ac.uk/en/publications/e6bd55ca-a2b9-490f-a117-71b51b56d242"
"10.1177/19401612251378969",TRUE,"https://doi.org/10.1177/19401612251378969"
"10.1177/1948550618775410",TRUE,"http://hdl.handle.net/11572/289260"
"10.1177/2053168014559094",TRUE,"https://journals.sagepub.com/doi/pdf/10.1177/2053168014559094"
"10.1177/2053168018822174",TRUE,"https://journals.sagepub.com/doi/pdf/10.1177/2053168018822174"
"10.1177/20531680231188262",TRUE,"https://journals.sagepub.com/doi/pdf/10.1177/20531680231188262"
"10.1177/20531680251355253",TRUE,"https://doi.org/10.1177/20531680251355253"
"10.1177/2515245920903079",TRUE,"https://journals.sagepub.com/doi/pdf/10.1177/2515245920903079"
"10.1186/s13024-018-0267-3",TRUE,"https://molecularneurodegeneration.biomedcentral.com/track/pdf/10.1186/s13024-018-0267-3"
"10.1371/journal.pone.0033423",TRUE,"https://journals.plos.org/plosone/article/file?id=10.1371/journal.pone.0033423&type=printable"
"10.1371/journal.pone.0042510",TRUE,"https://journals.plos.org/plosone/article/file?id=10.1371/journal.pone.0042510&type=printable"
"10.1371/journal.pone.0072467",TRUE,"https://journals.plos.org/plosone/article/file?id=10.1371/journal.pone.0072467&type=printable"
"10.1515/jbnst-2025-0030",TRUE,"https://www.degruyterbrill.com/document/doi/10.1515/jbnst-2025-0030/pdf"
"10.1515/zfsoz-2023-2029",TRUE,"https://www.degruyter.com/document/doi/10.1515/zfsoz-2023-2029/pdf"
"10.1525/collabra.216",TRUE,"http://www.collabra.org/articles/10.1525/collabra.216/galley/263/download/"
"10.1525/mp.2012.30.2.161",TRUE,"http://doi.org/10.1525/mp.2012.30.2.161"
"10.21203/rs.3.rs-7544401/v1",TRUE,"https://www.researchsquare.com/article/rs-7544401/latest.pdf"
"10.21203/rs.3.rs-8351701/v1",TRUE,"https://www.researchsquare.com/article/rs-8351701/latest.pdf"
"10.2307/2586310",FALSE,NA
"10.2308/bria-51455",FALSE,NA
"10.2337/db13-1435",TRUE,"https://diabetes.diabetesjournals.org/content/diabetes/63/4/1283.full.pdf"
"10.26481/umagsb.2025008",FALSE,NA
"10.3389/fpsyg.2017.00190",TRUE,"https://www.frontiersin.org/articles/10.3389/fpsyg.2017.00190/pdf"
"10.3390/su12083069",TRUE,"https://www.mdpi.com/2071-1050/12/8/3069/pdf?version=1586596756"
"10.3758/s13423-021-01927-8",TRUE,"https://link.springer.com/content/pdf/10.3758/s13423-021-01927-8.pdf"
"10.5539/ibr.v5n4p71",TRUE,"https://ccsenet.org/journal/index.php/ibr/article/download/15899/10662"
"10.57229/2834-2267.1072",FALSE,NA
"10.7554/elife.25801",TRUE,"https://doi.org/10.7554/elife.25801"
"10.7554/elife.33468",TRUE,"https://doi.org/10.7554/elife.33468"
"10.1038/s41598-025-25608-x",TRUE,"https://www.nature.com/articles/s41598-025-25608-x.pdf"
"10.1177/1745691614545653",TRUE,"http://hdl.handle.net/10034/623416"
"10.1177/1745691616664694",TRUE,"https://journals.sagepub.com/doi/pdf/10.1177/1745691616664694"
"10.1177/1745691616674458",TRUE,"https://journals.sagepub.com/doi/pdf/10.1177/1745691616674458"
"10.2307/2586120",FALSE,NA
"10.10419/295247",FALSE,NA
"10.17605/osf.io/c3k6f",FALSE,NA
"10.1038/nature08833",TRUE,"https://www.nature.com/articles/nature08833.pdf"
"10.1126/scitranslmed.3001318",FALSE,NA
"10.1126/science.1183057",TRUE,"https://www.science.org/cms/asset/69258ce8-2f57-4092-ac56-02c5a2aa5f45/pap.pdf"
"10.1073/pnas.1121623109",TRUE,"https://www.pnas.org/content/pnas/109/17/6662.full.pdf"
"10.1016/j.cell.2011.08.017",TRUE,"http://www.cell.com/article/S0092867411009433/pdf"
"10.1038/nature11071",TRUE,"https://www.nature.com/articles/nature11071.pdf"
"10.1038/nature10509",TRUE,"https://doi.org/10.7270/q2pv6r35"
"10.1101/gr.126516.111",TRUE,"https://genome.cshlp.org/content/22/2/299.full.pdf"
"10.1016/j.ccr.2010.01.020",TRUE,"http://www.cell.com/article/S153561081000036X/pdf"
"10.1038/nature11005",TRUE,"https://serval.unil.ch/notice/serval:BIB_062794FBE8EB"
"10.1016/j.cell.2012.08.026",TRUE,"http://www.cell.com/article/S0092867412010574/pdf"
"10.1126/science.1224820",TRUE,"https://www.ncbi.nlm.nih.gov/pmc/articles/3645302"
"10.1038/nm.2753",TRUE,"https://www.ncbi.nlm.nih.gov/pmc/articles/3645291"
"10.1038/nm.2284",TRUE,"https://www.ncbi.nlm.nih.gov/pmc/articles/3076220"
"10.1016/j.cell.2011.05.040",FALSE,NA
"10.1038/ncb2048",FALSE,NA
"10.1038/nature09144",FALSE,NA
"10.1016/j.cell.2011.09.029",TRUE,"http://www.cell.com/article/S0092867411011408/pdf"
"10.1016/j.cell.2009.12.040",TRUE,"http://www.cell.com/article/S0092867409016262/pdf"
"10.1038/nature09208",FALSE,NA
"10.1038/nature09557",FALSE,NA
"10.1038/nature09627",TRUE,"https://www.ncbi.nlm.nih.gov/pmc/articles/3058384"
"10.1038/nature10860",FALSE,NA
"10.1038/ng.520",TRUE,"https://www.research.ed.ac.uk/en/publications/b78a0a97-ea2f-436d-b79f-c46266abd243"
"10.1093/scan/nsn004",TRUE,"https://doi.org/10.1093/scan/nsn004"
"10.1177/09567976221082637",TRUE,"https://doi.org/10.1177/09567976221082637"
"10.37237/relay/010204",FALSE,NA
"10.1177/0193723504273121",FALSE,NA
"10.1101/2021.11.30.470372",TRUE,"https://www.biorxiv.org/content/biorxiv/early/2021/12/01/2021.11.30.470372.full.pdf"
"10.7554/elife.17044",TRUE,"https://doi.org/10.7554/elife.17044"
"10.7554/elife.17584",TRUE,"https://doi.org/10.7554/elife.17584"
"10.7554/elife.18173",TRUE,"https://doi.org/10.7554/elife.18173"
"10.7554/elife.21253",TRUE,"https://doi.org/10.7554/elife.21253"
"10.7554/elife.21634",TRUE,"https://doi.org/10.7554/elife.21634"
"10.7554/elife.25306",TRUE,"https://doi.org/10.7554/elife.25306"
"10.7554/elife.26030",TRUE,"https://doi.org/10.7554/elife.26030"
"10.7554/elife.29747",TRUE,"https://doi.org/10.7554/elife.29747"
"10.7554/elife.30274",TRUE,"https://doi.org/10.7554/elife.30274"
"10.7554/elife.34364",TRUE,"https://doi.org/10.7554/elife.34364"
"10.7554/elife.39944",TRUE,"https://elifesciences.org/articles/39944.bib"
"10.7554/elife.43511",TRUE,"https://doi.org/10.7554/elife.43511"
"10.7554/elife.45120",TRUE,"https://doi.org/10.7554/elife.45120"
"10.7554/elife.45426",TRUE,"https://elifesciences.org/articles/45426.bib"
"10.7554/elife.51019",TRUE,"https://doi.org/10.7554/elife.51019"
"10.7554/elife.56651",TRUE,"https://doi.org/10.7554/elife.56651"
"10.7554/elife.73430",TRUE,"https://doi.org/10.7554/elife.73430"
"10.1007/s00125-010-2002-7",TRUE,"https://link.springer.com/content/pdf/10.1007/s00125-010-2002-7.pdf"
"10.1037/fam0000034",TRUE,"http://doi.org/10.1037/fam0000034"
"10.1017/s1930297500009189",TRUE,"https://www.cambridge.org/core/services/aop-cambridge-core/content/view/3FA56FE11BABF1005793F0FBD243EC80/S1930297500009189a.pdf/div-class-title-both-better-and-worse-than-others-depending-on-difficulty-replication-and-extensions-of-kruger-s-1999-above-and-below-average-effects-div.pdf"
"10.37237/150205",TRUE,"https://sisaljournal.org/wp-content/uploads/2024/06/menegale_spricigo-1.pdf"
"10.1080/23808985.1987.11678663",FALSE,NA
"10.1080/03634529909379152",FALSE,NA
"10.1080/03634520109379232",FALSE,NA
"10.1002/ab.21544",FALSE,NA
"10.1007/bf00299299",FALSE,NA
"10.1002/jaba.152",FALSE,NA
"10.1901/jaba.2012.45-69",TRUE,"https://onlinelibrary.wiley.com/doi/pdfdirect/10.1901/jaba.2012.45-69"
"10.1002/jaba.27",FALSE,NA
"10.1002/jaba.394",FALSE,NA
"10.1002/jaba.672",FALSE,NA
"10.1002/jaba.69",FALSE,NA
"10.2307/256894",FALSE,NA
"10.1287/orsc.1040.0065",FALSE,NA
"10.1002/smj.2682",FALSE,NA
"10.1177/0265532212436659",FALSE,NA
"10.1177/0956797614524581",FALSE,NA
"10.1016/j.lindif.2016.03.001",FALSE,NA
"10.1111/j.1540-627x.2012.00373.x",FALSE,NA
"10.1016/j.cognition.2010.09.012",FALSE,NA
"10.1016/j.labeco.2016.04.004",FALSE,NA
"10.3390/cli7020028",TRUE,"https://www.mdpi.com/2225-1154/7/2/28/pdf?version=1550393592"
"10.1037/0022-3514.58.6.1015",FALSE,NA
"10.1016/j.jfbs.2016.08.001",FALSE,NA
"10.1121/1.1894649",FALSE,NA
"10.1177/2167702612472487",FALSE,NA
"10.2307/255897",FALSE,NA
"10.1037/e520602012-521",FALSE,NA
"10.1111/j.1559-1816.2003.tb02783.x",FALSE,NA
"10.1037//0022-0663.67.6.882",FALSE,NA
"10.1007/bf03395755",FALSE,NA
"10.1111/bjop.12239",FALSE,NA
"10.1037/a0022834",FALSE,NA
"10.1017/cbo9780511667268.005",FALSE,NA
"10.1016/j.jslw.2012.05.011",FALSE,NA
"10.1177/0267658310395851",FALSE,NA
"10.1177/0267658315589656",FALSE,NA
"10.1111/j.1933-1592.2007.00118.x",FALSE,NA
"10.1017/s0142716409990014",TRUE,"https://www.cambridge.org/core/services/aop-cambridge-core/content/view/554D00B8D979BD1CFF17774087D14326/S0142716409990014a.pdf/div-class-title-automatization-in-second-language-acquisition-what-does-the-coefficient-of-variation-tell-us-div.pdf"
"10.3138/cmlr.3831",FALSE,NA
"10.1017/s0954579410000659",TRUE,"https://www.ncbi.nlm.nih.gov/pmc/articles/3077552"
"10.1017/s0958344020000191",FALSE,NA
"10.1016/j.jocrd.2014.08.002",FALSE,NA
"10.1145/2380718.2380739",FALSE,NA
"10.1002/bdm.656",FALSE,NA
"10.1016/j.earlhumdev.2003.12.002",FALSE,NA
"10.1037/0022-0663.91.2.358",FALSE,NA
"10.1024/1010-0652.21.3.305",FALSE,NA
"10.1097/00001888-197307000-00003",FALSE,NA
"10.1177/0011000012442650",FALSE,NA
"10.1348/014466609x473956",FALSE,NA
"10.1037/edu0000039",TRUE,"https://doi.org/10.1037/edu0000039"
"10.1037/a0032282",FALSE,NA
"10.1037/pspp0000136",TRUE,"https://doi.org/10.1037/pspp0000136"
"10.1016/j.jbtep.2018.07.002",FALSE,NA
"10.1037/e578192014-061",FALSE,NA
"10.1037/a0031337",FALSE,NA
"10.1075/jsls.20004.cho",FALSE,NA
"10.3389/fnhum.2017.00468",TRUE,"https://www.frontiersin.org/articles/10.3389/fnhum.2017.00468/pdf"
"10.1177/002224298204600109",FALSE,NA
"10.1509/jppm.29.2.265",FALSE,NA
"10.2753/joa0091-3367370303",FALSE,NA
"10.1016/j.system.2008.08.002",FALSE,NA
"10.1080/02699930802652388",FALSE,NA
"10.1037/0022-3514.91.6.995",FALSE,NA
"10.1177/0305735696241007",FALSE,NA
"10.1073/pnas.1407535111",TRUE,"https://www.pnas.org/content/pnas/111/33/12252.full.pdf"
"10.1080/03004430215103",FALSE,NA
"10.1163/15685370260441008",FALSE,NA
"10.1080/03634520216516",FALSE,NA
"10.1002/hbm.20939",FALSE,NA
"10.1016/j.brainres.2009.07.042",FALSE,NA
"10.1682/jrrd.2013.05.0104",FALSE,NA
"10.1007/s10940-015-9263-8",FALSE,NA
"10.1103/physrevphyseducres.14.020109",TRUE,"http://link.aps.org/pdf/10.1103/PhysRevPhysEducRes.14.020109"
"10.1111/j.1468-0297.2009.02267.x",FALSE,NA
"10.1145/3379597.3387482",FALSE,NA
"10.1111/j.1467-8624.2009.01278.x",FALSE,NA
"10.1017/s0272263102004023",FALSE,NA
"10.1111/j.1468-0408.2006.00428.x",FALSE,NA
"10.1111/j.1551-6709.2008.01005.x",FALSE,NA
"10.1162/jocn_a_00801",TRUE,"https://direct.mit.edu/jocn/article-pdf/27/7/1286/1949300/jocn_a_00801.pdf"
"10.1086/686249",FALSE,NA
"10.1080/09602010500145620",FALSE,NA
"10.1177/002248715901000129",FALSE,NA
"10.1207/s15328023top2704_02",FALSE,NA
"10.1177/0098628311401591",FALSE,NA
"10.1177/0146167208327217",FALSE,NA
"10.5465/amj.2005.18803920",FALSE,NA
"10.1177/0272431614523133",FALSE,NA
"10.1177/030857591103500106",FALSE,NA
"10.1037/spq0000088",FALSE,NA
"10.1177/0956797610362675",TRUE,"https://www.ncbi.nlm.nih.gov/pmc/articles/2861779"
"10.1177/0956797616677313",FALSE,NA
"10.1177/0956797610364762",TRUE,"http://nrs.harvard.edu/urn-3:HUL.InstRepos:33471129"
"10.1037/h0028063",FALSE,NA
"10.1177/0956797612443835",FALSE,NA
"10.1177/0956797613494848",FALSE,NA
"10.1177/0956797618764621",FALSE,NA
"10.3758/bf03206733",TRUE,"https://link.springer.com/content/pdf/10.3758/BF03206733.pdf"
"10.1108/09578230410554052",FALSE,NA
"10.1177/106169340301200205",FALSE,NA
"10.7820/vli.v02.1.ishii",TRUE,"https://doi.org/10.7820/vli.v02.1.ishii"
"10.1177/0267658307076546",TRUE,"https://hal.science/hal-00570727"
"10.1016/j.evolhumbehav.2005.06.002",FALSE,NA
"10.1177/016264340802300304",FALSE,NA
"10.1350/ijps.2013.15.2.306",FALSE,NA
"10.1371/journal.pgen.1002656",TRUE,"https://journals.plos.org/plosgenetics/article/file?id=10.1371/journal.pgen.1002656&type=printable"
"10.1056/nejmoa1007064",TRUE,"https://www.nejm.org/doi/pdf/10.1056/NEJMoa1007064?articleTools=true"
"10.1371/journal.pone.0181640",TRUE,"https://journals.plos.org/plosone/article/file?id=10.1371/journal.pone.0181640&type=printable"
"10.5210/bsi.v18i1.2292",TRUE,"https://journals.uic.edu/ojs/index.php/bsi/article/download/2292/2443"
"10.1111/j.1467-7687.2005.00441.x",TRUE,"https://onlinelibrary.wiley.com/doi/pdfdirect/10.1111/j.1467-7687.2005.00441.x"
"10.1111/j.1540-6261.2007.01207.x",TRUE,"https://onlinelibrary.wiley.com/doi/pdfdirect/10.1111/j.1540-6261.2007.01207.x"
"10.1162/jocn_a_00708",TRUE,"https://direct.mit.edu/jocn/article-pdf/27/3/623/1949001/jocn_a_00708.pdf"
"10.1016/j.actpsy.2018.04.007",FALSE,NA
"10.1016/s1386-4181(01)00024-6",FALSE,NA
"10.1016/j.jfineco.2004.06.007",FALSE,NA
"10.2753/mis0742-1222240209",FALSE,NA
"10.17705/1jais.00232",TRUE,"https://aisel.aisnet.org/cgi/viewcontent.cgi?article=1543&context=jais"
"10.1111/j.1467-6486.2012.01062.x",FALSE,NA
"10.1901/jaba.2006.46-05",TRUE,"https://onlinelibrary.wiley.com/doi/pdfdirect/10.1901/jaba.2006.46-05"
"10.1901/jeab.2008.90-257",TRUE,"https://onlinelibrary.wiley.com/doi/pdfdirect/10.1901/jeab.2008.90-257"
"10.1037/1931-3896.2.1.8",FALSE,NA
"10.2308/accr-51448",FALSE,NA
"10.1093/jopart/muw063",TRUE,"https://kclpure.kcl.ac.uk/portal/en/publications/3390c6fe-8705-4bff-8e7b-50c1d97a1995"
"10.3102/0002831210362589",FALSE,NA
"10.1080/13638490400024036",FALSE,NA
"10.2139/ssrn.3649814",TRUE,"https://doi.org/10.2139/ssrn.3649814"
"10.1016/j.cortex.2015.05.007",TRUE,"https://doi.org/10.1016/j.cortex.2015.05.007"
"10.1016/j.beproc.2008.04.003",FALSE,NA
"10.1073/pnas.251541498",TRUE,"https://www.pnas.org/content/pnas/98/26/15387.full.pdf"
"10.1080/02701367.2005.10599260",FALSE,NA
"10.1016/j.cogbrainres.2005.02.020",FALSE,NA
"10.1016/j.jesp.2015.01.005",TRUE,"https://doi.org/10.1016/j.jesp.2015.01.005"
"10.1086/208911",FALSE,NA
"10.1037/edu0000193",FALSE,NA
"10.1111/1467-9817.00137",FALSE,NA
"10.1108/jpbm-09-2013-0393",FALSE,NA
"10.1073/pnas.1009906107",FALSE,NA
"10.1037/a0022403",FALSE,NA
"10.1002/acp.3442",TRUE,"https://onlinelibrary.wiley.com/doi/pdfdirect/10.1002/acp.3442"
"10.1037/e522512014-027",FALSE,NA
"10.1037/bar0000276",FALSE,NA
"10.1126/science.1252900",FALSE,NA
"10.1521/ijgp.52.4.511.45520",FALSE,NA
"10.1093/scan/nsn046",TRUE,"https://www.ncbi.nlm.nih.gov/pmc/articles/2686224"
"10.1016/j.jml.2007.02.001",TRUE,"https://www.sciencedirect.com/science/article/pii/S0749596X07000198"
"10.1073/pnas.1211645109",TRUE,"https://www.pnas.org/content/pnas/109/48/19614.full.pdf"
"10.1038/ng2101",FALSE,NA
"10.1177/0146167211436117",FALSE,NA
"10.1002/jaba.525",FALSE,NA
"10.3982/ecta13408",TRUE,"http://deepblue.lib.umich.edu/bitstream/2027.42/116342/1/ecta1558_am.pdf"
"10.1016/j.intell.2011.06.007",FALSE,NA
"10.1017/s1930297500006999",TRUE,"https://www.cambridge.org/core/services/aop-cambridge-core/content/view/0D3C87BCC238BCA38BC55E395BDC9999/S1930297500006999a.pdf/div-class-title-on-the-reception-and-detection-of-pseudo-profound-bullshit-div.pdf"
"10.1002/pits.22106digital object identifier (doi)",FALSE,NA
"10.1080/02796015.2011.12087729",FALSE,NA
"10.1002/smj.2274",FALSE,NA
"10.1002/smj.807",TRUE,"https://onlinelibrary.wiley.com/doi/pdfdirect/10.1002/smj.807"
"10.1287/mnsc.2018.3249",FALSE,NA
"10.2307/3586735",FALSE,NA
"10.1016/s2213-8587(18)30051-2",TRUE,"http://hdl.handle.net/10138/302057"
"10.64628/aak.5cdac76yy",FALSE,NA
"10.2139/ssrn.1158663",TRUE,"https://doi.org/10.2139/ssrn.1158663"
"10.1080/10510974.2018.1466718",FALSE,NA
"10.1002/ab.22027",TRUE,"https://onlinelibrary.wiley.com/doi/pdfdirect/10.1002/ab.22027"
"10.1002/ece3.3759",TRUE,"https://onlinelibrary.wiley.com/doi/pdfdirect/10.1002/ece3.3759"
"10.1002/jaba.329",FALSE,NA
"10.1002/jaba.339",FALSE,NA
"10.1002/jaba.398",FALSE,NA
"10.1002/jaba.665",FALSE,NA
"10.1002/jaba.740",TRUE,"https://www.ncbi.nlm.nih.gov/pmc/articles/8016448"
"10.1002/jaba.750",FALSE,NA
"10.1002/jae.2309",FALSE,NA
"10.1002/smj.2569",FALSE,NA
"10.1002/smj.2573",FALSE,NA
"10.1002/smj.3252",FALSE,NA
"10.1002/tesq.3096",FALSE,NA
"10.1007/s10648-019-09468-2",FALSE,NA
"10.1007/s10864-018-9302-2",FALSE,NA
"10.1007/s11187-023-00736-8",TRUE,"https://link.springer.com/content/pdf/10.1007/s11187-023-00736-8.pdf"
"10.1007/s11409-015-9151-5",FALSE,NA
"10.1016/j.econedurev.2020.102009",FALSE,NA
"10.1016/j.enbuild.2021.111542",TRUE,"https://doi.org/10.1016/j.enbuild.2021.111542"
"10.1016/j.jenvp.2021.101573",TRUE,"https://doi.org/10.1016/j.jenvp.2021.101573"
"10.1016/j.jfbs.2022.100497",TRUE,"https://doi.org/10.1016/j.jfbs.2022.100497"
"10.1016/j.jml.2022.104352",TRUE,"https://doi.org/10.1016/j.jml.2022.104352"
"10.1016/j.jocrd.2014.08.004",TRUE,"https://doi.org/10.1016/j.jocrd.2014.08.004"
"10.1016/j.leaqua.2021.101538",TRUE,"http://dro.dur.ac.uk/33312/"
"10.1016/j.learninstruc.2015.08.002",FALSE,NA
"10.1016/j.lindif.2012.03.010",FALSE,NA
"10.1016/j.lindif.2015.12.026",FALSE,NA
"10.1016/j.lindif.2019.05.004",FALSE,NA
"10.1016/j.tsc.2016.10.001",FALSE,NA
"10.1017/s0261444813000049",FALSE,NA
"10.1017/s0261444815000087",FALSE,NA
"10.1017/s0261444817000362",TRUE,"https://zenodo.org/record/7637741"
"10.1017/s0261444818000368",FALSE,NA
"10.1017/epi.2019.20",FALSE,NA
"10.1017/s0142716414000137",FALSE,NA
"10.1017/s0261444818000216",FALSE,NA
"10.1017/s0954579414000856",TRUE,"https://escholarship.org/content/qt8w41b8m5/qt8w41b8m5.pdf"
"10.1017/s0958344023000022",FALSE,NA
"10.1017/s1352465817000091",TRUE,"https://www.cambridge.org/core/services/aop-cambridge-core/content/view/7A226AD7122BB2CB65F9BE293772FBF7/S1352465817000091a.pdf/div-class-title-concentrated-erp-delivered-in-a-group-setting-a-replication-study-div.pdf"
"10.1017/s1930297500002941",TRUE,"https://www.cambridge.org/core/services/aop-cambridge-core/content/view/F0BDFF9D926AA80F5CBB80A35665EAE9/S1930297500002941a.pdf/div-class-title-the-collective-intelligence-of-random-small-crowds-a-partial-replication-of-kosinski-et-al-2012-div.pdf"
"10.1017/s1930297500008615",TRUE,"https://www.cambridge.org/core/services/aop-cambridge-core/content/view/F51ED69561D8C2DC734765B94E904A78/S1930297500008615a.pdf/div-class-title-risky-choice-framing-with-various-problem-descriptions-a-replication-and-extension-study-div.pdf"
"10.1017/s2040174420001294",TRUE,"https://doi.org/10.1017/S2040174420001294"
"10.1024/1010-0652/a000049",FALSE,NA
"10.1024/1010-0652/a000121",FALSE,NA
"10.1037/a0033827",FALSE,NA
"10.1037/cou0000110",FALSE,NA
"10.1037/edu0000326",TRUE,"https://doi.org/10.1037/edu0000326"
"10.1037/edu0000335",TRUE,"https://doi.org/10.1037/edu0000335"
"10.1037/pspp0000017",FALSE,NA
"10.1037/pspp0000408",FALSE,NA
"10.1037/xap0000270",FALSE,NA
"10.1037/xge0000788",FALSE,NA
"10.1037/xlm0000490",FALSE,NA
"10.1075/lab.25048.cha",FALSE,NA
"10.1075/target.18159.ola",TRUE,"http://hdl.handle.net/11585/792625"
"10.1080/00913367.2015.1088809",FALSE,NA
"10.1080/00913367.2015.1089426",FALSE,NA
"10.1080/00913367.2015.1093438",TRUE,"https://espace.curtin.edu.au/bitstream/20.500.11937/8511/3/229617.pdf"
"10.1080/01434632.2020.1730861",FALSE,NA
"10.1080/02699931.2015.1136270",FALSE,NA
"10.1080/02699931.2018.1429389",FALSE,NA
"10.1080/02699931.2018.1541312",TRUE,"https://durham-repository.worktribe.com/output/1305721"
"10.1080/02699931.2021.1891863",TRUE,"https://lirias.kuleuven.be/handle/123456789/671408"
"10.1080/03004430.2014.1003554",FALSE,NA
"10.1080/10508619.2013.735493",FALSE,NA
"10.1080/10510974.2018.1466719",FALSE,NA
"10.1080/17470218.2016.1233439",TRUE,"https://journals.sagepub.com/doi/pdf/10.1080/17470218.2016.1233439"
"10.1080/23273798.2018.1524500",TRUE,"https://www.tandfonline.com/doi/pdf/10.1080/23273798.2018.1524500?needAccess=true"
"10.1080/23279095.2015.1055564",FALSE,NA
"10.1093/police/paz066",FALSE,NA
"10.1103/physrevphyseducres.15.020116",TRUE,"http://link.aps.org/pdf/10.1103/PhysRevPhysEducRes.15.020116"
"10.1108/s0193-230620150000018002",FALSE,NA
"10.1109/icpc52881.2021.00052",FALSE,NA
"10.1111/cdev.13559",TRUE,"https://pmc.ncbi.nlm.nih.gov/articles/PMC10250084/pdf/nihms-1902081.pdf"
"10.1111/flan.12077",FALSE,NA
"10.1111/j.1468-0408.2010.00513.x",FALSE,NA
"10.1111/j.1551-6709.2010.01136.x",TRUE,"https://onlinelibrary.wiley.com/doi/pdfdirect/10.1111/j.1551-6709.2010.01136.x"
"10.1111/lang.12403",FALSE,NA
"10.1177/0014402920953763",FALSE,NA
"10.1177/0022219417711223",FALSE,NA
"10.1177/0022487115626428",FALSE,NA
"10.1177/0098628318796414",FALSE,NA
"10.1177/0098628319888086",FALSE,NA
"10.1177/01461672221137209",TRUE,"https://journals.sagepub.com/doi/pdf/10.1177/01461672221137209"
"10.1177/0149206320908630",TRUE,"https://journals.sagepub.com/doi/pdf/10.1177/0149206320908630"
"10.1177/0272431620950478",FALSE,NA
"10.1177/0308575913518003",TRUE,"http://urn.kb.se/resolve?urn=urn:nbn:se:liu:diva-132760"
"10.1177/0734282915580885",FALSE,NA
"10.1177/0956797618774252",FALSE,NA
"10.1177/0956797619875482",TRUE,"https://lirias.kuleuven.be/handle/123456789/642400"
"10.1177/0956797619893062",TRUE,"https://hal.science/hal-02440256"
"10.1177/0956797620902101",TRUE,"http://publikationen.ub.uni-frankfurt.de/files/55447/0956797620902101.pdf"
"10.1177/0956797620903716",TRUE,"https://journals.sagepub.com/doi/pdf/10.1177/0956797620903716"
"10.1177/0956797620968792",FALSE,NA
"10.1177/0956797621997366",TRUE,"https://journals.sagepub.com/doi/pdf/10.1177/0956797621997366"
"10.1177/1029864913493802",FALSE,NA
"10.1177/105268461102100603",TRUE,"https://journals.sagepub.com/doi/pdf/10.1177/105268461102100603"
"10.1177/106169341001900303",FALSE,NA
"10.1177/1362168814559799",FALSE,NA
"10.1177/1367006912448125",FALSE,NA
"10.1177/147470491501300110",TRUE,"https://journals.sagepub.com/doi/pdf/10.1177/147470491501300110"
"10.1177/2165143420908286",FALSE,NA
"10.1350/ijps.2014.16.4.346",FALSE,NA
"10.1371/journal.pgen.1006343",TRUE,"https://journals.plos.org/plosgenetics/article/file?id=10.1371/journal.pgen.1006343&type=printable"
"10.1371/journal.pone.0018044",TRUE,"https://journals.plos.org/plosone/article/file?id=10.1371/journal.pone.0018044&type=printable"
"10.1371/journal.pone.0281140",TRUE,"https://journals.plos.org/plosone/article/file?id=10.1371/journal.pone.0281140&type=printable"
"10.1515/iral-2012-0001",FALSE,NA
"10.15195/v4.a5",TRUE,"https://www.sociologicalscience.com/download/vol-4/january/SocSci_v4_107to122.pdf"
"10.1523/eneuro.0333-18.2018",TRUE,"https://www.eneuro.org/content/eneuro/5/6/ENEURO.0333-18.2018.full.pdf"
"10.1525/collabra.117",TRUE,"http://www.collabra.org/articles/10.1525/collabra.117/galley/146/download/"
"10.1525/collabra.168",TRUE,"http://www.collabra.org/articles/10.1525/collabra.168/galley/200/download/"
"10.1561/104.00000058",FALSE,NA
"10.1561/104.00000071",FALSE,NA
"10.17705/1atrr.00004",TRUE,"http://elibrary.aisnet.org/Default.aspx?url=https://aisel.aisnet.org/cgi/viewcontent.cgi?article=1006&context=trr"
"10.17705/1atrr.00015",FALSE,NA
"10.18564/jasss.4219",TRUE,"http://jasss.soc.surrey.ac.uk/23/1/12/12.pdf"
"10.1901/jaba.2011.44-369",TRUE,"https://onlinelibrary.wiley.com/doi/pdfdirect/10.1901/jaba.2011.44-369"
"10.1901/jeab.2012.98-283",TRUE,"https://onlinelibrary.wiley.com/doi/pdfdirect/10.1901/jeab.2012.98-283"
"10.2190/em.29.2.d",FALSE,NA
"10.2308/bria-52306",FALSE,NA
"10.30636/jbpa.12.34",TRUE,"https://www.journal-bpa.org/index.php/jbpa/article/download/34/19"
"10.3102/0013189x20922993",FALSE,NA
"10.3109/13668250.2012.703318",FALSE,NA
"10.31234/osf.io/zeux9",TRUE,"https://doi.org/10.31234/osf.io/zeux9"
"10.3389/fnins.2017.00664",TRUE,"https://www.frontiersin.org/articles/10.3389/fnins.2017.00664/pdf"
"10.3389/fpsyg.2013.00698",TRUE,"https://www.frontiersin.org/articles/10.3389/fpsyg.2013.00698/pdf"
"10.3389/fpsyg.2014.01035",TRUE,"https://www.frontiersin.org/articles/10.3389/fpsyg.2014.01035/pdf"
"10.3389/fpsyg.2014.01325",TRUE,"https://www.frontiersin.org/articles/10.3389/fpsyg.2014.01325/pdf"
"10.3389/fpsyg.2014.01511",TRUE,"https://www.frontiersin.org/articles/10.3389/fpsyg.2014.01511/pdf"
"10.3389/fpsyg.2015.01709",TRUE,"https://www.frontiersin.org/articles/10.3389/fpsyg.2015.01709/pdf"
"10.4324/9781315864952-3",FALSE,NA
"10.5964/jnc.7047",TRUE,"https://jnc.psychopen.eu/index.php/jnc/article/download/7047/7047.pdf"
"10.64152/10125/66687",TRUE,"https://scholarspace.manoa.hawaii.edu/bitstreams/c5dbe011-0268-4da7-a2da-e5aeb1d1fd9a/download"
"10.7441/joc.2019.02.01",TRUE,"https://www.cjournal.cz/files/322.pdf"
"10.7717/peerj.1173",TRUE,"https://peerj.com/articles/1173.pdf"
"10.7717/peerj.3580",TRUE,"https://doi.org/10.7717/peerj.3580"
"10.1002/acp.4037",FALSE,NA
"10.1002/ajcp.12385",TRUE,"https://www.ncbi.nlm.nih.gov/pmc/articles/6917986"
"10.1002/bin.70067",FALSE,NA
"10.1002/brb3.1393",TRUE,"https://onlinelibrary.wiley.com/doi/pdfdirect/10.1002/brb3.1393"
"10.1002/cpp.686",FALSE,NA
"10.1002/dev.21515",FALSE,NA
"10.1002/dys.1497",TRUE,"https://onlinelibrary.wiley.com/doi/pdfdirect/10.1002/dys.1497"
"10.1002/ejsp.2390",FALSE,NA
"10.1002/hep.30313",FALSE,NA
"10.1002/ijop.70144",FALSE,NA
"10.1002/jaba.666",TRUE,"https://onlinelibrary.wiley.com/doi/pdfdirect/10.1002/jaba.666"
"10.1002/jae.2697",FALSE,NA
"10.1002/jocb.350",FALSE,NA
"10.1002/per.2176",FALSE,NA
"10.1002/pits.22106",FALSE,NA
"10.1002/pits.22364",FALSE,NA
"10.1002/smj.2905",FALSE,NA
"10.1002/smj.3287",FALSE,NA
"10.1002/smj.3580",TRUE,"https://onlinelibrary.wiley.com/doi/pdfdirect/10.1002/smj.3580"
"10.1002/tesq.128",FALSE,NA
"10.1007/s00125-021-05490-8",TRUE,"https://link.springer.com/content/pdf/10.1007/s00125-021-05490-8.pdf"
"10.1007/s11145-018-9838-5",FALSE,NA
"10.1177/2053168015577969",TRUE,"https://journals.sagepub.com/doi/pdf/10.1177/2053168015577969"
"10.1093/erae/jbt006",TRUE,"https://hal.science/hal-01000072"
"10.1002/smr.1838",FALSE,NA
"10.1145/2702123.2702593",FALSE,NA
"10.1007/s10803-020-04478-4",TRUE,"https://link.springer.com/content/pdf/10.1007/s10803-020-04478-4.pdf"
"10.1177/0022487118761860",FALSE,NA
"10.1177/1098300711398935",FALSE,NA
"10.1002/jaba.385",FALSE,NA
"10.1016/j.jsp.2008.09.003",FALSE,NA
"10.1007/s10864-005-2703-z",FALSE,NA
"10.1016/j.ridd.2011.07.018",FALSE,NA
"10.1177/00224669070410010201",FALSE,NA
"10.1111/j.1467-8624.2010.01557.x",FALSE,NA
"10.1007/s11145-016-9688-y",TRUE,"https://hal.univ-lorraine.fr/hal-02012597"
"10.1080/01690960802164242",FALSE,NA
"10.1086/668503",FALSE,NA
"10.1023/a:1018729101473",FALSE,NA
"10.25656/01:31701",FALSE,NA
"10.1007/bf02335554",FALSE,NA
"10.1007/s11251-009-9093-x",FALSE,NA
"10.1016/j.learninstruc.2015.12.002",FALSE,NA
"10.1037/0278-7393.31.6.1267",FALSE,NA
"10.1089/glre.2017.2134",FALSE,NA
"10.1007/s11575-008-0022-z",FALSE,NA
"10.1007/978-90-481-3941-5_10",FALSE,NA
"10.1016/j.beth.2012.02.002",FALSE,NA
"10.1111/j.1559-1816.1999.tb00142.xdigital object identifier (doi)",FALSE,NA
"10.1097/acm.0b013e31823b55fa",FALSE,NA
"10.1016/j.jet.2014.10.006",FALSE,NA
"10.3758/s13423-017-1306-8",TRUE,"https://link.springer.com/content/pdf/10.3758/s13423-017-1306-8.pdf"
"10.1002/jaba.106",FALSE,NA
"10.1037/a0027470",FALSE,NA
"10.1016/j.compedu.2013.12.004",FALSE,NA
"10.1017/s0305000900012411",FALSE,NA
"10.1111/j.1467-7687.2011.01127.x",TRUE,"https://onlinelibrary.wiley.com/doi/pdfdirect/10.1111/j.1467-7687.2011.01127.x"
"10.1002/(sici)1520-6653(199924)13:1<5::aid-dir2>3.0.co;2-9",FALSE,NA
"10.1016/j.jml.2012.02.005",TRUE,"https://www.ncbi.nlm.nih.gov/pmc/articles/3928089"
"10.1177/1088357615618941",FALSE,NA
"10.1007/s10508-007-9175-2",FALSE,NA
"10.1007/s10649-007-9083-3",FALSE,NA
"10.1016/j.lindif.2007.01.002",FALSE,NA
"10.1177/0956797615623770",FALSE,NA
"10.1901/jaba.2004.37-11",TRUE,"https://onlinelibrary.wiley.com/doi/pdfdirect/10.1901/jaba.2004.37-11"
"10.1901/jaba.2011.44-327",TRUE,"https://onlinelibrary.wiley.com/doi/pdfdirect/10.1901/jaba.2011.44-327"
"10.1007/s10803-008-0608-0",TRUE,"http://doi.org/10.1007/s10803-008-0608-0"
"10.1016/0272-7358(94)90002-7",FALSE,NA
"10.1093/applin/amv060",TRUE,"http://urn.kb.se/resolve?urn=urn:nbn:se:hv:diva-8731"
"10.1016/j.biopsych.2018.02.061",FALSE,NA
"10.1177/1367006916688333",FALSE,NA
"10.1136/jnnp.2004.047357",TRUE,"https://jnnp.bmj.com/content/jnnp/76/2/298.2.full.pdf"
"10.2307/2585837",FALSE,NA
"10.1017/s0022381608080638",FALSE,NA
"10.1093/acprof:oso/9780190205782.001.0001",FALSE,NA
"10.2307/2091819",FALSE,NA
"10.1017/s0272263118000244",FALSE,NA
"10.1093/applin/amp016",FALSE,NA
"10.1002/imhj.21653",FALSE,NA
"10.1037/a0025391",FALSE,NA
"10.4159/9780674369542",FALSE,NA
"10.1375/twin.14.6.539",TRUE,"https://www.cambridge.org/core/services/aop-cambridge-core/content/view/5AEB86491F6364E6EB2679E9C2B5D25B/S1832427400000062a.pdf/div-class-title-a-behavioral-genetic-study-of-alexithymia-and-its-relationships-with-trait-emotional-intelligence-div.pdf"
"10.1086/688585",FALSE,NA
"10.1007/s11109-015-9325-5",FALSE,NA
"10.1037/0096-1523.15.4.673",FALSE,NA
"10.3102/0002831211419649",FALSE,NA
"10.1177/2167702616677312",TRUE,"http://doi.org/10.1177/2167702616677312"
"10.1126/science.167.3914.86",FALSE,NA
"10.1037/a0036158",TRUE,"http://doi.org/10.1037/a0036158"
"10.58680/rte20076014",FALSE,NA
"10.1016/j.cedpsych.2017.07.002",FALSE,NA
"10.1037/edu0000115",FALSE,NA
"10.1037/0022-0663.100.1.223",FALSE,NA
"10.1177/016502547800100203",FALSE,NA
"10.1037/a0034755",FALSE,NA
"10.1037//0022-3514.56.6.972",FALSE,NA
"10.1037/pspp0000100",TRUE,"https://www.research.ed.ac.uk/en/publications/62a16005-4715-464b-8c78-f0bae1a27744"
"10.1037/ccp0000051",TRUE,"https://doi.org/10.1037/ccp0000051"
"10.1016/j.jsp.2016.07.001",FALSE,NA
"10.31234/osf.io/uhbk9",TRUE,"https://osf.io/uhbk9/download"
"10.1073/pnas.0505454102",TRUE,"http://doi.org/10.1073/pnas.0505454102"
"10.1037/0033-295x.114.2.245",FALSE,NA
"10.1037/0022-3514.78.6.1038",FALSE,NA
"10.1037/a0017094",FALSE,NA
"10.1080/17470215908416289",FALSE,NA
"10.1016/j.neuroimage.2013.05.039",TRUE,"http://doi.org/10.1016/j.neuroimage.2013.05.039"
"10.1101/lm.035493.114",TRUE,"http://learnmem.cshlp.org/content/21/11/580.full.pdf"
"10.37016/mr-2020-47",TRUE,"https://misinforeview.hks.harvard.edu/wp-content/uploads/2020/11/roozenbeek_harmony_square_game_misinformation_20201106.pdf"
"10.1162/jocn.2009.21282",TRUE,"https://direct.mit.edu/jocn/article-pdf/22/6/1112/1939584/jocn.2009.21282.pdf"
"10.1371/journal.pone.0016782",TRUE,"https://journals.plos.org/plosone/article/file?id=10.1371/journal.pone.0016782&type=printable"
"10.1039/c7rp00238f",FALSE,NA
"10.1113/expphysiol.2008.045138",TRUE,"https://onlinelibrary.wiley.com/doi/pdfdirect/10.1113/expphysiol.2008.045138"
"10.1126/science.1195996",FALSE,NA
"10.1037/pspp0000096",TRUE,"https://escholarship.org/content/qt16x6n05t/qt16x6n05t.pdf?t=qwp60t"
"10.1080/10400419.2011.595974",FALSE,NA
"10.1073/pnas.1015493108",TRUE,"https://www.ncbi.nlm.nih.gov/pmc/articles/3021012"
"10.1177/0022487108328155",FALSE,NA
"10.1177/0146167205279905",FALSE,NA
"10.1002/tea.21227",TRUE,"https://onlinelibrary.wiley.com/doi/pdfdirect/10.1002/tea.21227"
"10.2196/26134",TRUE,"https://mental.jmir.org/2021/9/e26134/PDF"
"10.1145/1404520.1404531",FALSE,NA
"10.1080/09084282.2010.523365",FALSE,NA
"10.5040/9781472594150.ch-005",FALSE,NA
"10.3928/0048-5713-19951201-07",FALSE,NA
"10.3109/10253890.2015.1040987",TRUE,"https://www.tandfonline.com/doi/pdf/10.3109/10253890.2015.1040987?needAccess=true&role=button"
"10.1207/s15326985ep3902_1",FALSE,NA
"10.1177/0022219409335218",FALSE,NA
"10.1207/s15506878jobem4801_3",FALSE,NA
"10.1037/0022-006x.64.5.927",FALSE,NA
"10.1002/ejsp.2219",FALSE,NA
"10.1177/0265407512453827",FALSE,NA
"10.1177/001440291107700203",FALSE,NA
"10.1007/bf01541644",FALSE,NA
"10.1002/jip.55",FALSE,NA
"10.1037/1076-8998.5.3.347",FALSE,NA
"10.1080/10810730.2018.1472316",FALSE,NA
"10.1016/j.jecp.2016.11.008",FALSE,NA
"10.1016/j.compedu.2014.04.009",FALSE,NA
"10.1111/j.1467-9280.2006.01705.x",FALSE,NA
"10.1016/j.janxdis.2011.11.004",FALSE,NA
"10.1007/978-0-387-74290-8",FALSE,NA
"10.1016/j.jenvp.2018.02.001",FALSE,NA
"10.1177/001440291107700204",FALSE,NA
"10.1037/e633982013-075",FALSE,NA
"10.3389/fpsyt.2014.00019",TRUE,"https://www.frontiersin.org/articles/10.3389/fpsyt.2014.00019/pdf"
"10.1111/ajps.12004digital object identifier (doi)",FALSE,NA
"10.1037/0022-3514.95.1.18",FALSE,NA
"10.1177/1053815112471990",FALSE,NA
"10.32469/10355/70156",TRUE,"https://hdl.handle.net/10355/70156"
"10.1126/science.1107621",FALSE,NA
"10.1017/s0140525x07001185",FALSE,NA
"10.1073/pnas.2209414120",TRUE,"https://pmc.ncbi.nlm.nih.gov/articles/PMC9963593/pdf/pnas.202209414.pdf"
"10.1016/j.evalprogplan.2007.01.006",FALSE,NA
"10.1210/jc.2009-0545",TRUE,"https://academic.oup.com/jcem/article-pdf/94/9/3458/9066889/jcem3458.pdf"
"10.1126/science.1123633",FALSE,NA
"10.1093/scan/nsw113",TRUE,"https://academic.oup.com/scan/article-pdf/12/2/283/27103949/nsw113.pdf"
"10.1111/j.1532-5415.2008.01710.x",FALSE,NA
"10.1007/s11606-021-06676-x",TRUE,"https://link.springer.com/content/pdf/10.1007/s11606-021-06676-x.pdf"
"10.1097/brs.0b013e3181ed2de1",FALSE,NA
"10.1016/j.ejpain.2011.07.012",FALSE,NA
"10.1007/s12041-011-0112-8",FALSE,NA
"10.1037/0096-3445.130.3.427",FALSE,NA
"10.1016/j.cognition.2013.09.001",FALSE,NA
"10.1037/xhp0000284",TRUE,"https://doi.org/10.1037/xhp0000284"
"10.1111/j.2044-8295.1975.tb01468.x",FALSE,NA
"10.1098/rsos.160384",TRUE,"https://doi.org/10.1098/rsos.160384"
"10.1126/science.abh4340",FALSE,NA
"10.1038/nm.4246",TRUE,"http://doi.org/10.1038/nm.4246"
"10.1108/et-04-2015-0026",FALSE,NA
"10.1016/j.jom.2007.08.002",FALSE,NA
"10.1080/0958519032000114237",FALSE,NA
"10.1111/jsbm.12023",FALSE,NA
"10.1016/j.jom.2014.11.002",FALSE,NA
"10.1145/1368088.1368161",FALSE,NA
"10.1145/2025113.2025141",FALSE,NA
"10.18653/v1/2020.findings-emnlp.139",TRUE,"https://www.aclweb.org/anthology/2020.findings-emnlp.139.pdf"
"10.1109/32.988711",FALSE,NA
"10.1002/stvr.1594",FALSE,NA
"10.1177/0963662514549688",FALSE,NA
"10.1109/tvcg.2018.2832633",FALSE,NA
"10.15288/jsa.2006.67.169",FALSE,NA
"10.1111/add.14403",TRUE,"https://onlinelibrary.wiley.com/doi/pdfdirect/10.1111/add.14403"
"10.1016/j.jfineco.2018.01.009",FALSE,NA
"10.1111/camh.12052",TRUE,"https://kclpure.kcl.ac.uk/portal/en/publications/c22cd772-db49-4684-971a-c0aa2fad3922"
"10.1038/srep05304",TRUE,"https://www.nature.com/articles/srep05304.pdf"
"10.1111/j.1467-8624.2012.01748.x",FALSE,NA
"10.1073/pnas.0910967107",TRUE,"https://www.ncbi.nlm.nih.gov/pmc/articles/2836676"
"10.1038/s41591-024-03283-1",TRUE,"https://www.nature.com/articles/s41591-024-03283-1.pdf"
"10.1371/journal.pgen.1000847",TRUE,"https://journals.plos.org/plosgenetics/article/file?id=10.1371/journal.pgen.1000847&type=printable"
"10.1111/j.1530-0277.2006.00265.x",TRUE,"https://onlinelibrary.wiley.com/doi/pdfdirect/10.1111/j.1530-0277.2006.00265.x"
"10.2307/329894",FALSE,NA
"10.1017/cbo9781139524575.009",FALSE,NA
"10.1080/009262300278597",TRUE,"https://www.tandfonline.com/doi/pdf/10.1080/009262300278597?download=true"
"10.1207/s15327809jls1302_1",FALSE,NA
"10.1080/01411926.2010.538468",FALSE,NA
"10.1037/a0021801",FALSE,NA
"10.1016/j.learninstruc.2018.04.010 get rights and content",FALSE,NA
"10.1037/0022-0663.93.2.390",FALSE,NA
"10.1521/jsyt.2012.31.2.21",FALSE,NA
"10.1037/per0000181",FALSE,NA
"10.1111/j.0022-3506.2004.00270.x",TRUE,"https://onlinelibrary.wiley.com/doi/pdfdirect/10.1111/j.0022-3506.2004.00270.x"
"10.1177/0734282909344205",FALSE,NA
"10.1016/s0883-9026(96)00003-1",FALSE,NA
"10.2307/1386523",FALSE,NA
"10.1177/1362168815617334",FALSE,NA
"10.3389/fpsyg.2017.00051",TRUE,"https://doi.org/10.3389/fpsyg.2017.00051"
"10.1017/s1366728920000280",FALSE,NA
"10.64152/10125/66973",TRUE,"https://scholarspace.manoa.hawaii.edu/bitstreams/c5873d5c-23b5-41d1-99a5-fde539883ceb/download"
"10.1177/0014402914563706",FALSE,NA
"10.1111/lang.12353",FALSE,NA
"10.2139/ssrn.2187902",TRUE,"https://doi.org/10.2139/ssrn.2187902"
"10.1111/puar.12896",TRUE,"https://onlinelibrary.wiley.com/doi/pdfdirect/10.1111/puar.12896"
"10.1111/psyp.12064",TRUE,"https://onlinelibrary.wiley.com/doi/pdfdirect/10.1111/psyp.12064"
"10.1016/j.jsams.2016.12.076",FALSE,NA
"10.1128/jvi.79.15.9746-9755.2005",TRUE,"http://doi.org/10.1128/JVI.79.15.9746-9755.2005"
"10.1136/injuryprev-2018-043127",TRUE,"https://www.ncbi.nlm.nih.gov/pmc/articles/6800746"
"10.1093/hmg/ddp542",TRUE,"https://academic.oup.com/hmg/article-pdf/19/5/953/13926697/ddp542.pdf"
"10.1001/jama.2015.8950",TRUE,"http://doi.org/10.1001/jama.2015.8950"
"10.1007/978-3-642-20677-1_13",FALSE,NA
"10.1109/icse.2007.32",FALSE,NA
"10.1145/3517745.3561436",FALSE,NA
"10.1038/ng.635",FALSE,NA
"10.1002/ana.22403digital object identifier (doi)",FALSE,NA
"10.1167/iovs.14-15390",TRUE,"https://iovs.arvojournals.org/arvo/content_public/journal/iovs/933042/i1552-5783-55-11-7073.pdf"
"10.17816/nb100176",TRUE,"https://journals.eco-vector.com/1027-4898/article/download/100176/73827"
"10.1016/j.biopsych.2006.03.040",TRUE,"http://doi.org/10.1016/j.biopsych.2006.03.040"
"10.1177/0014402916658658",TRUE,"https://www.ncbi.nlm.nih.gov/pmc/articles/8279112"
"10.1177/0014402917708216",FALSE,NA
"10.1177/0017896915610144",FALSE,NA
"10.1086/691684",FALSE,NA
"10.1002/acp.2881",FALSE,NA
"10.1177/0011128720940953",FALSE,NA
"10.1177/0888406415600769",FALSE,NA
"10.1177/0956797611431465",FALSE,NA
"10.1177/0956797617710785",TRUE,"https://journals.sagepub.com/doi/pdf/10.1177/0956797617710785"
"10.1177/0956797611420166",FALSE,NA
"10.1371/journal.pone.0175799",TRUE,"https://journals.plos.org/plosone/article/file?id=10.1371/journal.pone.0175799&type=printable"
"10.1086/209200",FALSE,NA
"10.1371/journal.pone.0101091",TRUE,"https://journals.plos.org/plosone/article/file?id=10.1371/journal.pone.0101091&type=printable"
"10.1016/s0883-9026(02)00097-6",TRUE,"https://www.sciencedirect.com/science/article/pii/S0883902602000976"
"10.1007/s11121-007-0080-7",TRUE,"http://doi.org/10.1007/s11121-007-0080-7"
"10.1177/1049731509359187",FALSE,NA
"10.3386/w6614",TRUE,"https://doi.org/10.3386/w6614"
"10.1177/215416470604100404",FALSE,NA
"10.1177/1098300712440453",FALSE,NA
"10.1080/1045988x.2012.701252",FALSE,NA
"10.1016/j.adolescence.2017.01.006",TRUE,"http://hdl.handle.net/10138/236703"
"10.1016/s0092-6566(02)00529-9 get rights and content",FALSE,NA
"10.1177/0741932514530572",FALSE,NA
"10.1002/bin.70004",FALSE,NA
"10.1352/1934-9556-56.6.442",FALSE,NA
"10.1016/0030-5073(84)90043-6",FALSE,NA
"10.1177/1948550612447114",FALSE,NA
"10.1017/cbo9780511528181",FALSE,NA
"10.1177/0022002714545222",FALSE,NA
"10.1111/ajps.12412",FALSE,NA
"10.1073/pnas.2022819118",TRUE,"https://www.ncbi.nlm.nih.gov/pmc/articles/8237683"
"10.1080/10503307.2014.96373",FALSE,NA
"10.1177/2167702618757658",TRUE,"https://journals.sagepub.com/doi/pdf/10.1177/2167702618757658"
"10.1111/j.1467-8624.1966.tb05387.x",FALSE,NA
"10.1007/s11211-023-00407-9",TRUE,"https://link.springer.com/content/pdf/10.1007/s11211-023-00407-9.pdf"
"10.1037/apl0000347",TRUE,"https://handle.uba.uva.nl/personal/pure/en/publications/the-impact-of-organizational-performance-on-the-emergence-of-asian-american-leaders(27178225-902b-4ce2-a046-3add1184a5d3).html"
"10.1177/0149206319833445",FALSE,NA
"10.1080/14659891.2019.1642405",FALSE,NA
"10.1371/journal.pgen.1000378",TRUE,"https://journals.plos.org/plosgenetics/article/file?id=10.1371/journal.pgen.1000378&type=printable"
"10.1037/1040-3590.14.4.485",FALSE,NA
"10.1186/ar2695",TRUE,"https://arthritis-research.biomedcentral.com/counter/pdf/10.1186/ar2695"
"10.1038/ng.3246",FALSE,NA
"10.1186/s41239-025-00533-1",TRUE,"https://educationaltechnologyjournal.springeropen.com/counter/pdf/10.1186/s41239-025-00533-1"
"10.1187/cbe.16-10-0294",TRUE,"https://www.lifescied.org/doi/pdf/10.1187/cbe.16-10-0294"
"10.1038/mp.2011.132",TRUE,"https://www.ncbi.nlm.nih.gov/pmc/articles/3272476"
"10.1038/ng.485",FALSE,NA
"10.1007/s10956-012-9369-9",FALSE,NA
"10.1353/aad.0.0113",FALSE,NA
"10.1353/etc.2015.0001",FALSE,NA
"10.1023/b:rihe.0000027392.94172.d2",FALSE,NA
"10.1096/fj.07-9261com",FALSE,NA
"10.1038/ng.974",FALSE,NA
"10.1038/ng.2637",TRUE,NA
"10.1111/j.1467-9280.2009.02434.x",TRUE,"https://research.vu.nl/en/publications/2987e9ea-9211-46b8-b420-b0141ffeb459"
"10.1007/s001270050022",FALSE,NA
"10.1037/h0040525",FALSE,NA
"10.1126/science.aaa3841",TRUE,"http://doi.org/10.1126/science.aaa3841"
"10.1055/s-0030-1249773",FALSE,NA
"10.1038/ng.3598",TRUE,"https://pure.amsterdamumc.nl/en/publications/cef71358-0a5e-4edc-9c06-8889632601b7"
"10.7551/mitpress/4117.003.0006",FALSE,NA
"10.1521/pedi.17.2.152.23990",TRUE,"https://www.ncbi.nlm.nih.gov/pmc/articles/1364532"
"10.1073/pnas.1423035112",TRUE,"https://www.pnas.org/content/pnas/112/34/10651.full.pdf"
"10.1038/ng1732",FALSE,NA
"10.1016/j.ecresq.2008.08.002",FALSE,NA
"10.2307/3250921",FALSE,NA
"10.2753/mis0742-1222310210",FALSE,NA
"10.1016/j.jesp.2017.01.006",TRUE,"https://www.sciencedirect.com/science/article/pii/S0022103116303201"
"10.18653/v1/p16-2067",TRUE,"https://www.aclweb.org/anthology/P16-2067.pdf"
"10.1186/s12913-017-2744-8",TRUE,"https://bmchealthservres.biomedcentral.com/track/pdf/10.1186/s12913-017-2744-8"
"10.1037/0022-0663.97.3.493",FALSE,NA
"10.1016/b978-0-12-108840-8.50014-7",FALSE,NA
"10.1257/app.1.3.111",TRUE,"http://nrs.harvard.edu/urn-3:HUL.InstRepos:12305831"
"10.3109/0142159x.2012.714884",TRUE,"https://www.tandfonline.com/doi/pdf/10.3109/0142159X.2012.714884?needAccess=true"
"10.1016/j.neuron.2008.07.005",TRUE,"http://www.cell.com/article/S0896627308005758/pdf"
"10.1037/h0093718",FALSE,NA
"10.3233/jad-160881",TRUE,"http://doi.org/10.3233/JAD-160881"
"10.1001/jama.2010.574",TRUE,"http://hdl.handle.net/1765/109417"
"10.1016/j.jecp.2012.06.013",FALSE,NA
"10.1016/j.neuroimage.2010.02.068",TRUE,"http://doi.org/10.1016/j.neuroimage.2010.02.068"
"10.1038/nn1029",FALSE,NA
"10.1177/1948550611419266",FALSE,NA
"10.3389/fpsyg.2014.01518",TRUE,"https://www.frontiersin.org/articles/10.3389/fpsyg.2014.01518/pdf"
"10.1016/s0005-7967(00)00036-x",FALSE,NA
"10.1016/j.cognition.2017.02.010",FALSE,NA
"10.1016/j.pscychresns.2010.11.008",FALSE,NA
"10.1016/j.applanim.2006.03.017",FALSE,NA
"10.1111/bjhp.12430",TRUE,"https://doi.org/10.1111/bjhp.12430"
"10.1016/s0034-4257(03)00145-7",FALSE,NA
"10.1509/jmkg.73.3.052",FALSE,NA
"10.3758/bf03202642",TRUE,"https://link.springer.com/content/pdf/10.3758/BF03202642.pdf"
"10.1073/pnas.2202700119",TRUE,"https://doi.org/10.1073/pnas.2202700119"
"10.1177/09567976221108944",FALSE,NA
"10.1037/pspi0000402",FALSE,NA
"10.1037/pspa0000319",FALSE,NA
"10.1073/pnas.2120668119",TRUE,"https://www.ncbi.nlm.nih.gov/pmc/articles/9618086"
"10.1126/science.abb6591",FALSE,NA
"10.1037/pspi0000348",TRUE,"https://doi.org/10.1037/pspi0000348"
"10.1016/0010-0285(92)90008-p",FALSE,NA
"10.1093/ajae/aas023",FALSE,NA
"10.1126/science.1168450",FALSE,NA
"10.1037/e513702014-054",FALSE,NA
"10.1901/jaba.1999.32-107",TRUE,"https://onlinelibrary.wiley.com/doi/pdfdirect/10.1901/jaba.1999.32-107"
"10.1002/jaba.154",FALSE,NA
"10.1002/jaba.431",FALSE,NA
"10.1901/jaba.2011.44-121",TRUE,"https://onlinelibrary.wiley.com/doi/pdfdirect/10.1901/jaba.2011.44-121"
"10.1007/s40617-018-00314-5",TRUE,"https://www.ncbi.nlm.nih.gov/pmc/articles/6743524"
"10.1002/jaba.453",FALSE,NA
"10.1023/a:1011120928698",TRUE,"https://escholarship.org/uc/item/7zm4f51b"
"10.1901/jeab.1981.36-141",TRUE,"https://onlinelibrary.wiley.com/doi/pdfdirect/10.1901/jeab.1981.36-141"
"10.1038/mp.2017.24",TRUE,"http://nrs.harvard.edu/urn-3:HUL.InstRepos:34491838"
"10.1002/smj.2108",TRUE,"https://onlinelibrary.wiley.com/doi/pdfdirect/10.1002/smj.2108"
"10.1002/jaba.86",FALSE,NA
"10.1007/s10683-015-9437-0",TRUE,"https://cris.maastrichtuniversity.nl/en/publications/42d3f80b-b0b9-4bbf-9a39-638a7d630113"
"10.1016/j.brs.2020.01.005",TRUE,"https://doi.org/10.1016/j.brs.2020.01.005"
"10.1177/0956797619842191",TRUE,"http://sro.sussex.ac.uk/id/eprint/82088/1/VR_intentional_binding_v1.pdf"
"10.1017/s0954579419000580",TRUE,"https://www.cambridge.org/core/services/aop-cambridge-core/content/view/D8FA181423D05428098908066AF8F175/S0954579419000580a.pdf/div-class-title-pubertal-development-mediates-the-association-between-family-environment-and-brain-structure-and-function-in-childhood-div.pdf"
"10.1016/j.ijgo.2006.07.013",FALSE,NA
"10.1016/j.cub.2011.03.017",TRUE,"http://www.cell.com/article/S0960982211002892/pdf"
"10.3758/bf03214286",TRUE,"https://link.springer.com/content/pdf/10.3758/BF03214286.pdf"
"10.1097/01.naq.0000305943.46440.77",FALSE,NA
"10.1080/08941920802039804",FALSE,NA
"10.1037/0022-006x.62.3.636",FALSE,NA
"10.1038/s41598-017-05456-0",TRUE,"https://www.nature.com/articles/s41598-017-05456-0.pdf"
"10.1093/qje/qjr029",FALSE,NA
"10.1026//0949-3946.48.2.94",FALSE,NA
"10.1177/25152459251328334",TRUE,"https://doi.org/10.1177/25152459251328334"
"10.1002/aepp.13330",TRUE,"https://edepot.wur.nl/579874"
"10.1007/s10664-022-10117-6",TRUE,"https://link.springer.com/content/pdf/10.1007/s10664-022-10117-6.pdf"
"10.1007/s10664-025-10739-6",TRUE,"https://link.springer.com/content/pdf/10.1007/s10664-025-10739-6.pdf"
"10.1007/s10803-020-04626-w",TRUE,"https://link.springer.com/content/pdf/10.1007/s10803-020-04626-w.pdf"
"10.1007/s10857-019-09443-2",FALSE,NA
"10.1007/s10864-016-9252-5",FALSE,NA
"10.1007/s10864-020-09389-z",FALSE,NA
"10.1007/s10864-020-09415-0",FALSE,NA
"10.1007/s10864-020-09423-0",FALSE,NA
"10.1007/s10882-010-9212-2",FALSE,NA
"10.1007/s10882-014-9400-6",FALSE,NA
"10.1007/s10882-019-09718-9",FALSE,NA
"10.1007/s11121-020-01116-4",TRUE,"https://link.springer.com/content/pdf/10.1007/s11121-020-01116-4.pdf"
"10.1007/s11145-018-9858-1",FALSE,NA
"10.1007/s11145-020-10060-2",FALSE,NA
"10.1007/s11162-016-9433-z",FALSE,NA
"10.1007/s11165-012-9320-3",FALSE,NA
"10.1007/s11218-012-9188-0",FALSE,NA
"10.1007/s11251-010-9144-3",FALSE,NA
"10.1007/s11251-018-9451-7",FALSE,NA
"10.1007/s11409-020-09235-7",TRUE,"https://link.springer.com/content/pdf/10.1007/s11409-020-09235-7.pdf"
"10.1007/s11469-021-00695-9",TRUE,"https://link.springer.com/content/pdf/10.1007/s11469-021-00695-9.pdf"
"10.1007/s11575-020-00417-8",TRUE,"https://research.cbs.dk/en/publications/4623bee0-fdf2-408c-84e9-d617dd72b2ba"
"10.1007/s12186-012-9090-0",FALSE,NA
"10.1007/s12310-020-09375-w",FALSE,NA
"10.1007/s12369-020-00688-z",TRUE,"https://link.springer.com/content/pdf/10.1007/s12369-020-00688-z.pdf"
"10.1007/s40037-020-00611-2",TRUE,"https://link.springer.com/content/pdf/10.1007/s40037-020-00611-2.pdf"
"10.1007/s40881-015-0019-x",TRUE,"https://link.springer.com/content/pdf/10.1007%2Fs40881-015-0019-x.pdf"
"10.1007/s41809-020-00072-3",TRUE,"https://link.springer.com/content/pdf/10.1007/s41809-020-00072-3.pdf"
"10.1007/s43494-020-00015-1",FALSE,NA
"10.1016/j.cedpsych.2019.01.006",TRUE,"https://doi.org/10.1016/j.cedpsych.2019.01.006"
"10.1016/j.compedu.2017.05.013",TRUE,"https://www.sciencedirect.com/science/article/pii/S0360131517301185"
"10.1016/j.ecresq.2015.09.001",FALSE,NA
"10.1016/j.infbeh.2019.101340",TRUE,"https://doi.org/10.1016/j.infbeh.2019.101340"
"10.1016/j.intmar.2021.03.001",TRUE,"https://corescholar.libraries.wright.edu/marketing/64"
"10.1016/j.jml.2018.07.004",TRUE,"https://doi.org/10.1016/j.jml.2018.07.004"
"10.1016/j.jsp.2017.07.006",FALSE,NA
"10.1016/j.jsxm.2018.02.012",FALSE,NA
"10.1016/j.learninstruc.2018.10.002",FALSE,NA
"10.1016/j.lindif.2012.01.004",FALSE,NA
"10.1016/j.lindif.2015.03.029",FALSE,NA
"10.1016/j.lindif.2019.05.001",FALSE,NA
"10.1016/j.rasd.2013.02.007",FALSE,NA
"10.1016/j.rasd.2013.02.015",FALSE,NA
"10.1016/j.rasd.2014.01.006",FALSE,NA
"10.1016/j.sbspro.2015.09.054",TRUE,"https://doi.org/10.1016/j.sbspro.2015.09.054"
"10.1016/j.ssci.2020.105065",TRUE,"https://doi.org/10.1016/j.ssci.2020.105065"
"10.1016/j.system.2020.102377",FALSE,NA
"10.1016/j.ynirp.2022.100149",TRUE,"https://doi.org/10.1016/j.ynirp.2022.100149"
"10.1017/s0272263125101368",FALSE,NA
"10.1017/brimp.2013.34",FALSE,NA
"10.1017/s000305540505166x",FALSE,NA
"10.1017/s0003055422000946",FALSE,NA
"10.1017/s000842390002984x",FALSE,NA
"10.1017/s0142716423000127",TRUE,"https://www.cambridge.org/core/services/aop-cambridge-core/content/view/D7497C29AF84F72E2076A791E9C38131/S0142716423000127a.pdf/div-class-title-searching-for-the-native-speaker-a-preregistered-conceptual-replication-and-extension-of-reid-trofimovich-and-o-brien-2019-div.pdf"
"10.1017/s0261444819000120",FALSE,NA
"10.1017/s0954579418001530",FALSE,NA
"10.1017/s1930297500007348",TRUE,"https://www.cambridge.org/core/services/aop-cambridge-core/content/view/2707DF1511A765F80D53DE23A10D3A36/S1930297500007348a.pdf/div-class-title-does-intuitive-mindset-influence-belief-in-god-a-registered-replication-of-a-href-rf164-ref-type-bibr-shenhav-rand-and-greene-2012-a-div.pdf"
"10.1017/ssh.2017.27",TRUE,"https://www.cambridge.org/core/services/aop-cambridge-core/content/view/20F44C37D29070B205D5FF33B30131C1/S014555321700027Xa.pdf/div-class-title-the-one-percent-across-two-centuries-a-replication-of-thomas-piketty-s-data-on-the-concentration-of-wealth-in-the-united-states-div.pdf"
"10.1017/thg.2012.151",TRUE,"https://www.cambridge.org/core/services/aop-cambridge-core/content/view/C58BFECFEE0EAAB321648DBC1865D8E0/S183242741200151Xa.pdf/div-class-title-a-behavior-genetic-analysis-of-trait-emotional-intelligence-and-alexithymia-a-replication-div.pdf"
"10.1017/xps.2017.22",FALSE,NA
"10.1017/xps.2021.29",TRUE,"https://www.cambridge.org/core/services/aop-cambridge-core/content/view/8DB78813317A8584088679099228BEC4/S2052263021000294a.pdf/div-class-title-is-constitutional-veneration-an-obstacle-to-constitutional-amendment-div.pdf"
"10.1037/a0019951",FALSE,NA
"10.1037/a0036307",TRUE,"http://orbilu.uni.lu/handle/10993/18672"
"10.1037/abn0000318",TRUE,"https://doi.org/10.1037/abn0000318"
"10.1037/com0000223",FALSE,NA
"10.1037/cou0000322",TRUE,"https://www.ncbi.nlm.nih.gov/pmc/articles/7286050"
"10.1037/edu0000095",TRUE,"https://doi.org/10.1037/edu0000095"
"10.1037/edu0000413",TRUE,"https://doi.org/10.1037/edu0000413"
"10.1037/edu0000433",TRUE,"http://orbilu.uni.lu/handle/10993/45413"
"10.1037/edu0000441",TRUE,"https://doi.org/10.1037/edu0000441"
"10.1037/edu0000965",FALSE,NA
"10.1037/emo0000569",TRUE,"https://pureportal.coventry.ac.uk/en/publications/eeec3e98-dc0e-41e4-adde-481b0410d378"
"10.1037/pspp0000195",FALSE,NA
"10.1037/pspp0000202",TRUE,"https://doi.org/10.1037/pspp0000202"
"10.1037/spq0000229",FALSE,NA
"10.1037/spq0000246",FALSE,NA
"10.1037/tmb0000086",TRUE,"https://tmb.apaopen.org/pub/jhyl2sr1/download/pdf"
"10.1037/xge0000131",FALSE,NA
"10.1037/xge0000203",FALSE,NA
"10.1037/xge0000644",FALSE,NA
"10.1037/xge0001886",FALSE,NA
"10.1037/xlm0000874",TRUE,"https://doi.org/10.1037/xlm0000874"
"10.1038/s41598-018-35209-6",TRUE,"https://www.nature.com/articles/s41598-018-35209-6.pdf"
"10.1038/s41598-022-06119-5",TRUE,"https://www.nature.com/articles/s41598-022-06119-5.pdf"
"10.1038/s41598-023-43885-2",TRUE,"https://www.nature.com/articles/s41598-023-43885-2.pdf"
"10.1038/sdata.2016.116",TRUE,"https://www.nature.com/articles/sdata2016116.pdf"
"10.1038/sdata.2016.120",TRUE,"https://www.nature.com/articles/sdata2016120.pdf"
"10.1038/sdata.2016.98",TRUE,"https://www.nature.com/articles/sdata201698.pdf"
"10.1039/c9rp00171a",FALSE,NA
"10.1055/s-0030-1268438",TRUE,"http://www.thieme-connect.de/products/ejournals/pdf/10.1055/s-0030-1268438.pdf"
"10.1063/1.3680037",FALSE,NA
"10.1080/00221546.2019.1650582",FALSE,NA
"10.1080/00223891.2018.1539004",TRUE,"https://research.tilburguniversity.edu/en/publications/0d6fd8b3-07a7-4458-bca4-ad76163987f3"
"10.1080/01443410.2013.812615",FALSE,NA
"10.1080/01973533.2016.1256287",FALSE,NA
"10.1080/01973533.2020.1806845",FALSE,NA
"10.1080/02607476.2019.1674563",TRUE,"https://durham-repository.worktribe.com/output/1341461"
"10.1080/02619768.2014.882308",TRUE,"http://hdl.handle.net/1820/9055"
"10.1080/02671522.2019.1678062",FALSE,NA
"10.1080/02673843.2025.2587284",TRUE,"https://doi.org/10.1080/02673843.2025.2587284"
"10.1080/08993408.2022.2079866",FALSE,NA
"10.1080/09084282.2011.595455",FALSE,NA
"10.1080/09515089.2019.1587912",FALSE,NA
"10.1080/09658211.2023.2198327",FALSE,NA
"10.1080/10253890.2016.1219718",FALSE,NA
"10.1080/10400419.2020.1821552",FALSE,NA
"10.1080/10409289.2018.1475202",FALSE,NA
"10.1080/10410236.2016.1140268",FALSE,NA
"10.1080/10503307.2011.598580",FALSE,NA
"10.1080/10508619.2019.1568142",FALSE,NA
"10.1080/10510974.2018.1467941",FALSE,NA
"10.1080/10573569.2020.1860841",FALSE,NA
"10.1080/10683160903273188",FALSE,NA
"10.1080/10803548.2013.11076973",TRUE,"https://www.tandfonline.com/doi/pdf/10.1080/10803548.2013.11076973?needAccess=true&role=button"
"10.1080/10810730.2025.2588698",FALSE,NA
"10.1080/10986065.2020.1818467",FALSE,NA
"10.1080/13803611.2021.2022319",TRUE,"https://www.tandfonline.com/doi/pdf/10.1080/13803611.2021.2022319?needAccess=true"
"10.1080/15534510.2019.1710248",TRUE,"https://www.tandfonline.com/doi/pdf/10.1080/15534510.2019.1710248?needAccess=true"
"10.1080/16506073.2014.990050",FALSE,NA
"10.1080/16506073.2015.1015163",FALSE,NA
"10.1080/17524032.2020.1777181",FALSE,NA
"10.1080/19345747.2012.706694",TRUE,"https://stars.library.ucf.edu/facultybib2010/3836"
"10.1080/19345747.2014.906009",FALSE,NA
"10.1080/20008198.2019.1705599",TRUE,"https://www.tandfonline.com/doi/pdf/10.1080/20008198.2019.1705599?needAccess=true"
"10.1080/22243534.2015.11828344",TRUE,"https://www.tandfonline.com/doi/pdf/10.1080/22243534.2015.11828344?needAccess=true"
"10.1080/2330443x.2016.1277966",TRUE,"https://www.tandfonline.com/doi/pdf/10.1080/2330443X.2016.1277966?needAccess=true"
"10.1080/23743603.2019.1684821",TRUE,"https://www.tandfonline.com/doi/pdf/10.1080/23743603.2019.1684821?needAccess=true"
"10.1086/686223",TRUE,"https://kuscholarworks.ku.edu/bitstreams/a5189f74-e7ad-49e5-a1d7-818b97e59417/download"
"10.1086/698818",TRUE,"https://pmc.ncbi.nlm.nih.gov/articles/PMC10038329/pdf/nihms-1608729.pdf"
"10.1086/714812",TRUE,"https://www.research.ed.ac.uk/en/publications/526fc0f1-694d-4f0f-9179-b4973c1486de"
"10.1093/cercor/bhaa282",TRUE,"https://www.ncbi.nlm.nih.gov/pmc/articles/7869090"
"10.1093/geroni/igaf122.4186",TRUE,"https://academic.oup.com/innovateage/article-pdf/9/Supplement_2/igaf122.4186/66250165/igaf122.4186.pdf"
"10.1093/her/cyt088",TRUE,"https://academic.oup.com/her/article-pdf/29/4/611/1768569/cyt088.pdf"
"10.1093/humrep/dev182",TRUE,"https://academic.oup.com/humrep/article-pdf/30/9/2222/17372461/dev182.pdf"
"10.1093/pnasnexus/pgad091",TRUE,"https://academic.oup.com/pnasnexus/article-pdf/2/5/pgad091/50242040/pgad091.pdf"
"10.1093/scan/nsy030",TRUE,"https://doi.org/10.1093/scan/nsy030"
"10.1097/acm.0000000000002311",TRUE,"http://links.lww.com/ACADMED/A566"
"10.1097/mlr.0000000000002256",FALSE,NA
"10.1097/brs.0000000000000807",FALSE,NA
"10.1097/j.pain.0000000000000657",TRUE,"https://doi.org/10.1097/j.pain.0000000000000657"
"10.1097/ypg.0000000000000061",FALSE,NA
"10.1098/rsos.191114",TRUE,"https://royalsocietypublishing.org/doi/pdf/10.1098/rsos.191114"
"10.1098/rsos.191353",TRUE,"https://royalsocietypublishing.org/doi/pdf/10.1098/rsos.191353"
"10.1098/rsos.200090",TRUE,"https://doi.org/10.1098/rsos.200090"
"10.1098/rsos.200724",TRUE,"https://doi.org/10.1098/rsos.200724"
"10.1098/rsos.221306",TRUE,"https://doi.org/10.1098/rsos.221306"
"10.1101/111807",TRUE,"https://www.biorxiv.org/content/biorxiv/early/2017/11/09/111807.full.pdf"
"10.1101/2023.05.26.542419",TRUE,"https://www.biorxiv.org/content/biorxiv/early/2023/05/29/2023.05.26.542419.full.pdf"
"10.1101/416321",TRUE,"https://www.biorxiv.org/content/biorxiv/early/2018/09/14/416321.full.pdf"
"10.1103/physrevstper.10.010110",TRUE,"http://link.aps.org/pdf/10.1103/PhysRevSTPER.10.010110"
"10.1108/et-02-2019-0037",FALSE,NA
"10.1108/ijpdlm-04-2021-0121",TRUE,"https://pure.qub.ac.uk/en/publications/411c4d46-2e2f-4a91-b2ec-2dc02ebd311d"
"10.1108/jgm-12-2014-0055",FALSE,NA
"10.1108/neje-04-2020-0005",TRUE,"https://www.emerald.com/insight/content/doi/10.1108/NEJE-04-2020-0005/full/pdf?title=improving-entrepreneurial-competencies-in-the-classroom-an-extension-and-in-study-replication"
"10.1108/scm-06-2023-0297",FALSE,NA
"10.1109/esem.2011.30",FALSE,NA
"10.1109/esem.2015.7321191",FALSE,NA
"10.1109/iwsc55060.2022.00015",FALSE,NA
"10.1109/reser.2011.10",FALSE,NA
"10.1109/reser.2011.12",FALSE,NA
"10.1109/reser.2011.8",TRUE,"https://oa.upm.es/11574/"
"10.1109/saner53432.2022.00088",TRUE,"https://arxiv.org/pdf/2205.15780"
"10.1109/tvcg.2017.2744298",TRUE,"https://hal.sorbonne-universite.fr/hal-01580259"
"10.1109/vrw50115.2020.00137",FALSE,NA
"10.1111/acer.13039",FALSE,NA
"10.1111/acer.14413",TRUE,"https://onlinelibrary.wiley.com/doi/pdfdirect/10.1111/acer.14413"
"10.1111/acfi.12631",TRUE,"https://onlinelibrary.wiley.com/doi/pdfdirect/10.1111/acfi.12631"
"10.1111/camh.12338",TRUE,"https://onlinelibrary.wiley.com/doi/pdfdirect/10.1111/camh.12338"
"10.1111/cdev.13026",FALSE,NA
"10.1111/cdev.13309",FALSE,NA
"10.1111/desc.13080",FALSE,NA
"10.1111/dom.70448",TRUE,"https://onlinelibrary.wiley.com/doi/pdfdirect/10.1111/dom.70448"
"10.1111/j.1365-2265.2011.04175.x",FALSE,NA
"10.1111/j.1530-0277.2011.01630.x",FALSE,NA
"10.1111/j.1540-4781.2011.01236.x",FALSE,NA
"10.1111/j.1743-6109.2010.01970.x",FALSE,NA
"10.1111/j.2044-8279.2011.02041.x",FALSE,NA
"10.1111/jcal.12045",FALSE,NA
"10.1111/jcal.12211",TRUE,"https://onlinelibrary.wiley.com/doi/pdfdirect/10.1111/jcal.12211"
"10.1111/jcal.12265",FALSE,NA
"10.1111/jcal.12426",TRUE,"https://onlinelibrary.wiley.com/doi/pdfdirect/10.1111/jcal.12426"
"10.1111/jcal.12485",TRUE,"https://doi.org/10.17605/osf.io/mnp8r"
"10.1111/jmft.12140",TRUE,"https://academica-e.unavarra.es/bitstreams/c5c918c1-ab19-42a7-ad27-c28b7e0e16f2/download"
"10.1111/jopy.12325",FALSE,NA
"10.1111/jopy.12677",FALSE,NA
"10.1111/josh.12124",FALSE,NA
"10.1111/jsbm.12233",FALSE,NA
"10.1111/jssr.12578",FALSE,NA
"10.1111/lang.12236",FALSE,NA
"10.1111/lang.12402",TRUE,"https://doi.org/10.1111/lang.12402"
"10.1111/lang.12438",FALSE,NA
"10.1111/lang.12622",TRUE,"https://onlinelibrary.wiley.com/doi/pdfdirect/10.1111/lang.12622"
"10.1111/ldrp.12131",FALSE,NA
"10.1111/modl.12835",TRUE,"https://onlinelibrary.wiley.com/doi/pdfdirect/10.1111/modl.12835"
"10.1111/padm.70038",FALSE,NA
"10.1111/psyp.12425",TRUE,"https://onlinelibrary.wiley.com/doi/pdfdirect/10.1111/psyp.12425"
"10.1111/sms.13021",FALSE,NA
"10.1126/sciadv.adl0999",TRUE,"https://www.science.org/doi/pdf/10.1126/sciadv.adl0999?download=true"
"10.1128/jvi.01714-18",TRUE,"https://jvi.asm.org/content/jvi/93/5/e01714-18.full.pdf"
"10.1136/jmg.2009.075911",TRUE,"https://hal.science/hal-00557390"
"10.1136/tobaccocontrol-2021-056528",TRUE,"https://tobaccocontrol.bmj.com/content/tobaccocontrol/early/2022/05/08/tobaccocontrol-2021-056528.full.pdf"
"10.1145/2593868.2593874",FALSE,NA
"10.1145/2652524.2652556",TRUE,"https://lup.lub.lu.se/record/4647034"
"10.1145/3618257.3624820",TRUE,"https://arxiv.org/pdf/2309.09733"
"10.1158/1055-9965.epi-11-0870-t",TRUE,"https://cebp.aacrjournals.org/content/cebp/21/1/212.full.pdf"
"10.1161/strokeaha.111.623090",TRUE,"https://www.ahajournals.org/doi/pdf/10.1161/STROKEAHA.111.623090"
"10.1167/iovs.10-6497",TRUE,"https://iovs.arvojournals.org/arvo/content_public/journal/iovs/932973/z7g00511002825.pdf"
"10.1176/appi.ajp.2015.14070896",FALSE,NA
"10.1176/ps.62.4.pss6204_0367",FALSE,NA
"10.1177/0014402918771321",FALSE,NA
"10.1177/0014402920924845",FALSE,NA
"10.1177/0016986220932533",FALSE,NA
"10.1177/0017896919826374",FALSE,NA
"10.1177/0022219418775114",TRUE,"https://journals.sagepub.com/doi/pdf/10.1177/0022219418775114"
"10.1177/0022219419897268",TRUE,"https://doi.org/10.7916/d8xw4h4w"
"10.1177/00224278251394278",TRUE,"https://doi.org/10.1177/00224278251394278"
"10.1177/0098628320979864",FALSE,NA
"10.1177/08884064211001453",FALSE,NA
"10.1177/0956797619837942",FALSE,NA
"10.1177/0956797619841265",TRUE,"https://journals.sagepub.com/doi/pdf/10.1177/0956797619841265"
"10.1177/0956797620955209",TRUE,"https://doi.org/10.1177/0956797620955209"
"10.1177/0956797620968526",TRUE,"https://biblio.ugent.be/publication/8707609"
"10.1177/0958928712471227",FALSE,NA
"10.1177/09636625211024550",TRUE,"https://journals.sagepub.com/doi/pdf/10.1177/09636625211024550"
"10.1177/1029864913493800",TRUE,"http://nbn-resolving.org/urn:nbn:de:hebis:34-2014121646791"
"10.1177/1029864918811879",FALSE,NA
"10.1177/10422587251322409",FALSE,NA
"10.1177/1049731515576546",FALSE,NA
"10.1177/1049731515597477",FALSE,NA
"10.1177/1091142114537892",FALSE,NA
"10.1177/1098300710366593",FALSE,NA
"10.1177/1098300716637192",FALSE,NA
"10.1177/1098300719870438",FALSE,NA
"10.1177/1359104519838593",TRUE,"http://hdl.handle.net/10138/315586"
"10.1177/147470491401200510",TRUE,"https://doi.org/10.1177/147470491401200510"
"10.1177/1534508417727489",FALSE,NA
"10.1177/15346501261416516",FALSE,NA
"10.1177/1540796920949448",FALSE,NA
"10.1177/15480518251379918",FALSE,NA
"10.1177/1948550616639649",FALSE,NA
"10.1177/1948550618771003",FALSE,NA
"10.1177/2053168016652420",TRUE,"https://journals.sagepub.com/doi/pdf/10.1177/2053168016652420"
"10.1177/2053168018787119",TRUE,"https://journals.sagepub.com/doi/pdf/10.1177/2053168018787119"
"10.1177/20531680231205157",TRUE,"https://doi.org/10.1177/20531680231205157"
"10.1177/2158244019899047",TRUE,"https://journals.sagepub.com/doi/pdf/10.1177/2158244019899047"
"10.1177/2167702619859335",TRUE,"https://journals.sagepub.com/doi/pdf/10.1177/2167702619859335"
"10.1177/25152459211018187",TRUE,"https://journals.sagepub.com/doi/pdf/10.1177/25152459211018187"
"10.1177/27000710251401142",TRUE,"https://doi.org/10.1177/27000710251401142"
"10.1177/27550311251396562",FALSE,NA
"10.1177/27550311251399174",FALSE,NA
"10.1177/29768357251384762",TRUE,"https://doi.org/10.1177/29768357251384762"
"10.1186/1471-2350-11-119",TRUE,"https://bmcmedgenet.biomedcentral.com/counter/pdf/10.1186/1471-2350-11-119"
"10.1186/1471-244x-11-129",TRUE,"https://bmcpsychiatry.biomedcentral.com/counter/pdf/10.1186/1471-244X-11-129"
"10.1186/ar3789",TRUE,"https://arthritis-research.biomedcentral.com/counter/pdf/10.1186/ar3789"
"10.1186/s13195-015-0154-x",TRUE,"https://doi.org/10.1186/s13195-015-0154-x"
"10.1186/s41239-025-00570-w",TRUE,"https://link.springer.com/content/pdf/10.1186/s41239-025-00570-w.pdf"
"10.1187/cbe.19-01-0028",TRUE,"https://www.lifescied.org/doi/pdf/10.1187/cbe.19-01-0028"
"10.1192/bjp.bp.114.154997",TRUE,"https://www.cambridge.org/core/services/aop-cambridge-core/content/view/361FE770E074E8BD78F34EDDCF28ADAA/S0007125000240658a.pdf/div-class-title-non-replication-of-the-association-between-5httlpr-and-response-to-psychological-therapy-for-child-anxiety-disorders-div.pdf"
"10.1212/wnl.0b013e318202031f",TRUE,"https://n.neurology.org/content/neurology/75/24/2248.full.pdf"
"10.12973/eurasia.2014.948a",TRUE,"https://www.ejmste.com/download/students-ideas-about-nuclearradiation-before-and-afterfukushima-4281.pdf"
"10.1353/aad.2011.0002",FALSE,NA
"10.1353/csd.2014.0018",FALSE,NA
"10.1353/etc.2018.0028",FALSE,NA
"10.1353/jhe.2015.0006",FALSE,NA
"10.1371/journal.pone.0016144",TRUE,"https://journals.plos.org/plosone/article/file?id=10.1371/journal.pone.0016144&type=printable"
"10.1371/journal.pone.0053234",TRUE,"https://journals.plos.org/plosone/article/file?id=10.1371/journal.pone.0053234&type=printable"
"10.1371/journal.pone.0107411",TRUE,"https://journals.plos.org/plosone/article/file?id=10.1371/journal.pone.0107411&type=printable"
"10.1371/journal.pone.0112772",TRUE,"https://journals.plos.org/plosone/article/file?id=10.1371/journal.pone.0112772&type=printable"
"10.1371/journal.pone.0129263",TRUE,"https://journals.plos.org/plosone/article/file?id=10.1371/journal.pone.0129263&type=printable"
"10.1371/journal.pone.0209704",TRUE,"https://journals.plos.org/plosone/article/file?id=10.1371/journal.pone.0209704&type=printable"
"10.1371/journal.pone.0211416",TRUE,"https://journals.plos.org/plosone/article/file?id=10.1371/journal.pone.0211416&type=printable"
"10.1371/journal.pone.0235525",TRUE,"https://journals.plos.org/plosone/article/file?id=10.1371/journal.pone.0235525&type=printable"
"10.1371/journal.pone.0251451",TRUE,"https://journals.plos.org/plosone/article/file?id=10.1371/journal.pone.0251451&type=printable"
"10.1371/journal.pone.0261477",TRUE,"https://journals.plos.org/plosone/article/file?id=10.1371/journal.pone.0261477&type=printable"
"10.1371/journal.pone.0294325",TRUE,"https://journals.plos.org/plosone/article/file?id=10.1371/journal.pone.0294325&type=printable"
"10.1515/gcla-2014-0004",FALSE,NA
"10.1521/pedi_2013_27_117",TRUE,"https://www.ncbi.nlm.nih.gov/pmc/articles/3855180"
"10.1525/collabra.97",TRUE,"https://online.ucpress.edu/collabra/article-pdf/3/1/27/436290/97-1434-1-pb.pdf"
"10.1590/s1415-47572010005000056",TRUE,"https://www.scielo.br/j/gmb/a/QswSb3hvwYywKP7PPpcjBjs/?lang=en&format=pdf"
"10.17105/spr-15-0048.1",FALSE,NA
"10.17705/1atrr.00014",FALSE,NA
"10.17705/1atrr.00028",TRUE,"https://aisel.aisnet.org/cgi/viewcontent.cgi?article=1030&context=trr"
"10.17705/1atrr.00058",FALSE,NA
"10.18148/srm/2012.v6i1.5092",FALSE,NA
"10.18653/v1/d17-1076",TRUE,"https://www.aclweb.org/anthology/D17-1076.pdf"
"10.2196/51056",TRUE,"https://doi.org/10.2196/51056"
"10.3102/0002831214565787",FALSE,NA
"10.3102/0013189x20940304",FALSE,NA
"10.3102/0162373720948884",TRUE,"https://arxiv.org/pdf/1903.01954"
"10.3109/0142159x.2014.890702",FALSE,NA
"10.31234/osf.io/p9dgn",TRUE,"https://doi.org/10.31234/osf.io/p9dgn"
"10.31234/osf.io/qhxkm",TRUE,"https://psyarxiv.com/qhxkm/download"
"10.31820/pt.28.3.7",TRUE,"https://hrcak.srce.hr/file/334421"
"10.3233/jad-170276",TRUE,"http://doi.org/10.3233/JAD-170276"
"10.3233/jad-2011-101932",FALSE,NA
"10.3389/fcomm.2018.00046",TRUE,"https://www.frontiersin.org/articles/10.3389/fcomm.2018.00046/pdf"
"10.3389/fnins.2012.00115",TRUE,"https://www.frontiersin.org/articles/10.3389/fnins.2012.00115/pdf"
"10.3389/fpsyg.2014.00955",TRUE,"https://www.frontiersin.org/articles/10.3389/fpsyg.2014.00955/pdf"
"10.3389/fpsyg.2015.00494",TRUE,"https://www.frontiersin.org/articles/10.3389/fpsyg.2015.00494/pdf"
"10.3389/fpsyg.2015.01755",TRUE,"https://www.frontiersin.org/articles/10.3389/fpsyg.2015.01755/pdf"
"10.3389/fpsyg.2018.00540",TRUE,"https://www.frontiersin.org/articles/10.3389/fpsyg.2018.00540/pdf"
"10.3389/fpsyg.2018.02476",TRUE,"https://doi.org/10.3389/fpsyg.2018.02476"
"10.3389/fpsyt.2020.00777",TRUE,"https://www.frontiersin.org/articles/10.3389/fpsyt.2020.00777/pdf"
"10.3390/ani12070807",TRUE,"https://www.mdpi.com/2076-2615/12/7/807/pdf?version=1648196553"
"10.3390/jcm10010052",TRUE,"https://www.mdpi.com/2077-0383/10/1/52/pdf?version=1610096817"
"10.3390/rs14030597",TRUE,"https://www.mdpi.com/2072-4292/14/3/597/pdf?version=1644051919"
"10.3390/su9071286",TRUE,"https://www.mdpi.com/2071-1050/9/7/1286/pdf?version=1500971936"
"10.3758/s13421-020-01073-x",TRUE,"https://link.springer.com/content/pdf/10.3758/s13421-020-01073-x.pdf"
"10.5281/zenodo.17705407",FALSE,NA
"10.5281/zenodo.17705573",FALSE,NA
"10.5281/zenodo.17715177",FALSE,NA
"10.5281/zenodo.17715275",FALSE,NA
"10.5281/zenodo.17715400",FALSE,NA
"10.5281/zenodo.17716051",FALSE,NA
"10.5281/zenodo.17716155",FALSE,NA
"10.5281/zenodo.17716241",FALSE,NA
"10.5281/zenodo.17716306",FALSE,NA
"10.5964/jnc.7029",TRUE,"https://jnc.psychopen.eu/index.php/jnc/article/download/7029/7029.pdf"
"10.1002/aepp.13377",TRUE,"https://onlinelibrary.wiley.com/doi/pdfdirect/10.1002/aepp.13377"
"10.1002/aur.2496",FALSE,NA
"10.1002/ejsp.2175",FALSE,NA
"10.1002/hbm.26065",TRUE,"https://onlinelibrary.wiley.com/doi/pdfdirect/10.1002/hbm.26065"
"10.1002/ijop.12519",FALSE,NA
"10.1002/jaba.195",FALSE,NA
"10.1002/jaba.401",FALSE,NA
"10.1002/jaba.631",TRUE,"https://onlinelibrary.wiley.com/doi/pdfdirect/10.1002/jaba.631"
"10.1002/jaba.905",FALSE,NA
"10.1002/jaba.908",FALSE,NA
"10.1002/jaba.921",TRUE,"https://onlinelibrary.wiley.com/doi/pdfdirect/10.1002/jaba.921"
"10.1002/jae.2513",TRUE,"https://resolver.sub.uni-goettingen.de/purl?gro-2/43062"
"10.1002/jeab.327",FALSE,NA
"10.1002/jts.22339",TRUE,"https://soar.suny.edu/bitstream/20.500.12648/8373/1/nihms-993981.pdf"
"10.1002/smj.3453",TRUE,"https://onlinelibrary.wiley.com/doi/pdfdirect/10.1002/smj.3453"
"10.1007/s40732-020-00396-0",TRUE,"https://link.springer.com/content/pdf/10.1007/s40732-020-00396-0.pdf"
"10.1007/s40881-022-00118-y",TRUE,"https://link.springer.com/content/pdf/10.1007/s40881-022-00118-y.pdf"
"10.1016/j.brs.2022.09.014",TRUE,"http://www.brainstimjrnl.com/article/S1935861X22002182/pdf"
"10.1016/j.concog.2024.103665",TRUE,"https://doi.org/10.1016/j.concog.2024.103665"
"10.1016/j.dcn.2022.101120",TRUE,"https://doi.org/10.1016/j.dcn.2022.101120"
"10.1016/j.ijgo.2016.06.008",TRUE,"https://onlinelibrary.wiley.com/doi/pdfdirect/10.1016/j.ijgo.2016.06.008"
"10.1016/j.isci.2024.110532",TRUE,"https://doi.org/10.1016/j.isci.2024.110532"
"10.1016/j.jarmac.2018.09.004",TRUE,"https://repository.urosario.edu.co/handle/10336/22236"
"10.5172/conu.2013.43.2.237",FALSE,NA
"10.1002/1099-0879(200007)7:3<220::aid-cpp243>3.0.co;2-f",FALSE,NA
"10.1002/acn3.50914",TRUE,"https://onlinelibrary.wiley.com/doi/pdfdirect/10.1002/acn3.50914"
"10.1002/jae.2445",FALSE,NA
"10.1016/j.system.2013.03.004",TRUE,"https://espace.curtin.edu.au/bitstream/20.500.11937/54377/2/253834.pdf"
"10.1097/j.pain.0000000000001232",TRUE,"https://www.ncbi.nlm.nih.gov/pmc/articles/6053327"
"10.1080/00048670802653364",FALSE,NA
"10.1016/j.system.2003.08.002",FALSE,NA
"10.1177/1362168820921895",FALSE,NA
"10.1111/1468-0297.00407",FALSE,NA
"10.1177/0956797613482947",FALSE,NA
"10.1017/thg.2015.66",TRUE,"https://www.cambridge.org/core/services/aop-cambridge-core/content/view/BEC224F89D34E29FD10AA17C3688B56C/S1832427415000663a.pdf/div-class-title-the-colorado-longitudinal-twin-study-of-reading-difficulties-and-adhd-etiologies-of-comorbidity-and-stability-div.pdf"
"10.1111/j.1467-9280.2009.02479.x",FALSE,NA
"10.1145/2382448.2382450",FALSE,NA
"10.1007/s42761-021-00036-y",TRUE,"https://link.springer.com/content/pdf/10.1007/s42761-021-00036-y.pdf"
"10.7554/elife.82364",TRUE,"https://doi.org/10.7554/elife.82364"
"10.1109/wetseb52558.2021.00014",TRUE,"http://bura.brunel.ac.uk/bitstream/2438/29894/1/FullText.pdf"
"10.1016/j.jad.2024.05.040",FALSE,NA
"10.1162/jeea.2008.6.5.1037",FALSE,NA
"10.1073/pnas.0804388105",TRUE,"http://doi.org/10.1073/pnas.0804388105"
"10.1073/pnas.1609203113",TRUE,"https://www.pnas.org/content/pnas/113/47/13360.full.pdf"
"10.1037/0012-1649.43.6.1447",FALSE,NA
"10.1111/j.1467-8624.1988.tb03262.x",FALSE,NA
"10.1016/s0163-6383(98)90014-5",FALSE,NA
"10.1111/j.2044-835x.1989.tb00784.x",FALSE,NA
"10.1126/science.198.4312.75",FALSE,NA
"10.1542/peds.77.5.654",FALSE,NA
"10.1016/0042-6989(78)90011-1",FALSE,NA
"10.1111/acer.15209",TRUE,"https://onlinelibrary.wiley.com/doi/pdfdirect/10.1111/acer.15209"
"10.1037/xge0000232",FALSE,NA
"10.1007/s10508-016-0847-7",FALSE,NA
"10.1371/journal.pone.0214747",TRUE,"https://journals.plos.org/plosone/article/file?id=10.1371/journal.pone.0214747&type=printable"
"10.1037/0022-3514.40.5.822",FALSE,NA
"10.1027/1864-9335/a000540",FALSE,NA
"10.1037/apl0000281",TRUE,"https://pure.eur.nl/en/publications/5d618f3c-a2fd-4058-96d6-c4dfa1b3a03f"
"10.1177/0956797613500796",FALSE,NA
"10.1177/1368430216682350",FALSE,NA
"10.1037/0022-3514.95.5.1150",FALSE,NA
"10.1371/journal.pone.0059837",TRUE,"https://journals.plos.org/plosone/article/file?id=10.1371/journal.pone.0059837&type=printable"
"10.1111/j.0963-7214.2004.01502002.x",FALSE,NA
"10.1002/(sici)1099-0992(199912)29:8%3c1011::aid-ejsp974%3e3.0.co;2-a",TRUE,"https://onlinelibrary.wiley.com/doi/pdfdirect/10.1002/%28SICI%291099-0992%28199912%2929%3A8%3C1011%3A%3AAID-EJSP974%3E3.0.CO%3B2-A"
"10.2307/1251163",FALSE,NA
"10.1037/0022-3514.70.6.1142",FALSE,NA
"10.1007/s12110-004-1010-z",FALSE,NA
"10.1017/s1930297500006343",TRUE,"https://www.cambridge.org/core/services/aop-cambridge-core/content/view/34E5372DBAA43FBAE0592025669426AC/S1930297500006343a.pdf/div-class-title-construal-levels-and-moral-judgment-some-complications-div.pdf"
"10.1002/ejsp.392",TRUE,"https://onlinelibrary.wiley.com/doi/pdfdirect/10.1002/ejsp.392"
"10.1111/j.0956-7976.2005.00798.x",FALSE,NA
"10.1016/j.sbspro.2016.10.072",TRUE,"https://doi.org/10.1016/j.sbspro.2016.10.072"
"10.1016/j.ynirp.2022.100147",TRUE,"https://doi.org/10.1016/j.ynirp.2022.100147"
"10.1017/s0033291720001919",FALSE,NA
"10.1017/s0261444819000296",FALSE,NA
"10.1017/s0261444822000544",TRUE,"https://www.cambridge.org/core/services/aop-cambridge-core/content/view/68F4F119EA82A7E0CC2964614DF331E2/S0261444822000544a.pdf/div-class-title-revalidation-of-the-l2-grit-scale-a-conceptual-replication-of-teimouri-y-plonsky-l-and-tabandeh-f-2022-l2-grit-passion-and-perseverance-for-second-language-learning-div.pdf"
"10.1017/s174413742200025x",TRUE,"https://www.cambridge.org/core/services/aop-cambridge-core/content/view/40FEEDA4F379707600B8B336041B8275/S174413742200025Xa.pdf/div-class-title-the-authors-of-economics-journals-revisited-evidence-from-a-large-scale-replication-of-hodgson-and-rothman-1999-div.pdf"
"10.1017/s1930297500008184",TRUE,"https://www.cambridge.org/core/services/aop-cambridge-core/content/view/A14CC21A0CAB998DE16C3FF95BF1454A/S1930297500008184a.pdf/div-class-title-unit-asking-a-method-for-increasing-donations-a-replication-and-extension-div.pdf"
"10.1017/thg.2016.80",TRUE,"https://www.cambridge.org/core/services/aop-cambridge-core/content/view/1D6A5B08D4BC7FF6CCEB61D63491748D/S1832427416000803a.pdf/div-class-title-genetic-etiologies-of-comorbidity-and-stability-for-reading-difficulties-and-adhd-a-replication-study-div.pdf"
"10.1027/1864-9335/a000388",FALSE,NA
"10.48550/arxiv.2208.07395",FALSE,NA
"10.1525/collabra.151230",TRUE,"https://online.ucpress.edu/collabra/article-pdf/12/1/151230/923508/collabra_2026_12_1_151230.pdf"
"10.1016/j.xops.2026.101131",TRUE,"https://doi.org/10.1016/j.xops.2026.101131"
"10.1145/3786157.3788563",FALSE,NA
"10.1016/j.jadr.2026.101051",TRUE,"https://doi.org/10.1016/j.jadr.2026.101051"
"10.18718/81781.52",FALSE,NA
"10.1016/j.infbeh.2019.03.005",TRUE,"https://doi.org/10.1016/j.infbeh.2019.03.005"
"10.1016/j.infbeh.2018.09.012",FALSE,NA
"10.1016/s0163-6383(99)00012-0",FALSE,NA
"10.1016/s0163-6383(01)00038-8",FALSE,NA
"10.1016/0163-6383(95)90009-8",FALSE,NA
"10.1016/s0163-6383(83)80012-5",FALSE,NA
"10.1016/0163-6383(90)90029-8",TRUE,"https://doi.org/10.1016/0163-6383(90)90029-8"
"10.1016/s0163-6383(80)80021-x",FALSE,NA
"10.1037/pha0000834",TRUE,"https://doi.org/10.1037/pha0000834"
"10.1027/1864-9335/a000585",TRUE,"https://econtent.hogrefe.com/doi/pdf/10.1027/1864-9335/a000585?download=true"
"10.1027/1864-9335/a000554",FALSE,NA
"10.1027/1864-9335/a000537",TRUE,"https://hal.univ-grenoble-alpes.fr/hal-04674477v1/file/2023_08_SocialPsych_R2_final_%28non%20anonyme%29.pdf"
"10.1027/1864-9335/a000491",TRUE,"https://doi.org/10.1027/1864-9335/a000491"
"10.1027/1864-9335/a000458",TRUE,"https://doi.org/10.1027/1864-9335/a000458"
"10.1027/1864-9335/a000448",FALSE,NA
"10.1027/1864-9335/a000432",TRUE,"https://econtent.hogrefe.com/doi/pdf/10.1027/1864-9335/a000432"
"10.1027/1864-9335/a000361",FALSE,NA
"10.1027/1864-9335/a000296",FALSE,NA
"10.1027/1864-9335/a000300",FALSE,NA
"10.1027/1864-9335/a000236",FALSE,NA
"10.1027/1864-9335/a000173",FALSE,NA
"10.1027/1864-9335/a000179",TRUE,"http://repository.ubn.ru.nl/handle/2066/128034"
"10.1027/1864-9335/a000182",TRUE,"https://research.vu.nl/en/publications/38e7747a-6478-4013-bb85-0906c17bdc2e"
"10.1027/1864-9335/a000183",FALSE,NA
"10.1027/1864-9335/a000185",TRUE,"https://research.tilburguniversity.edu/en/publications/c3ac824b-4fd8-4917-bde9-954eae7d84a7"
"10.1027/1864-9335/a000209",TRUE,"https://research.tilburguniversity.edu/en/publications/ff67f54c-fb80-4bc5-ba3b-2912f0ff4f5d"
"10.1027/1864-9335/a000210",FALSE,NA
"10.3389/fnagi.2022.804937",TRUE,"https://www.frontiersin.org/articles/10.3389/fnagi.2022.804937/pdf"
"10.1016/j.cortex.2025.05.019",FALSE,NA
"10.1007/s11618-026-01385-9",TRUE,"https://link.springer.com/content/pdf/10.1007/s11618-026-01385-9.pdf"
"10.1371/journal.pone.0226284",TRUE,"https://journals.plos.org/plosone/article/file?id=10.1371/journal.pone.0226284&type=printable"
"10.3758/mc.37.1.65",TRUE,"https://link.springer.com/content/pdf/10.3758/MC.37.1.65.pdf"
"10.1037/amp0001079",TRUE,"https://doi.org/10.1037/amp0001079"
"10.1037/cou0000131",FALSE,NA
"10.1111/mono .12404",FALSE,NA
"10.1016/j.paid.2023.112300",TRUE,"https://pmc.ncbi.nlm.nih.gov/articles/PMC10276194/pdf/main.pdf"
"10.1073/pnas.1918952117",TRUE,"https://www.pnas.org/content/pnas/117/35/21185.full.pdf"
"10.3368/jhr.47.4.991",FALSE,NA
"10.3758/s13428-023-02329-5",TRUE,"https://link.springer.com/content/pdf/10.3758/s13428-023-02329-5.pdf"
"10.1037/a0031138",FALSE,NA
"10.1037/amp0001210",TRUE,"https://ueaeprints.uea.ac.uk/id/eprint/92399/1/ACCEPTED_MANUSCRIPT.pdf"
"10.1037/cou0000608",FALSE,NA
"10.1037/men0000301",TRUE,"https://doi.org/10.1037/men0000301"
"10.1002/ijop.70199",TRUE,"https://doi.org/10.1002/ijop.70199"
"10.26481/umagsb.2025006",FALSE,NA
"10.3368/jhr.0623-12973r6",TRUE,"https://jhr.uwpress.org/content/wpjhr/early/2026/03/04/jhr.0623-12973R6.full.pdf"
"10.1080/00221309.2024.2317247",TRUE,"https://www.tandfonline.com/doi/pdf/10.1080/00221309.2024.2317247?needAccess=true"
"10.1177/1474704919852921",TRUE,"https://journals.sagepub.com/doi/pdf/10.1177/1474704919852921"
"10.1525/collabra.77610",TRUE,"https://online.ucpress.edu/collabra/article-pdf/9/1/77610/828665/collabra_2023_9_1_77610.pdf"
"10.1016/j.jrp.2019.06.009",FALSE,NA
"10.5281/zenodo.17716240",FALSE,NA
"10.1111/psyp.70042",FALSE,NA
"10.1080/17461391.2020.1781265",FALSE,NA
"10.5334/irsp.522",TRUE,"https://rips-irsp.com/articles/522/files/66fbd4afe2a20.pdf"
"10.31234/osf.io/akfzh",TRUE,"https://doi.org/10.31234/osf.io/akfzh"
"10.1007/s00213-025-06983-9",TRUE,"https://link.springer.com/content/pdf/10.1007/s00213-025-06983-9.pdf"
"10.1177/25152459241267902",TRUE,"https://doi.org/10.1177/25152459241267902"
"10.1016/j.nicl.2019.101796",TRUE,"https://doi.org/10.1016/j.nicl.2019.101796"
"10.1016/j.cortex.2022.12.003",TRUE,"https://doi.org/10.1016/j.cortex.2022.12.003"
"10.1111/desc.13581",TRUE,"https://onlinelibrary.wiley.com/doi/pdfdirect/10.1111/desc.13581"
"10.1037/0022-0663.67.6.882",FALSE,NA
"10.1037/0022-3514.56.6.972",FALSE,NA
"10.1037/t71797-000",FALSE,NA
"10.1037/pspp0000047",TRUE,"https://doi.org/10.1037/pspp0000047"
"10.1026/0949-3946.48.2.94",FALSE,NA
"10.1002/(sici)1099-0992(199912)29:8<1011::aid-ejsp974>3.0.co;2-a",TRUE,"https://onlinelibrary.wiley.com/doi/pdfdirect/10.1002/%28SICI%291099-0992%28199912%2929%3A8%3C1011%3A%3AAID-EJSP974%3E3.0.CO%3B2-A"
"10.1037/pas0001164",FALSE,NA
"10.1037/pspp0000380",TRUE,"https://doi.org/10.1037/pspp0000380"
"10.1016/j.ridd.2010.02.001",FALSE,NA
"10.1027/1864-9335/a000292",FALSE,NA
"10.1037/vio0000187",FALSE,NA
"10.1037/a0018144",FALSE,NA
"10.1037/0022-3514.69.4.603",FALSE,NA
"10.1080/00140139608964474",FALSE,NA
"10.1145/3328778.3366948",FALSE,NA
"10.1016/j.chb.2017.09.030",FALSE,NA
"10.1002/jclp.22191",TRUE,"https://onlinelibrary.wiley.com/doi/pdfdirect/10.1002/jclp.22191"
"10.1111/j.1083-6101.2007.00367.x",TRUE,"https://academic.oup.com/jcmc/article-pdf/12/4/1143/22316419/jjcmcom1143.pdf"
"10.1016/j.paid.2008.08.019",TRUE,"https://rke.abertay.ac.uk/en/publications/2c7a092e-49b7-4c77-9826-c51f3ab98132"
"10.1016/s0022-4359(00)00035-x",FALSE,NA
"10.1037/a0032028",FALSE,NA
"10.1080/20008198.2019.1686806",TRUE,"https://www.tandfonline.com/doi/pdf/10.1080/20008198.2019.1686806?needAccess=true"
"10.2139/ssrn.999353",TRUE,"https://doi.org/10.2139/ssrn.999353"
"10.1080/14640746808400158",FALSE,NA
"10.1093/joc/jqx008",FALSE,NA
"10.1145/985692.985709",FALSE,NA
"10.1016/j.neuroimage.2007.08.032",FALSE,NA
"10.1097/00003446-200210000-00007",FALSE,NA
"10.1016/j.cognition.2013.01.009",TRUE,"https://linkinghub.elsevier.com/science/article/pii/S0010027713000231/pdfft?md5=9b8a91509dd58ffe75d84787537e837c&pid=1-s2.0-S0010027713000231-main.pdf"
"10.1177/0956797613504785",FALSE,NA
"10.1177/1747021820980301",TRUE,"https://journals.sagepub.com/doi/pdf/10.1177/1747021820980301"
"10.1037/0278-7393.6.6.651",FALSE,NA
"10.1177/0956797617702699",TRUE,"https://journals.sagepub.com/doi/pdf/10.1177/0956797617702699"
"10.1037/vio0000282",FALSE,NA
"10.1037/xge0000124",TRUE,"https://discovery.ucl.ac.uk/1471463/3/Harris_Sept23_a.pdf"
"10.1037/xge0000992",FALSE,NA
"10.1037/xge0001333",TRUE,"https://handle.uba.uva.nl/personal/pure/en/publications/social-status-and-unethical-behavior(ab2ad967-1339-46dd-af7e-0c8f62bdfb43).html"
"10.1080/00140139.2021.1909752",FALSE,NA
"10.1080/08993408.2022.2071543",FALSE,NA
"10.1080/08993408.2022.2079864",TRUE,"https://www.tandfonline.com/doi/pdf/10.1080/08993408.2022.2079864?needAccess=true"
"10.1080/10503307.2020.1757175",FALSE,NA
"10.1080/10510974.2018.1464937",TRUE,"https://www.tandfonline.com/doi/pdf/10.1080/10510974.2018.1464937?needAccess=true"
"10.1080/1357650x.2015.1016530",FALSE,NA
"10.1080/15332969.2014.916148",FALSE,NA
"10.1080/20008198.2017.1315291",TRUE,"https://www.tandfonline.com/doi/pdf/10.1080/20008198.2017.1315291?needAccess=true"
"10.1080/20008198.2021.1930703",TRUE,"https://www.tandfonline.com/doi/pdf/10.1080/20008198.2021.1930703?needAccess=true"
"10.1080/23251042.2021.1975350",FALSE,NA
"10.1080/25742442.2021.1896908",TRUE,"https://www.ncbi.nlm.nih.gov/pmc/articles/8262135"
"10.1093/hcr/hqab013",FALSE,NA
"10.1093/hcr/hqab019",FALSE,NA
"10.1093/scan/nsaa107",TRUE,"https://doi.org/10.1093/scan/nsaa107"
"10.1097/aud.0000000000000393",TRUE,"https://www.ncbi.nlm.nih.gov/pmc/articles/5404985"
"10.1098/rsos.200664",TRUE,"https://royalsocietypublishing.org/doi/pdf/10.1098/rsos.200664"
"10.1098/rsos.211152",TRUE,"https://doi.org/10.1098/rsos.211152"
"10.1098/rsos.230651",TRUE,"https://royalsocietypublishing.org/doi/pdf/10.1098/rsos.230651"
"10.1101/144733",TRUE,"https://www.biorxiv.org/content/biorxiv/early/2017/06/01/144733.full.pdf"
"10.1101/2020.07.10.197269",TRUE,"https://www.biorxiv.org/content/biorxiv/early/2020/07/10/2020.07.10.197269.full.pdf"
"10.1101/689265",TRUE,"https://www.biorxiv.org/content/biorxiv/early/2019/07/02/689265.full.pdf"
"10.1093/carcin/bgr100",TRUE,"https://academic.oup.com/carcin/article-pdf/32/8/1231/17289784/bgr100.pdf"
"10.2337/diabetes.53.9.2467",TRUE,"https://diabetesjournals.org/diabetes/article-pdf/53/9/2467/654116/zdb00904002467.pdf"
"10.3758/pp.70.3.477",TRUE,"https://link.springer.com/content/pdf/10.3758/PP.70.3.477.pdf"
"10.1038/nature06014",TRUE,"https://www.nature.com/articles/nature06014.pdf"
"10.1177/107118138002400197",FALSE,NA
"10.1037/a0010932",FALSE,NA
"10.1016/0749-596x(88)90071-x",FALSE,NA
"10.1111/jofi.12698",FALSE,NA
"10.1097/00001888-200203000-00007",FALSE,NA
"10.1002/art.39932",TRUE,"https://www.ncbi.nlm.nih.gov/pmc/articles/5274579"
"10.1644/1545-1542(2005)086[0745:bbabss]2.0.co;2",TRUE,"https://academic.oup.com/jmammal/article-pdf/86/4/745/7025576/86-4-745.pdf"
"10.1037/h0032236",FALSE,NA
"10.1097/00005650-198705000-00004",FALSE,NA
"10.1101/lm.053470.121",TRUE,"http://learnmem.cshlp.org/content/28/12/445.full.pdf"
"10.1007/s13300-022-01230-2",TRUE,"https://link.springer.com/content/pdf/10.1007/s13300-022-01230-2.pdf"
"10.1002/hrm.10029",FALSE,NA
"10.1007/s11055-011-9545-z",FALSE,NA
"10.1016/j.cognition.2007.10.010",TRUE,"https://www.ncbi.nlm.nih.gov/pmc/articles/2386981"
"10.1021/pr9004162",FALSE,NA
"10.4324/9780203865972-24",FALSE,NA
"10.1111/j.1752-0606.1986.tb00673.x",FALSE,NA
"10.1093/hmg/ddm352",TRUE,"https://academic.oup.com/hmg/article-pdf/17/6/806/17245760/ddm352.pdf"
"10.1021/acscentsci.8b00879",TRUE,"https://doi.org/10.1021/acscentsci.8b00879"
"10.1002/acp.2350090703",FALSE,NA
"10.1002/jbmr.4341",TRUE,"https://onlinelibrary.wiley.com/doi/pdfdirect/10.1002/jbmr.4341"
"10.1016/j.omtn.2018.01.003",TRUE,"http://www.cell.com/article/S2162253118300040/pdf"
"10.1038/s41593-021-00908-3",TRUE,"https://www.nature.com/articles/s41593-021-00908-3.pdf"
"10.1111/j.1469-7610.2004.t01-1-00289.x",FALSE,NA
"10.1038/npp.2009.220",TRUE,"https://www.nature.com/articles/npp2009220.pdf"
"10.1038/ng.584",TRUE,"https://www.ncbi.nlm.nih.gov/pmc/articles/3786343"
"10.1111/cogs.13254",TRUE,"https://onlinelibrary.wiley.com/doi/pdfdirect/10.1111/cogs.13254"
"10.1097/00005053-198810000-00006",FALSE,NA
"10.1093/jamia/ocv046",TRUE,"https://academic.oup.com/jamia/article-pdf/22/5/1042/34146161/ocv046.pdf"
"10.1093/deafed/eng009",TRUE,"https://academic.oup.com/jdsde/article-pdf/8/2/157/1417355/eng009.pdf"
"10.1176/appi.ajp.2016.15111500",TRUE,"https://ajp.psychiatryonline.org/doi/pdf/10.1176/appi.ajp.2016.15111500"
"10.1080/09084282.2011.643966",FALSE,NA
"10.1016/j.jphys.2020.03.009",TRUE,"https://doi.org/10.1016/j.jphys.2020.03.009"
"10.1017/s0033291705005441",FALSE,NA
"10.1016/j.neulet.2004.10.018",FALSE,NA
"10.3109/13816810.2015.1005317",FALSE,NA
"10.2196/37954",TRUE,"https://www.researchprotocols.org/2022/11/e37954/PDF"
"10.3109/0142159x.2010.541533",FALSE,NA
"10.1007/s00455-007-9127-y",FALSE,NA
"10.1523/jneurosci.1959-18.2018",TRUE,"https://www.jneurosci.org/content/jneuro/39/3/528.full.pdf"
"10.1016/j.jad.2020.07.068",FALSE,NA
"10.1016/j.jpsychires.2015.12.001",FALSE,NA
"10.1210/jc.2011-1801",TRUE,"https://academic.oup.com/jcem/article-pdf/97/1/E145/10747322/jcemE145.pdf"
"10.1086/378133",TRUE,"http://www.cell.com/article/S0002929707620333/pdf"
"10.1016/j.nicl.2018.02.020",TRUE,"https://doi.org/10.1016/j.nicl.2018.02.020"
"10.1055/s-0041-111172",TRUE,"http://www.thieme-connect.de/products/ejournals/pdf/10.1055/s-0041-111172.pdf"
"10.1192/bjp.129.2.125",FALSE,NA
"10.1038/sj.mp.4001753",TRUE,"https://www.nature.com/articles/4001753.pdf"
"10.1136/gut.2003.030205",TRUE,"https://gut.bmj.com/content/gutjnl/53/7/987.full.pdf"
"10.1046/j.1369-6513.2002.00191.x",TRUE,"https://onlinelibrary.wiley.com/doi/pdfdirect/10.1046/j.1369-6513.2002.00191.x"
"10.1037/0022-3514.92.1.97",FALSE,NA
"10.1093/jamia/ocx073",TRUE,"https://academic.oup.com/jamia/article-pdf/24/6/1127/20605496/ocx073.pdf"
"10.1126/science.aau8712",FALSE,NA
"10.1016/j.biopsych.2005.07.040",FALSE,NA
"10.1523/jneurosci.0816-23.2023",TRUE,"https://www.jneurosci.org/content/jneuro/43/43/7186.full.pdf"
"10.1111/gbb.12129",TRUE,"https://onlinelibrary.wiley.com/doi/pdfdirect/10.1111/gbb.12129"
"10.1080/15475441.2019.1676751",TRUE,"https://www.ncbi.nlm.nih.gov/pmc/articles/7531761"
"10.1053/j.gastro.2014.04.022",TRUE,"http://www.gastrojournal.org/article/S0016508514005484/pdf"
"10.1371/journal.pone.0045232",TRUE,"https://journals.plos.org/plosone/article/file?id=10.1371/journal.pone.0045232&type=printable"
"10.2196/20572",TRUE,"https://publichealth.jmir.org/2020/3/e20572/PDF"
"10.1037/tra0000276",TRUE,"https://doi.org/10.1037/tra0000276"
"10.1037/0096-1523.25.4.1005",FALSE,NA
"10.3758/s13423-013-0572-3",TRUE,"https://research.rug.nl/en/publications/f6bf397d-c103-44c5-bb9d-3dccb9b102b7"
"10.1073/pnas.1209746109",TRUE,"http://nrs.harvard.edu/urn-3:HUL.InstRepos:10976353"
"10.1162/003355302320935025",FALSE,NA
"10.1257/aer.101.2.749",TRUE,"https://www.aeaweb.org/articles/pdf/doi/10.1257/aer.101.2.749"
"10.1038/srep38427",TRUE,"https://www.nature.com/articles/srep38427.pdf"
"10.1037/a0030931",FALSE,NA
"10.2139/ssrn.2152623",TRUE,"https://papers.ssrn.com/sol3/Delivery.cfm?abstractid=2152623"
"10.1080/02699931.2013.832653",TRUE,"https://biblio.ugent.be/publication/4110710/file/4110714.pdf"
"10.1097/fpc.0b013e32800ffbb4",FALSE,NA
"10.1037/h0033373",FALSE,NA
"10.1257/aer.104.1.123",TRUE,"https://researchonline.lse.ac.uk/id/eprint/102932/1/violence_risk.pdf"
"10.3389/fpsyt.2024.1432679",TRUE,"https://www.frontiersin.org/journals/psychiatry/articles/10.3389/fpsyt.2024.1432679/pdf"
"10.1016/j.concog.2009.08.009",FALSE,NA
"10.1002/pon.2108",FALSE,NA
"10.1038/nature13977",FALSE,NA
"10.1016/0304-3932(89)90047-0",FALSE,NA
"10.1097/00001756-200002070-00038",FALSE,NA
"10.7334/psicothema2016.24",TRUE,"https://doi.org/10.7334/psicothema2016.24"
"10.1002/art.38110",FALSE,NA
"10.1192/s0007125000283001",FALSE,NA
"10.1016/j.reseneeco.2019.07.001",FALSE,NA
"10.1038/ng.2007.47",TRUE,"https://www.ncbi.nlm.nih.gov/pmc/articles/3705866"
"10.1086/374383",TRUE,"http://www.cell.com/article/S0002929707606296/pdf"
"10.1161/circresaha.117.310628",TRUE,"https://doi.org/10.1161/circresaha.117.310628"
"10.1016/0010-0277(86)90010-7",FALSE,NA
"10.1186/s13148-019-0699-9",TRUE,"https://clinicalepigeneticsjournal.biomedcentral.com/counter/pdf/10.1186/s13148-019-0699-9"
"10.1111/j.1467-7687.2009.00946.x",FALSE,NA
"10.1037/a0019902",FALSE,NA
"10.1006/jmla.2000.2737",FALSE,NA
"10.1037/0278-7393.28.1.233",FALSE,NA
"10.1111/j.1467-9280.2009.02339.x",TRUE,"https://www.ncbi.nlm.nih.gov/pmc/articles/2698025"
"10.1002/jae.1118",FALSE,NA
"10.1080/07350015.1995.10524601",FALSE,NA
"10.1606/1044-3894.1817",FALSE,NA
"10.1016/0145-2134(88)90073-7",FALSE,NA
"10.2307/2786238",FALSE,NA
"10.1037/h0042026",FALSE,NA
"10.1086/298261",FALSE,NA
"10.2466/pms.1999.89.1.151",FALSE,NA
"10.1515/lingvan-2020-0040",FALSE,NA
"10.1016/s0042-6989(01)00092-x",FALSE,NA
"10.1097/jom.0000000000000562",TRUE,"https://doi.org/10.1097/jom.0000000000000562"
"10.1176/appi.ajp.159.3.443",TRUE,"https://cris.maastrichtuniversity.nl/en/publications/6b76b7ef-a501-405c-91a5-b579fc6acbdc"
"10.1080/15622975.2016.1190033",TRUE,"https://figshare.com/articles/journal_contribution/High-throughput_DNA_methylation_analysis_in_anorexia_nervosa_confirms_i_TNXB_i_hypermethylation/3469682"
"10.1038/ng.3434",TRUE,"https://kclpure.kcl.ac.uk/ws/files/45866591/41110_3_merged_1440442063.pdf"
"10.1523/jneurosci.5538-09.2010",TRUE,"https://www.jneurosci.org/content/jneuro/30/14/4999.full.pdf"
"10.3389/fpsyg.2020.01415",TRUE,"https://www.frontiersin.org/articles/10.3389/fpsyg.2020.01415/pdf"
"10.1079/hai.2018.0021",TRUE,"https://doi.org/10.1079/hai.2018.0021"
"10.1037/a0027586",FALSE,NA
"10.1056/nejmoa073493",FALSE,NA
"10.18420/muc2017-up-0002",FALSE,NA
"10.1126/science.1157627",FALSE,NA
"10.1073/pnas.1217854110",TRUE,"https://www.pnas.org/content/pnas/110/15/6139.full.pdf"
"10.1037/0033-295x.84.4.327",FALSE,NA
"10.1016/s0749-596x(02)00515-6",FALSE,NA
"10.1016/j.jretconser.2011.06.012",FALSE,NA
"10.1038/nature01930",FALSE,NA
"10.1057/palgrave.jibs.8490825",FALSE,NA
"10.1037/0003-066x.49.5.417",FALSE,NA
"10.2466/pr0.1998.83.2.455",FALSE,NA
"10.3389/fpsyt.2012.00045",TRUE,"https://www.frontiersin.org/articles/10.3389/fpsyt.2012.00045/pdf"
"10.1152/japplphysiol.01095.2004",FALSE,NA
"10.1044/jslhr.4306.1440",FALSE,NA
"10.1198/073500102317352029",FALSE,NA
"10.1037/a0035826",FALSE,NA
"10.1186/s13012-015-0364-4",TRUE,"https://implementationscience.biomedcentral.com/counter/pdf/10.1186/s13012-015-0364-4"
"10.1348/026151001166182",FALSE,NA
"10.1007/bf00431763",FALSE,NA
"10.1007/s00439-022-02495-0",FALSE,NA
"10.3102/0162373720954183",FALSE,NA
"10.1016/s0165-1765(01)00394-9",FALSE,NA
"10.3758/s13423-015-0923-3",TRUE,"https://lirias.kuleuven.be/handle/123456789/504749"
"10.1111/j.1365-2982.2012.01937.x",TRUE,"https://onlinelibrary.wiley.com/doi/pdfdirect/10.1111/j.1365-2982.2012.01937.x"
"10.1037/xhp0000463",TRUE,"https://research-repository.uwa.edu.au/en/publications/641ceec5-a5cb-457e-bb0c-4bc2cd93ea0d"
"10.1037/xlm0000530",FALSE,NA
"10.1037/h0062326",FALSE,NA
"10.1038/sj.mp.4001437",FALSE,NA
"10.1016/j.neuron.2015.07.028",TRUE,"http://www.cell.com/article/S0896627315006704/pdf"
"10.1007/s12369-023-01076-z",TRUE,"https://link.springer.com/content/pdf/10.1007/s12369-023-01076-z.pdf"
"10.4992/jjpsy.94.22334",TRUE,"https://www.jstage.jst.go.jp/article/jjpsy/advpub/0/advpub_94.22334/_pdf"
"10.1007/s40732-014-0052-9",FALSE,NA
"10.1371/journal.pone.0216241",TRUE,"https://journals.plos.org/plosone/article/file?id=10.1371/journal.pone.0216241&type=printable"
"10.1111/ibi.13246",TRUE,"https://onlinelibrary.wiley.com/doi/pdfdirect/10.1111/ibi.13246"
"10.1097/00005053-198011000-00008",FALSE,NA
"10.1002/acp.3958",TRUE,"https://onlinelibrary.wiley.com/doi/pdfdirect/10.1002/acp.3958"
"10.1093/carcin/bgw047",TRUE,"https://academic.oup.com/carcin/article-pdf/37/7/677/19256224/bgw047.pdf"
"10.1353/hub.2006.0033",TRUE,"https://muse.jhu.edu/pub/27/article/201591/pdf"
"10.3758/s13414-019-01890-6",TRUE,"https://link.springer.com/content/pdf/10.3758/s13414-019-01890-6.pdf"
"10.1186/1471-2350-12-133",TRUE,"https://bmcmedgenet.biomedcentral.com/counter/pdf/10.1186/1471-2350-12-133"
"10.1136/oem.40.4.413",TRUE,"https://oem.bmj.com/content/oemed/40/4/413.full.pdf"
"10.1038/s41598-025-10331-4",TRUE,"https://www.nature.com/articles/s41598-025-10331-4.pdf"
"10.5334/joc.324",TRUE,"https://storage.googleapis.com/jnl-up-j-jc-files/journals/1/articles/324/6523f570a674b.pdf"
"10.1111/cogs.12962",TRUE,"https://onlinelibrary.wiley.com/doi/pdfdirect/10.1111/cogs.12962"
"10.29338/wp2019-15",FALSE,NA
"10.1186/s12909-022-03665-4",TRUE,"https://bmcmededuc.biomedcentral.com/counter/pdf/10.1186/s12909-022-03665-4"
"10.1007/s10067-020-04995-8",FALSE,NA
"10.1007/s00248-024-02368-1",TRUE,"https://link.springer.com/content/pdf/10.1007/s00248-024-02368-1.pdf"
"10.5114/cipp/189860",TRUE,"https://cipp.ug.edu.pl/pdf-189860-116006?filename=Personality.pdf"
"10.1371/journal.pone.0138922",TRUE,"https://journals.plos.org/plosone/article/file?id=10.1371/journal.pone.0138922&type=printable"
"10.1097/00005650-199204000-00001",FALSE,NA
"10.1101/lm.053631.122",TRUE,"https://doi.org/10.1101/lm.053631.122"
"10.1136/bmjopen-2024-093080",TRUE,"https://doi.org/10.1136/bmjopen-2024-093080"
"10.1080/09585190802324304",FALSE,NA
"10.1017/sjp.2016.1",FALSE,NA
"10.1080/15248372.2019.1604525",TRUE,"https://www.ncbi.nlm.nih.gov/pmc/articles/7009787"
"10.1021/pr400337b",TRUE,"https://www.ncbi.nlm.nih.gov/pmc/articles/5902797"
"10.1098/rsos.250290",TRUE,"https://doi.org/10.1098/rsos.250290"
"10.1111/j.1752-0606.1989.tb00812.x",FALSE,NA
"10.1186/1471-2350-11-60",TRUE,"https://bmcmedgenet.biomedcentral.com/counter/pdf/10.1186/1471-2350-11-60"
"10.1021/acscentsci.0c01028",TRUE,"https://doi.org/10.1021/acscentsci.0c01028"
"10.3758/s13423-019-01708-4",TRUE,"https://link.springer.com/content/pdf/10.3758/s13423-019-01708-4.pdf"
"10.1093/jbmrpl/ziae082",TRUE,"https://academic.oup.com/jbmrplus/advance-article-pdf/doi/10.1093/jbmrpl/ziae082/58258657/ziae082.pdf"
"10.1155/2019/6514608",TRUE,"https://downloads.hindawi.com/journals/dm/2019/6514608.pdf"
"10.18699/vjgb-25-91",TRUE,"https://vavilov.elpub.ru/jour/article/download/4811/1995"
"10.1192/bjp.bp.108.061341",TRUE,"https://www.cambridge.org/core/services/aop-cambridge-core/content/view/71967668F40D1D2ABBA7C451A9CE838B/S0007125000252197a.pdf/div-class-title-social-communication-deficits-in-disruptive-primary-school-children-div.pdf"
"10.1038/tpj.2011.32",FALSE,NA
"10.1136/jmg.2010.081380",TRUE,"https://hal.science/hal-00581008"
"10.1111/cogs.13339",TRUE,"https://onlinelibrary.wiley.com/doi/pdfdirect/10.1111/cogs.13339"
"10.1097/00005053-199311000-00007",FALSE,NA
"10.1038/srep33166",TRUE,"https://www.nature.com/articles/srep33166.pdf"
"10.1353/aad.2004.0016",FALSE,NA
"10.1017/s0033291722003233",TRUE,"https://www.cambridge.org/core/services/aop-cambridge-core/content/view/8F0468647ED167CB4D08AC5F903B9C43/S0033291722003233a.pdf/div-class-title-metabolomic-disorders-confirmed-presence-of-potentially-treatable-abnormalities-in-patients-with-treatment-refractory-depression-and-suicidal-behavior-div.pdf"
"10.1080/23279095.2021.1917411",FALSE,NA
"10.1371/journal.pone.0321397",TRUE,"https://doi.org/10.1371/journal.pone.0321397"
"10.1017/s003329170500543x",FALSE,NA
"10.1186/1471-2350-6-35",TRUE,"https://bmcmedgenet.biomedcentral.com/counter/pdf/10.1186/1471-2350-6-35"
"10.1186/s12886-022-02359-1",TRUE,"https://bmcophthalmol.biomedcentral.com/track/pdf/10.1186/s12886-022-02359-1"
"10.2196/39258",TRUE,"https://www.jmir.org/2023/1/e39258/PDF"
"10.3205/zma000997",FALSE,NA
"10.1007/s00455-013-9488-3",FALSE,NA
"10.1038/s44271-024-00067-8",TRUE,"https://www.nature.com/articles/s44271-024-00067-8.pdf"
"10.1016/j.psychres.2024.115855",TRUE,"https://doi.org/10.1016/j.psychres.2024.115855"
"10.1016/j.jpsychires.2021.06.021",TRUE,"https://doi.org/10.1016/j.jpsychires.2021.06.021"
"10.3389/fgene.2021.690335",TRUE,"https://doi.org/10.3389/fgene.2021.690335"
"10.1186/1471-2350-7-71",TRUE,"https://bmcmedgenet.biomedcentral.com/counter/pdf/10.1186/1471-2350-7-71"
"10.1117/12.2546895",TRUE,"https://www.ncbi.nlm.nih.gov/pmc/articles/9799963"
"10.3389/fpsyt.2022.836077",TRUE,"https://www.frontiersin.org/articles/10.3389/fpsyt.2022.836077/pdf"
"10.1192/bjp.161.2.223",FALSE,NA
"10.1038/mp.2011.155",FALSE,NA
"10.1038/sj.gene.6364398",TRUE,"https://www.nature.com/articles/6364398.pdf"
"10.1111/hex.12242",TRUE,"https://onlinelibrary.wiley.com/doi/pdfdirect/10.1111/hex.12242"
"10.1098/rsos.250441",TRUE,"https://doi.org/10.1098/rsos.250441"
"10.1055/s-0038-1649509",TRUE,"http://www.thieme-connect.de/products/ejournals/pdf/10.1055/s-0038-1649509.pdf"
"10.1073/pnas.2213824120",TRUE,"https://pmc.ncbi.nlm.nih.gov/articles/PMC10629568/pdf/pnas.202213824.pdf"
"10.2174/1874402800902010006",TRUE,"http://benthamopen.com/contents/pdf/TOFORSJ/TOFORSJ-2-6.pdf"
"10.1523/eneuro.0332-25.2025",TRUE,"https://www.eneuro.org/content/eneuro/early/2026/01/08/ENEURO.0332-25.2025.full.pdf"
"10.1371/journal.pone.0193787",TRUE,"https://journals.plos.org/plosone/article/file?id=10.1371/journal.pone.0193787&type=printable"
"10.1017/s0305000925100366",TRUE,"https://www.cambridge.org/core/services/aop-cambridge-core/content/view/165CE37411ECDA0AE9A11AF6BFBA6707/S0305000925100366a.pdf/div-class-title-when-less-is-more-evidence-from-korean-learning-children-s-verb-acquisition-div.pdf"
"10.1038/jhg.2016.155",FALSE,NA
"10.1186/s12979-019-0146-y",TRUE,"https://immunityageing.biomedcentral.com/track/pdf/10.1186/s12979-019-0146-y"
"10.2196/45481",TRUE,"https://humanfactors.jmir.org/2023/1/e45481/PDF"
"10.1037/tra0000586",TRUE,"https://www.ncbi.nlm.nih.gov/pmc/articles/9024223"
"10.1027/1618-3169/a000554",TRUE,"https://doi.org/10.1027/1618-3169/a000554"
"10.3389/fpsyg.2016.01042",TRUE,"https://www.frontiersin.org/articles/10.3389/fpsyg.2016.01042/pdf"
"10.1073/pnas.1911695117",TRUE,"https://www.pnas.org/content/pnas/117/13/7103.full.pdf"
"10.1257/mac.6.3.1",FALSE,NA
"10.1257/aer.20120767",FALSE,NA
"10.7554/elife.57614",TRUE,"https://elifesciences.org/articles/57614.bib"
"10.1038/sdata.2016.129",TRUE,"https://www.nature.com/articles/sdata2016129.pdf"
"10.1007/s40881-017-0041-2",TRUE,"https://link.springer.com/content/pdf/10.1007/s40881-017-0041-2.pdf"
"10.1371/journal.pone.0121564",TRUE,"https://journals.plos.org/plosone/article/file?id=10.1371/journal.pone.0121564&type=printable"
"10.1038/tpj.2008.6",FALSE,NA
"10.1561/104.00000052",TRUE,"https://www.nowpublishers.com/article/Download/CFR-0052"
"10.1177/1948550616652209",FALSE,NA
"10.1027/1864-9335/a000181",FALSE,NA
"10.1257/aer.20160789",TRUE,"https://www.aeaweb.org/articles/pdf/doi/10.1257/aer.20160789"
"10.3390/healthcare13212808",TRUE,"https://www.mdpi.com/2227-9032/13/21/2808/pdf?version=1762336498"
"10.1561/104.00000072",FALSE,NA
"10.3389/fpsyg.2014.00539",TRUE,"https://www.frontiersin.org/articles/10.3389/fpsyg.2014.00539/pdf"
"10.1002/pon.4841",TRUE,"https://www.ncbi.nlm.nih.gov/pmc/articles/6345396"
"10.1038/s41586-019-1741-y",TRUE,"https://researchonline.lse.ac.uk/id/eprint/102656/1/Figures_Zoe_Rahwan_Overview_190802_0740.pdf"
"10.1177/1091142117736606",FALSE,NA
"10.1002/bem.10105",FALSE,NA
"10.3389/fpsyg.2018.00996",TRUE,"https://doi.org/10.3389/fpsyg.2018.00996"
"10.4103/ijabmr.ijabmr_156_24",TRUE,"https://doi.org/10.4103/ijabmr.ijabmr_156_24"
"10.1192/bjp.141.3.249",FALSE,NA
"10.1111/ecin.13279",TRUE,"https://onlinelibrary.wiley.com/doi/pdfdirect/10.1111/ecin.13279"
"10.1038/gene.2008.95",FALSE,NA
"10.1038/sj.ejhg.5201317",TRUE,"https://www.nature.com/articles/5201317.pdf"
"10.1101/2023.06.27.546731",TRUE,"https://www.biorxiv.org/content/biorxiv/early/2023/06/29/2023.06.27.546731.full.pdf"
"10.1080/02687038.2010.536841",FALSE,NA
"10.3390/genes12091349",TRUE,"https://www.mdpi.com/2073-4425/12/9/1349/pdf?version=1631005038"
"10.1098/rsos.191998",TRUE,"https://royalsocietypublishing.org/doi/pdf/10.1098/rsos.191998"
"10.3389/fpsyg.2016.01977",TRUE,"https://www.frontiersin.org/articles/10.3389/fpsyg.2016.01977/pdf"
"10.1037/a0028072",FALSE,NA
"10.1080/17470210903377380",TRUE,"https://www.ncbi.nlm.nih.gov/pmc/articles/2908256"
"10.1177/1948550616662026",FALSE,NA
"10.1002/jae.2607",FALSE,NA
"10.1002/jae.2458",FALSE,NA
"10.1080/03124070008414314",FALSE,NA
"10.26021/11892",FALSE,NA
"10.1177/014616727600300119",FALSE,NA
"10.1027/1864-1105/a000396",TRUE,"https://handle.uba.uva.nl/personal/pure/en/publications/sixty-years-later(634afa98-86ae-4ceb-bb22-8f5e54ade9a5).html"
"10.5334/irsp.751",TRUE,"https://storage.googleapis.com/jnl-up-j-irsp-files/journals/1/articles/751/64d085974dca9.pdf"
"10.1080/0003684042000229532",FALSE,NA
"10.2466/pms.2000.90.2.640",FALSE,NA
"10.1121/10.0042222",TRUE,"https://pubs.aip.org/asa/jasa/article-pdf/159/1/647/20880398/647_1_10.0042222.pdf"
"10.1371/journal.pone.0229161",TRUE,"https://journals.plos.org/plosone/article/file?id=10.1371/journal.pone.0229161&type=printable"
"10.3389/fnhum.2014.00460",TRUE,"https://www.frontiersin.org/articles/10.3389/fnhum.2014.00460/pdf"
"10.1136/oemed-2021-107617",TRUE,"https://oem.bmj.com/content/oemed/79/3/169.full.pdf"
"10.1007/s00127-007-0170-7",FALSE,NA
"10.1038/s41598-025-12592-5",TRUE,"https://www.nature.com/articles/s41598-025-12592-5.pdf"
"10.5808/gi.2016.14.3.85",TRUE,"http://genominfo.org/upload/pdf/gni-14-85.pdf"
"10.3389/fnins.2020.00803",TRUE,"https://doi.org/10.3389/fnins.2020.00803"
"10.1016/j.heliyon.2024.e32467",TRUE,"http://www.cell.com/article/S2405844024084986/pdf"
"10.3389/fvets.2023.1305353",TRUE,"https://public-pages-files-2025.frontiersin.org/journals/veterinary-science/articles/10.3389/fvets.2023.1305353/pdf"
"10.3389/fnhum.2016.00475",TRUE,"https://www.frontiersin.org/articles/10.3389/fnhum.2016.00475/pdf"
"10.1038/jhg.2009.96",TRUE,"https://www.nature.com/articles/jhg200996.pdf"
"10.1016/j.heliyon.2019.e02434",TRUE,"https://doi.org/10.1016/j.heliyon.2019.e02434"
"10.1038/s41562-020-0823-z",TRUE,"https://handle.uba.uva.nl/personal/pure/en/publications/conservatives-and-liberals-have-similar-physiological-responses-to-threats(1e48ee13-a5cc-4753-a5b6-61334e7a3acf).html"
"10.1037/xge0000058",TRUE,"https://doi.org/10.1037/xge0000058"
"10.1038/s41562-020-0822-0",TRUE,"https://www.ncbi.nlm.nih.gov/pmc/articles/7306407"
"10.3389/fpsyg.2014.00875",TRUE,"https://www.frontiersin.org/articles/10.3389/fpsyg.2014.00875/pdf"
"10.31234/osf.io/4j8xb",TRUE,"https://osf.io/4j8xb/download"
"10.3389/fpsyg.2015.01552",TRUE,"https://www.frontiersin.org/articles/10.3389/fpsyg.2015.01552/pdf"
"10.4102/ac.v19i1.690",TRUE,"https://actacommercii.co.za/index.php/acta/article/download/690/1209"
"10.1073/pnas.1601440113",TRUE,"https://www.pnas.org/content/pnas/113/19/5206.full.pdf"
"10.1108/jgm-11-2022-0063",TRUE,"https://research.tilburguniversity.edu/en/publications/635471bc-2b9a-48f1-a358-34462a297c91"
"10.1002/eahr.500039",FALSE,NA
"10.1371/journal.pone.0335330",TRUE,"https://doi.org/10.1371/journal.pone.0335330"
"10.2466/pr0.1999.85.2.457",FALSE,NA
"10.1167/17.10.898",TRUE,"https://doi.org/10.1167/17.10.898"
"10.3389/fphys.2019.01578",TRUE,"https://fjfsdata01prod.blob.core.windows.net/articles/files/456572/pubmed-zip/.versions/1/.package-entries/fphys-10-01578/fphys-10-01578.pdf?sv=2018-03-28&sr=b&sig=d1oV3pkVY0ZuH4D32RNdCDB%2Bl04qkwW8QeUcg50EpfI%3D&se=2021-02-18T19%3A11%3A13Z&sp=r&rscd=attachment%3B%20filename%2A%3DUTF-8%27%27fphys-10-01578.pdf"
"10.1080/1368282031000062882",FALSE,NA
"10.17016/feds.2017.062",TRUE,"https://doi.org/10.17016/feds.2017.062"
"10.1371/journal.pone.0326446",TRUE,"https://doi.org/10.1371/journal.pone.0326446"
"10.1186/s13012-025-01471-2",TRUE,"https://doi.org/10.1186/s13012-025-01471-2"
"10.1098/rsos.211278",TRUE,"https://doi.org/10.1098/rsos.211278"
"10.1027/1618-3169/a000569",TRUE,"https://econtent.hogrefe.com/doi/pdf/10.1027/1618-3169/a000569?download=true"
"10.3389/fcvm.2023.1226971",TRUE,"https://www.frontiersin.org/articles/10.3389/fcvm.2023.1226971/pdf"
"10.1080/19345747.2023.2287615",FALSE,NA
"10.1007/s10683-008-9197-1",FALSE,NA
"10.5334/joc.456",TRUE,"https://journalofcognition.org/articles/456/files/6888a2bd2e674.pdf"
"10.3389/fmicb.2018.01598",TRUE,"https://doi.org/10.3389/fmicb.2018.01598"
"10.1098/rsos.190699",TRUE,"https://royalsocietypublishing.org/doi/pdf/10.1098/rsos.190699"
"10.1007/s00426-019-01258-3",FALSE,NA
"10.1027/1864-9335/a000180",FALSE,NA
"10.1038/sj.mp.4001719",FALSE,NA
"10.1523/jneurosci.0660-17.2017",TRUE,"https://www.jneurosci.org/content/jneuro/37/36/8755.full.pdf"
"10.1007/s12369-024-01207-0",TRUE,"https://link.springer.com/content/pdf/10.1007/s12369-024-01207-0.pdf"
"10.5178/lebs.2024.118",TRUE,"https://lebs.hbesj.org/index.php/lebs/article/download/lebs.2024.118/361"
"10.1007/s40732-015-0144-1",TRUE,"https://link.springer.com/content/pdf/10.1007/s40732-015-0144-1.pdf"
"10.1187/cbe.24-07-0193",TRUE,"https://doi.org/10.1187/cbe.24-07-0193"
"10.1111/jav.03365",TRUE,"https://onlinelibrary.wiley.com/doi/pdfdirect/10.1111/jav.03365"
"10.1093/scan/nsz017",TRUE,"https://academic.oup.com/scan/article-pdf/14/4/381/28663764/nsz017.pdf"
"10.1097/00005053-198408000-00006",FALSE,NA
"10.4054/demres.2019.40.2",TRUE,"https://doi.org/10.4054/demres.2019.40.2"
"10.1016/j.tate.2015.08.004",TRUE,"http://hdl.handle.net/10722/228801"
"10.1177/0956797615576533",TRUE,"https://www.ncbi.nlm.nih.gov/pmc/articles/4504793"
"10.1016/j.neulet.2011.02.024",FALSE,NA
"10.1001/jamapsychiatry.2015.1977",TRUE,"https://jamanetwork.com/journals/jamapsychiatry/articlepdf/2470679/yld150005.pdf"
"10.1038/ng.439",TRUE,"https://www.nature.com/articles/ng.439.pdf"
"10.1038/s41598-021-89023-8",TRUE,"https://www.nature.com/articles/s41598-021-89023-8.pdf"
"10.1177/0956797619887896",FALSE,NA
"10.1177/1754073908100432",TRUE,"https://www.ncbi.nlm.nih.gov/pmc/articles/2676782"
"10.1016/j.psyneuen.2009.12.010",FALSE,NA
"10.1038/s41467-020-17654-y",TRUE,"https://www.nature.com/articles/s41467-020-17654-y.pdf"
"10.1111/ejn.15049",TRUE,"https://onlinelibrary.wiley.com/doi/pdfdirect/10.1111/ejn.15049"
"10.1186/s41155-024-00291-5",TRUE,"https://prc.springeropen.com/counter/pdf/10.1186/s41155-024-00291-5"
"10.1016/j.jml.2015.10.007",TRUE,"https://www.sciencedirect.com/science/article/pii/S0749596X15001242"
"10.1080/01690965.2011.622905",FALSE,NA
"10.2307/2393473",FALSE,NA
"10.1177/0956797616689092",FALSE,NA
"10.1002/hipo.23099",FALSE,NA
"10.1073/pnas.1421435112",TRUE,"https://www.pnas.org/content/pnas/112/11/3314.full.pdf"
"10.1093/nc/niab025",TRUE,"https://academic.oup.com/nc/article-pdf/2021/1/niab025/41733347/niab025.pdf"
"10.1038/srep30423",TRUE,"https://www.nature.com/articles/srep30423.pdf"
"10.1016/j.brs.2021.02.002",TRUE,"http://www.brainstimjrnl.com/article/S1935861X21000309/pdf"
"10.1016/j.jbusres.2019.08.002",FALSE,NA
"10.1002/gps.4221",TRUE,"https://www.ncbi.nlm.nih.gov/pmc/articles/4632525"
"10.1186/s12913-021-06708-6",TRUE,"https://bmchealthservres.biomedcentral.com/track/pdf/10.1186/s12913-021-06708-6"
"10.1093/milmed/usac028",TRUE,"https://academic.oup.com/milmed/advance-article-pdf/doi/10.1093/milmed/usac028/42748994/usac028.pdf"
"10.29115/sp-2022-0009",TRUE,"https://www.surveypractice.org/article/37885.pdf"
"10.1111/j.1467-7687.2004.00351.x",FALSE,NA
"10.1162/089892998563121",FALSE,NA
"10.1176/appi.ajp.160.11.1965",FALSE,NA
"10.1001/archgenpsychiatry.2009.153",TRUE,"https://www.ncbi.nlm.nih.gov/pmc/articles/2867334"
"10.1248/bpb.b19-00527",TRUE,"https://www.jstage.jst.go.jp/article/bpb/42/12/42_b19-00527/_pdf"
"10.1192/bjp.124.6.588",FALSE,NA
"10.1177/0956797611406445",FALSE,NA
"10.1093/ageing/afx128",TRUE,"https://academic.oup.com/ageing/article-pdf/47/1/112/24328658/afx128.pdf"
"10.1136/ard.2008.093252",FALSE,NA
"10.1111/j.1467-9280.2008.02187.x",FALSE,NA
"10.1136/jmedgenet-2013-101705",FALSE,NA
"10.1038/ng2121",TRUE,"https://www.ncbi.nlm.nih.gov/pmc/articles/3086278"
"10.2478/v10036-009-0039-9",TRUE,"https://doi.org/10.2478/v10036-009-0039-9"
"10.1073/pnas.1506076112",TRUE,"https://www.pnas.org/content/pnas/112/36/E5005.full.pdf"
"10.1186/s13229-020-00389-4",TRUE,"https://molecularautism.biomedcentral.com/track/pdf/10.1186/s13229-020-00389-4"
"10.1001/archpsyc.58.8.787",TRUE,"https://jamanetwork.com/journals/jamapsychiatry/articlepdf/205843/yoa20167.pdf"
"10.1037/a0030655",FALSE,NA
"10.3390/brainsci8040062",TRUE,"https://www.mdpi.com/2076-3425/8/4/62/pdf?version=1525347267"
"10.1111/j.1467-9922.2006.00374.x",FALSE,NA
"10.4161/viru.1.5.12486",TRUE,"https://www.tandfonline.com/doi/pdf/10.4161/viru.1.5.12486?needAccess=true"
"10.1006/jesp.1996.0005",TRUE,"https://doi.org/10.1006/jesp.1996.0005"
"10.1038/nature01960",FALSE,NA
"10.3389/fpsyg.2016.00027",TRUE,"https://www.frontiersin.org/articles/10.3389/fpsyg.2016.00027/pdf"
"10.1037/0021-843x.112.2.228",FALSE,NA
"10.1371/journal.pone.0205903",TRUE,"https://journals.plos.org/plosone/article/file?id=10.1371/journal.pone.0205903&type=printable"
"10.1016/j.cortex.2007.08.010",FALSE,NA
"10.6129/cjp.2003.4501.07",FALSE,NA
"10.1038/ng.2578",TRUE,"https://www.pure.ed.ac.uk/ws/files/12416771/Seven_new_loci_associated_with_age_related_macular_degeneration..pdf"
"10.1002/smj.774",TRUE,"http://deepblue.lib.umich.edu/bitstream/2027.42/63563/1/774_ftp.pdf"
"10.1007/s00784-013-1054-8",FALSE,NA
"10.1016/j.biopsych.2004.11.026",TRUE,"https://www.ncbi.nlm.nih.gov/pmc/articles/2447922"
"10.1016/j.neuroimage.2020.117005",TRUE,"https://doi.org/10.1016/j.neuroimage.2020.117005"
"10.1016/j.obhdp.2016.12.005",FALSE,NA
"10.1192/bjp.142.2.139",FALSE,NA
"10.1016/j.ctim.2008.10.004",FALSE,NA
"10.5860/choice.34-2458",FALSE,NA
"10.1097/00054725-200008000-00016",FALSE,NA
"10.1016/j.heares.2013.12.003",TRUE,"https://hal.science/hal-02144526"
"10.1007/bf00402312",FALSE,NA
"10.1068/p6254",FALSE,NA
"10.1080/17470218.2013.777084",FALSE,NA
"10.1038/ng.2802",TRUE,"https://www.ncbi.nlm.nih.gov/pmc/articles/3896259"
"10.1056/nejmoa0903753",TRUE,"https://www.nejm.org/doi/pdf/10.1056/NEJMoa0903753?articleTools=true"
"10.1016/j.beth.2011.02.006",FALSE,NA
"10.1016/j.puhip.2021.100219",TRUE,"https://doi.org/10.1016/j.puhip.2021.100219"
"10.1038/mp.2015.32",FALSE,NA
"10.1523/jneurosci.5996-10.2012",TRUE,"https://www.jneurosci.org/content/jneuro/32/3/817.full.pdf"
"10.1038/sj.mp.4000515",FALSE,NA
"10.1038/ncomms1262",TRUE,"https://www.nature.com/articles/ncomms1262.pdf"
"10.1016/j.joca.2011.10.004",TRUE,"http://www.oarsijournal.com/article/S1063458411002871/pdf"
"10.1038/s41467-021-25734-w",TRUE,"https://www.nature.com/articles/s41467-021-25734-w.pdf"
"10.1037/xge0001120",FALSE,NA
"10.1007/s00213-024-06679-6",TRUE,"https://link.springer.com/content/pdf/10.1007/s00213-024-06679-6.pdf"
"10.1145/1449715.1449724",FALSE,NA
"10.1038/282403a0",FALSE,NA
"10.1177/0022219421997103",TRUE,"https://hdl.handle.net/1887/3264106"
"10.1073/pnas.1618923114",TRUE,"https://www.pnas.org/content/pnas/114/28/7313.full.pdf"
"10.1001/archgenpsychiatry.2012.124",TRUE,"https://www.research.ed.ac.uk/en/publications/808da36e-c4e5-4cb2-9165-5afa72391965"
"10.1080/17470910701563681",FALSE,NA
"10.1016/j.jaac.2022.07.864",TRUE,"https://pmc.ncbi.nlm.nih.gov/articles/PMC12930247/"
"10.1111/j.1365-2648.1987.tb01339.x",FALSE,NA
"10.1038/sj.mp.4000345",FALSE,NA
"10.1007/s10926-019-09829-2",FALSE,NA
"10.1016/j.media.2013.06.003",TRUE,"https://www.ncbi.nlm.nih.gov/pmc/articles/3795829"
"10.1093/oxfordjournals.pan.a004876",FALSE,NA
"10.1257/aer.104.9.2593",TRUE,"http://nrs.harvard.edu/urn-3:HUL.InstRepos:30749073"
"10.1093/brain/awq035",FALSE,NA
"10.1177/1545968317746781",FALSE,NA
"10.1371/journal.pone.0220282",TRUE,"https://journals.plos.org/plosone/article/file?id=10.1371/journal.pone.0220282&type=printable"
"10.1001/jamanetworkopen.2019.0570",TRUE,"https://jamanetwork.com/journals/jamanetworkopen/articlepdf/2727999/block_2019_oi_190038.pdf"
"10.1038/ng.2390",TRUE,"https://www.ncbi.nlm.nih.gov/pmc/articles/4333205"
"10.1186/1471-2318-14-29",TRUE,"https://bmcgeriatr.biomedcentral.com/counter/pdf/10.1186/1471-2318-14-29"
"10.1016/j.chiabu.2017.09.022",FALSE,NA
"10.1111/ejn.15367",TRUE,"https://onlinelibrary.wiley.com/doi/pdfdirect/10.1111/ejn.15367"
"10.1007/s11682-020-00339-x",TRUE,"https://link.springer.com/content/pdf/10.1007/s11682-020-00339-x.pdf"
"10.1017/s0033291719002770",TRUE,"https://www.cambridge.org/core/services/aop-cambridge-core/content/view/E2C8D6857450A832AF10CD9E8DA757BB/S0033291719002770a.pdf/div-class-title-using-network-analysis-to-examine-links-between-individual-depressive-symptoms-inflammatory-markers-and-covariates-div.pdf"
"10.1016/j.jalz.2011.05.2412",FALSE,NA
"10.1186/s12911-023-02389-9",TRUE,"https://bmcmedinformdecismak.biomedcentral.com/counter/pdf/10.1186/s12911-023-02389-9"
"10.1038/s41467-025-62462-x",TRUE,"https://www.nature.com/articles/s41467-025-62462-x.pdf"
"10.3389/fpsyg.2018.02374",TRUE,"https://www.frontiersin.org/articles/10.3389/fpsyg.2018.02374/pdf"
"10.1037/bne0000439",TRUE,"https://biblio.ugent.be/publication/01GM6D58FMNP8T4VVPW0GHNKYP/file/01GM6D7T79VKHD0VF47K10JNKD.pdf"
"10.1038/s41598-022-10567-4",TRUE,"https://www.nature.com/articles/s41598-022-10567-4.pdf"
"10.1016/j.ynirp.2022.100109",TRUE,"https://doi.org/10.1016/j.ynirp.2022.100109"
"10.3389/fpsyg.2024.1433725",TRUE,"https://www.frontiersin.org/journals/psychology/articles/10.3389/fpsyg.2024.1433725/pdf"
"10.1111/psyp.13312",FALSE,NA
"10.1007/s10339-023-01130-8",TRUE,"https://link.springer.com/content/pdf/10.1007/s10339-023-01130-8.pdf"
"10.1002/smj.2578",FALSE,NA
"10.1177/09567976211026983",TRUE,"https://doi.org/10.1177/09567976211026983"
"10.3389/fpsyg.2020.02182",TRUE,"https://www.frontiersin.org/articles/10.3389/fpsyg.2020.02182/pdf"
"10.31234/osf.io/fyx9c_v1",TRUE,"https://osf.io/fyx9c_v1/download"
"10.1111/ejn.14347",TRUE,"https://onlinelibrary.wiley.com/doi/pdfdirect/10.1111/ejn.14347"
"10.1098/rsos.221091",TRUE,"https://royalsocietypublishing.org/rsos/article-pdf/doi/10.1098/rsos.221091/944754/rsos.221091.pdf"
"10.1098/rsos.181868",TRUE,"https://royalsocietypublishing.org/doi/pdf/10.1098/rsos.181868"
"10.3389/fnhum.2022.937515",TRUE,"https://www.frontiersin.org/articles/10.3389/fnhum.2022.937515/pdf"
"10.1016/j.heliyon.2023.e22064",TRUE,"http://www.cell.com/article/S2405844023092721/pdf"
"10.1080/23743603.2016.1248081",TRUE,"https://www.tandfonline.com/doi/pdf/10.1080/23743603.2016.1248081?needAccess=true"
"10.1002/gps.4893",TRUE,"https://onlinelibrary.wiley.com/doi/pdfdirect/10.1002/gps.4893"
"10.1186/s12913-023-09505-5",TRUE,"https://bmchealthservres.biomedcentral.com/counter/pdf/10.1186/s12913-023-09505-5"
"10.1093/milmed/usad274",TRUE,"https://academic.oup.com/milmed/advance-article-pdf/doi/10.1093/milmed/usad274/51010914/usad274.pdf"
"10.29115/sp-2023-0025",TRUE,"https://www.surveypractice.org/article/89373.pdf"
"10.1371/journal.pone.0255157",TRUE,"https://journals.plos.org/plosone/article/file?id=10.1371/journal.pone.0255157&type=printable"
"10.15626/mp.2018.1481",TRUE,"https://open.lnu.se/index.php/metapsychology/article/download/1481/2089"
"10.7717/peerj.5790",TRUE,"https://doi.org/10.7717/peerj.5790"
"10.1002/ajmg.b.32068",FALSE,NA
"10.1248/bpb.b22-00136",TRUE,"https://www.jstage.jst.go.jp/article/bpb/45/8/45_b22-00136/_pdf"
"10.1192/bjp.130.2.186",FALSE,NA
"10.1098/rsos.191507",TRUE,"https://royalsocietypublishing.org/doi/pdf/10.1098/rsos.191507"
"10.1186/s12877-019-1311-z",TRUE,"https://bmcgeriatr.biomedcentral.com/track/pdf/10.1186/s12877-019-1311-z"
"10.3899/jrheum.131548",TRUE,"https://www.jrheum.org/content/jrheum/41/7/1395.full.pdf"
"10.3389/fpsyg.2021.626087",TRUE,"https://www.frontiersin.org/articles/10.3389/fpsyg.2021.626087/pdf"
"10.1038/jhg.2016.82",FALSE,NA
"10.1111/j.1469-1809.2009.00555.x",TRUE,"https://onlinelibrary.wiley.com/doi/pdfdirect/10.1111/j.1469-1809.2009.00555.x"
"10.1186/s40798-020-00243-0",TRUE,"https://sportsmedicine-open.springeropen.com/track/pdf/10.1186/s40798-020-00243-0"
"10.1038/jhg.2012.11",TRUE,"https://www.nature.com/articles/jhg201211.pdf"
"10.7717/peerj.10131",TRUE,"https://doi.org/10.7717/peerj.10131"
"10.1186/s13229-024-00583-8",TRUE,"https://molecularautism.biomedcentral.com/counter/pdf/10.1186/s13229-024-00583-8"
"10.1017/s0033291706008257",FALSE,NA
"10.12688/f1000research.25573.2",TRUE,"https://f1000research.com/articles/9-996/v2/pdf"
"10.3390/brainsci8080152",TRUE,"https://www.mdpi.com/2076-3425/8/8/152/pdf?version=1534054736"
"10.1371/journal.pone.0161387",TRUE,"https://journals.plos.org/plosone/article/file?id=10.1371/journal.pone.0161387&type=printable"
"10.1128/jvi.00693-11",TRUE,"https://www.ncbi.nlm.nih.gov/pmc/articles/3126563"
"10.1080/713755986",FALSE,NA
"10.1111/j.1747-0285.2009.00901.x",FALSE,NA
"10.1371/journal.pone.0198620",TRUE,"https://storage.googleapis.com/plos-corpus-prod/10.1371/journal.pone.0198620/1/pone.0198620.pdf?X-Goog-Algorithm=GOOG4-RSA-SHA256&X-Goog-Credential=wombat-sa%40plos-prod.iam.gserviceaccount.com%2F20210216%2Fauto%2Fstorage%2Fgoog4_request&X-Goog-Date=20210216T121734Z&X-Goog-Expires=3600&X-Goog-SignedHeaders=host&X-Goog-Signature=3a730412736db07da92d2cbb40223611403deceedf4c4ab529ddf4e5b8a860d786570225c2de9600d35dc629d57a660246ac9253b8f99072ab5dc9a80567f81f485d411e250713b8be101c0dee2513a00e2d03ecc80f33de21a761f1fedc45ebdea3ddc53fe6517f06eca371a7f7adaec25056b2c6917bb4f238ed81004578297007e6bef4bcc3af13b93508ccfecf2555ec254babd57c8b15e92a9cfd500a5fd8b1c81f92fdb70874012974d676dbc65974e25bf291f0851a6ac186cb1c5681c9326808c4baf9a0ddfd938c18c571d3e245c17df563554cef21ac564e57881f9f9d9c849efa122d536b4441caa7b213777510d9c7b43b16dfccb17381a049e3"
"10.1037/0021-843x.113.1.145",FALSE,NA
"10.1371/journal.pone.0249309",TRUE,"https://doi.org/10.1371/journal.pone.0249309"
"10.1038/s41598-022-23411-6",TRUE,"https://www.nature.com/articles/s41598-022-23411-6.pdf"
"10.1371/journal.pone.0046595",TRUE,"https://journals.plos.org/plosone/article/file?id=10.1371/journal.pone.0046595&type=printable"
"10.1186/1471-2415-14-140",TRUE,"https://bmcophthalmol.biomedcentral.com/counter/pdf/10.1186/1471-2415-14-140"
"10.1002/smj.2570",FALSE,NA
"10.3390/jcm13030857",TRUE,"https://www.mdpi.com/2077-0383/13/3/857/pdf?version=1706783253"
"10.1037/pspp0000371",TRUE,"https://www.ncbi.nlm.nih.gov/pmc/articles/8081762"
"10.1002/hbm.26522",TRUE,"https://onlinelibrary.wiley.com/doi/pdfdirect/10.1002/hbm.26522"
"10.3758/s13423-023-02259-5",TRUE,"https://link.springer.com/content/pdf/10.3758/s13423-023-02259-5.pdf"
"10.1192/bjp.151.5.684",FALSE,NA
"10.51910/ijhdr.v11i40.598",TRUE,"https://highdilution.org/index.php/ijhdr/article/download/598/605"
"10.3390/jintelligence7010006",TRUE,"https://www.mdpi.com/2079-3200/7/1/6/pdf?version=1551263733"
"10.1038/sj.ejhg.5200687",TRUE,"https://www.nature.com/articles/5200687.pdf"
"10.1121/10.0010258",TRUE,"https://www.ncbi.nlm.nih.gov/pmc/articles/9054268"
"10.7717/peerj.5347",TRUE,"https://doi.org/10.7717/peerj.5347"
"10.1371/journal.pone.0286451",TRUE,"https://journals.plos.org/plosone/article/file?id=10.1371/journal.pone.0286451&type=printable"
"10.1027/1618-3169/a000490",TRUE,"https://pure.eur.nl/en/publications/78bd30bd-f749-4c98-9620-b3d6f31d143b"
"10.18632/oncotarget.7945",TRUE,"https://www.oncotarget.com/article/7945/pdf/"
"10.1007/s00439-014-1502-9",FALSE,NA
"10.1002/jclp.70017",TRUE,"https://onlinelibrary.wiley.com/doi/pdfdirect/10.1002/jclp.70017"
"10.14324/111.444/ucloe.000051",TRUE,"https://ucl.scienceopen.com/document_file/ad94942a-80ac-4413-8b3b-01493040bcfd/ScienceOpen/ucloe-04-051.pdf"
"10.1002/hup.2659",FALSE,NA
"10.1523/jneurosci.0888-19.2019",TRUE,"https://www.jneurosci.org/content/jneuro/39/44/8778.full.pdf"
"10.1159/000054847",TRUE,"https://www.karger.com/Article/Pdf/54847"
"10.3389/fpsyg.2012.00504",TRUE,"https://www.frontiersin.org/articles/10.3389/fpsyg.2012.00504/pdf"
"10.1155/2014/979520",TRUE,"https://downloads.hindawi.com/journals/bmri/2014/979520.pdf"
"10.1038/s41598-024-53427-z",TRUE,"https://www.nature.com/articles/s41598-024-53427-z.pdf"
"10.31234/osf.io/3xrbj",TRUE,"https://osf.io/3xrbj/download"
"10.1037/xge0001467",FALSE,NA
"10.1111/acer.15532",TRUE,"https://onlinelibrary.wiley.com/doi/pdfdirect/10.1111/acer.15532"
"10.1109/tvcg.2021.3101854",TRUE,"https://hal.science/hal-03317991"
"10.1111/1467-8624.00077",FALSE,NA
"10.1177/00222194231215031",TRUE,"https://doi.org/10.1177/00222194231215031"
"10.1027/1618-3169.51.2.109",FALSE,NA
"10.1093/pnasnexus/pgaf327",TRUE,"https://academic.oup.com/pnasnexus/advance-article-pdf/doi/10.1093/pnasnexus/pgaf327/64699176/pgaf327.pdf"
"10.1093/ntr/ntaa229",TRUE,"https://www.ncbi.nlm.nih.gov/pmc/articles/8150133"
"10.1007/s00426-019-01163-9",TRUE,"https://link.springer.com/content/pdf/10.1007/s00426-019-01163-9.pdf"
"10.1038/gene.2008.59",FALSE,NA
"10.1089/cap.2024.0078",TRUE,"https://pmc.ncbi.nlm.nih.gov/articles/PMC11807860/pdf/cap.2024.0078.pdf"
"10.1111/j.1365-2648.1990.tb01949.x",FALSE,NA
"10.1038/sj.npp.1300311",TRUE,"https://www.nature.com/articles/1300311.pdf"
"10.1186/s12891-022-05208-w",TRUE,"https://bmcmusculoskeletdisord.biomedcentral.com/track/pdf/10.1186/s12891-022-05208-w"
"10.1038/s41598-020-63924-6",TRUE,"https://www.nature.com/articles/s41598-020-63924-6.pdf"
"10.1093/pan/mpi019",FALSE,NA
"10.3386/w20657",TRUE,"https://doi.org/10.3386/w20657"
"10.1186/s12974-014-0181-8",TRUE,"https://jneuroinflammation.biomedcentral.com/counter/pdf/10.1186/s12974-014-0181-8"
"10.1038/s41393-020-00536-x",FALSE,NA
"10.1371/journal.pone.0286714",TRUE,"https://journals.plos.org/plosone/article/file?id=10.1371/journal.pone.0286714&type=printable"
"10.3389/fneur.2025.1709389",TRUE,"https://public-pages-files-2025.frontiersin.org/journals/neurology/articles/10.3389/fneur.2025.1709389/pdf"
"10.1155/2013/641596",TRUE,"https://downloads.hindawi.com/journals/joph/2013/641596.pdf"
"10.1186/s12877-017-0689-8",TRUE,"https://bmcgeriatr.biomedcentral.com/counter/pdf/10.1186/s12877-017-0689-8"
"10.18632/oncotarget.12648",TRUE,"http://www.oncotarget.com/index.php?journal=oncotarget&page=article&op=download&path%5B%5D=12648&path%5B%5D=40073"
"10.1037/fam0000521",FALSE,NA
"10.18632/oncotarget.9819",TRUE,"http://www.oncotarget.com/index.php?journal=oncotarget&page=article&op=download&path%5B%5D=9819&path%5B%5D=30817"
"10.1016/s0899-8256(03)00119-2",FALSE,NA
"10.1016/j.brs.2024.05.004",TRUE,"http://www.brainstimjrnl.com/article/S1935861X2400086X/pdf"
"10.1038/s41598-026-44440-5",TRUE,"https://www.nature.com/articles/s41598-026-44440-5_reference.pdf"
"10.1093/chidev/aacaf052",TRUE,"https://doi.org/10.1093/chidev/aacaf052"
"10.1086/669122",FALSE,NA
"10.1901/jaba.1982.15-533",FALSE,NA
"10.1037/emo0001621",FALSE,NA
"10.31235/osf.io/2nwft",TRUE,"https://osf.io/2nwft/download"
"10.1007/s42822-025-00242-4",FALSE,NA
"10.1177/1098300714565244",TRUE,"http://hdl.handle.net/1808/24516"
"10.1037/0278-7393.4.1.19",FALSE,NA
"10.1002/npr2.70029",TRUE,"https://onlinelibrary.wiley.com/doi/pdfdirect/10.1002/npr2.70029"
"10.1037/cdp0000137",TRUE,"https://doi.org/10.1037/cdp0000137"
"10.1891/0889-8391.22.4.303",FALSE,NA
"10.1016/j.obhdp.2014.04.002",TRUE,"https://papers.ssrn.com/sol3/Delivery.cfm/SSRN_ID2432612_code604164.pdf?abstractid=2432612&mirid=1"
"10.1037/pspi0000121",FALSE,NA
"10.1016/j.obhdp.2015.07.006",TRUE,"https://repositorio.uchile.cl/handle/2250/136881"
"10.1016/j.obhdp.2017.01.005",FALSE,NA
"10.3102/0002831210374874",FALSE,NA
"10.1509/jmkr.46.2.247",FALSE,NA
"10.1509/jmr.14.0130",FALSE,NA
"10.1509/jmkr.47.2.348",TRUE,"https://papers.ssrn.com/sol3/Delivery.cfm/SSRN_ID1334656_code713472.pdf?abstractid=1012728&mirid=1"
"10.1037/xge0000466",TRUE,"https://doi.org/10.1037/xge0000466"
"10.1093/esr/jcs057",FALSE,NA
"10.1093/esr/jcx078",TRUE,"https://academic.oup.com/esr/article-pdf/33/6/809/22090329/jcx078.pdf"
"10.1016/j.socscimed.2017.03.014",FALSE,NA
"10.1093/rfs/hhp008",FALSE,NA
"10.1257/aer.20170029",FALSE,NA
"10.1093/sf/sou074",FALSE,NA
"10.3102/0002831208323278",FALSE,NA
"10.3102/0002831211419490",FALSE,NA
"10.1037/pspa0000093",FALSE,NA
"10.1177/0956797615581491",TRUE,"https://www.ncbi.nlm.nih.gov/pmc/articles/4544695"
"10.1017/s0043887112000032",TRUE,"https://muse.jhu.edu/pub/122/article/473129"
"10.1111/j.1741-3737.2012.00990.x",TRUE,"https://www.ncbi.nlm.nih.gov/pmc/articles/3665345"
"10.1017/s0007123411000421",FALSE,NA
"10.1177/0010414017740603",FALSE,NA
"10.1017/s0007123412000191",FALSE,NA
"10.1086/597176",FALSE,NA
"10.1111/j.1741-3737.2012.01034.x",FALSE,NA
"10.1177/0010414013516928",FALSE,NA
"10.1016/j.worlddev.2016.03.006",TRUE,"https://doi.org/10.1016/j.worlddev.2016.03.006"
"10.1086/698750",TRUE,"https://doi.org/10.3386/w20506"
"10.1017/s0003055412000299",FALSE,NA
"10.1017/s0003055410000262",FALSE,NA
"10.1037/a0018983",FALSE,NA
"10.1017/s0033291713000202",TRUE,"https://kclpure.kcl.ac.uk/ws/files/12130889/S0033291713000202a_2.pdf"
"10.1093/jcr/ucx067",FALSE,NA
"10.3102/0002831209350493",FALSE,NA
"10.1007/s10683-011-9281-9",FALSE,NA
"10.1111/1745-9125.12008",FALSE,NA
"10.1016/j.cognition.2017.12.004",FALSE,NA
"10.1016/j.leaqua.2009.06.005",FALSE,NA
"10.1002/per.758",TRUE,"http://hdl.handle.net/2078.1/35062"
"10.1002/per.1902",FALSE,NA
"10.1257/app.20150517",TRUE,"https://www.aeaweb.org/articles/pdf/doi/10.1257/app.20150517"
"10.1002/per.2062",FALSE,NA
"10.1037/apl0000082",TRUE,"https://doi.org/10.1037/apl0000082"
"10.1037/xge0000157",TRUE,"https://doi.org/10.1037/xge0000157"
"10.1016/j.evolhumbehav.2010.05.002",FALSE,NA
"10.1016/j.worlddev.2010.05.011",FALSE,NA
"10.1257/aer.20130267",FALSE,NA
"10.5465/amj.2016.0086",TRUE,"https://ore.exeter.ac.uk/repository/bitstream/10871/39185/1/AMJ-2016-0086.final.pdf"
"10.1177/0003122414558919",TRUE,"https://journals.sagepub.com/doi/pdf/10.1177/0003122414558919"
"10.1509/jmkr.46.1.37",FALSE,NA
"10.1016/j.socscimed.2015.11.051",FALSE,NA
"10.1017/xps.2014.22",FALSE,NA
"10.1086/597030",TRUE,"https://academic.oup.com/jcr/article-pdf/36/2/160/17930010/36-2-160.pdf"
"10.1086/658469",FALSE,NA
"10.1037/a0025035",TRUE,"https://www.ncbi.nlm.nih.gov/pmc/articles/3787596"
"10.1016/j.obhdp.2013.10.003",TRUE,"https://doi.org/10.1016/j.obhdp.2013.10.003"
"10.1509/jmr.12.0430",FALSE,NA
"10.1037/a0028964",TRUE,"https://www.ncbi.nlm.nih.gov/pmc/articles/3718034"
"10.1016/j.cognition.2010.05.005",TRUE,"https://www.ncbi.nlm.nih.gov/pmc/articles/2900540"
"10.1016/j.evolhumbehav.2009.01.004",FALSE,NA
"10.1016/j.leaqua.2010.03.005",FALSE,NA
"10.1111/ajps.12252",TRUE,"https://open.bu.edu/bitstreams/ac8a07d6-c317-464d-b092-d7b79b681367/download"
"10.1093/jcr/ucx109",FALSE,NA
"10.1002/job.2118",FALSE,NA
"10.1093/esr/jcw008",FALSE,NA
"10.1509/jmkr.48.2.403",FALSE,NA
"10.1016/j.socscimed.2010.08.007",FALSE,NA
"10.1016/j.jesp.2009.07.002",FALSE,NA
"10.1086/653487",TRUE,"https://doi.org/10.2139/ssrn.1336056"
"10.1016/j.jesp.2010.11.006",FALSE,NA
"10.1002/per.803",FALSE,NA
"10.1007/s13524-018-0725-0",TRUE,"https://read.dukeupress.edu/demography/article-pdf/55/6/2299/842490/2299chen.pdf"
"10.1016/j.jenvp.2014.10.008",FALSE,NA
"10.1016/j.evolhumbehav.2016.06.001",FALSE,NA
"10.1016/j.jesp.2018.08.007",FALSE,NA
"10.1016/j.cognition.2010.11.011",FALSE,NA
"10.1007/s13524-011-0026-3",TRUE,"https://read.dukeupress.edu/demography/article-pdf/48/2/675/880804/675case.pdf"
"10.1287/orsc.1080.0377",FALSE,NA
"10.1016/j.jfineco.2014.05.008",TRUE,"https://papers.ssrn.com/sol3/Delivery.cfm/SSRN_ID2437442_code57683.pdf?abstractid=2363755"
"10.1016/j.jesp.2012.08.013",FALSE,NA
"10.1177/0146167213508791",FALSE,NA
"10.1037/pas0001193",TRUE,"https://www.ncbi.nlm.nih.gov/pmc/articles/11554446"
"10.1016/j.cub.2011.09.049",TRUE,"http://www.cell.com/article/S0960982211010888/pdf"
"10.1098/rsos.250908",TRUE,"https://doi.org/10.1098/rsos.250908"
"10.1037/pas0001395",FALSE,NA
"10.1093/nc/niaf046",TRUE,"https://doi.org/10.1093/nc/niaf046"
"10/gs6tb5",FALSE,NA
"10/gjb95r",FALSE,NA
"10/ggwnd5",FALSE,NA
"10/ggtmrc",FALSE,NA
"10/cvp77k",FALSE,NA
"10/bkdjpx",FALSE,NA
"10.1002/smj.2331",FALSE,NA
"10.1002/bin.1836",FALSE,NA
"10.2139/ssrn.5048949",TRUE,"https://doi.org/10.2139/ssrn.5048949"
"10.5465/amproc.2023.222bp",FALSE,NA
"10.1002/jaba.706",FALSE,NA
"10.1002/jaba.659",TRUE,"https://onlinelibrary.wiley.com/doi/pdfdirect/10.1002/jaba.659"
"10.1037/0096-3445.132.2.228",TRUE,"http://nrs.harvard.edu/urn-3:HUL.InstRepos:41384826"
"10.1080/016396299266524",FALSE,NA
"10.1016/0167-2681(82)90011-7",FALSE,NA
"10.2307/3512141",FALSE,NA
"10.17760/d20483134",TRUE,"https://repository.library.northeastern.edu/files/neu:4f190995s/fulltext.pdf"
"10.1037/a0019128",TRUE,"https://biblio.ugent.be/publication/1099147/file/6745516.pdf"
"10.1080/13552600903395319",FALSE,NA
"10.1086/599622",FALSE,NA
"10.1111/j.1468-5906.2009.01499.x",FALSE,NA
"10.1016/j.brainres.2009.05.079",FALSE,NA
"10.1075/sibil.9.05bre",FALSE,NA
"10.1038/nature05724",FALSE,NA
"10.1002/dev.420050403",FALSE,NA
"10.1001/jama.297.7.716",FALSE,NA
"10.2307/1128199",FALSE,NA
"10.1016/j.cell.2008.05.048",TRUE,"http://www.cell.com/article/S0092867408007514/pdf"
"10.1038/365611a0",FALSE,NA
"10.1037/0022-0167.33.3.282",FALSE,NA
"10.1017/s0272263110000264",TRUE,"https://hdl.handle.net/2027.42/139848"
"10.1037/0278-7393.33.2.431",FALSE,NA
"10.1016/j.beth.2005.03.002",FALSE,NA
"10.1016/j.brainres.2005.11.046",FALSE,NA
"10.1038/nature01647",TRUE,"https://www.nature.com/articles/nature01647.pdf"
"10.1162/jocn.2010.21507",TRUE,"https://www.ncbi.nlm.nih.gov/pmc/articles/3106999"
"10.1080/08853134.1990.10753824",TRUE,"https://doi.org/10.1080/08853134.1990.10753824"
"10.1038/ng2048",FALSE,NA
"10.1177/2156759x0901300101",FALSE,NA
"10.1086/267344",TRUE,"https://doi.org/10.1086/267344"
"10.1037/0022-3514.84.6.1236",FALSE,NA
"10.1037/1040-3590.15.2.205",FALSE,NA
"10.1037/0022-3514.83.6.1409",FALSE,NA
"10.1016/j.neulet.2009.06.030",FALSE,NA
"10.1037/a0021282",FALSE,NA
"10.1177/0146167205284004",FALSE,NA
"10.1016/j.jue.2008.02.004",FALSE,NA
"10.1080/13698240903403915",FALSE,NA
"10.5232/ricyde2010.01804",TRUE,"https://doi.org/10.5232/ricyde2010.01804"
"10.1073/pnas.0711555105",TRUE,"https://www.ncbi.nlm.nih.gov/pmc/articles/2234209"
"10.1128/jvi.00741-11",TRUE,"https://jvi.asm.org/content/jvi/85/16/8285.full.pdf"
"10.1177/0003122410378232",FALSE,NA
"10.1162/jocn.2009.21191",TRUE,"https://www.ncbi.nlm.nih.gov/pmc/articles/2891392"
"10.1073/pnas.0805867105",TRUE,"http://nrs.harvard.edu/urn-3:HUL.InstRepos:10886844"
"10.1111/j.1551-6709.2009.01092.x",TRUE,"https://onlinelibrary.wiley.com/doi/pdfdirect/10.1111/j.1551-6709.2009.01092.x"
"10.1111/j.1467-9280.1995.tb00312",FALSE,NA
"10.1002/jaba.2905",FALSE,NA
"10.1016/s2352-4642(18)30112-3",FALSE,NA
"10.2753/jec1086-4415130103",FALSE,NA
"10.1002/jaba.863",TRUE,"https://onlinelibrary.wiley.com/doi/pdfdirect/10.1002/jaba.863"
"10.1177/0267658311432200",FALSE,NA
"10.1111/j.1469-8986.2010.01022.x",FALSE,NA
"10.1111/j.1944-9720.2010.01057.x",FALSE,NA
"10.1167/10.9.3",TRUE,"https://doi.org/10.1167/10.9.3"
"10.1177/0022022110381114",FALSE,NA
"10.1504/ejim.2010.031281",FALSE,NA
"10.2190/om.61.2.b",FALSE,NA
"10.2466/pr0.107.1.139-144",FALSE,NA
"10.3233/jad-2010-1357",FALSE,NA
"10.4103/1463-1741.70502",TRUE,"https://doi.org/10.4103/1463-1741.70502"
"10.1002/j.1556-6978.2011.tb01919.x",FALSE,NA
"10.1017/s0272263111000325",TRUE,"https://hdl.handle.net/2027.42/139849"
"10.1027/1618-3169/a000117",TRUE,"http://hdl.handle.net/1765/74919"
"10.1037/a0022144",FALSE,NA
"10.1080/10400419.2011.621859",FALSE,NA
"10.1111/j.1742-9536.2011.00001.x",FALSE,NA
"10.1162/jocn_a_00109",FALSE,NA
"10.2753/pss0885-3134310105",FALSE,NA
"10.3109/03014460.2011.614278",FALSE,NA
"10.34917/2824168",FALSE,NA
"10.1027/1614-0001/a000082",FALSE,NA
"10.1037/a0023237",FALSE,NA
"10.1037/a0025169",FALSE,NA
"10.1037/a0027210",FALSE,NA
"10.1037/a0029855",FALSE,NA
"10.1080/00224545.2012.706242",FALSE,NA
"10.1080/13504851.2011.564125",FALSE,NA
"10.1080/13698249.2012.679497",TRUE,"http://libres.uncg.edu/ir/uncg/f/E_Jones_Livestock_2012.pdf"
"10.1108/ijsms-13-03-2012-b004",FALSE,NA
"10.1111/j.1601-183x.2012.00849.x",FALSE,NA
"10.1128/jvi.00068-12",TRUE,"https://jvi.asm.org/content/jvi/86/12/6512.full.pdf"
"10.1177/0003122412444720",TRUE,"https://www.ncbi.nlm.nih.gov/pmc/articles/4222073"
"10.1523/jneurosci.2511-12.2012",TRUE,"https://www.jneurosci.org/content/jneuro/32/35/12258.full.pdf"
"10.1523/jneurosci.3973-11.2012",TRUE,"https://www.jneurosci.org/content/jneuro/32/11/3949.full.pdf"
"10.5172/cnj.v43i2.1807",FALSE,NA
"10.1111/cogs.13445",TRUE,"https://onlinelibrary.wiley.com/doi/pdfdirect/10.1111/cogs.13445"
"10.1017/jdm.2023.48",TRUE,"https://www.cambridge.org/core/services/aop-cambridge-core/content/view/D15AA4496EB364FCC4433C1EE46768B0/S1930297523000487a.pdf/div-class-title-choosing-rejecting-and-closely-replicating-30-years-later-a-commentary-on-chandrashekar-et-al-div.pdf"
"10.1177/09567976251412721",FALSE,NA
"10.1002/jaba.70060",FALSE,NA
"10.1093/alcalc/agag013",FALSE,NA
"10.1080/10447318.2026.2645767",FALSE,NA
"10.31234/osf.io/ydgh9_v2",TRUE,"https://doi.org/10.31234/osf.io/ydgh9_v2"
"10.17250/khisli.43.1.202603.001",FALSE,NA
"10.1016/s0272-4944(05)80184-7",FALSE,NA
"10.3758/s13420-016-0250-1",FALSE,NA
"10.1145/3180155.3180192",TRUE,NA
"10.1016/j.jenvp.2026.102956",TRUE,"https://doi.org/10.1016/j.jenvp.2026.102956"
"10.5334/joc.494",TRUE,"https://journalofcognition.org/articles/494/files/69c67cb115b43.pdf"
"10.48550/arxiv.2603.15935",FALSE,NA
"10.1509/jm.16.0125",FALSE,NA
"10.1016/j.obhdp.2018.08.002",FALSE,NA
"10.1086/670394",TRUE,"https://academic.oup.com/jcr/article-pdf/40/2/368/9528146/40-2-368.pdf"
"10.1002/per.853",FALSE,NA
"10.1017/xps.2018.6",FALSE,NA
"10.1016/j.obhdp.2008.06.001",FALSE,NA
"10.3982/ecta8852",FALSE,NA
"10.1016/j.cognition.2017.04.004",FALSE,NA
"10.1016/j.socscimed.2017.03.035",FALSE,NA
"10.3102/0002831209340043",FALSE,NA
"10.1111/j.1540-6210.2011.02414.x",FALSE,NA
"10.1007/s13524-012-0091-2",TRUE,"https://read.dukeupress.edu/demography/article-pdf/49/2/477/881284/477thomas.pdf"
"10.1007/s13524-012-0173-1",TRUE,"https://read.dukeupress.edu/demography/article-pdf/50/3/853/867714/853allendorf.pdf"
"10.1017/s0043887114000100",TRUE,"https://pure.uva.nl/ws/files/1999708/147577_ImmigIntegRedistWPfinal3.pdf"
"10.1016/j.jbusres.2016.07.021",FALSE,NA
"10.3102/0013189x11422112",FALSE,NA
"10.1016/j.worlddev.2015.10.037",TRUE,"https://strathprints.strath.ac.uk/54497/1/Echavarri_Husillos_WD_2015_The_missing_link_between_parents_preferences_and_daughters_survival.pdf"
"10.1037/pspp0000113",TRUE,"https://resolver.sub.uni-goettingen.de/purl?gro-2/43337"
"10.1016/j.jfineco.2008.12.008",TRUE,"https://ink.library.smu.edu.sg/lkcsb_research/2967"
"10.1007/s13524-016-0483-9",FALSE,NA
"10.1177/0956797618756862",FALSE,NA
"10.1007/s10683-008-9210-8",FALSE,NA
"10.1086/662130",FALSE,NA
"10.1257/app.3.1.239",FALSE,NA
"10.1257/aer.100.4.1913",TRUE,"https://doi.org/10.3386/w13309"
"10.1111/1745-9125.12151",FALSE,NA
"10.1007/s10683-015-9436-1",FALSE,NA
"10.1016/j.learninstruc.2014.12.001",FALSE,NA
"10.1016/j.evolhumbehav.2018.06.004",FALSE,NA
"10.1037/a0019973",FALSE,NA
"10.1037/a0037294",TRUE,"http://ir.psych.ac.cn/handle/311026/14177"
"10.1016/j.jesp.2012.02.002",FALSE,NA
"10.1002/job.598",FALSE,NA
"10.1007/s13524-013-0261-x",TRUE,"https://read.dukeupress.edu/demography/article-pdf/51/2/413/865511/413montez.pdf"
"10.1093/sf/soy014",FALSE,NA
"10.1002/per.2157",TRUE,"http://libres.uncg.edu/ir/uncg/f/Christensen_uncg_0154M_12342.pdf"
"10.1093/jcr/ucw044",FALSE,NA
"10.1007/s10683-016-9484-1",FALSE,NA
"10.1037/a0023937",FALSE,NA
"10.1016/j.cedpsych.2014.03.004",FALSE,NA
"10.1037/a0033009",FALSE,NA
"10.1037/a0027678",FALSE,NA
"10.1002/per.1942",FALSE,NA
"10.1016/j.obhdp.2016.08.001",FALSE,NA
"10.1016/j.cognition.2016.03.003",TRUE,"http://hdl.handle.net/10281/125189"
"10.1086/680670",FALSE,NA
"10.1007/s11747-009-0140-6",FALSE,NA
"10.1017/s0003055409090066",FALSE,NA
"10.1037/pspp0000031",TRUE,"http://hdl.handle.net/10411/20684"
"10.3982/ecta14370",TRUE,"https://pure.eur.nl/files/47895432/REPUB_112024_VOR.pdf"
"10.1086/678035",FALSE,NA
"10.1509/jmr.14.0300",FALSE,NA
"10.1287/mnsc.1120.1650",FALSE,NA
"10.1016/j.jenvp.2013.09.003",TRUE,"https://figshare.com/articles/journal_contribution/The_relationship_between_materialistic_values_and_environmental_attitudes_and_behaviors_a_meta-analysis/23418692"
"10.1002/job.697",FALSE,NA
"10.1037/a0037037",TRUE,"http://nrs.harvard.edu/urn-3:HUL.InstRepos:14330738"
"10.1007/s11747-014-0373-x",FALSE,NA
"10.1017/s0043887117000107",TRUE,"https://archive-ouverte.unige.ch/unige:94917"
"10.1016/j.cognition.2009.08.005",FALSE,NA
"10.1177/0014402918771337",FALSE,NA
"10.3102/0002831214531323",FALSE,NA
"10.1093/rfs/hhr027",FALSE,NA
"10.1086/676333",FALSE,NA
"10.1037/t70768-000",FALSE,NA
"10.1073/pnas.2109373119",TRUE,"https://doi.org/10.1073/pnas.2109373119"
"10.25669/w00q-wk0c",FALSE,NA
"10.1371/journal.pone.0120644",TRUE,"https://journals.plos.org/plosone/article/file?id=10.1371/journal.pone.0120644&type=printable"
"10.1038/ng.513",TRUE,"https://www.ncbi.nlm.nih.gov/pmc/articles/3224997"
"10.1016/b978-0-12-823519-5.00003-8",FALSE,NA
"10.1037/pspa0000306",FALSE,NA
"10.1093/scan/nsu108",TRUE,"https://academic.oup.com/scan/article-pdf/10/5/700/27101211/nsu108.pdf"
"10.1177/0305735606067168",FALSE,NA
"10.1016/j.jesp.2012.08.015",FALSE,NA
"10.1016/j.schres.2010.02.453",FALSE,NA
"10.1111/bjop.12208",FALSE,NA
"10.1177/0956797612446024",FALSE,NA
"10.1371/journal.pone.0026828",TRUE,"https://doi.org/10.1371/journal.pone.0026828"
"10.1016/j.ebiom.2021.103246",TRUE,"http://www.thelancet.com/article/S2352396421000396/pdf"
"10.1098/rsta.2014.0464",FALSE,NA
"10.1016/j.chb.2015.04.024",FALSE,NA
"10.1109/vis54172.2023.00016",FALSE,NA
"10.1038/s41586-021-03380-y",FALSE,NA
"10.1016/j.biopsych.2014.12.027",FALSE,NA
"10.1007/s00296-010-1566-3",FALSE,NA
"10.48550/arxiv.2303.08577",FALSE,NA
"10.1177/08902070251410250",TRUE,"https://doi.org/10.1177/08902070251410250"
"10.1177/2515245920925750",TRUE,"https://journals.sagepub.com/doi/pdf/10.1177/2515245920925750"
"10.3389/fnbeh.2018.00080",TRUE,"https://www.frontiersin.org/articles/10.3389/fnbeh.2018.00080/pdf"
"10.1177/10298649221149109",TRUE,"https://repository.lsu.edu/psychology_pubs/2339"
"10.71889/5fylantbak.29863853",FALSE,NA
"10.1002/pu.30211",FALSE,NA
"10.1037/ebs0000298",FALSE,NA
"10.1037/aca0000420",TRUE,"https://philpapers.org/archive/MURWAT-5.pdf"
"10.1371/journal.pone.0284243",TRUE,"https://doi.org/10.1371/journal.pone.0284243"
"10.1111/andr.13339",TRUE,"https://onlinelibrary.wiley.com/doi/pdfdirect/10.1111/andr.13339"
"10.1098/rsos.180475",TRUE,"https://doi.org/10.1098/rsos.180475"
"10.1108/ijis-11-2017-0119",FALSE,NA
"10.31234/osf.io/4jkvn_v1",TRUE,"https://osf.io/4jkvn_v1/download"
"10.1111/adb.12361",FALSE,NA
"10.1534/g3.114.015669",TRUE,"https://academic.oup.com/g3journal/article-pdf/5/2/167/37125840/g3journal0167.pdf"
"10.1177/0956797614545886",FALSE,NA
"10.1016/j.evolhumbehav.2005.01.002",FALSE,NA
"10.1017/s0047404500008472",FALSE,NA
"10.48550/arxiv.2302.02083",FALSE,NA
"10.1016/j.jenvp.2005.07.001",FALSE,NA
"10.1162/qjec.121.1.73",FALSE,NA
"10.1016/0010-0277(90)90035-i",FALSE,NA
"10.1111/add.14071",TRUE,"https://onlinelibrary.wiley.com/doi/pdfdirect/10.1111/add.14071"
"10.1111/j.0956-7976.2005.01556.x",FALSE,NA
"10.1901/jaba.1976.9-179",TRUE,"https://onlinelibrary.wiley.com/doi/pdfdirect/10.1901/jaba.1976.9-179"
"10.1037/xhp0000399",TRUE,"https://doi.org/10.1037/xhp0000399"
"10.1073/pnas.1520027113",TRUE,"https://www.pnas.org/content/pnas/113/27/7459.full.pdf"
"10.2139/ssrn.3435378",TRUE,"https://papers.ssrn.com/sol3/Delivery.cfm?abstractid=3435378"
"10.1038/s41561-020-00674-0",FALSE,NA
"10.1037/e519702015-101",FALSE,NA
"10.1093/acprof:osobl/9780199927418.003.0013",FALSE,NA
"10.1177/1948550612452014",FALSE,NA
"10.1016/j.cognition.2021.104939",FALSE,NA
"10.1177/0956797612452574",FALSE,NA
"10.1177/0956797610389187",FALSE,NA
"10.25300/misq/2020/14110",FALSE,NA
"10.1177/0146167299025002007",FALSE,NA
"10.1037/pst0000015",FALSE,NA
"10.1111/1467-9280.00168",FALSE,NA
"10.1348/000709909x466479",FALSE,NA
"10.1016/j.cub.2017.09.001",TRUE,"http://www.cell.com/article/S096098221731117X/pdf"
"10.1111/j.1467-8624.1976.tb02248.x",FALSE,NA
"10.1017/s1930297500000966",TRUE,"https://www.cambridge.org/core/services/aop-cambridge-core/content/view/651311B971205458B6A9D61DC23FACA4/S1930297500000966a.pdf/div-class-title-memory-reflected-in-our-decisions-higher-working-memory-capacity-predicts-greater-bias-in-risky-choice-div.pdf"
"10.1037/a0038543",TRUE,"https://doi.org/10.1037/a0038543"
"10.1016/j.visres.2006.11.013",TRUE,"https://www.ncbi.nlm.nih.gov/pmc/articles/1839967"
"10.1123/jmld.2015-0036",FALSE,NA
"10.1257/aer.20141409",TRUE,"https://www.aeaweb.org/articles/pdf/doi/10.1257/aer.20141409"
"10.1111/j.1745-6916.2006.00007.x",FALSE,NA
"10.1002/acp.1692",FALSE,NA
"10.1002/ajhb.20823",FALSE,NA
"10.1126/science.151.3712.837",FALSE,NA
"10.1016/b978-0-12-205050-3.50008-7",FALSE,NA
"10.64152/10125/66632",TRUE,"https://scholarspace.manoa.hawaii.edu/bitstreams/39b0fdc6-e192-4a29-be71-fec6aeda1999/download"
"10.1086/668417",TRUE,"http://scholarworks.calstate.edu/downloads/6d56zx65m"
"10.1080/10615806.2021.1888933",FALSE,NA
"10.1080/27691616.2025.2480830",FALSE,NA
"10.1186/s12891-019-2402-x",TRUE,"https://bmcmusculoskeletdisord.biomedcentral.com/track/pdf/10.1186/s12891-019-2402-x"
"10.1177/09567976211040745",FALSE,NA
"10.1017/cnj.2023.13",TRUE,"https://www.cambridge.org/core/services/aop-cambridge-core/content/view/91E7737A855572CDE21AE725E8D45856/S0008413123000130a.pdf/div-class-title-social-role-effects-on-english-particle-verb-variation-fail-to-replicate-div.pdf"
"10.48550/arxiv.2302.08399",FALSE,NA
"10.1037/cns0000005",FALSE,NA
"10.31275/20211903",TRUE,"https://journalofscientificexploration.org/index.php/jse/article/download/1903/1337"
"10.1177/0018720820909287",FALSE,NA
"10.18718/81781.7",FALSE,NA
"10.4324/9781410603494-41",TRUE,"https://escholarship.org/content/qt2nm8p6rf/qt2nm8p6rf.pdf?t=sh6q23"
"10.1016/j.addbeh.2023.107778",TRUE,"https://www.sciencedirect.com/science/article/pii/S0306460323001739"
"10.31234/osf.io/mjs2d",TRUE,"https://psyarxiv.com/mjs2d/download"
"10.17615/q9na-cr13",FALSE,NA
"10.3758/s13414-024-02994-4",TRUE,"https://link.springer.com/content/pdf/10.3758/s13414-024-02994-4.pdf"
"10.1523/eneuro.0150-20.2020",TRUE,"https://www.eneuro.org/content/eneuro/7/5/ENEURO.0150-20.2020.full.pdf"
"10.1073/pnas.2305629120",TRUE,"https://escholarship.org/content/qt2375j1gp/qt2375j1gp.pdf"
"10.1017/rdc.2024.52",TRUE,"https://doi.org/10.1017/rdc.2024.52"
"10.1017/bpp.2020.57",TRUE,"https://www.cambridge.org/core/services/aop-cambridge-core/content/view/7CA9BE69C3213D5030A2BD11A5C53450/S2398063X20000573a.pdf/div-class-title-voting-behavior-is-unaffected-by-subtle-linguistic-cues-evidence-from-a-psychologically-authentic-replication-div.pdf"
"10.1080/09515089.2013.878834",TRUE,"https://philpapers.org/archive/ADLDMA.pdf"
"10.1371/journal.pone.0140806",TRUE,"https://journals.plos.org/plosone/article/file?id=10.1371/journal.pone.0140806&type=printable"
"10.1080/20445911.2023.2245112",TRUE,"https://www.tandfonline.com/doi/pdf/10.1080/20445911.2023.2245112?needAccess=true&role=button"
"10.1177/0956797619896273",TRUE,"http://hdl.handle.net/2078.1/226666"
"10.1037/xge0000353",FALSE,NA
"10.17705/1cais.05749",TRUE,"https://aisel.aisnet.org/cgi/viewcontent.cgi?article=4712&context=cais"
"10.3389/fpsyg.2015.00335",TRUE,"https://www.frontiersin.org/articles/10.3389/fpsyg.2015.00335/pdf"
"10.1002/jclp.23459",TRUE,"https://onlinelibrary.wiley.com/doi/pdfdirect/10.1002/jclp.23459"
"10.1101/2025.07.30.667636",TRUE,"https://www.biorxiv.org/content/biorxiv/early/2025/08/01/2025.07.30.667636.full.pdf"
"10.1016/j.actpsy.2026.106214",TRUE,"https://doi.org/10.1016/j.actpsy.2026.106214"
"10.2466/04.03.pr0.112.2.533-544",FALSE,NA
"10.1177/23982128241255798",TRUE,"https://journals.sagepub.com/doi/pdf/10.1177/23982128241255798"
"10.1177/1948550616646426",FALSE,NA
"10.2466/07.10.17.pr0.107.4.139-144",FALSE,NA
"10.1017/jdm.2023.40",TRUE,"https://www.cambridge.org/core/services/aop-cambridge-core/content/view/5A2D1AFDBF57B47478DA33846BFE474C/S1930297523000402a.pdf/div-class-title-working-memory-capacity-and-the-risky-choice-framing-effect-a-preregistered-replication-and-extension-of-corbin-et-al-a-href-r18-ref-type-bibr-2010-a-div.pdf"
"10.1080/23743603.2016.1248080",FALSE,NA
"10.1037/xge0001756",TRUE,"https://doi.org/10.1037/xge0001756"
"10.51224/cik.v1i2.39",TRUE,"https://storkjournals.org/index.php/cik/article/download/39/23"
"10.1007/s40881-023-00136-4",TRUE,"https://hal.science/hal-04829178"
"10.13140/2.1.4432.0644",FALSE,NA
"10.1177/0305735617704300",TRUE,"https://journals.sagepub.com/doi/pdf/10.1177/0305735617704300"
"10.1002/ajhb.22875",TRUE,"http://doi.org/10.1002/ajhb.22875"
"10.1007/s11205-005-5074-x",TRUE,"https://pure.eur.nl/ws/files/46694711/2006a-full.pdf"
"10.1080/02702711.2020.1768976",FALSE,NA
"10.1017/xps.2025.10027",TRUE,"https://www.cambridge.org/core/services/aop-cambridge-core/content/view/345C42C2B43871D567BF61B0BAA3B309/S2052263025100274a.pdf/div-class-title-a-replication-and-extension-of-willer-et-al-2013-overdoing-gender-a-test-of-the-masculine-overcompensation-thesis-div.pdf"
"10.1080/10615806.2026.2658018",FALSE,NA
"10.1080/27691616.2026.2652951",TRUE,"https://lbro.repository.guildhe.ac.uk/id/eprint/1325/1/Francis_psychological%20type%20and%20charismatic_2026.pdf"
"10.1093/rof/rfv016",TRUE,"https://academic.oup.com/rof/article-pdf/20/2/447/26316783/rfv016.pdf"
"10.1257/aer.20130683",TRUE,"https://www.aeaweb.org/articles/pdf/doi/10.1257/aer.20130683"
"10.1111/j.1559-1816.1999.tb00142.x",FALSE,NA
"10.1093/rfs/hhy109",TRUE,"https://academic.oup.com/rfs/article-pdf/32/6/2149/28649850/hhy109.pdf"
"10.1111/jofi.12619",TRUE,"https://doi.org/10.2139/ssrn.2837755"
"10.1111/ajps.12004",FALSE,NA
"10.1002/ana.22403",TRUE,"http://hdl.handle.net/1765/26612"
"10.1016/s0092-6566(02)00529-9",FALSE,NA
"10.1016/j.learninstruc.2018.04.010",FALSE,NA
"10.1111/mono",FALSE,NA
"10.1257/aer.98.3.924",FALSE,NA
"10.1287/mnsc.1110.1365",FALSE,NA
"10.1037/xlm0000546",TRUE,"https://doi.org/10.1037/xlm0000546"
"10.1111/lang.70005",TRUE,"https://onlinelibrary.wiley.com/doi/pdfdirect/10.1111/lang.70005"
"10.23668/psycharchives.21850",FALSE,NA
"10.1111/j.1467-9280.1995.tb00312.x",FALSE,NA
"10.1080/10503307.2014.963730",FALSE,NA
"10.1111/mono.12404",TRUE,"https://onlinelibrary.wiley.com/doi/pdfdirect/10.1111/mono.12404"
"10.31234/osf.io/n9kgz_v2",TRUE,"https://doi.org/10.31234/osf.io/n9kgz_v2"
"10.31219/osf.io/v6sfg_v1",TRUE,"https://osf.io/v6sfg_v1/download"
"dummy_walton",FALSE,NA
"dummy_gould",FALSE,NA
"dummy_leisering",FALSE,NA
"dummy_knoppen",FALSE,NA
"dummy_mcdermott",FALSE,NA
"dummy_hofstede",FALSE,NA
"dummy_ebbinghaus",FALSE,NA
"dummy_jaeger",FALSE,NA
"dummy_terman",FALSE,NA
"dummy_lord",FALSE,NA
"10.1002/j.2164-585x.1979.tb00097.x",FALSE,NA
"10.1016/0010-0285(72)90003-5",FALSE,NA
"10.1037/h0080111",FALSE,NA
"10.1080/00223891.2013.806327",FALSE,NA
"10.1371/journal.pone.0089642",TRUE,"https://journals.plos.org/plosone/article/file?id=10.1371/journal.pone.0089642&type=printable"
"10.1037/0022-3514.32.6.951",FALSE,NA
"10.1016/j.paid.2007.11.003",FALSE,NA
"10.1111/j.1467-9922.2007.00400.x",FALSE,NA
"10.1038/ng.663",TRUE,"https://www.nature.com/articles/ng.663.pdf"
"10.1006/cogp.1998.0690",FALSE,NA
"10.2139/ssrn.1246696",TRUE,"https://doi.org/10.2139/ssrn.1246696"
"10.1016/0010-0285(92)90013-r",FALSE,NA
"10.1037/t79666-000",FALSE,NA
"10.20429/ijsotl.2013.070218",TRUE,"https://digitalcommons.georgiasouthern.edu/cgi/viewcontent.cgi?article=1403&context=ij-sotl"
"10.1037/edu0000701",TRUE,"https://doi.org/10.1037/edu0000701"
"10.1017/s0272263109990519",FALSE,NA
"10.1037/abn0000277",FALSE,NA
"10.1007/s40732-014-0040-0",FALSE,NA
"10.3758/s13423-014-0683-5",FALSE,NA
"10.1111/bjc.12069",FALSE,NA
"10.1377/hlthaff.2012.0393",FALSE,NA
"10.1371/journal.pone.0004117",TRUE,"https://journals.plos.org/plosone/article/file?id=10.1371/journal.pone.0004117&type=printable"
"https://psycnet.apa.org/doi/10.1037/0096-1523.34.2.340",FALSE,NA
"10.1038/nm.3466",TRUE,"https://escholarship.org/uc/item/50n9b66b"
"10.1037/0096-1523.1.3.288",FALSE,NA
"10.1038/mp.2015.109",FALSE,NA
"10.3389/fnhum.2013.00257",TRUE,"https://www.frontiersin.org/articles/10.3389/fnhum.2013.00257/pdf"
"10.1016/j.worlddev.2011.05.014",FALSE,NA
"10.1080/01690960802250900",FALSE,NA
"10.1177/1049731508329392",FALSE,NA
"10.1038/ng.81",FALSE,NA
"10.1126/science.1217697",FALSE,NA
"10.1080/01690960701402933",TRUE,NA
"10.1093/ije/dyt028",TRUE,"https://academic.oup.com/ije/article-pdf/42/2/466/14149467/dyt028.pdf"
"10.1093/hmg/ddq571",TRUE,"https://academic.oup.com/hmg/article-pdf/20/7/1456/17253931/ddq571.pdf"
"10.4103/0366-6999.171421",TRUE,"https://doi.org/10.4103/0366-6999.171421"
"10.1080/026990599121494",FALSE,NA
"10.1017/s0962728600023563",FALSE,NA
"10.1080/1068316x.2010.515987",FALSE,NA
"10.3758/s13414-015-0885-6",TRUE,"https://link.springer.com/content/pdf/10.3758/s13414-015-0885-6.pdf"
"10.1002/ana.26294",TRUE,"https://utoronto.scholaris.ca/bitstreams/df3b49e1-eba4-4ee3-9d13-37be508a670a/download"
"10.1016/j.jpsychires.2008.07.004",FALSE,NA
"10.3389/fnhum.2013.00014",TRUE,"https://www.frontiersin.org/articles/10.3389/fnhum.2013.00014/pdf"
"10.1002/jaba.975",FALSE,NA
"10.1007/s10926-019-09849-y",TRUE,"https://link.springer.com/content/pdf/10.1007/s10926-019-09849-y.pdf"
"10.1080/13674676.2023.2293831",TRUE,"https://www.tandfonline.com/doi/pdf/10.1080/13674676.2023.2293831?download=true"
"10.1037/0022-3514.75.1.5",FALSE,NA
"10.1111/j.1467-9280.2006.01698.x",FALSE,NA
"10.1038/s41598-021-81148-0",TRUE,"https://www.nature.com/articles/s41598-021-81148-0.pdf"
"10.1016/j.aos.2016.02.003",FALSE,NA
"10.1037/0096-1523.34.2.340",FALSE,NA
"10.1037/e519682015-069",FALSE,NA
"10.1016/j.cognition.2008.04.002",FALSE,NA
"10.1017/s0272263100015047",TRUE,"https://www.cambridge.org/core/services/aop-cambridge-core/content/view/1C705F1926E1530572258D3477DD9034/S0272263100015047a.pdf/div-class-title-the-influence-of-planning-and-task-type-on-second-language-performance-div.pdf"
"10.1006/jesp.2001.1488",FALSE,NA
"10.1111/jopy.12690",FALSE,NA
"10.1016/j.jesp.2009.03.013",FALSE,NA
"10.1016/j.obhdp.2009.11.001",FALSE,NA
"10.1007/s11199-007-9195-3",FALSE,NA
"10.2307/145795",FALSE,NA
"10.1016/j.jsams.2009.09.005",TRUE,"http://hdl.handle.net/11268/597"
"10.1093/ptj/85.6.515",FALSE,NA
"10.1073/pnas.0803768105",TRUE,"https://www.ncbi.nlm.nih.gov/pmc/articles/2529116"
"10.1016/j.ajhg.2009.12.009",TRUE,"http://www.cell.com/article/S0002929709005709/pdf"
"10.1038/ng.2520",FALSE,NA
"10.1016/j.paid.2009.11.029",TRUE,"https://www.research.ed.ac.uk/en/publications/0f9e66e4-7500-4a42-86e0-2a315c125e5b"
"10.1523/jneurosci.14-05-03208.1994",TRUE,"https://www.jneurosci.org/content/jneuro/14/5/3208.full.pdf"
"10.1257/0002828054201387",TRUE,"https://scholarship.law.bu.edu/cgi/viewcontent.cgi?article=1775&context=faculty_scholarship"
"10.1177/0956797613497969",FALSE,NA
"10.1177/0956797612465878",FALSE,NA
"10.1016/j.jesp.2013.05.013",FALSE,NA
"10.1080/10447318.2011.595621",FALSE,NA
"10.1016/j.im.2013.08.006",FALSE,NA
"10.1177/0731948712438556",FALSE,NA
"10.1111/j.1467-9280.2008.02082.x",FALSE,NA
"10.1086/511995",TRUE,"http://hdl.handle.net/1808/10115"
"10.1016/j.brs.2012.03.006",TRUE,"http://www.brainstimjrnl.com/article/S1935861X12000290/pdf"
"10.1177/1948550616628608",FALSE,NA
"10.1016/s0140-6736(12)60681-3",TRUE,"http://www.thelancet.com/article/S0140673612606813/pdf"
"10.1037/0278-7393.21.4.1008",TRUE,"https://figshare.com/articles/journal_contribution/Functional_equivalence_of_verbal_and_spatial_information_in_serial_short-term_memory/13465289"
"10.1016/s0022-1031(03)00057-x",FALSE,NA
"10.1111/jpr.12125",TRUE,"https://onlinelibrary.wiley.com/doi/pdfdirect/10.1111/jpr.12125"
"10.1006/jmla.1996.0032",TRUE,"https://doi.org/10.1006/jmla.1996.0032"
"10.7717/peerj.1232",TRUE,"https://peerj.com/articles/1232.pdf"
"10.1037/0096-3445.122.3.331",FALSE,NA
"10.1037/h0053944",FALSE,NA
"10.1007/s10803-012-1608-7",TRUE,"https://discovery.dundee.ac.uk/ws/files/9997110/Robertson_and_Simmons_2013_JADD.pdf"
"10.1080/13669877.2018.1443491",FALSE,NA
"10.1177/0020872818804298",FALSE,NA
"10.1007/s10643-020-01043-7",FALSE,NA
"10.1017/psrm.2022.12",TRUE,"https://doi.org/10.1017/psrm.2022.12"
"10.1086/678193",FALSE,NA
"10.1037/0022-3514.81.1.33",FALSE,NA
"10.1037/a0024608",FALSE,NA
"10.1177/0956797616669086",TRUE,"https://lirias.kuleuven.be/handle/123456789/559370"
"10.1002/smj.2268",TRUE,"http://nrs.harvard.edu/urn-3:HUL.InstRepos:12534952"
"10.1111/j.0956-7976.2005.00810.x",FALSE,NA
"10.1523/jneurosci.0411-11.2011",TRUE,"https://www.jneurosci.org/content/jneuro/31/28/10234.full.pdf"
"10.17605/osf.io/bu3gm",FALSE,NA
"10.3758/s13423-014-0582-9",TRUE,"https://www.ncbi.nlm.nih.gov/pmc/articles/4104250"
"10.1027/1614-0001/a000311",TRUE,"http://hdl.handle.net/11143/20424"
"10.1080/14459795.2022.2133906",TRUE,"https://biblio.ugent.be/publication/01GK14DD3KNMPCVBWPNGM240KX/file/01GK14E0T8QE40CZWWRW4YG3FF.pdf"
"10.1177/0098628311421328",FALSE,NA
"10.1375/twin.11.1.44",TRUE,"https://www.cambridge.org/core/services/aop-cambridge-core/content/view/EFE8161E58AFD3FF2692AC8B6F63A8BD/S1832427400008732a.pdf/div-class-title-genetic-and-environmental-contributions-to-humor-styles-a-replication-study-div.pdf"
"10.1177/0022466912449652",FALSE,NA
"10.1017/s0272263112000903",FALSE,NA
"10.1155/2013/639702",TRUE,"https://downloads.hindawi.com/archive/2013/639702.pdf"
"10.1186/1744-8603-10-19",TRUE,"https://globalizationandhealth.biomedcentral.com/counter/pdf/10.1186/1744-8603-10-19"
"10.1007/s11166-015-9208-5",TRUE,"https://durham-repository.worktribe.com/output/1425956"
"10.20429/ijsotl.2018.120107",TRUE,"https://digitalcommons.georgiasouthern.edu/cgi/viewcontent.cgi?article=1758&context=ij-sotl"
"10.1007/s10648-023-09729-1",TRUE,"https://link.springer.com/content/pdf/10.1007/s10648-023-09729-1.pdf"
"10.1111/lang.12623",TRUE,"https://onlinelibrary.wiley.com/doi/pdfdirect/10.1111/lang.12623"
"10.1007/s10803-024-06486-0",TRUE,"https://link.springer.com/content/pdf/10.1007/s10803-024-06486-0.pdf"
"10.21203/rs.3.rs-6613854/v1",TRUE,"https://www.researchsquare.com/article/rs-6613854/latest.pdf"
"10.32872/cpe.v2i4.2593",TRUE,"https://cpe.psychopen.eu/index.php/cpe/article/download/2593/2593.pdf"
"10.1111/1475-6773.12595",TRUE,"https://onlinelibrary.wiley.com/doi/pdfdirect/10.1111/1475-6773.12595"
"10.1371/journal.pone.0220419",TRUE,"https://doi.org/10.1371/journal.pone.0220419"
"10.1177/0956797620972367",FALSE,NA
"10.1016/j.jalz.2015.12.008",TRUE,"https://www.ncbi.nlm.nih.gov/pmc/articles/4947451"
"10.31219/osf.io/x394e_v2",TRUE,"https://osf.io/x394e_v2/download"
"10.18653/v1/w19-8649",TRUE,"https://www.aclweb.org/anthology/W19-8649.pdf"
"10.1038/s41398-021-01366-y",TRUE,"https://www.nature.com/articles/s41398-021-01366-y.pdf"
"10.64898/2026.01.19.700331",TRUE,"https://www.biorxiv.org/content/biorxiv/early/2026/01/21/2026.01.19.700331.full.pdf"
"10.1016/j.intman.2026.101337",TRUE,"https://doi.org/10.1016/j.intman.2026.101337"
"10.1016/j.bandl.2024.105496",TRUE,"https://doi.org/10.1016/j.bandl.2024.105496"
"10.1177/1049731514530000",FALSE,NA
"10.1007/s00296-010-1789-3",FALSE,NA
"10.1111/j.1949-8594.2012.00166.x",FALSE,NA
"10.1186/1750-1326-8-18",TRUE,"https://molecularneurodegeneration.biomedcentral.com/counter/pdf/10.1186/1750-1326-8-18"
"10.1177/1029864913489703",FALSE,NA
"10.1371/journal.pone.0109035",TRUE,"https://journals.plos.org/plosone/article/file?id=10.1371/journal.pone.0109035&type=printable"
"10.1007/s13577-014-0103-1",TRUE,"https://link.springer.com/content/pdf/10.1007/s13577-014-0103-1.pdf"
"10.1186/1471-2474-15-38",TRUE,"https://bmcmusculoskeletdisord.biomedcentral.com/counter/pdf/10.1186/1471-2474-15-38"
"10.1037/xlm0000127",FALSE,NA
"10.1080/09362835.2016.1238379",FALSE,NA
"10.46867/ijcp.2018.31.01.13",TRUE,"https://escholarship.org/content/qt5sk2n3g6/qt5sk2n3g6.pdf?t=pr2qm0"
"10.1098/rsos.181575",TRUE,"https://doi.org/10.1098/rsos.181575"
"10.1111/lcrp.12252",TRUE,"https://onlinelibrary.wiley.com/doi/pdfdirect/10.1111/lcrp.12252"
"10.1111/jpr.12599",TRUE,"https://onlinelibrary.wiley.com/doi/pdfdirect/10.1111/jpr.12599"
"10.20982/tqmp.21.3.p115",TRUE,"https://www.tqmp.org/RegularArticles/vol21-3/p115/p115.pdf"
"10.36948/ijfmr.2025.v07i06.61995",TRUE,"https://www.ijfmr.com/papers/2025/6/61995.pdf"
"10.1162/imag.a.1046",TRUE,"https://direct.mit.edu/imag/article-pdf/doi/10.1162/IMAG.a.1046/2565461/imag.a.1046.pdf"
"10.1525/collabra.147691",TRUE,"https://online.ucpress.edu/collabra/article-pdf/11/1/147691/908225/collabra_2025_11_1_147691.pdf"
"10.1002/jaba.70061",TRUE,"https://doi.org/10.1002/jaba.70061"
"10.21203/rs.3.rs-9422704/v1",TRUE,"https://www.researchsquare.com/article/rs-9422704/latest.pdf"
"10.1007/s40839-026-00293-8",TRUE,"https://link.springer.com/content/pdf/10.1007/s40839-026-00293-8.pdf"
"10.3389/fnins.2018.00617",TRUE,"https://www.frontiersin.org/articles/10.3389/fnins.2018.00617/pdf"
"10.1177/25152459251401177",TRUE,"https://doi.org/10.1177/25152459251401177"
"10.1186/s12885-026-16029-8",TRUE,"https://doi.org/10.1186/s12885-026-16029-8"
"10.4054/demres.2025.53.29",TRUE,"https://www.demographic-research.org/volumes/vol53/29/53-29.pdf"
"10.1017/s0261444825100992",TRUE,"https://www.cambridge.org/core/services/aop-cambridge-core/content/view/F84ED3C1BE9E95B2E72B3FD9C4584593/S0261444825100992a.pdf/div-class-title-occupational-commitment-and-turnover-intentions-among-expatriate-english-teachers-in-asia-a-close-replication-and-extension-of-mcinerney-et-al-2015-div.pdf"
"10.2308/bria-2020-021",TRUE,"http://hdl.handle.net/2066/229871"
"10.1037/a0017172",FALSE,NA
"10.31234/osf.io/yn64p",FALSE,NA
"10.31234/osf.io/eu9cj",TRUE,"https://psyarxiv.com/eu9cj/download"
"10.1177/2515245920916513",TRUE,"https://journals.sagepub.com/doi/pdf/10.1177/2515245920916513"
"10.1111/lang.12557",TRUE,"https://onlinelibrary.wiley.com/doi/pdfdirect/10.1111/lang.12557"
"10.71889/5fylantbak.29863007",FALSE,NA
"10.1101/2020.04.05.026823",TRUE,"https://www.biorxiv.org/content/biorxiv/early/2020/04/06/2020.04.05.026823.full.pdf"
"10.1167/jov.23.9.5765",TRUE,"http://dx.doi.org/10.1167/jov.23.9.5765"
"10.31234/osf.io/a6qnk_v1",TRUE,"https://osf.io/a6qnk_v1/download"
"10.31234/osf.io/g5bnd_v1",TRUE,"https://doi.org/10.31234/osf.io/g5bnd_v1"
"10.2307/146341",FALSE,NA
"10.1113/expphysiol.2010.055442",TRUE,"https://vuir.vu.edu.au/9059/1/Is%20the%20-174%20CG%20polymorphism%20of%20the%20IL6%20gene%20associated%20with%20elite%20power%20performance-%20VUIR.pdf"
"10.2522/ptj.20120444",TRUE,"https://academic.oup.com/ptj/article-pdf/93/5/672/9364984/ptj0672.pdf"
"10.1371/journal.pone.0080688",TRUE,"https://journals.plos.org/plosone/article/file?id=10.1371/journal.pone.0080688&type=printable"
"10.1038/jhg.2013.28",TRUE,"https://www.nature.com/articles/jhg201328.pdf"
"10.1371/journal.pone.0102100",TRUE,"https://journals.plos.org/plosone/article/file?id=10.1371/journal.pone.0102100&type=printable"
"10.3389/fnhum.2014.00154",TRUE,"https://www.frontiersin.org/articles/10.3389/fnhum.2014.00154/pdf"
"10.1371/journal.pone.0096654",TRUE,"https://journals.plos.org/plosone/article/file?id=10.1371/journal.pone.0096654&type=printable"
"10.1152/jn.00493.2013",TRUE,"https://doi.org/10.1152/jn.00493.2013"
"10.1027/1864-9335/a000193",FALSE,NA
"10.1016/j.euroecorev.2015.05.006",TRUE,"https://www.sciencedirect.com/science/article/pii/S0014292115000719"
"10.20982/tqmp.11.2.r008",TRUE,"https://www.tqmp.org/ReplicationStudies/vol11-2/r008/r008.pdf"
"10.6084/m9.figshare.4213137.v2",FALSE,NA
"10.17615/snbr-qh40",FALSE,NA
"10.1037/pspp0000070",FALSE,NA
"10.1145/2858036.2858349",TRUE,"http://dl.acm.org/ft_gateway.cfm?id=2858349&type=pdf"
"10.1080/00220671.2015.1048503",FALSE,NA
"10.1080/02699931.2017.1292217",FALSE,NA
"10.5018/economics-ejournal.ja.2017-13",TRUE,"http://www.economics-ejournal.org/economics/journalarticles/2017-13/version_1/count"
"10.1155/2017/1254615",TRUE,"http://downloads.hindawi.com/journals/np/2017/1254615.pdf"
"10.1177/1948550617740941",FALSE,NA
"10.1073/pnas.1708345114",TRUE,"https://www.pnas.org/content/pnas/114/48/12767.full.pdf"
"10.1186/s13018-018-0769-2",TRUE,"https://josr-online.biomedcentral.com/track/pdf/10.1186/s13018-018-0769-2"
"10.5334/jeps.450",TRUE,"https://doi.org/10.5334/jeps.450"
"10.1371/journal.pone.0209263",TRUE,"https://storage.googleapis.com/plos-corpus-prod/10.1371/journal.pone.0209263/1/pone.0209263.pdf?X-Goog-Algorithm=GOOG4-RSA-SHA256&X-Goog-Credential=wombat-sa%40plos-prod.iam.gserviceaccount.com%2F20210221%2Fauto%2Fstorage%2Fgoog4_request&X-Goog-Date=20210221T170527Z&X-Goog-Expires=3600&X-Goog-SignedHeaders=host&X-Goog-Signature=738cc051df73116169d6a637a6e0d613b3b424dd19f9cc1a2a0652ef9604ca8fb5d4d361df382b5d7c408c77fb4f6509545dcdfe2486dfa37634a35d560bbd4a57d917d70d2ab3ca1c3cd77168c0c56f976f4fa1508305c5e0213370e05fc7f24e3297fcd30822a3f663542a8c941c479901db91978ed30b7f2fe9d211537ee88bc41071cefffe9a060d0fa72322d2d91a19a2d55034266269fe25ef495d4b5c182c0b67d21bc7986eac8096381703773fcae76c9865505177b5f854ea0d25080e05671cc0510339cc237b5ff5a1509b8ac9703d3c6b51bb6dc7a9528bbcd13f1c9195ed9db5302e257d52915013cf67847abac8dfa22d54e5b829452b1e261e"
"10.1111/jpr.12187",TRUE,"https://onlinelibrary.wiley.com/doi/pdfdirect/10.1111/jpr.12187"
"10.7717/peerj.4661",TRUE,"https://doi.org/10.7717/peerj.4661"
"10.5334/joc.35",TRUE,"http://www.journalofcognition.org/articles/10.5334/joc.35/galley/74/download/"
"10.1371/journal.pone.0208794",TRUE,"https://journals.plos.org/plosone/article/file?id=10.1371/journal.pone.0208794&type=printable"
"10.1177/1948550618792057",FALSE,NA
"10.31234/osf.io/mvn9b",TRUE,"https://doi.org/10.31234/osf.io/mvn9b"
"10.1186/s12888-023-04903-9",TRUE,"https://bmcpsychiatry.biomedcentral.com/counter/pdf/10.1186/s12888-023-04903-9"
"10.1080/13669877.2023.2249909",TRUE,"https://www.tandfonline.com/doi/pdf/10.1080/13669877.2023.2249909?needAccess=true&role=button"
"10.1080/10803548.2022.2156095",FALSE,NA
"10.15763/issn.1936-9298.2024.1.1.36-60",TRUE,"https://journals.shareok.org/singlecasejournal/ojs/singlecasejournal/article/download/3/3"
"10.1017/pan.2024.7",TRUE,"https://www.cambridge.org/core/services/aop-cambridge-core/content/view/17E618F1D395CBBB2360AA424DA5533A/S104719872400007Xa.pdf/div-class-title-nonrandom-tweet-mortality-and-data-access-restrictions-compromising-the-replication-of-sensitive-twitter-studies-div.pdf"
"10.1007/s11002-024-09739-1",TRUE,"https://link.springer.com/content/pdf/10.1007/s11002-024-09739-1.pdf"
"10.5334/irsp.945",TRUE,"https://storage.googleapis.com/jnl-up-j-irsp-files/journals/1/articles/945/664b3ce41a35a.pdf"
"10.1037/xge0000622",FALSE,NA
"10.1177/09567976251335567",FALSE,NA
"10.32388/e37rhf",TRUE,"https://www.qeios.com/read/E37RHF/pdf"
"10.31234/osf.io/b87v6_v1",TRUE,"https://osf.io/b87v6_v1/download"
"10.1101/2025.03.13.643168",TRUE,"https://www.biorxiv.org/content/biorxiv/early/2025/03/17/2025.03.13.643168.full.pdf"
"10.1177/0146167211424291",FALSE,NA
"10.1016/j.cognition.2024.105843",FALSE,NA
"10.1016/j.econedurev.2014.10.007",FALSE,NA
"10.1017/s0003055421000678",FALSE,NA
"10.3758/pbr.17.5.644",FALSE,NA
"10.1111/j.1469-8986.2005.00278.x",FALSE,NA
"10.1080/00224545.2020.1796567",FALSE,NA
"10.2307/3333827",FALSE,NA
"10.1111/j.1467-9280.2007.02028.x",FALSE,NA
"10.1016/j.jesp.2016.02.005",FALSE,NA
"10.1177/09567976241249183",TRUE,"https://aspredicted.org/sq22k.pdf"
"10.1212/wnl.0000000000213905",TRUE,"http://publicatio.bibl.u-szeged.hu/37433/1/cortese-et-al-2025-serum-alpha-linolenic-acid-and-long-term-multiple-sclerosis-activity-and-progression.pdf"
"10.1002/tesq.3137",FALSE,NA
"10.1002/tesq.445",FALSE,NA
"10.1111/j.1467-9922.2012.00729.x",FALSE,NA
"10.1111/j.1468-0084.2011.00689.x",TRUE,"https://pure.eur.nl/files/47021381/KMS-Final.pdf"
"10.1287/orsc.2017.1146",TRUE,"https://escholarship.org/uc/item/8v62w469"
"10.1016/j.jbusvent.2003.12.007",FALSE,NA
"10.1016/j.jbusvent.2008.04.003",TRUE,"https://www.sciencedirect.com/science/article/pii/S0883902608000475"
"10.1142/s1363919608001947",FALSE,NA
"10.2307/257100",FALSE,NA
"10.1016/j.jfbs.2011.07.003",FALSE,NA
"10.1037/0021-9010.90.6.1265",FALSE,NA
"10.1080/135048500444804",FALSE,NA
"10.1016/0883-9026(94)90013-2",FALSE,NA
"10.1073/pnas.1321202111",TRUE,"https://www.pnas.org/content/pnas/111/12/4427.full.pdf"
"10.1016/j.jfbs.2017.04.001",FALSE,NA
"10.1287/mnsc.2016.2664",FALSE,NA
"10.1016/0883-9026(91)90005-x",FALSE,NA
"10.31219/osf.io/x394e_v3",TRUE,"https://osf.io/x394e_v3/download"
"10.31234/osf.io/yt9n8",TRUE,"https://psyarxiv.com/yt9n8/download"
"10.1098/rsos.160431",TRUE,"https://royalsocietypublishing.org/doi/pdf/10.1098/rsos.160431"
"10.5334/irsp.932",TRUE,"https://doi.org/10.5334/irsp.932"
"10.1167/jov.25.8.13",TRUE,"https://jov.arvojournals.org/arvo/content_public/journal/jov/938721/i1534-7362-25-8-13_1752227481.54052.pdf"
"10.1080/01443410.2025.2477181",TRUE,"http://urn.fi/URN:NBN:fi:jyu-202505134214"
"10.1111/lcrp.12219",FALSE,NA
"10.31234/osf.io/4uy2c",TRUE,"https://psyarxiv.com/4uy2c/download"
"10.1080/00224545.2025.2482014",TRUE,"https://doi.org/10.1080/00224545.2025.2482014"
"10.1080/07351690.2025.2609523",FALSE,NA
"10.31234/osf.io/5e8mz_v1",TRUE,"https://doi.org/10.31234/osf.io/5e8mz_v1"
"10.1016/j.jesp.2026.104871",TRUE,"https://doi.org/10.1016/j.jesp.2026.104871"
"10.3758/s13423-025-02771-w",FALSE,NA
"10.3389/fneur.2026.1796427",TRUE,"https://www.frontiersin.org/journals/neurology/articles/10.3389/fneur.2026.1796427/pdf"
"10.1002/tesq.3212",TRUE,"https://onlinelibrary.wiley.com/doi/pdfdirect/10.1002/tesq.3212"
"10.1080/09658416.2021.1894162",TRUE,"https://diposit.ub.edu/dspace/bitstream/2445/176516/1/709140.pdf"
"10.1111/lang.12621",TRUE,"https://lirias.kuleuven.be/retrieve/4d345507-ae1b-4722-b135-b3cd09f8b199"
"10.1016/j.jbvi.2022.e00303",TRUE,"https://pure.eur.nl/ws/files/49327775/1_s2.0_S2352673422000014_main.pdf"
"10.1057/s41267-022-00532-8",FALSE,NA
"10.1177/10422587251347060",FALSE,NA
"10.1177/10422587211059991",FALSE,NA
"10.1007/s11575-022-00472-3",FALSE,NA
"10.1108/jec-08-2021-0122",FALSE,NA
"10.1016/j.jbvi.2019.e00128",FALSE,NA
"10.1016/j.jbvi.2019.e00138",TRUE,"https://hdl.handle.net/10272/23978"
"10.1080/146324400363491",TRUE,"https://eprints.qut.edu.au/5851/1/5851.pdf"
"10.1177/10422587251382870",FALSE,NA
"10.1108/jeee-04-2022-0123",FALSE,NA
"10.1177/1042258720985478",TRUE,"https://doi.org/10.1177/1042258720985478"
"10.17885/heiup.1157.c19369",FALSE,NA
"10.1142/s1084946721500084",FALSE,NA
"10.1177/0956797617690277",TRUE,"https://journals.sagepub.com/doi/pdf/10.1177/0956797617690277"
"10.1080/23273798.2026.2618581",FALSE,NA
"10.1016/s1060-3743(96)90022-3",FALSE,NA
"10.1016/s1060-3743(99)80113-1",FALSE,NA
"10.1111/pops.12938",FALSE,NA
"10.1038/nn1601",FALSE,NA
"10.1037/dev0001689",TRUE,"https://doi.org/10.1037/dev0001689"
"10.1002/acp.2959",FALSE,NA
"10.1007/bf01371820",FALSE,NA
"10.1080/20445911.2023.2198065",TRUE,"https://doi.org/10.1080/20445911.2023.2198065"
"10.1016/j.jesp.2015.05.008",FALSE,NA
"10.1037/dev0002158",FALSE,NA
"10.1002/acp.70168",TRUE,"https://onlinelibrary.wiley.com/doi/pdfdirect/10.1002/acp.70168"
"10.1007/s00426-026-02299-1",TRUE,"https://link.springer.com/content/pdf/10.1007/s00426-026-02299-1.pdf"
"10.1080/20445911.2026.2657818",TRUE,"https://doi.org/10.1080/20445911.2026.2657818"
"10.1016/j.jesp.2026.104938",TRUE,"https://doi.org/10.1016/j.jesp.2026.104938"
"10.1017/s0272263117000341",FALSE,NA
"10.1111/cogs.13064",TRUE,"https://onlinelibrary.wiley.com/doi/pdfdirect/10.1111/cogs.13064"
"10.3758/bf03196335",TRUE,"https://link.springer.com/content/pdf/10.3758/BF03196335.pdf"
"10.1111/lang.12278",FALSE,NA
"10.1111/lang.12443",FALSE,NA
"10.1111/j.1467-9922.2008.00446.x",FALSE,NA
"10.1017/s0272263119000202",FALSE,NA
"10.1111/j.1467-1770.1995.tb00963.x",FALSE,NA
"10.1017/s0272263124000275",TRUE,"https://www.cambridge.org/core/services/aop-cambridge-core/content/view/9BCAE9803013AC2323290FE7DA716F46/S0272263124000275a.pdf/div-class-title-first-language-effects-on-incidental-vocabulary-learning-through-bimodal-input-div.pdf"
"10.1017/s0272263124000123",TRUE,"https://www.cambridge.org/core/services/aop-cambridge-core/content/view/EF03B7A762B1442206B537F0AD4447A4/S0272263124000123a.pdf/div-class-title-the-effects-of-exposure-and-explicit-stereotypes-on-veracity-judgments-of-polish-accented-english-speech-a-preregistered-close-replication-and-extension-of-boduch-grabka-and-lev-ari-2021-div.pdf"
"10.1017/s0272263124000457",TRUE,"https://www.cambridge.org/core/services/aop-cambridge-core/content/view/1AC7A2461B0E06BC32BAFF933D370EA4/S0272263124000457a.pdf/div-class-title-second-language-knowledge-can-influence-native-language-performance-in-exclusively-native-contexts-div.pdf"
"10.1017/s0272263124000603",TRUE,"https://www.cambridge.org/core/services/aop-cambridge-core/content/view/184FFCF3A7D2D826EBDC589AC6320549/S0272263124000603a.pdf/div-class-title-a-bayesian-approach-to-re-examining-learning-effects-of-cognitive-linguistics-span-class-italic-span-inspired-instruction-div.pdf"
"10.1017/s0272263124000512",TRUE,"https://www.cambridge.org/core/services/aop-cambridge-core/content/view/C3E056C5BBED543CF690A86AA2267BFB/S0272263124000512a.pdf/div-class-title-reexamining-the-role-of-regulatory-focus-in-second-language-achievement-div.pdf"
"10.1017/s0272263124000445",TRUE,"https://www.cambridge.org/core/services/aop-cambridge-core/content/view/227798491B93BCCC4727C77FB13BA915/S0272263124000445a.pdf/div-class-title-task-design-l1-literacy-and-second-language-oracy-div.pdf"
"10.1017/s027226312400024x",TRUE,"https://www.cambridge.org/core/services/aop-cambridge-core/content/view/1CBD6C88764C55DECC1AACB30974A831/S027226312400024Xa.pdf/div-class-title-development-of-verb-argument-constructions-in-l2-english-learners-span-class-italic-a-close-replication-of-research-question-3-in-romer-and-berger-2019-span-div.pdf"
"10.1111/lang.12451",FALSE,NA
"10.1002/clc.22410",TRUE,"https://onlinelibrary.wiley.com/doi/pdfdirect/10.1002/clc.22410"
"10.1037/0022-3514.93.5.880",FALSE,NA
"10.1016/j.neuroimage.2015.03.073",FALSE,NA
"10.1177/0146167212442394",FALSE,NA
"10.1111/pops.12327",TRUE,"https://kar.kent.ac.uk/53649/1/Cichocka_et_al%202016%20PP%20Author%20PDF.pdf"
"10.1037/0096-1523.18.3.849",FALSE,NA
"10.1037/tps0000068",FALSE,NA
"10.2307/749455",FALSE,NA
"10.1080/17461391.2018.1431311",FALSE,NA
"10.1097/psy.0000000000000479",TRUE,"https://www.ncbi.nlm.nih.gov/pmc/articles/5573645"
"10.1016/j.neuron.2004.12.006",TRUE,"http://www.cell.com/article/S0896627304007913/pdf"
"10.25300/misq/2018/13858",FALSE,NA
"10.1093/ser/mwm006",FALSE,NA
"10.1037/0022-3514.86.1.57",FALSE,NA
"https://www.jstor.org/stable/26635045",FALSE,NA
"10.1086/673256",FALSE,NA
"10.1371/journal.pone.0072626",TRUE,"https://journals.plos.org/plosone/article/file?id=10.1371/journal.pone.0072626&type=printable"
"10.1016/j.neuroimage.2005.11.003",FALSE,NA
"10.1016/j.cognition.2012.04.008",FALSE,NA
"10.1007/s00213-010-1872-1",TRUE,"https://link.springer.com/content/pdf/10.1007/s00213-010-1872-1.pdf"
"10.1007/s10508-009-9559-6",FALSE,NA
"10.1017/s0272263112000149",FALSE,NA
"10.3389/fpsyg.2017.01508",TRUE,"https://www.frontiersin.org/articles/10.3389/fpsyg.2017.01508/pdf"
"10.18148/srm/2013.v7i3.5458",FALSE,NA
"10.1111/j.1467-7687.2009.00888.x",FALSE,NA
"https://aisel.aisnet.org/misq/vol39/iss4/9/",FALSE,NA
"10.1086/595951",TRUE,"https://research.tilburguniversity.edu/en/publications/11cdf8ee-cc10-4c22-890c-78eadd3deb92"
"10.1016/j.jesp.2013.07.002",FALSE,NA
"10.1017/s0272263119000093",FALSE,NA
"10.1177/1948550612466115",FALSE,NA
"10.1111/j.1467-6494.1949.tb01241.x",FALSE,NA
"10.1111/psyp.13419",TRUE,"https://onlinelibrary.wiley.com/doi/pdfdirect/10.1111/psyp.13419"
"10.1152/jn.00286.2019",TRUE,"https://journals.physiology.org/doi/pdf/10.1152/jn.00286.2019"
"10.1177/01461672241238420",TRUE,"https://doi.org/10.1177/01461672241238420"
"10.31234/osf.io/m5paz",FALSE,NA
"10.3758/s13428-020-01457-6",TRUE,"https://link.springer.com/content/pdf/10.3758/s13428-020-01457-6.pdf"
"10.31234/osf.io/5y34g",TRUE,"https://psyarxiv.com/5y34g/download"
"10.31979/mrj.2020.1607",TRUE,"https://scholarworks.sjsu.edu/cgi/viewcontent.cgi?article=1050&context=mcnair"
"10.23668/psycharchives.4766",FALSE,NA
"10.31234/osf.io/vkarq",TRUE,"https://psyarxiv.com/vkarq/download"
"10.13023/etd.2019.180",FALSE,NA
"10.1016/j.nicl.2020.102441",TRUE,"https://doi.org/10.1016/j.nicl.2020.102441"
"10.17705/1atrr.00067",FALSE,NA
"10.1353/eca.2016.0000",TRUE,"https://muse.jhu.edu/pub/11/article/611907"
"10.5117/2017.045.002.002",FALSE,NA
"https://aisel.aisnet.org/trr/vol6/iss1/13",FALSE,NA
"10.1561/107.00000066",TRUE,"https://lup.lub.lu.se/record/805aff4a-857a-4ce8-9d3c-aa19a802ee20"
"10.31234/osf.io/knh68",TRUE,"https://doi.org/10.31234/osf.io/knh68"
"10.1503/jpn.120060",TRUE,"http://jpn.ca/wp-content/uploads/2014/04/38-4-249.pdf"
"10.3389/fpsyg.2016.01930",TRUE,"https://www.frontiersin.org/articles/10.3389/fpsyg.2016.01930/pdf"
"10.1093/alcalc/agaa009",FALSE,NA
"10.31234/osf.io/qn7pt",TRUE,"https://psyarxiv.com/qn7pt/download"
"10.1075/bpa.3.13goo",FALSE,NA
"10.1111/jpr.12507",TRUE,"https://onlinelibrary.wiley.com/doi/pdfdirect/10.1111/jpr.12507"
"10.18148/srm/2016.v10i2.6274",FALSE,NA
"10.1016/j.jecp.2015.11.007",TRUE,"https://doi.org/10.1016/j.jecp.2015.11.007"
"https://aisel.aisnet.org/trr/vol7/iss1/3",FALSE,NA
"10.1080/14616696.2017.1290265",FALSE,NA
"10.31234/osf.io/2h59n",FALSE,NA
"10.1111/lang.12393",FALSE,NA
"10.31234/osf.io/prfm3",TRUE,"https://doi.org/10.31234/osf.io/prfm3"
"10.1037/a0023597",FALSE,NA
"10.1177/0146167213491962",FALSE,NA
"10.1086/596443",FALSE,NA
"10.1016/j.im.2015.06.009",FALSE,NA
"10.1111/j.1467-7687.2009.00881.x",TRUE,"http://hdl.handle.net/11858/00-001M-0000-000F-F4FC-A"
"10.1176/appi.ajp.2009.0903034",FALSE,NA
"10.25300/misq/2018/13855",FALSE,NA
"10.1037/xhp0000541",FALSE,NA
"10.1017/s014271640808031x",FALSE,NA
"10.1525/collabra.163080",TRUE,"https://doi.org/10.1525/collabra.163080"
"10.1257/aer.103.1.1",TRUE,"https://www.ncbi.nlm.nih.gov/pmc/articles/4262934"
"10.1016/j.concog.2012.01.016",TRUE,"https://philpapers.org/archive/GAUEON.pdf"
"10.1086/716952",TRUE,"https://pure.au.dk/ws/files/365105209/The_Morning_After_Cabinet_Instability_and_the_Purging_of_Ministers_after_Failed_Coup_Attempts_in_Autocracies_Accepted_manuscript_2022.pdf"
"10.3233/jsa-160165",TRUE,"https://content.iospress.com:443/download/journal-of-sports-analytics/jsa165?id=journal-of-sports-analytics%2Fjsa165"
"10.1016/0010-0285(89)90003-0",FALSE,NA
"10.1901/jaba.1996.29-231",TRUE,"https://onlinelibrary.wiley.com/doi/pdfdirect/10.1901/jaba.1996.29-231"
"10.1080/13811118.2021.1922110",FALSE,NA
"10.1016/j.cognition.2006.12.015",TRUE,"https://www.sciencedirect.com/science/article/pii/S0010027707000029"
"10.1086/678484",FALSE,NA
"10.1007/s11199-015-0450-8",FALSE,NA
"10.2307/20466649",TRUE,"https://doi.org/10.2307/20466649"
"10.1177/0091552108322631",FALSE,NA
"10.1007/s10608-012-9509-9",FALSE,NA
"10.1037/0022-0167.51.2.178",FALSE,NA
"10.1177/0956797613482943",FALSE,NA
"10.1901/jeab.1970.13-127",TRUE,"https://onlinelibrary.wiley.com/doi/pdfdirect/10.1901/jeab.1970.13-127"
"10.1016/j.bandl.2010.07.003",FALSE,NA
"10.1037/1082-989x.6.2.161",TRUE,"https://figshare.com/articles/journal_contribution/Meta-analysis_of_correlation_coefficients_A_Monte_Carlo_comparison_of_fixed-_and_random-effects_methods_/23310989"
"10.1037/0021-9010.81.2.161",FALSE,NA
"10.1016/j.paid.2023.112102",FALSE,NA
"10.1016/s0022-5371(74)80011-3",FALSE,NA
"10.1016/j.jenvp.2008.11.001",FALSE,NA
"10.17705/1cais.02729",FALSE,NA
"10.1016/0013-4694(96)95711-9",FALSE,NA
"10.1177/0956797610388048",FALSE,NA
"10.1080/10862967409547072",FALSE,NA
"10.1017/s1366728916000547",FALSE,NA
"10.1192/bjp.139.6.553",FALSE,NA
"10.1093/poq/nfm056",FALSE,NA
"10.1016/j.gloenvcha.2011.01.002",FALSE,NA
"10.1038/358749a0",FALSE,NA
"10.1177/0146167215580775",FALSE,NA
"10.1371/journal.pbio.0060202",TRUE,"https://journals.plos.org/plosbiology/article/file?id=10.1371/journal.pbio.0060202&type=printable"
"10.1111/1467-9280.00415",FALSE,NA
"10.1257/aer.20180338",TRUE,"https://researchonline.lse.ac.uk/id/eprint/104481/1/aer.20180338.pdf"
"10.25300/misq/2014/38.1.14",FALSE,NA
"10.1016/j.cognition.2009.07.009",FALSE,NA
"10.7275/11867619",FALSE,NA
"10.31234/osf.io/8zarq",TRUE,"https://psyarxiv.com/8zarq/download"
"10.31235/osf.io/a2d5p",TRUE,"https://osf.io/a2d5p/download"
"10.1080/09720510.2020.1848040",FALSE,NA
"10.7916/d8f76r2r",FALSE,NA
"10.1901/jaba.1999.32-367",TRUE,"https://onlinelibrary.wiley.com/doi/pdfdirect/10.1901/jaba.1999.32-367"
"10.1080/14459795.2022.2135227",TRUE,"https://biblio.ugent.be/publication/01GK13YAZRWX6DXRNN5CSE3XX7/file/01GK143F6CPSS9KFFAWR250MEK.pdf"
"10.31235/osf.io/zugae",TRUE,"https://osf.io/zugae/download"
"10.1525/collabra.87",TRUE,"http://www.collabra.org/articles/10.1525/collabra.87/galley/208/download/"
"10.31234/osf.io/yd4re",TRUE,"https://doi.org/10.31234/osf.io/yd4re"
"10.1080/00224545.2017.1331991",FALSE,NA
"10.1080/02702711.2017.1344165",FALSE,NA
"10.1080/10668926.2016.1179606",FALSE,NA
"10.1007/s12144-024-06067-5",TRUE,"https://link.springer.com/content/pdf/10.1007/s12144-024-06067-5.pdf"
"10.1037/0022-0167.55.2.263",FALSE,NA
"10.31234/osf.io/gjxyh",TRUE,"https://osf.io/gjxyh/download"
"10.1016/j.jesp.2023.104583",TRUE,"https://doi.org/10.1016/j.jesp.2023.104583"
"10.1007/bf03395084",FALSE,NA
"10.20982/tqmp.14.1.r008",TRUE,"https://www.tqmp.org/ReplicationStudies/vol14-1/r008/r008.pdf"
"10.1037/a0014697",FALSE,NA
"10.1111/j.1744-6570.1997.tb00707.x",FALSE,NA
"10.1111/jopy.12996",TRUE,"https://onlinelibrary.wiley.com/doi/pdfdirect/10.1111/jopy.12996"
"10.1080/17470218.2016.1237980",FALSE,NA
"10.1177/00332941211012621",FALSE,NA
"10.17705/1atrr.00021",FALSE,NA
"10.31234/osf.io/3472y_v4",TRUE,"https://osf.io/3472y_v4/download"
"10.1177/08902070221099688",TRUE,"https://journals.sagepub.com/doi/pdf/10.1177/08902070221099688"
"10.1080/10862967409547090",TRUE,"https://journals.sagepub.com/doi/pdf/10.1080/10862967409547090?download=true"
"10.3758/s13428-022-01989-z",TRUE,"https://link.springer.com/content/pdf/10.3758/s13428-022-01989-z.pdf"
"10.1192/bjp.142.5.471",FALSE,NA
"10.1093/poq/nfab031",FALSE,NA
"10.1089/eco.2020.0012",FALSE,NA
"10.1016/0885-2014(95)90011-x",FALSE,NA
"10.1111/pere.12304",FALSE,NA
"10.5281/zenodo.18538611",FALSE,NA
"10.1177/1745691617697077",FALSE,NA
"10.1016/j.econlet.2020.109646",TRUE,"https://doi.org/10.13140/rg.2.2.10484.17281"
"10.17705/1atrr.00010",TRUE,"http://elibrary.aisnet.org/Default.aspx?url=https://aisel.aisnet.org/cgi/viewcontent.cgi?article=1012&context=trr"
"10.31234/osf.io/xzn4d",TRUE,"https://psyarxiv.com/xzn4d/download"
"10.1017/s0958344023000034",TRUE,"https://www.cambridge.org/core/services/aop-cambridge-core/content/view/095E0305AD31E7C63E30D39E30ADB2EB/S0958344023000034a.pdf/div-class-title-student-satisfaction-and-perceived-learning-in-an-online-second-language-learning-environment-a-replication-of-gray-and-diloreto-2016-div.pdf"
"10.1016/j.brat.2022.104130",TRUE,"https://doi.org/10.1016/j.brat.2022.104130"
"10.1111/j.1540-6261.2004.00679",FALSE,NA
"10.1111/j.1540-6261.1990.tb03731",FALSE,NA
"10.1086/529000",FALSE,NA
"10.1162/003465303772815754",FALSE,NA
"10.1198/jbes.2009.07213",FALSE,NA
"10.1002/jae.976",FALSE,NA
"10.1080/07350015.2019.1637745",TRUE,"https://figshare.com/articles/Forecasting_Inflation_in_a_Data-Rich_Environment_The_Benefits_of_Machine_Learning_Methods/8397641"
"10.1086/321015",FALSE,NA
"10.1257/aer.102.5.2358",FALSE,NA
"10.22004/ag.econ.139020",FALSE,NA
"10.1016/j.landusepol.2020.104771",TRUE,"https://resolver.sub.uni-goettingen.de/purl?gro-2/107087"
"10.1016/0304-405x(87)90026-2",TRUE,"https://repository.upenn.edu/bitstreams/1fff236f-9833-4a12-991c-dab0a571fbcf/download"
"10.1111/0022-1082.00318",FALSE,NA
"10.2307/2118477",FALSE,NA
"10.1016/j.jeconom.2020.08.013",TRUE,"https://kclpure.kcl.ac.uk/portal/en/publications/fe3a1be3-4040-42c6-af34-4c7c09b598cc"
"10.4337/9781848442764.00018",TRUE,"https://www.elgaronline.com/downloadpdf/9781847202192.00018.pdf"
"10.1111/ecoj.12233",FALSE,NA
"10.1093/restud/rdt040",FALSE,NA
"10.1257/aer.99.3.1040",FALSE,NA
"10.1162/rest_a_00555",FALSE,NA
"10.1002/jae.2873",FALSE,NA
"10.1093/qje/qjt006",TRUE,"https://academic.oup.com/qje/article-pdf/128/3/967/30630708/qjt006.pdf"
"10.2307/2109862",FALSE,NA
"10.1111/ecin.12840",FALSE,NA
"10.3982/ecta11573",FALSE,NA
"10.1287/mnsc.2014.1966",FALSE,NA
"10.1016/j.jfineco.2019.06.005",TRUE,"https://www.repository.cam.ac.uk/bitstreams/4fff1fcc-a612-44a2-87c2-a29599982381/download"
"10.1016/j.jcorpfin.2020.101607",TRUE,"https://figshare.com/articles/journal_contribution/Navigating_through_economic_policy_uncertainty_The_role_of_corporate_cash_holdings/27529428"
"10.1007/s10640-012-9592-0",FALSE,NA
"10.1007/s11187-010-9264-9",FALSE,NA
"10.1016/j.respol.2011.07.007",FALSE,NA
"10.2139/ssrn.305167",TRUE,"https://doi.org/10.2139/ssrn.305167"
"10.1016/j.jhealeco.2006.07.003",FALSE,NA
"10.1257/jep.28.1.167",FALSE,NA
"10.1002/jae.616",FALSE,NA
"10.1257/aer.20151551",TRUE,"http://www.nber.org/papers/w23409.pdf"
"10.1257/aer.104.12.3991",TRUE,"https://www.aeaweb.org/articles/pdf/doi/10.1257/aer.104.12.3991"
"10.1257/0002828053828671",TRUE,"https://discovery.ucl.ac.uk/2895/1/2895.pdf"
"10.1086/500990",TRUE,"https://doi.org/10.2139/ssrn.488682"
"10.1257/aer.100.3.1238",FALSE,NA
"10.1007/s10551-016-3409-y",FALSE,NA
"10.1038/s41477-020-0732-1",TRUE,"https://www.nature.com/articles/s41477-020-0732-1.pdf"
"10.1017/s1930297500006185",TRUE,"https://www.cambridge.org/core/services/aop-cambridge-core/content/view/7C27DB6EC929D60DC5980CF07360D665/S1930297500006185a.pdf/div-class-title-the-evaluability-bias-in-charitable-giving-saving-administration-costs-or-saving-lives-div.pdf"
"10.1002/jcpy.1156",TRUE,"https://nottingham-repository.worktribe.com/output/3681587"
"10.1111/0034-6527.00363",FALSE,NA
"10.1093/qje/qjv001",FALSE,NA
"10.1093/qje/qjy007",TRUE,"https://academic.oup.com/qje/article-pdf/133/3/1107/25705047/qjy007.pdf"
"10.1111/j.1540-6261.2011.01665.x",TRUE,"https://kops.uni-konstanz.de/server/api/core/bitstreams/ac360054-bd72-43b2-9351-771a9b1d355f/content"
"10.1162/rest_a_00225",FALSE,NA
"10.1016/j.worlddev.2018.05.013",FALSE,NA
"10.1257/app.1.4.140",FALSE,NA
"10.1162/003355303321675428",FALSE,NA
"10.1111/obes.12012",FALSE,NA
"10.1016/j.jinteco.2010.12.003",TRUE,"https://doi.org/10.3386/w15706"
"10.1093/qje/qju031",TRUE,NA
"10.1162/rest.90.2.347",FALSE,NA
"10.1002/jae.1159",TRUE,"https://onlinelibrary.wiley.com/doi/pdfdirect/10.1002/jae.1159"
"10.1162/0033553041502153",FALSE,NA
"10.1111/j.1468-0297.2009.02325.x",TRUE,"https://academic.oup.com/ej/article-pdf/120/547/890/26163906/ej0890.pdf"
"10.1162/rest_a_00172",FALSE,NA
"10.1162/rest.90.3.592",TRUE,"https://direct.mit.edu/rest/article-pdf/90/3/592/1614643/rest.90.3.592.pdf"
"10.1002/jae.763",FALSE,NA
"10.1162/rest.90.1.158",FALSE,NA
"10.3982/ecta8827",FALSE,NA
"10.1016/j.econlet.2006.06.020",FALSE,NA
"10.1257/00028280260344452",TRUE,"http://www.nber.org/papers/w8876.pdf"
"10.1086/209825",FALSE,NA
"10.1257/aer.96.5.1611",TRUE,"https://doi.org/10.5167/uzh-2251"
"10.1257/000282802762024700",FALSE,NA
"10.1002/jae.1093",FALSE,NA
"10.1257/app.1.1.183",FALSE,NA
"10.1086/427464",FALSE,NA
"10.1016/s0305-750x(00)00018-8",FALSE,NA
"10.1111/j.0012-9682.2008.00818.x",FALSE,NA
"10.1016/s0167-6296(02)00126-1",TRUE,"http://hdl.handle.net/10161/6706"
"10.3368/jhr.xxxviii.1.111",FALSE,NA
"10.1016/s0927-5371(01)00048-3",TRUE,"https://dspace.mit.edu/bitstream/1721.1/63713/1/isliteracyshared00basu.pdf"
"10.3368/jhr.xxxviii.3.701",TRUE,"http://jhr.uwpress.org/content/XXXVIII/3/701.full.pdf"
"10.1086/ntj41789364",FALSE,NA
"10.1016/s0047-2727(01)00094-9",FALSE,NA
"10.2139/ssrn.331921",TRUE,"https://doi.org/10.2139/ssrn.331921"
"10.1086/261649",FALSE,NA
"10.1086/261674",FALSE,NA
"10.1002/(sici)1099-1050(199909)8:6<485::aid-hec461>3.0.co;2-4",FALSE,NA
"10.1002/(sici)1099-1255(199801/02)13:1<49::aid-jae459>3.0.co;2-o",FALSE,NA
"10.1111/1468-0327.00082",FALSE,NA
"10.1006/game.1995.1027",FALSE,NA
"10.1016/0167-6296(95)90921-r",TRUE,"https://doi.org/10.1016/0167-6296(95)90921-r"
"10.1016/0165-4101(85)90029-1",FALSE,NA
"10.2307/2234376",FALSE,NA
"10.1016/0022-0531(82)90030-8",FALSE,NA
"10.2139/ssrn.547183",TRUE,"https://doi.org/10.2139/ssrn.547183"
"10.1111/j.1467-9299.2011.02011.x",FALSE,NA
"10.1016/j.jbankfin.2013.12.016",FALSE,NA
"10.1016/j.jpubeco.2017.03.002",TRUE,"https://doi.org/10.1016/j.jpubeco.2017.03.002"
"10.2307/1241581",FALSE,NA
"10.1002/fut.22112",FALSE,NA
"10.1093/jae/ejaa010",TRUE,"https://academic.oup.com/jae/article-pdf/30/3/207/38377073/ejaa010.pdf"
"10.1016/j.jbvi.2021.e00294",TRUE,"https://www.drugsandalcohol.ie/21211/1/Drugnet_48_-_Web.pdf"
"10.1111/ssqu.12566",FALSE,NA
"10.1111/j.2047-2927.2012.00013.x",FALSE,NA
"10.1257/aer.20160425",FALSE,NA
"10.1017/s1053837209990307",FALSE,NA
"10.1093/restud/rdr027",FALSE,NA
"10.1257/aer.102.3.594",FALSE,NA
"10.1086/260470",FALSE,NA
"10.1093/qje/qjw034",TRUE,"https://academic.oup.com/qje/article-pdf/132/1/367/17098108/qjw034.pdf"
"10.1086/656252",FALSE,NA
"10.1162/rest_a_00199",FALSE,NA
"10.1287/mnsc.1110.1449",TRUE,"https://dare.uva.nl/personal/pure/en/publications/white-lies(afeb28f4-bea5-4870-87e3-16353c38510d).html"
"10.2307/2118508",FALSE,NA
"10.1007/s11127-010-9760-0",FALSE,NA
"10.1002/hec.1160",FALSE,NA
"10.1093/qje/120.2.424",FALSE,NA
"10.1016/s0167-2681(02)00024-0",FALSE,NA
"10.2307/2118389",FALSE,NA
"10.1080/00036849108841061",FALSE,NA
"10.2307/2327333",FALSE,NA
"10.3386/w1006",TRUE,"https://doi.org/10.3386/w1006"
"10.1007/s10824-022-09464-5",FALSE,NA
"10.1016/j.jcorpfin.2007.03.004",FALSE,NA
"10.1111/j.1540-6261.1997.tb03808.x",TRUE,"https://onlinelibrary.wiley.com/doi/pdfdirect/10.1111/j.1540-6261.1997.tb03808.x"
"10.1016/j.jpubeco.2011.03.003",FALSE,NA
"10.1111/j.1468-2354.2009.00568.x",FALSE,NA
"10.1080/00036840500462020",FALSE,NA
"10.1016/j.jeconom.2010.03.040",FALSE,NA
"10.1016/0304-405x(89)90077-9",FALSE,NA
"10.1016/j.jbtep.2026.102124",FALSE,NA
"10.1561/104.00000142",FALSE,NA
"10.1561/104.00000111",FALSE,NA
"10.1002/jae.3023",TRUE,"https://onlinelibrary.wiley.com/doi/pdfdirect/10.1002/jae.3023"
"10.3386/w30851",TRUE,"https://doi.org/10.3386/w30851"
"10.1002/jae.3106",TRUE,"https://onlinelibrary.wiley.com/doi/pdfdirect/10.1002/jae.3106"
"10.1002/jae.3091",TRUE,"https://onlinelibrary.wiley.com/doi/pdfdirect/10.1002/jae.3091"
"10.1002/jae.3088",TRUE,"https://onlinelibrary.wiley.com/doi/pdfdirect/10.1002/jae.3088"
"10.1002/jae.3074",TRUE,"https://onlinelibrary.wiley.com/doi/pdfdirect/10.1002/jae.3074"
"10.1007/s11573-024-01214-7",TRUE,"https://link.springer.com/content/pdf/10.1007/s11573-024-01214-7.pdf"
"10.1002/aepp.13306",TRUE,"https://doi.org/10.1002/aepp.13306"
"10.1002/aepp.13366",TRUE,"https://onlinelibrary.wiley.com/doi/pdfdirect/10.1002/aepp.13366"
"10.1561/104.00000130",FALSE,NA
"10.1561/104.00000127",FALSE,NA
"10.17811/ebl.12.3.2023.241-247",TRUE,"https://reunido.uniovi.es/index.php/EBL/article/download/19256/15931"
"10.1007/s00181-023-02450-6",TRUE,"https://doi.org/10.1007/s00181-023-02450-6"
"10.1002/jae.2957",TRUE,"https://onlinelibrary.wiley.com/doi/pdfdirect/10.1002/jae.2957"
"10.1002/jae.2970",TRUE,"https://onlinelibrary.wiley.com/doi/pdfdirect/10.1002/jae.2970"
"10.1002/jae.2983",TRUE,"https://onlinelibrary.wiley.com/doi/pdfdirect/10.1002/jae.2983"
"10.1002/jae.3003",TRUE,"https://onlinelibrary.wiley.com/doi/pdfdirect/10.1002/jae.3003"
"10.1002/jae.2979",FALSE,NA
"10.1002/jae.2941",TRUE,"https://onlinelibrary.wiley.com/doi/pdfdirect/10.1002/jae.2941"
"10.1080/15140326.2022.2163580",TRUE,"https://www.tandfonline.com/doi/pdf/10.1080/15140326.2022.2163580?needAccess=true&role=button"
"10.1111/joca.12492",FALSE,NA
"10.1016/j.jebo.2023.03.019",TRUE,"https://doi.org/10.1016/j.jebo.2023.03.019"
"10.1016/j.joep.2023.102664",TRUE,"https://www.sciencedirect.com/science/article/pii/S016748702300065X"
"10.1007/s40881-023-00131-9",TRUE,"https://link.springer.com/content/pdf/10.1007/s40881-023-00131-9.pdf"
"10.1016/j.pacfin.2023.101935",TRUE,"https://doi.org/10.1016/j.pacfin.2023.101935"
"10.1016/j.pacfin.2023.102008",TRUE,"https://doi.org/10.1016/j.pacfin.2023.102008"
"10.1016/j.respol.2023.104819",TRUE,"https://doi.org/10.1016/j.respol.2023.104819"
"10.1016/j.techfore.2023.122843",TRUE,"https://doi.org/10.1016/j.techfore.2023.122843"
"10.1561/104.00000118",FALSE,NA
"10.1515/econ-2022-0030",TRUE,"https://www.degruyter.com/document/doi/10.1515/econ-2022-0030/pdf"
"10.1186/s12651-022-00306-7",TRUE,"https://labourmarketresearch.springeropen.com/counter/pdf/10.1186/s12651-022-00306-7"
"10.1002/jae.2919",FALSE,NA
"10.1002/jae.2880",FALSE,NA
"10.1002/jae.2933",FALSE,NA
"10.1002/jae.2881",FALSE,NA
"10.1002/jae.2886",TRUE,"https://onlinelibrary.wiley.com/doi/pdfdirect/10.1002/jae.2886"
"10.1080/21606544.2021.1966516",FALSE,NA
"10.1016/j.jfbs.2022.100498",TRUE,"https://doi.org/10.1016/j.jfbs.2022.100498"
"10.1108/jfep-07-2022-0175",FALSE,NA
"10.1017/s1930297500009128",TRUE,"https://www.cambridge.org/core/services/aop-cambridge-core/content/view/F05F47BA3798FEDB3C7B9C78645EF3C3/S1930297500009128a.pdf/div-class-title-does-the-evaluability-bias-hold-when-giving-to-animal-charities-div.pdf"
"10.1017/s193029750000930x",TRUE,"https://www.cambridge.org/core/services/aop-cambridge-core/content/view/5B1998E9F1E47F3006235CC57AB51AB7/S193029750000930Xa.pdf/div-class-title-loss-aversion-simply-does-not-materialize-for-smaller-losses-div.pdf"
"10.1007/s11238-021-09836-x",FALSE,NA
"10.1002/jae.2801",TRUE,"https://onlinelibrary.wiley.com/doi/pdfdirect/10.1002/jae.2801"
"10.1002/jae.2853",TRUE,"https://onlinelibrary.wiley.com/doi/pdfdirect/10.1002/jae.2853"
"10.1257/app.20180329",TRUE,"https://www.aeaweb.org/articles/pdf/doi/10.1257/app.20180329"
"10.1561/104.00000089",FALSE,NA
"10.5018/economics-ejournal.ja.2020-14",TRUE,"https://www.degruyter.com/document/doi/10.5018/economics-ejournal.ja.2020-14/pdf"
"10.1177/1091142120914278",FALSE,NA
"10.1111/sjoe.12341",FALSE,NA
"10.1257/pol.20180230",TRUE,"https://www.aeaweb.org/doi/10.1257/pol.20180230.appx"
"10.5018/economics-ejournal.ja.2019-51",TRUE,"http://www.economics-ejournal.org/dataset/PDFs/journalarticles_2019-51.pdf"
"10.5018/economics-ejournal.ja.2020-21",TRUE,"https://www.degruyter.com/document/doi/10.5018/economics-ejournal.ja.2020-21/pdf"
"10.1007/s10683-017-9549-9",TRUE,"https://link.springer.com/content/pdf/10.1007/s10683-017-9549-9.pdf"
"10.1080/00036846.2017.1321840",FALSE,NA
"10.1002/jae.2584",FALSE,NA
"10.1177/1091142117721739",FALSE,NA
"10.1002/jae.2543",TRUE,"https://pure.qub.ac.uk/en/publications/aae35c1f-b177-4e32-8686-1725240fc12d"
"10.1002/jae.2437",FALSE,NA
"10.1002/jae.2461",FALSE,NA
"10.1002/jae.2462",FALSE,NA
"10.1002/jae.2449",FALSE,NA
"10.1002/jae.2402",TRUE,"https://onlinelibrary.wiley.com/doi/pdfdirect/10.1002/jae.2402"
"10.1177/1091142113510197",FALSE,NA
"10.1257/aer.104.10.3297",FALSE,NA
"10.1007/s00181-012-0549-5",TRUE,"https://link.springer.com/content/pdf/10.1007/s00181-012-0549-5.pdf"
"10.1007/s10683-011-9302-8",TRUE,"http://nbn-resolving.de/urn:nbn:de:bsz:352-0-320221"
"10.1007/s10683-011-9293-5",FALSE,NA
"10.1002/jae.2269",TRUE,"https://research.rug.nl/en/publications/cc806410-258e-48da-ba4d-821b380438f2"
"10.1353/jhr.2012.0015",FALSE,NA
"10.1162/rest_a_00050",TRUE,"https://ddd.uab.cat/record/45335"
"10.1016/j.worlddev.2011.05.001",TRUE,"https://doi.org/10.1016/j.worlddev.2011.05.001"
"10.3386/w15609",TRUE,"https://doi.org/10.3386/w15609"
"10.1002/hec.1454",FALSE,NA
"10.1353/jhr.2010.0008",FALSE,NA
"10.1080/00220380802058156",FALSE,NA
"10.3368/jhr.xlii.4.919",FALSE,NA
"10.1177/1091142106295761",FALSE,NA
"10.1007/s10683-005-0867-y",FALSE,NA
"10.1111/j.1540-6261.2005.00750.x",TRUE,"https://ink.library.smu.edu.sg/lkcsb_research/1080"
"10.1007/s11127-005-7171-4",FALSE,NA
"10.1002/hec.826",FALSE,NA
"10.1002/jae.802",FALSE,NA
"10.1111/1468-0327.00081",FALSE,NA
"10.1023/a:1009946125005",FALSE,NA
"10.1016/s0167-6296(97)00023-4",TRUE,"https://doi.org/10.1016/s0167-6296(97)00023-4"
"10.1016/0165-4101(94)00376-g",TRUE,"https://doi.org/10.1016/0165-4101(94)00376-g"
"10.2307/2234982",FALSE,NA
"10.2307/2951542",FALSE,NA
"10.1561/104.00000144",FALSE,NA
"10.1111/padm.12914",FALSE,NA
"10.1108/raf-02-2022-0046",FALSE,NA
"10.1016/j.socec.2024.102333",TRUE,"https://doi.org/10.1016/j.socec.2024.102333"
"10.1002/aepp.13322",TRUE,"https://repository.lsu.edu/aeee_pubs/101"
"10.1016/j.frl.2022.103375",FALSE,NA
"10.1093/jae/ejad013",TRUE,"https://academic.oup.com/jae/advance-article-pdf/doi/10.1093/jae/ejad013/50964813/ejad013.pdf"
"10.1016/j.jbvi.2023.e00419",FALSE,NA
"10.1111/ssqu.13292",FALSE,NA
"10.1007/s10683-021-09720-z",TRUE,"https://link.springer.com/content/pdf/10.1007/s10683-021-09720-z.pdf"
"10.1002/soej.12598",TRUE,"https://mpra.ub.uni-muenchen.de/90543/1/MPRA_paper_90543.pdf"
"10.1007/s00181-020-01857-9",TRUE,"https://link.springer.com/content/pdf/10.1007/s00181-020-01857-9.pdf"
"10.1016/j.joep.2021.102363",FALSE,NA
"10.1016/j.eneco.2017.12.024",FALSE,NA
"10.1002/jae.2709",TRUE,"https://aaltodoc.aalto.fi/handle/123456789/40066"
"10.1016/j.joep.2018.10.010",FALSE,NA
"10.1162/rest_a_00761",TRUE,"https://doi.org/10.1162/rest_a_00761"
"10.1007/s10683-016-9491-2",FALSE,NA
"10.1002/jae.2485",FALSE,NA
"10.1007/s10683-014-9411-2",FALSE,NA
"10.1007/s11127-012-0023-0",FALSE,NA
"10.1002/hec.1787",FALSE,NA
"10.3386/w16115",TRUE,"https://doi.org/10.3386/w16115"
"10.1007/s11138-005-6825-2",FALSE,NA
"10.1080/0003684032000056805",FALSE,NA
"10.1080/000368498324977",FALSE,NA
"10.1111/j.1540-6261.1985.tb04952.x",FALSE,NA
"10.2307/145684",FALSE,NA
"10.1007/s10824-024-09525-x",TRUE,"https://link.springer.com/content/pdf/10.1007/s10824-024-09525-x.pdf"
"10.1016/j.leaqua.2020.101437",FALSE,NA
"10.1016/j.jfbs.2021.100451",FALSE,NA
"10.1561/104.00000103",FALSE,NA
"10.1016/j.jeem.2020.102351",FALSE,NA
"10.1016/j.eneco.2017.12.020",FALSE,NA
"10.1080/00036846.2015.1013613",FALSE,NA
"10.1002/jae.2372",FALSE,NA
"10.1111/j.1540-6261.1992.tb04691.x",FALSE,NA
"10.1287/mnsc.2022.4463",FALSE,NA
"10.1257/aer.101.4.1616",FALSE,NA
"10.1561/104.00000126",TRUE,"http://ira.lib.polyu.edu.hk/bitstream/10397/103007/1/Park_Fu_Positive_Relation.pdf"
"10.1007/s10683-014-9405-0",TRUE,"https://durham-repository.worktribe.com/output/1376414"
"10.1007/bf01205784",FALSE,NA
"10.1016/s0272-7757(98)00038-7",FALSE,NA
"10.1177/0265407596131004",FALSE,NA
"10.1016/s0010-0285(03)00128-2",FALSE,NA
"10.1016/j.evolhumbehav.2010.04.004",FALSE,NA
"10.1080/16506073.2018.1475505",TRUE,"https://napier-surface.worktribe.com/1178627/1/Can%20The%20REBT%20Theory%20Explain%20Loneliness%20Theoretical%20And%20Clinical%20Applications"
"10.1002/1097-4679(197110)27:4<514::aid-jclp2270270435>3.0.co;2-k",FALSE,NA
"10.1016/0022-4405(78)90001-8",FALSE,NA
"10.1177/02654075030205001",FALSE,NA
"10.1177/17470218221085117",FALSE,NA
"10.31234/osf.io/nm8p5",TRUE,"https://psyarxiv.com/nm8p5/download"
"10.31542/r.gm:2129",TRUE,"https://roam.macewan.ca/bitstreams/91d59e74-cb4d-4272-a0cb-f26f689cef92/download"
"10.1080/16506073.2025.2465760",FALSE,NA
"10.1080/00223891.1973.10119882",FALSE,NA
"10.1002/1520-6807(198607)23:3<271::aid-pits2310230308>3.0.co;2-y",FALSE,NA
"10.1017/s0272263121000905",FALSE,NA
"10.1016/j.brat.2020.103798",FALSE,NA
"10.1177/13621688211044240",FALSE,NA
"10.1016/j.lingua.2013.07.002",TRUE,"https://escholarship.org/content/qt88x529wr/qt88x529wr.pdf"
"10.2307/2392469",FALSE,NA
"10.1515/iral.1994.32.1.41",FALSE,NA
"10.1017/s0272263125000130",TRUE,"https://www.cambridge.org/core/services/aop-cambridge-core/content/view/FED41BBF40E703255739D8A8524A33FC/S0272263125000130a.pdf/div-class-title-validity-evidence-for-an-eit-as-an-assessment-for-spanish-heritage-speakers-and-l2-learners-div.pdf"
"10.1016/j.jadr.2023.100473",TRUE,"https://doi.org/10.1016/j.jadr.2023.100473"
"10.1111/lang.12615",TRUE,"https://onlinelibrary.wiley.com/doi/pdfdirect/10.1111/lang.12615"
"10.1353/lan.2016.0052",FALSE,NA
"10.1108/00438029710171980",FALSE,NA
"10.32601/ejal.911399",TRUE,"https://dergipark.org.tr/en/download/article-file/1691318"
"10.1016/j.jesp.2017.11.005",FALSE,NA
"10.1080/00207590344000178",TRUE,"https://onlinelibrary.wiley.com/doi/pdfdirect/10.1080/00207590344000178"
"10.1353/lib.2022.0003",FALSE,NA
"10.1016/j.jesp.2026.104969",TRUE,"https://doi.org/10.1016/j.jesp.2026.104969"
"10.5334/joc.508",TRUE,"https://journalofcognition.org/articles/508/files/6a4782df6e686.pdf"
"10.18438/eblip30968",TRUE,"https://doi.org/10.18438/eblip30968"
"10.1371/journal.pone.0049083",TRUE,"https://journals.plos.org/plosone/article/file?id=10.1371/journal.pone.0049083&type=printable"
"10.1136/bmj.d3313",TRUE,"https://www.bmj.com/content/bmj/342/bmj.d3313.full.pdf"
"10.1177/1098300717693568",FALSE,NA
"10.1093/hmg/ddr268",FALSE,NA
"10.1111/j.1467-9221.2005.00416.x",FALSE,NA
"10.25300/misq/2018/13853",TRUE,"https://jyx.jyu.fi/bitstreams/db08075c-50bd-4e55-becf-975b94c9a7b2/download"
"10.1093/hcr/hqae016",FALSE,NA
"10.1016/j.jesp.2023.104457",FALSE,NA
"10.1111/j.1468-2958.2001.tb00792.x",FALSE,NA
"10.1016/j.jaac.2015.04.007",TRUE,"http://www.jaacap.org/article/S0890856715002841/pdf"
"10.1016/s0165-4101(97)00017-7",FALSE,NA
"10.1287/isre.1050.0073",FALSE,NA
"10.3758/s13428-020-01440-1",TRUE,"https://link.springer.com/content/pdf/10.3758/s13428-020-01440-1.pdf"
"10.1167/16.13.4",TRUE,"https://doi.org/10.1167/16.13.4"
"10.1016/j.neuron.2015.08.026",TRUE,"http://www.cell.com/article/S0896627315007205/pdf"
"10.1177/0022243719851490",FALSE,NA
"10.1111/j.1469-8986.2008.00688.x",FALSE,NA
"10.1287/isre.1040.0032",FALSE,NA
"10.1097/ajp.0b013e3181cd1710",FALSE,NA
"10.2132/personality.33.3.13",TRUE,"https://www.jstage.jst.go.jp/article/personality/33/3/33_33.3.13/_pdf"
"10.1080/10510974.2018.1464043",FALSE,NA
"10.3389/fvets.2018.00312",TRUE,"https://www.frontiersin.org/articles/10.3389/fvets.2018.00312/pdf"
"10.16930/2237-7662202131531",TRUE,"https://revista.crcsc.org.br/index.php/CRCSC/article/download/3153/2265/9981"
"10.17705/1atrr.00026",TRUE,"https://aisel.aisnet.org/cgi/viewcontent.cgi?article=1028&context=trr"
"10.3758/s13428-021-01693-4",TRUE,"https://link.springer.com/content/pdf/10.3758/s13428-021-01693-4.pdf"
"10.16910/jemr.11.4.6",TRUE,"https://bop.unibe.ch/JEMR/article/download/4266/4266-Churan-final-sub.pdf"
"10.31234/osf.io/b6wxu",TRUE,"https://osf.io/b6wxu/download"
"10.1523/jneurosci.1060-18.2018",TRUE,"https://www.jneurosci.org/content/jneuro/39/8/1471.full.pdf"
"10.1086/695137",TRUE,"https://ore.exeter.ac.uk/repository/bitstream/10871/36409/2/Son%20preference%20and%20gender%20biased%20breastfeeding.pdf"
"10.1007/s11002-023-09690-7",TRUE,"https://link.springer.com/content/pdf/10.1007/s11002-023-09690-7.pdf"
"10.1016/j.ijpsycho.2026.113382",TRUE,"https://doi.org/10.1016/j.ijpsycho.2026.113382"
"10.17705/1atrr.00046",FALSE,NA
"10.1521/jscp.2016.35.5.386",FALSE,NA
"10.1007/s10803-024-06383-6",FALSE,NA
"10.1257/0002828054201242",TRUE,"https://researchonline.lse.ac.uk/id/eprint/2244/1/Do_Rural_Banks_Matter_Evidence_from_the_Indian_Social_Banking_Experiment.pdf"
"10.1109/tvcg.2016.2518137",FALSE,NA
"10.2307/249688",FALSE,NA
"10.1086/209397",FALSE,NA
"10.1002/jaba.887",FALSE,NA
"10.1007/s11031-006-9031-z",FALSE,NA
"10.1126/science.288.5467.850",FALSE,NA
"10.1037/h0021797",FALSE,NA
"10.3758/bf03197446",TRUE,"https://link.springer.com/content/pdf/10.3758/BF03197446.pdf"
"10.5465/amj.2010.51468978",FALSE,NA
"10.1016/j.reia.2026.202971",FALSE,NA
"10.1002/jae.2922",FALSE,NA
"10.1038/s41598-022-18520-1",TRUE,"https://www.nature.com/articles/s41598-022-18520-1.pdf"
"10.17705/1atrr.00076",TRUE,"https://aisel.aisnet.org/cgi/viewcontent.cgi?article=1078&context=trr"
"10.1145/2168556.2168644",FALSE,NA
"10.1002/jaba.1055",TRUE,"https://pmc.ncbi.nlm.nih.gov/articles/PMC10984774/pdf/nihms-1957997.pdf"
"10.1098/rsos.250508",TRUE,"https://doi.org/10.1098/rsos.250508"
"10.3390/g11040058",TRUE,"https://www.mdpi.com/2073-4336/11/4/58/pdf?version=1606708762"
"10.20982/tqmp.16.2.r001",TRUE,"https://www.tqmp.org/ReplicationStudies/vol16-2/r001/r001.pdf"
"10.20982/tqmp.21.3.p138",TRUE,"https://www.tqmp.org/RegularArticles/vol21-3/p138/p138.pdf"
"10.17705/1atrr.00066",FALSE,NA
"10.1016/j.paid.2014.09.034",FALSE,NA
"10.1016/j.paid.2026.113992",FALSE,NA
"10.36019/9781978817111",FALSE,NA
"10.1007/s11050-010-9062-6",FALSE,NA
"10.1038/s41467-019-12048-1",TRUE,"https://www.nature.com/articles/s41467-019-12048-1.pdf"
"10.1037/a0019786",FALSE,NA
"10.1207/s15327906mbr0502_2",FALSE,NA
"10.1177/106342669800600406",FALSE,NA
"10.1080/0144341850050206",FALSE,NA
"10.1086/260572",FALSE,NA
"10.2307/2061139",TRUE,"https://read.dukeupress.edu/demography/article-pdf/16/2/209/907908/209westoff.pdf"
"10.1016/0376-6357(94)90072-8",FALSE,NA
"10.1111/j.1747-4469.2011.01256.x",FALSE,NA
"10.3765/exabs.v0i0.603",TRUE,"http://journals.linguisticsociety.org/proceedings/index.php/ExtendedAbs/article/download/603/514"
"10.31234/osf.io/rvxw4",TRUE,"https://osf.io/rvxw4/download"
"10.1002/cpp.2677",TRUE,"https://doi.org/10.1002/cpp.2677"
"10.1207/s15327906mbr0503_5",FALSE,NA
"10.1177/019874290503100104",FALSE,NA
"10.1080/0144341860060206",FALSE,NA
"10.1086/260573",FALSE,NA
"10.2307/2061038",TRUE,"https://read.dukeupress.edu/demography/article-pdf/21/2/185/905598/185mosher.pdf"
"10.12794/metadc2415972",TRUE,"https://digital.library.unt.edu/ark:/67531/metadc2415972/m2/1/high_res_d/HARRIS-PRIMARY-2025-1.pdf"
"10.1111/1467-9280.00441",FALSE,NA
"10.1177/0956797626146077",FALSE,NA
"10.15626/mp.2023.3960",TRUE,"https://open.lnu.se/index.php/metapsychology/article/download/3960/4307"
"10.15626/mp.2025.4708",TRUE,"https://open.lnu.se/index.php/metapsychology/article/download/4708/4308"
"10.1002/smj.3354",FALSE,NA
"10.5465/amle.2010.0012",TRUE,"https://iris.unil.ch/bitstreams/bc0be0af-64c6-42a6-b347-6c2f379a8e50/download"
"10.1016/j.jml.2020.104174",TRUE,"https://www.ncbi.nlm.nih.gov/pmc/articles/7584137"
"10.1227/neu.0000000000003032",FALSE,NA
"10.1037/0022-3514.73.2.321",FALSE,NA
"10.1002/(sici)1099-0836(199909/10)8:5<296::aid-bse212>3.0.co;2-n",FALSE,NA
"10.1037/xlm0000479",TRUE,"https://doi.org/10.1037/xlm0000479"
"10.1017/s0007123420000046",FALSE,NA
"10.1073/pnas.192579399",TRUE,"https://www.ncbi.nlm.nih.gov/pmc/articles/137561"
"10.1037/0022-3514.72.5.1202",FALSE,NA
"10.1177/002383099503800103",FALSE,NA
"10.1037/0022-006x.50.5.624",FALSE,NA
"10.5465/amproc.2026.13271abstract",FALSE,NA
"10.5465/amproc.2026.17201abstract",FALSE,NA
"10.31234/osf.io/kt3sw_v2",TRUE,"https://doi.org/10.31234/osf.io/kt3sw_v2"
"10.1227/neu.0000000000004151",FALSE,NA
"10.1080/02699931.2024.2434156",TRUE,"https://doi.org/10.1080/02699931.2024.2434156"
"10.1002/bse.372",FALSE,NA
"10.31234/osf.io/yha5e",TRUE,"https://psyarxiv.com/yha5e/download"
"10.1111/ajsp.12164",FALSE,NA
"10.31235/osf.io/nt8c4",TRUE,"https://osf.io/nt8c4/download"
"10.1167/12.11.12",TRUE,"https://doi.org/10.1167/12.11.12"
"10.5964/ejop.8375",TRUE,"http://dx.doi.org/10.5964/ejop.8375"
"10.1159/000506138",TRUE,"https://www.degruyter.com/document/doi/10.1159/000506138/pdf"
"10.1037/0022-006x.55.1.115",FALSE,NA
"10.24193/cbb.2022.26.09",FALSE,NA
"10.1037/xap0000408",TRUE,"https://research-information.bris.ac.uk/en/publications/69ca8d66-4dea-47a3-9bdc-0376d6010403"
"10.1177/0146167208315555",TRUE,"http://eprints.keele.ac.uk/2958/1/M%20Noor%20-%20Intergroup%20forgiveness%20and%20reconciliation.pdf"
"10.1038/s41562-023-01594-w",FALSE,NA
"10.1037/h0037031",FALSE,NA
"10.31234/osf.io/am6rg_v1",FALSE,NA
"10.1002/ejsp.70015",TRUE,"https://onlinelibrary.wiley.com/doi/pdfdirect/10.1002/ejsp.70015"
"10.31235/osf.io/2j9hr_v1",FALSE,NA
"10.1177/014616727900500312",FALSE,NA
"10.4995/muse.2019.10390",TRUE,"https://polipapers.upv.es/index.php/MUSE/article/download/10390/11334"
"10.7554/elife.49700",TRUE,"https://doi.org/10.7554/elife.49700"
"10.3982/ecta6248",FALSE,NA
"10.1007/s11423-023-10326-w",FALSE,NA
"10.1086/269138",FALSE,NA
"10.1016/j.obhdp.2014.07.004",FALSE,NA
"10.1145/3196398.3196421",FALSE,NA
"10.1111/1467-9280.02431",FALSE,NA
"scholars.indianastate.edu/etds/2136",FALSE,NA
"10.1167/jov.22.10.10",TRUE,"https://doi.org/10.1167/jov.22.10.10"
"10.1002/jae.2861",TRUE,"https://www.research.unipd.it/bitstream/11577/3352341/1/ccn_uncertainty_jae_replication_2020_v03%281%29.pdf"
"10.1007/s11423-025-10508-8",TRUE,"https://link.springer.com/content/pdf/10.1007/s11423-025-10508-8.pdf"
"10.1086/269255",FALSE,NA
"10.1177/1948550620944083",FALSE,NA
"10.7717/peerj-cs.245",TRUE,"https://doi.org/10.7717/peerj-cs.245"
"10.1098/rsos.250669",TRUE,"https://doi.org/10.1098/rsos.250669"
"10.1002/ejsp.127",TRUE,"https://papers.ssrn.com/sol3/Delivery.cfm/SSRN_ID1004430_code782330.pdf?abstractid=1004430&mirid=1"
"10.1016/j.joep.2006.12.001",FALSE,NA
"10.1111/j.1540-5907.2006.00220.x",FALSE,NA
"10.1073/pnas.2216614120",TRUE,"https://pmc.ncbi.nlm.nih.gov/articles/PMC9942822/pdf/pnas.202216614.pdf"
"10.15195/v11.a32",TRUE,"https://sociologicalscience.com/download/vol_11/september/SocSci_v11_886to906.pdf"
"10.1037/edu0001022",TRUE,"https://psycnet.apa.org/fulltext/2027-50453-001.pdf"
"10.1177/09567976261460772",TRUE,"https://doi.org/10.1177/09567976261460772"
"10.1037/a0031751",TRUE,"http://hdl.handle.net/10411/20057"
"10.1016/j.joep.2026.102886",FALSE,NA
"10.5281/zenodo.17705056",FALSE,NA
"10.31235/osf.io/zk2ar_v2",TRUE,"https://osf.io/zk2ar_v2/download"
"10.31234/osf.io/weu9m_v1",TRUE,"https://doi.org/10.31234/osf.io/weu9m_v1"
"10.1177/0956797620923587",TRUE,"https://escholarship.org/content/qt50b7b4jw/qt50b7b4jw.pdf?t=qd3oz6"
"10.48550/arxiv.2604.00848",FALSE,NA
"10.1111/j.1467-9280.2008.02090.x",FALSE,NA
"10.55370/urj.v2i1.1423",TRUE,"https://journals.charlotte.edu/urj/article/download/1423/1236"
"10.1145/3545945.3569766",TRUE,"https://dl.acm.org/doi/pdf/10.1145/3545945.3569766"
"10.1038/s41467-022-28252-5",TRUE,"https://www.nature.com/articles/s41467-022-28252-5.pdf"
"10.1086/704385",FALSE,NA
"10.25300/misq/2021/14626",FALSE,NA
"10.1257/aer.20201550",TRUE,"https://authors.library.caltech.edu/104595/"
"10.1145/3770762.3772568",TRUE,"https://doi.org/10.1145/3770762.3772568"
"10.1016/j.xjidi.2026.100490",TRUE,"https://doi.org/10.1016/j.xjidi.2026.100490"
"10.1515/jbnst-2025-0084",TRUE,"https://doi.org/10.1515/jbnst-2025-0084"
"10.5964/jnc.6063",TRUE,"https://jnc.psychopen.eu/index.php/jnc/article/download/6063/6063.pdf"
"10.31222/osf.io/sjyp3",TRUE,"https://osf.io/sjyp3/download"
"10.1556/jep.7.2009.1.3",TRUE,"https://figshare.com/articles/journal_contribution/Are_people_really_conformist-biased_An_empirical_test_and_a_new_mathematical_model/23394302"
"10.1073/pnas.0811323106",TRUE,"https://www.ncbi.nlm.nih.gov/pmc/articles/2672482"
"10.1080/17470216408416356",FALSE,NA
"10.1073/pnas.1619717114",TRUE,"https://www.pnas.org/content/pnas/114/18/4649.full.pdf"
"10.1080/23273798.2020.1762905",FALSE,NA
"10.5465/amj.2010.0608",FALSE,NA
"10.1016/j.paid.2012.04.002",TRUE,"https://kar.kent.ac.uk/29246/1/Stoeber%20%28in%20press%2C%20PAID%29%20-%20Dyadic%20Perfectionism.pdf"
"10.1093/toxsci/kfs285",TRUE,"https://academic.oup.com/toxsci/article-pdf/131/1/40/16685039/kfs285.pdf"
"10.1007/s10943-006-9075-0",FALSE,NA
"10.1016/j.visres.2008.09.025",TRUE,"https://www.sciencedirect.com/science/article/pii/S0042698908004707/pdf"
"10.1172/jci.insight.89376",TRUE,"http://insight.jci.org/articles/view/89376/files/pdf"
"10.1037/a0027395",FALSE,NA
"10.1017/s0954579414000492",FALSE,NA
"10.1080/07421222.2017.1394083",FALSE,NA
"10.1037/0022-3514.37.3.433",FALSE,NA
"10.1037/a0026099",FALSE,NA
"10.1371/journal.pone.0144228",TRUE,"https://journals.plos.org/plosone/article/file?id=10.1371/journal.pone.0144228&type=printable"
"10.1111/j.1467-9280.2008.02124.x",FALSE,NA
"10.1136/bmj.g7015",TRUE,"https://www.bmj.com/content/bmj/349/bmj.g7015.full.pdf"
"10.1057/ejis.2009.6",FALSE,NA
"10.1073/pnas.0607716103",FALSE,NA
"10.1371/journal.pone.0197268",TRUE,"https://journals.plos.org/plosone/article/file?id=10.1371/journal.pone.0197268&type=printable"
"10.1037/0022-3514.41.4.703",FALSE,NA
"10.25300/misq/2013/37.4.01",TRUE,"https://papers.ssrn.com/sol3/Delivery.cfm/SSRN_ID2287367_code446262.pdf?abstractid=2186798&mirid=1&type=2"
"10.1037/xge0000165",FALSE,NA
"10.1037/h0087446",FALSE,NA
"10.2224/sbp.2008.36.6.753",TRUE,"https://doi.org/10.2224/sbp.2008.36.6.753"
"10.3758/s13414-018-1498-7",TRUE,"https://link.springer.com/content/pdf/10.3758/s13414-018-1498-7.pdf"
"10.1038/nature06176",TRUE,"https://hdl.handle.net/2292/10654"
"10.1002/rrq.027",TRUE,"https://onlinelibrary.wiley.com/doi/pdfdirect/10.1002/RRQ.027"
"10.1162/jocn.2008.21154",FALSE,NA
"10.1177/0003122416663683",TRUE,"https://journals.sagepub.com/doi/pdf/10.1177/0003122416663683"
"https://www.jstor.org/stable/41387554",FALSE,NA
"10.1111/desc.13377",TRUE,"https://onlinelibrary.wiley.com/doi/pdfdirect/10.1111/desc.13377"
"10.1080/14640746908400204",FALSE,NA
"10.1016/j.jesp.2019.103843",TRUE,"https://research.tilburguniversity.edu/en/publications/a90aadf5-ef7a-4735-bf47-1b8de2fd4048"
"10.1017/s0272263123000086",TRUE,"https://www.cambridge.org/core/services/aop-cambridge-core/content/view/811F5FA73F2268EB4F5B93217094F808/S0272263123000086a.pdf/div-class-title-language-proficiency-modulates-listeners-selective-attention-to-a-talker-s-mouth-a-conceptual-replication-of-birules-et-al-2020-div.pdf"
"10.1177/27550311231225957",FALSE,NA
"10.31234/osf.io/2br58",TRUE,"https://doi.org/10.31234/osf.io/2br58"
"10.1016/j.yrtph.2016.02.005",TRUE,"https://www.sciencedirect.com/science/article/pii/S0273230016300289/pdf"
"10.33423/jop.v24i1.6861",TRUE,"https://articlegateway.com/index.php/JOP/article/download/6861/6484"
"10.1167/jov.20.6.18",TRUE,"https://jov.arvojournals.org/arvo/content_public/journal/jov/938476/i0035-8711-640-1-07210.pdf"
"10.1371/journal.pone.0341334",TRUE,"https://journals.plos.org/plosone/article/file?id=10.1371/journal.pone.0341334&type=printable"
"10.1371/journal.pone.0236825",TRUE,"https://journals.plos.org/plosone/article/file?id=10.1371/journal.pone.0236825&type=printable"
"10.3389/fpsyg.2016.01013",TRUE,"https://www.frontiersin.org/articles/10.3389/fpsyg.2016.01013/pdf"
"10.17705/1atrr.00053",FALSE,NA
"10.1093/jos/ffaa001",TRUE,"https://doi.org/10.1093/jos/ffaa001"
"10.1111/j.1471-6402.1997.tb00120.x",FALSE,NA
"10.1037/a0030530",FALSE,NA
"10.1007/s40881-021-00109-5",TRUE,"https://link.springer.com/content/pdf/10.1007/s40881-021-00109-5.pdf"
"10.1017/prp.2020.6",TRUE,"https://journals.sagepub.com/doi/pdf/10.1017/prp.2020.6"
"10.1177/1948550612439721",FALSE,NA
"10.12688/wellcomeopenres.15486.2",TRUE,"https://doi.org/10.12688/wellcomeopenres.15486.2"
"10.17705/1atrr.00027",TRUE,"https://aisel.aisnet.org/cgi/viewcontent.cgi?article=1029&context=trr"
"10.1093/nc/niw002",TRUE,"https://academic.oup.com/nc/article-pdf/2016/1/niw002/25492118/niw002.pdf"
"10.1371/journal.pone.0253023",TRUE,"https://doi.org/10.1371/journal.pone.0253023"
"10.1080/15534510.2019.1669488",TRUE,"https://www.tandfonline.com/doi/pdf/10.1080/15534510.2019.1669488?needAccess=true&role=button"
"10.17705/1atrr.00032",FALSE,NA
"10.1037/xge0000295",FALSE,NA
"10.3758/s13421-018-0888-3",TRUE,"https://link.springer.com/content/pdf/10.3758/s13421-018-0888-3.pdf"
"10.5114/cipp.2021.110948",TRUE,"https://www.termedia.pl/Journal/-75/pdf-45660-10?filename=Williams Conceptual.pdf"
"10.5334/joc.432",TRUE,"https://doi.org/10.5334/joc.432"
"10.1098/rstb.2016.0517",TRUE,"https://royalsocietypublishing.org/doi/pdf/10.1098/rstb.2016.0517"
"10.1558/cj.v32i2.25139",FALSE,NA
"10.20378/irb-49996",TRUE,"http://fis.uni-bamberg.de/bitstreams/25ede061-f037-4299-9a23-4b360cf79190/download"
"10.1111/nana.12722",TRUE,"https://onlinelibrary.wiley.com/doi/pdfdirect/10.1111/nana.12722"
"10.1002/jaba.504",FALSE,NA
"10.1037/0022-0663.83.4.444",FALSE,NA
"10.1016/j.ssresearch.2014.08.001",FALSE,NA
"10.1037/0022-3514.50.1.205",FALSE,NA
"10.2307/1388548",FALSE,NA
"10.2307/41703463",FALSE,NA
"10.2307/249754",FALSE,NA
"10.1080/02687030600631827",FALSE,NA
"10.3389/fpsyg.2017.00790",TRUE,"https://www.frontiersin.org/articles/10.3389/fpsyg.2017.00790/pdf"
"10.1002/bin.242",TRUE,"https://onlinelibrary.wiley.com/doi/pdfdirect/10.1002/bin.242"
"10.1016/j.intell.2008.03.008",FALSE,NA
"10.1016/j.cognition.2025.106257",TRUE,"https://doi.org/10.1016/j.cognition.2025.106257"
"10.2466/pr0.1997.80.2.511",FALSE,NA
"10.17645/si.v6i2.1395",TRUE,"https://www.cogitatiopress.com/socialinclusion/article/download/1395/1395"
"10.1002/per.2410080106",FALSE,NA
"10.1002/jeab.249",FALSE,NA
"10.17705/1atrr.00024",FALSE,NA
"10.17705/1atrr.00064",FALSE,NA
"10.1016/j.jneuroling.2010.05.001",FALSE,NA
"10.1177/20551029221139679",TRUE,"https://doi.org/10.1177/20551029221139679"
"10.1002/jaba.613",FALSE,NA
"10.1027/1015-5759/a000263",FALSE,NA
"10.31234/osf.io/j2xn3",TRUE,"https://doi.org/10.31234/osf.io/j2xn3"
"10.1080/00223980109603712",FALSE,NA
"10.1257/0002828041464614",FALSE,NA
"10.1523/jneurosci.1489-14.2014",TRUE,"https://www.jneurosci.org/content/jneuro/34/40/13411.full.pdf"
"10.1108/s0193-230620150000018005",FALSE,NA
"10.1152/jn.00412.2024",TRUE,"https://doi.org/10.1152/jn.00412.2024"
"10.31234/osf.io/ekw9c",TRUE,"https://doi.org/10.31234/osf.io/ekw9c"
"10.1177/2167702620921341",TRUE,"https://journals.sagepub.com/doi/pdf/10.1177/2167702620921341"
"10.18559/ebr.2021.2.2",TRUE,"https://doi.org/10.18559/ebr.2021.2.2"
"10.1002/ece3.3192",TRUE,"https://onlinelibrary.wiley.com/doi/pdfdirect/10.1002/ece3.3192"
"10.1111/2041-210x.13602",TRUE,"https://onlinelibrary.wiley.com/doi/pdfdirect/10.1111/2041-210X.13602"
"10.1016/j.cogpsych.2017.07.001",TRUE,"https://www.ncbi.nlm.nih.gov/pmc/articles/5565211"
"10.1177/09567976211068045",TRUE,"https://doi.org/10.1177/09567976211068045"
"10.17879/replicationresearch-2026-9414",FALSE,NA
"10.1016/j.jesp.2014.05.002",FALSE,NA
"10.1086/684582",TRUE,"https://escholarship.org/content/qt08c6t2hs/qt08c6t2hs.pdf?t=pe6irw"
"10.1017/s0043887110000286",FALSE,NA
"10.1017/s0003055413000415",FALSE,NA
"10.1111/j.1745-9125.2011.00251.x",FALSE,NA
"10.1017/s0003055413000567",TRUE,"https://papers.ssrn.com/sol3/papers.cfm?abstract_id=2300582"
"10.1509/jm.14.0091",FALSE,NA
"10.1037/pspi0000065",FALSE,NA
"10.1017/xps.2017.15",FALSE,NA
"10.1016/j.evolhumbehav.2014.02.004",TRUE,"https://da.lib.kobe-u.ac.jp/da/kernel/90002148/90002148.pdf"
"10.1017/s0007123413000070",FALSE,NA
"10.1177/0022002714547903",TRUE,"https://dialnet.unirioja.es/descarga/articulo/5535658.pdf"
"10.3982/ecta11380",TRUE,"https://www.econometricsociety.org/publications/econometrica/2015/03/01/time-horizon-and-cooperation-continuous-time/supp/ECTA11380SUPP.pdf"
"10.1017/s0007123416000144",TRUE,"https://www.cambridge.org/core/services/aop-cambridge-core/content/view/F8488E7C93866843A2D23520572C665A/S0007123416000144a.pdf/div-class-title-deliberative-abilities-and-influence-in-a-transnational-deliberative-poll-europolis-div.pdf"
"10.1177/2167702618785339",FALSE,NA
"10.1017/s0043887117000363",TRUE,"https://escholarship.org/uc/item/5mv5923w"
"10.1257/app.4.1.85",FALSE,NA
"10.1086/689189",FALSE,NA
"10.1017/s0043887114000227",FALSE,NA
"10.1287/mnsc.2013.1794",FALSE,NA
"10.1017/s000305541600071x",FALSE,NA
"10.1017/s0007123415000356",FALSE,NA
"10.1257/aer.99.4.1384",TRUE,"http://hdl.handle.net/1721.1/51829"
"10.1177/0022002716680266",FALSE,NA
"10.3982/ecta10813",FALSE,NA
"10.1086/605604",FALSE,NA
"10.1017/s0007123414000520",TRUE,"https://www.cambridge.org/core/services/aop-cambridge-core/content/view/4572C5E003235E54D5C1C6001D5C952A/S0007123414000520a.pdf/div-class-title-measuring-the-cost-of-privacy-a-look-at-the-distributional-effects-of-private-bargaining-div.pdf"
"10.3982/ecta12987",TRUE,"https://www.econometricsociety.org/sites/default/files/12987_OnlineAppendix.pdf"
"10.1111/j.1745-9125.2010.00212.x",FALSE,NA
"10.1086/677392",FALSE,NA
"10.1111/1745-9125.12035",FALSE,NA
"10.1086/691703",FALSE,NA
"10.1111/ajps.12240",FALSE,NA
"10.1177/0022002710371671",TRUE,"https://papers.ssrn.com/sol3/papers.cfm?abstract_id=1587015"
"10.1086/675910",FALSE,NA
"10.1111/j.1540-5907.2012.00628.x",FALSE,NA
"10.1177/0003122410368927",FALSE,NA
"10.1257/aer.101.2.493",TRUE,"https://www.aeaweb.org/articles/pdf/doi/10.1257/aer.101.2.493"
"10.1016/j.cognition.2012.11.003",FALSE,NA
"10.1017/s0007123413000422",FALSE,NA
"10.1177/0022002712449328",FALSE,NA
"10.1257/app.5.3.91",FALSE,NA
"10.1111/ajps.12394",FALSE,NA
"10.1037/a0019432",FALSE,NA
"10.1086/666746",FALSE,NA
"10.1111/ajps.12074",FALSE,NA
"10.1086/670272",TRUE,"http://repec.org/sed2006/up.16849.1140038915.pdf"
"10.1177/0022002715612575",FALSE,NA
"10.1177/0022002708330289",FALSE,NA
"10.1177/0022002710381064",FALSE,NA
"10.1177/0010414009332147",FALSE,NA
"10.1177/0022002714553105",FALSE,NA
"10.1111/cdev.12603",TRUE,"https://www.ncbi.nlm.nih.gov/pmc/articles/7891882"
"10.1177/0010414015626446",TRUE,"https://journals.sagepub.com/doi/pdf/10.1177/0010414015626446"
"10.1017/s0003055418000485",TRUE,"https://discovery.ucl.ac.uk/10059112/1/Tertytchnaya_When%2Bthe%2BMoney%2BStops_FinalAPSR.pdf"
"10.1086/693869",FALSE,NA
"10.1177/0010414014546331",TRUE,"https://stars.library.ucf.edu/facultybib2010/6841"
"10.1111/j.1540-5907.2011.00567.x",FALSE,NA
"10.1093/sf/sou103",FALSE,NA
"10.1111/ajps.12164",FALSE,NA
"10.1037/a0035615",FALSE,NA
"10.1177/0003122418785371",FALSE,NA
"10.1007/s10683-012-9342-8",FALSE,NA
"10.1257/app.6.3.133",TRUE,"https://www.aeaweb.org/articles/pdf/doi/10.1257/app.6.3.133"
"10.31234/osf.io/jkfu3",TRUE,"https://osf.io/jkfu3/download"
"10.1101/2020.04.03.20052373",TRUE,"https://doi.org/10.1101/2020.04.03.20052373"
"10.31234/osf.io/k23cv",TRUE,"https://osf.io/k23cv/download"
"10.31234/osf.io/5gskw",TRUE,"https://osf.io/5gskw/download"
"10.31234/osf.io/rz78k",TRUE,"https://doi.org/10.31234/osf.io/rz78k"
"10.31234/osf.io/6a2cx",TRUE,"https://osf.io/6a2cx/download"
"10.1101/2020.05.12.20098699",TRUE,"https://www.medrxiv.org/content/medrxiv/early/2020/05/18/2020.05.12.20098699.full.pdf"
"10.31234/osf.io/jrpfd",TRUE,"https://osf.io/jrpfd/download"
"10.1177/0022002715587053",FALSE,NA
"10.31234/osf.io/m3vth",TRUE,"https://doi.org/10.31234/osf.io/m3vth"
"10.1086/684032",FALSE,NA
"10.31234/osf.io/yb2h8",TRUE,"https://osf.io/yb2h8/download"
"10.1007/s10683-011-9295-3",FALSE,NA
"10.1177/0010414015621080",FALSE,NA
"10.31234/osf.io/e3kcw",TRUE,"https://osf.io/e3kcw/download"
"10.31234/osf.io/m7f8a",TRUE,"https://doi.org/10.31234/osf.io/m7f8a"
"10.1177/0022002712445741",FALSE,NA
"10.1016/j.paid.2020.110232",TRUE,"https://www.ncbi.nlm.nih.gov/pmc/articles/7363424"
"10.1037/pspp0000068",FALSE,NA
"10.1044/jshd.4301.47",FALSE,NA
"10.1111/j.1467-9280.2009.02457.x",FALSE,NA
"10.1016/j.jesp.2015.11.008",FALSE,NA
"10.1093/esr/jcq033",FALSE,NA
"10.1016/j.jesp.2016.11.014",FALSE,NA
"10.1101/2020.03.30.20048090",TRUE,"https://www.medrxiv.org/content/medrxiv/early/2020/04/06/2020.03.30.20048090.full.pdf"
"10.1101/2020.05.14.20093633",TRUE,"https://www.medrxiv.org/content/medrxiv/early/2020/05/18/2020.05.14.20093633.full.pdf"
"10.1086/700235",FALSE,NA
"10.17605/osf.io/akubt",FALSE,NA
"10.17605/osf.io/fpuh3",FALSE,NA
"10.17605/osf.io/vndky",FALSE,NA
"10.17605/osf.io/yrh4v",FALSE,NA
"10.17605/osf.io/35tgu",FALSE,NA
"10.17605/osf.io/zsptj",FALSE,NA
"10.17605/osf.io/4y8ja",FALSE,NA
"10.17605/osf.io/nhecx",FALSE,NA
"10.17605/osf.io/qu3p2",FALSE,NA
"10.17605/osf.io/3mr7g",FALSE,NA
"10.17605/osf.io/axtg4",FALSE,NA
"10.17605/osf.io/jzfs2",FALSE,NA
"10.17605/osf.io/s57jr",FALSE,NA
"10.17605/osf.io/v9ykq",FALSE,NA
"10.17605/osf.io/q5ka2",FALSE,NA
"10.17605/osf.io/y47pr",FALSE,NA
"10.17605/osf.io/x9pd3",FALSE,NA
"10.17605/osf.io/dcez6",FALSE,NA
"10.17605/osf.io/jcbfw",FALSE,NA
"10.17605/osf.io/vk2a3",FALSE,NA
"10.17605/osf.io/5fc4n",FALSE,NA
"10.17605/osf.io/hyqpr",FALSE,NA
"10.17605/osf.io/57pn2",FALSE,NA
"10.17605/osf.io/urfmp",FALSE,NA
"10.17605/osf.io/vc8hs",FALSE,NA
"10.17605/osf.io/c4ar6",FALSE,NA
"10.17605/osf.io/v2yaq",FALSE,NA
"10.17605/osf.io/8eqk6",FALSE,NA
"10.17605/osf.io/3a5u7",FALSE,NA
"10.17605/osf.io/u3y9w",FALSE,NA
"10.17605/osf.io/dxmrb",FALSE,NA
"10.17605/osf.io/sc87r",FALSE,NA
"10.17605/osf.io/wnv8y",FALSE,NA
"10.17605/osf.io/5a7qp",FALSE,NA
"10.17605/osf.io/563d4",FALSE,NA
"10.17605/osf.io/frc3x",FALSE,NA
"10.17605/osf.io/qk9v3",FALSE,NA
"10.17605/osf.io/namvy",FALSE,NA
"10.17605/osf.io/gk6mh",FALSE,NA
"10.17605/osf.io/w8n3s",FALSE,NA
"10.17605/osf.io/gpyu7",FALSE,NA
"10.17605/osf.io/sv9tm",FALSE,NA
"10.17605/osf.io/qd3rm",FALSE,NA
"10.17605/osf.io/vh5u6",FALSE,NA
"10.17605/osf.io/6mdxr",FALSE,NA
"10.17605/osf.io/g2jua",FALSE,NA
"10.17605/osf.io/h2u96",FALSE,NA
"10.17605/osf.io/qs827",FALSE,NA
"10.17605/osf.io/tgkhv",FALSE,NA
"10.17605/osf.io/d4p59",FALSE,NA
"10.17605/osf.io/vfyxz",FALSE,NA
"10.17605/osf.io/ujmvw",FALSE,NA
"10.17605/osf.io/p7tb4",FALSE,NA
"10.17605/osf.io/ks6ut",FALSE,NA
"10.17605/osf.io/qnmrj",FALSE,NA
"10.17605/osf.io/7ak4n",FALSE,NA
"10.17605/osf.io/5vntp",FALSE,NA
"10.17605/osf.io/jp3qb",FALSE,NA
"10.17605/osf.io/ezx2k",FALSE,NA
"10.17605/osf.io/tmg3z",FALSE,NA
"10.17605/osf.io/g83kx",FALSE,NA
"10.17605/osf.io/4fvzq",FALSE,NA
"10.17605/osf.io/jhe6q",FALSE,NA
"10.17605/osf.io/swkur",FALSE,NA
"10.17605/osf.io/xue5d",FALSE,NA
"10.17605/osf.io/f3p2m",FALSE,NA
"10.17605/osf.io/xshrn",FALSE,NA
"10.17605/osf.io/wb524",FALSE,NA
"10.17605/osf.io/zfxk9",FALSE,NA
"10.17605/osf.io/eqyhz",FALSE,NA
"10.17605/osf.io/adxj2",FALSE,NA
"10.17605/osf.io/yfvzr",FALSE,NA
"10.17605/osf.io/rpc54",FALSE,NA
"10.17605/osf.io/38zs9",FALSE,NA
"10.17605/osf.io/8xyhb",FALSE,NA
"10.17605/osf.io/6e9ka",FALSE,NA
"10.17605/osf.io/fspwc",FALSE,NA
"10.17605/osf.io/5ywth",FALSE,NA
"10.17605/osf.io/kup8x",FALSE,NA
"10.17605/osf.io/j6c8g",FALSE,NA
"10.17605/osf.io/anfk6",FALSE,NA
"10.17605/osf.io/7p5tw",FALSE,NA
"10.17605/osf.io/6ye5m",FALSE,NA
"10.17605/osf.io/4axu6",FALSE,NA
"10.17605/osf.io/4p892",FALSE,NA
"10.17605/osf.io/kzpf8",FALSE,NA
"10.17605/osf.io/zehky",FALSE,NA
"10.17605/osf.io/mshda",FALSE,NA
"10.17605/osf.io/pkwgx",FALSE,NA
"10.17605/osf.io/da26y",FALSE,NA
"10.17605/osf.io/54syu",FALSE,NA
"10.17605/osf.io/w5b24",FALSE,NA
"10.17605/osf.io/2e5wr",FALSE,NA
"10.17605/osf.io/xrymd",FALSE,NA
"10.17605/osf.io/yh25j",FALSE,NA
"10.17605/osf.io/5vx27",FALSE,NA
"10.17605/osf.io/u8zk5",FALSE,NA
"10.17605/osf.io/2uxrt",FALSE,NA
"10.17605/osf.io/jfxnt",FALSE,NA
"10.17605/osf.io/8sae9",FALSE,NA
"10.17605/osf.io/8btme",FALSE,NA
"10.17605/osf.io/nekdp",FALSE,NA
"10.17605/osf.io/rkh2a",FALSE,NA
"10.17605/osf.io/y5uwg",FALSE,NA
"10.17605/osf.io/2vust",FALSE,NA
"10.17605/osf.io/5k8m4",FALSE,NA
"10.17605/osf.io/9c5sm",FALSE,NA
"10.17605/osf.io/r9bdx",FALSE,NA
"10.17605/osf.io/mjb97",FALSE,NA
"10.17605/osf.io/8wf3h",FALSE,NA
"10.17605/osf.io/jvwer",FALSE,NA
"10.17605/osf.io/6wfmz",FALSE,NA
"10.1016/j.paid.2022.111910",FALSE,NA
"10.26443/msurj.v15i1.10",TRUE,"https://msurjonline.mcgill.ca/article/download/10/8"
"10.1080/02699206.2018.1504989",TRUE,"https://figshare.com/articles/journal_contribution/Is_there_an_order_of_loss_of_sounds_in_speakers_with_Parkinson_s_disease_/32503089"
"10.15626/mp.2018.880",TRUE,"https://open.lnu.se/index.php/metapsychology/article/download/880/1483"
"10.1016/0042-6989(86)90090-8",FALSE,NA
"10.3758/s13414-019-01946-7",TRUE,"https://link.springer.com/content/pdf/10.3758/s13414-019-01946-7.pdf"
"10.1037/a0025253",FALSE,NA
"10.1177/1368430219845462",FALSE,NA
"10.5334/irsp.546",TRUE,"http://www.rips-irsp.com/articles/10.5334/irsp.546/galley/272/download/"
"10.3758/s13421-018-0803-y",TRUE,"https://link.springer.com/content/pdf/10.3758/s13421-018-0803-y.pdf"
"10.1167/13.6.11",TRUE,"https://jov.arvojournals.org/arvo/content_public/journal/jov/932810/i1534-7362-13-6-11.pdf"
"10.1075/lab.23071.bra",FALSE,NA
"10.1016/j.jrp.2014.06.006",FALSE,NA
"10.1037/pac0000609",FALSE,NA
"10.1016/j.foodpol.2021.102214",TRUE,"https://www.sciencedirect.com/science/article/pii/S0306919221001937/pdf"
"10.1016/j.foodqual.2023.105010",TRUE,"https://doi.org/10.1016/j.foodqual.2023.105010"
"10.1080/00207146508412939",FALSE,NA
"10.1037/0012-1649.37.6.739",FALSE,NA
"10.1037/0021-9010.82.1.44",FALSE,NA
"10.1027/0227-5910.16.1.39",FALSE,NA
"10.1016/j.jbusvent.2007.11.001",FALSE,NA
"10.1093/restud/rdac011",FALSE,NA
"10.1093/restud/rdab043",FALSE,NA
"10.1093/qje/qjac001",TRUE,"https://academic.oup.com/qje/article-pdf/137/2/1233/43336009/qjac001.pdf"
"10.1093/qje/qjab042",FALSE,NA
"10.1093/qje/qjac035",FALSE,NA
"10.1093/qje/qjac039",TRUE,"https://academic.oup.com/qje/article-pdf/138/2/637/49730081/qjac039.pdf"
"10.1093/qje/qjab036",TRUE,"https://academic.oup.com/qje/article-pdf/137/1/1/42193968/qjab036.pdf"
"10.1038/s41562-023-01636-3",FALSE,NA
"10.1038/s41562-023-01712-8",TRUE,"https://jyx.jyu.fi/bitstreams/2742f046-d6a7-45a6-b556-da740ddd8ae4/download"
"10.1086/717042",FALSE,NA
"10.1093/ej/uead061",FALSE,NA
"10.1017/s0003055423000308",TRUE,"https://www.cambridge.org/core/services/aop-cambridge-core/content/view/4D76FEDA813739711DCB40EC102744AF/S0003055423000308a.pdf/div-class-title-the-political-consequences-of-green-policies-evidence-from-italy-div.pdf"
"10.1017/s0003055421000940",TRUE,"https://www.cambridge.org/core/services/aop-cambridge-core/content/view/D78EE1F9EE3B41D6F1500311F17B8EA6/S0003055421000940a.pdf/div-class-title-effective-for-whom-ethnic-identity-and-nonviolent-resistance-div.pdf"
"10.1111/ajps.12833",TRUE,"https://onlinelibrary.wiley.com/doi/pdfdirect/10.1111/ajps.12833"
"10.1111/ajps.12583",FALSE,NA
"10.1257/aer.20190433",FALSE,NA
"10.1257/aer.20190565",TRUE,"https://escholarship.org/content/qt4n28d9c1/qt4n28d9c1.pdf?t=ry1gm7"
"10.1257/aer.103.4.1507",TRUE,"http://www.aeaweb.org/aer/data/june2013/20111351_app.pdf"
"10.1257/pol.20180594",FALSE,NA
"10.1257/pol.20200559",FALSE,NA
"10.1257/pol.20210129",TRUE,"https://scholarworks.smith.edu/env_facpubs/20"
"10.1177/09567976231222288",TRUE,"https://journals.sagepub.com/doi/pdf/10.1177/09567976231222288"
"10.1257/app.20210571",FALSE,NA
"10.52825/gjae.v74i.2635",TRUE,"https://doi.org/10.52825/gjae.v74i.2635"
"10.52825/gjae.v75i.3085",TRUE,"https://doi.org/10.52825/gjae.v75i.3085"
"10.1080/00207149008414504",FALSE,NA
"10.1111/j.1467-7687.2004.00322.x",FALSE,NA
"10.1037/0021-9010.90.6.1204",FALSE,NA
"10.1027/0227-5910.25.2.65",FALSE,NA
"10.1111/jpr.70034",TRUE,"https://osf.io/b87v6_v1/download"
"10.31979/etd.eh36-m2wx",FALSE,NA
"10.5465/ambpp.2018.15544abstract",FALSE,NA
"10.5951/jresematheduc.29.5.0503",FALSE,NA
"10.1016/j.neuropsychologia.2021.107965",TRUE,"https://eprints.bbk.ac.uk/id/eprint/45528/1/DeMaio_NEUROPSYCHOLOGY_2021.pdf"
"10.1086/719277",TRUE,"https://pmc.ncbi.nlm.nih.gov/articles/PMC10725242/pdf/nihms-1883206.pdf"
"10.1086/714924",FALSE,NA
"10.1016/j.jmathb.2026.101352",TRUE,"https://www.sciencedirect.com/science/article/pii/S0732312326000362/pdf"
"10.52294/001c.165402",TRUE,"https://apertureneuro.org/article/165402.pdf"
"10.1016/j.foodpol.2022.102359",TRUE,"https://www.sciencedirect.com/science/article/pii/S0306919222001282/pdf"
"10.1093/qopen/qoag020",TRUE,"https://doi.org/10.1093/qopen/qoag020"
"10.1016/j.jmathb.2023.101087",FALSE,NA
"10.1007/s10649-026-10535-z",FALSE,NA
"10.1093/qje/qjac037",FALSE,NA
"10.1038/s41562-023-01538-4",TRUE,"https://www.nature.com/articles/s41562-023-01538-4.pdf"
"10.1086/717453",FALSE,NA
"10.1093/ej/ueab076",TRUE,"http://hdl.handle.net/2445/126953"
"10.1017/s0003055422000107",TRUE,"https://www.cambridge.org/core/services/aop-cambridge-core/content/view/3ADE9B2719A34CD423E2D2A6D9ABCE5F/S0003055422000107a.pdf/div-class-title-when-do-mannerparteien-elect-women-radical-right-populist-parties-and-strategic-descriptive-representation-div.pdf"
"10.1111/ajps.12624",TRUE,"https://onlinelibrary.wiley.com/doi/pdfdirect/10.1111/ajps.12624?download=true"
"10.1111/ajps.12739",TRUE,"https://onlinelibrary.wiley.com/doi/pdfdirect/10.1111/ajps.12739"
"10.1257/aer.20191927",FALSE,NA
"10.1257/aer.20161385",FALSE,NA
"10.1257/pol.20210812",FALSE,NA
"10.1177/09567976241231506",FALSE,NA
"10.1093/ej/ueae060",FALSE,NA
"10.1257/app.20170223",TRUE,"https://www.aeaweb.org/articles/pdf/doi/10.1257/app.20170223"
"10.1257/aer.20131377",TRUE,"https://www.aeaweb.org/aer/app/10501/20131377_app.pdf"
"10.3982/ecta14176",TRUE,"https://kclpure.kcl.ac.uk/portal/en/publications/7286a4e2-bcda-4027-b26d-d25e8dd1967f"
"10.1162/rest.90.4.777",FALSE,NA
"10.1016/s0304-3932(99)00026-4",FALSE,NA
"10.1257/aer.99.3.827",FALSE,NA
"10.1162/qjec.2009.124.2.531",TRUE,"https://academic.oup.com/qje/article-pdf/124/2/531/5377644/124-2-531.pdf"
"10.1002/jae.615",TRUE,"https://ora.ox.ac.uk/objects/uuid:90933422-65e4-4056-985b-bfa5b6a68f92"
"10.1257/aer.103.4.1212",TRUE,"http://www.aeaweb.org/aer/data/june2013/20111107_app.pdf"
"10.1002/jae.2503",FALSE,NA
"10.1162/rest_a_00272",TRUE,"https://nottingham-repository.worktribe.com/output/3182502"
"10.2307/2109768",FALSE,NA
"10.1093/qje/qjw025",TRUE,"https://www.ncbi.nlm.nih.gov/pmc/articles/7575201"
"10.1016/s0140-6736(07)60312-2",FALSE,NA
"10.1016/j.jpubeco.2010.06.002",TRUE,"http://cedlas.econo.unlp.edu.ar/archivos_upload/doc_cedlas103.pdf"
"10.1016/j.ecosys.2015.04.004",FALSE,NA
"10.1016/s0140-6736(12)60730-2",TRUE,"http://www.thelancet.com/article/S0140673612607302/pdf"
"10.1257/aer.102.1.428",FALSE,NA
"10.1257/mac.3.3.92",FALSE,NA
"10.1002/jae.2312",FALSE,NA
"10.1162/qjec.2009.124.2.469",FALSE,NA
"10.1162/rest.89.1.183",TRUE,"http://orbilu.uni.lu/handle/10993/27870"
"10.1257/pol.2.1.131",FALSE,NA
"10.1257/aer.20121546",TRUE,"https://www.econstor.eu/bitstream/10419/80790/1/734978898.pdf"
"10.1257/aer.102.5.1927",FALSE,NA
"10.1177/000312240907400203",FALSE,NA
"10.1257/aer.103.1.277",FALSE,NA
"10.1257/aer.102.2.1029",FALSE,NA
"10.1086/527495",FALSE,NA
"10.3386/w18992",TRUE,"https://doi.org/10.3386/w18992"
"10.1257/aer.98.4.1591",FALSE,NA
"10.1257/aer.104.6.1630",TRUE,"https://dash.harvard.edu/bitstreams/7312037d-f5f7-6bd4-e053-0100007fdf3b/download"
"10.2139/ssrn.1756581",TRUE,"https://doi.org/10.2139/ssrn.1756581"
"10.2139/ssrn.1908409",TRUE,"https://doi.org/10.2139/ssrn.1908409"
"10.2202/1558-3708.1832",FALSE,NA
"10.1016/s2214-109x(14)70025-7",TRUE,"http://www.thelancet.com/article/S2214109X14700257/pdf"
"10.1016/j.ejpoleco.2003.10.001",FALSE,NA
"10.1086/605565",FALSE,NA
"10.2308/accr.2009.84.1.183",FALSE,NA
"10.1111/j.1468-0297.2011.02482.x",FALSE,NA
"10.1257/aer.97.5.1939",FALSE,NA
"10.1257/aer.101.6.2530",FALSE,NA
"10.1257/aer.101.4.1514",FALSE,NA
"10.1257/aer.98.1.519",FALSE,NA
"10.3386/w15639",TRUE,"https://doi.org/10.3386/w15639"
"10.1257/0002828042002651",FALSE,NA
"10.1257/aer.98.1.439",FALSE,NA
"10.1257/aer.96.4.1013",FALSE,NA
"10.1257/aer.91.5.1369",FALSE,NA
"10.3982/ecta6224",FALSE,NA
"10.1162/0033553053970214",FALSE,NA
"10.3386/w9682",TRUE,"https://doi.org/10.3386/w9682"
"10.1257/mac.2.4.222",TRUE,"https://doi.org/10.2139/ssrn.1020573"
"10.1073/pnas.1002632107",TRUE,"https://www.pnas.org/doi/pdf/10.1073/pnas.1002632107"
"10.1257/000282803322655554",FALSE,NA
"10.1257/aer.98.3.938",FALSE,NA
"10.2202/1553-3832.1170",FALSE,NA
"10.2307/1923892",FALSE,NA
"10.1002/jae.1020",FALSE,NA
"10.1162/0034653041811770",TRUE,"https://papers.ssrn.com/sol3/Delivery.cfm/SSRN_ID1329189_code190651.pdf?abstractid=1329189&mirid=3"
"10.1111/j.1538-4616.2008.00172.x",FALSE,NA
"10.1162/qjec.2010.125.2.591",FALSE,NA
"10.2139/ssrn.1332768",TRUE,"https://doi.org/10.2139/ssrn.1332768"
"10.1257/00028280260344597",FALSE,NA
"10.1162/154247603770383415",FALSE,NA
"10.1198/016214501753168235",FALSE,NA
"10.1002/(sici)1099-1255(199901/02)14:1<57::aid-jae501>3.0.co;2-g",FALSE,NA
"10.1002/jae.929",FALSE,NA
"10.1016/j.red.2005.03.004",FALSE,NA
"10.17016/ifdp.1995.498",TRUE,"https://doi.org/10.17016/ifdp.1995.498"
"10.1257/0002828043052303",FALSE,NA
"10.1080/1350485032000126712",FALSE,NA
"10.1002/(sici)1099-1255(199707)12:4<435::aid-jae430>3.0.co;2-1",FALSE,NA
"10.1257/0002828053828699",FALSE,NA
"10.3386/w8004",TRUE,"https://doi.org/10.3386/w8004"
"10.1002/(sici)1099-1255(199803/04)13:2<185::aid-jae478>3.0.co;2-1",FALSE,NA
"10.1002/(sici)1099-1255(200001/02)15:1<59::aid-jae544>3.0.co;2-1",TRUE,"https://onlinelibrary.wiley.com/doi/pdfdirect/10.1002/%28SICI%291099-1255%28200001/02%2915%3A1%3C59%3A%3AAID-JAE544%3E3.0.CO%3B2-1"
"10.2307/2109893",FALSE,NA
"10.1257/000282802760015757",FALSE,NA
"10.1002/jae.659",FALSE,NA
"10.1596/1813-9450-1690",FALSE,NA
"10.1086/260646",FALSE,NA
"10.1002/jae.644",FALSE,NA
"10.2307/1913712",FALSE,NA
"10.1257/aer.90.4.847",TRUE,"https://papers.ssrn.com/sol3/Delivery.cfm/SSRN_ID569252_code382649.pdf?abstractid=569252"
"10.1086/467988",FALSE,NA
"10.2307/1911060",FALSE,NA
"10.2307/1885668",FALSE,NA
"10.2307/1925043",FALSE,NA
"10.2307/1923917",FALSE,NA
"10.1162/rest_a_00412",FALSE,NA
"10.1257/aer.102.7.3357",FALSE,NA
"10.1257/jep.26.3.69",FALSE,NA
"10.1093/cje/bet075",FALSE,NA
"10.3386/w5398",TRUE,"https://doi.org/10.3386/w5398"
"10.1002/hec.922",FALSE,NA
"10.1257/aer.20161923",FALSE,NA
"10.3982/ecta7767",FALSE,NA
"10.1111/jofi.12868",FALSE,NA
"10.1086/323281",FALSE,NA
"10.1097/qad.0b013e32833e77c9",TRUE,"https://figshare.com/articles/journal_contribution/The_Regai_Dzive_Shiri_project_results_of_a_randomized_trial_of_an_HIV_prevention_intervention_for_youth/1243192"
"10.1086/374184",FALSE,NA
"10.1016/j.jdeveco.2013.11.009",TRUE,"https://www.sciencedirect.com/science/article/pii/S0304387813001715/pdf"
"10.1257/pol.1.1.75",FALSE,NA
"10.1111/j.1467-8276.2009.01319.x",TRUE,"http://www.econ.yale.edu/growth_pdf/cdp967.pdf"
"10.1016/s0140-6736(10)60744-1",FALSE,NA
"10.1080/00220381003599436",FALSE,NA
"10.1056/nejmoa1013607",TRUE,"https://www.nejm.org/doi/pdf/10.1056/NEJMoa1013607?articleTools=true"
"10.1002/jae.1080",TRUE,"https://ink.library.smu.edu.sg/soe_research/1816"
"10.1111/ecoj.12235",FALSE,NA
"10.1257/aer.102.1.202",FALSE,NA
"10.1080/07350015.2012.741549",TRUE,"https://doi.org/10.2139/ssrn.2010261"
"10.1111/j.1468-0262.2004.00481.x",FALSE,NA
"10.1257/aer.100.5.2340",TRUE,"https://doi.org/10.2139/ssrn.1214912"
"10.1257/aer.103.4.1109",TRUE,"http://www.aeaweb.org/aer/data/june2013/20050334_app.pdf"
"10.1016/j.jfineco.2005.09.009",FALSE,NA
"10.1111/j.1540-6261.2008.01433.x",FALSE,NA
"10.3386/w9741",TRUE,"https://doi.org/10.3386/w9741"
"0.1162/0033553053327524",FALSE,NA
"10.1111/0022-1082.00115",TRUE,"https://onlinelibrary.wiley.com/doi/pdfdirect/10.1111/0022-1082.00115"
"10.1086/260061",FALSE,NA
"10.1002/jae.3950050408",FALSE,NA
"10.1086/250102",FALSE,NA
"10.2307/145493",FALSE,NA
"10.1162/rest_a_00949",FALSE,NA
"10.1093/restud/rdaa074",FALSE,NA
"10.1257/pol.20170144",FALSE,NA
"10.1162/rest_a_00754",TRUE,"https://direct.mit.edu/rest/article-pdf/100/5/753/1617825/rest_a_00754.pdf"
"10.1093/qje/qjt005",TRUE,"http://nrs.harvard.edu/urn-3:HUL.InstRepos:33077826"
"10.1257/aer.20210369",FALSE,NA
"10.1016/j.jeconom.2009.10.008",TRUE,"https://hal.science/hal-00631675"
"10.1093/ej/ueab089",TRUE,"https://academic.oup.com/ej/article-pdf/132/643/981/43221841/ueab089.pdf"
"10.1257/mac.20170367",TRUE,"https://www.aeaweb.org/articles/pdf/doi/10.1257/mac.20170367"
"10.18651/rwp2018-04",TRUE,"https://doi.org/10.18651/rwp2018-04"
"10.1111/ecoj.12493",FALSE,NA
"10.1257/aer.20190687",TRUE,"https://figshare.com/articles/journal_contribution/Methods_Matter_P-Hacking_and_Publication_Bias_in_Causal_Analysis_in_Economics/29772509"
"10.1016/j.jfineco.2014.11.008",FALSE,NA
"10.2139/ssrn.2846322",TRUE,"https://doi.org/10.2139/ssrn.2846322"
"10.1016/j.htct.2020.10.165",TRUE,"https://doi.org/10.1016/j.htct.2020.10.165"
"10.1093/restud/rdv039",FALSE,NA
"10.1111/j.1467-9477.2007.00176.x",FALSE,NA
"10.1596/1813-9450-5159",TRUE,"https://doi.org/10.1596/1813-9450-5159"
"10.1111/j.1468-0297.2007.02027.x",FALSE,NA
"10.1596/1813-9450-2108",TRUE,"https://doi.org/10.3386/w6009"
"10.1007/s10683-011-9283-7",FALSE,NA
"10.1111/j.1468-0297.2008.02208.x",FALSE,NA
"10.1086/250037",FALSE,NA
"10.1515/jbnst-2013-0402",FALSE,NA
"10.1111/obes.12084",FALSE,NA
"10.1093/acprof:oso/9780199562091.003.0013",FALSE,NA
"10.1257/app.20200118",FALSE,NA
"10.1257/aer.20200679",FALSE,NA
"10.1002/jae.2850",FALSE,NA
"10.1007/s00181-019-01708-2",TRUE,"http://hdl.handle.net/2078.1/216348"
"10.1007/s00181-019-01778-2",FALSE,NA
"10.1002/jae.2814",FALSE,NA
"10.1002/jae.2851",FALSE,NA
"10.1002/jae.2760",FALSE,NA
"10.1257/aer.20162011",TRUE,"https://www.aeaweb.org/doi/10.1257/aer.20162011.appx"
"10.1002/jae.2695",FALSE,NA
"10.1002/jae.2662",TRUE,"https://arts.units.it/bitstream/11368/3003860/3/3003860_Millo%20-%20Private%20returns%20to%20R%20D%20in%20the%20presence%20of%20spillovers%20revisited-Post_print.pdf"
"10.1002/jae.2648",FALSE,NA
"10.1080/19439342.2019.1666900",FALSE,NA
"10.1080/00220388.2018.1506580",TRUE,"https://www.tandfonline.com/doi/pdf/10.1080/00220388.2018.1506580?needAccess=true&role=button"
"10.1080/00220388.2018.1506576",TRUE,"https://www.tandfonline.com/doi/pdf/10.1080/00220388.2018.1506576?needAccess=true&role=button"
"10.1111/joes.12352",FALSE,NA
"10.1371/journal.pone.0206677",TRUE,"https://doi.org/10.1371/journal.pone.0206677"
"10.1257/aer.20170413",FALSE,NA
"10.5018/economics-ejournal.ja.2018-3",TRUE,"https://doi.org/10.5018/economics-ejournal.ja.2018-3"
"10.1002/jae.2651",FALSE,NA
"10.1002/jae.2622",FALSE,NA
"10.1002/jae.2591",FALSE,NA
"10.1177/1091142117690437",FALSE,NA
"10.1257/aer.20150891",TRUE,"https://www.aeaweb.org/articles/attachments?retrieve=ieJV1Sgx-IYLphlJnuNQG3Y2YMOnr-78"
"10.1257/aer.20150988",FALSE,NA
"10.1177/0003122417714422",FALSE,NA
"10.1007/s00181-016-1118-0",TRUE,"https://link.springer.com/content/pdf/10.1007%2Fs00181-016-1118-0.pdf"
"10.1002/jae.2554",FALSE,NA
"10.1002/jae.2540",TRUE,"https://onlinelibrary.wiley.com/doi/epdf/10.1002/jae.2540"
"10.1002/jae.2526",FALSE,NA
"10.1002/jae.2563",FALSE,NA
"10.1002/jae.2558",FALSE,NA
"10.1111/sjoe.12209",TRUE,"https://onlinelibrary.wiley.com/doi/pdfdirect/10.1111/sjoe.12209"
"10.1002/jae.2432",FALSE,NA
"10.1002/jae.2434",FALSE,NA
"10.1016/s2214-109x(16)30250-9",TRUE,"http://www.thelancet.com/article/S2214109X16302509/pdf"
"10.1177/1091142114568659",FALSE,NA
"10.1177/1091142115605380",FALSE,NA
"10.1177/1091142115580130",FALSE,NA
"10.1177/1091142114537895",FALSE,NA
"10.1257/aer.104.4.1446",TRUE,"http://www.aeaweb.org/aer/app/10404/20130058_app.pdf"
"10.1257/aer.104.12.4231",FALSE,NA
"10.1257/aer.104.1.323",FALSE,NA
"10.1257/aer.104.3.1072",TRUE,"http://www.aeaweb.org/aer/app/10403/20110849_app.pdf"
"10.3386/w17034",TRUE,"https://doi.org/10.3386/w17034"
"10.1257/aer.102.7.3774",TRUE,"http://www.aeaweb.org/aer/data/dec2012/20110586_app.pdf"
"10.1257/aer.102.4.1751",FALSE,NA
"10.1257/aer.102.6.3059",FALSE,NA
"10.1002/jae.1277",FALSE,NA
"10.1002/jae.1262",FALSE,NA
"10.1002/jae.1245",FALSE,NA
"10.1002/jae.2265",FALSE,NA
"10.1073/pnas.1202049109",FALSE,NA
"10.1257/aer.101.4.1629",FALSE,NA
"10.1257/aer.101.2.1029",TRUE,"https://www.aeaweb.org/articles/pdf/doi/10.1257/aer.101.2.1029"
"10.1080/00036841003670804",FALSE,NA
"10.1080/09603107.2011.564130",FALSE,NA
"10.1002/jae.1180",FALSE,NA
"10.1002/jae.1264",FALSE,NA
"10.1111/j.1538-4616.2011.00406.x",FALSE,NA
"10.1093/qje/qjr042",TRUE,"https://stars.library.ucf.edu/facultybib2010/1080"
"10.1162/rest_a_00173",TRUE,"http://www.federalreserve.gov/pubs/feds/2009/200939/200939pap.pdf"
"10.1257/aer.100.3.1280",FALSE,NA
"10.3982/ecta7970",FALSE,NA
"10.1002/jae.1131",TRUE,"https://onlinelibrary.wiley.com/doi/pdfdirect/10.1002/jae.1131"
"10.1002/jae.1200",FALSE,NA
"10.1002/jae.1191",FALSE,NA
"10.1002/jae.1186",FALSE,NA
"10.1016/j.red.2009.08.002",FALSE,NA
"10.1257/mac.1.1.219",FALSE,NA
"10.1257/aer.99.4.1672",FALSE,NA
"10.1080/00036840802112471",TRUE,"https://hal.science/hal-00582283"
"10.1002/jae.1098",FALSE,NA
"10.1162/rest.91.1.112",FALSE,NA
"10.1162/qjec.2008.123.1.407",FALSE,NA
"10.1002/jae.876",FALSE,NA
"10.1002/jae.895",FALSE,NA
"10.1002/jae.861",FALSE,NA
"10.1257/000282805775014353",FALSE,NA
"10.1017/s0003055405051658",FALSE,NA
"10.1002/jae.856",TRUE,"https://doi.org/10.17877/de290r-5422"
"10.1080/0269217032000148645",TRUE,"https://scholarworks.umass.edu/bitstreams/af142647-9281-446c-968f-d8f86d7fc7fd/download"
"10.1002/jae.777",FALSE,NA
"10.1002/jae.702",FALSE,NA
"10.1002/jae.699",FALSE,NA
"10.1198/073500102753410372",FALSE,NA
"10.1080/713601081",TRUE,"https://www.tandfonline.com/doi/abs/10.1080/713601081"
"10.1086/323313",FALSE,NA
"10.2307/1885722",FALSE,NA
"10.2307/1924234",FALSE,NA
"10.2307/1924292",FALSE,NA
"10.1002/jae.2667",TRUE,"https://pure.uva.nl/ws/files/21133535/The_cyclicality_of_R_D.pdf"
"10.1007/s10683-016-9506-z",TRUE,"https://link.springer.com/content/pdf/10.1007%2Fs10683-016-9506-z.pdf"
"10.4337/ejeep.2015.01.03",TRUE,"https://www.elgaronline.com/downloadpdf/journals/ejeep/12-1/ejeep.2015.01.03.pdf"
"10.1093/jeg/lbu005",TRUE,"https://research-information.bris.ac.uk/ws/files/53867991/RR_Jan2014.pdf"
"10.1080/00220388.2013.807501",FALSE,NA
"10.1002/hec.1415",FALSE,NA
"10.1002/jae.3005",FALSE,NA
"10.1080/17421772.2022.2123111",TRUE,"https://www.tandfonline.com/doi/epdf/10.1080/17421772.2022.2123111?needAccess=true&role=button"
"10.1111/jofi.13063",TRUE,"https://onlinelibrary.wiley.com/doi/pdfdirect/10.1111/jofi.13063"
"10.1002/jae.2782",FALSE,NA
"10.1371/journal.pone.0226237",TRUE,"https://journals.plos.org/plosone/article/file?id=10.1371/journal.pone.0226237&type=printable"
"10.1561/104.00000076",FALSE,NA
"10.1080/19439342.2019.1666901",FALSE,NA
"10.1080/00220388.2018.1506579",TRUE,"https://www.tandfonline.com/doi/pdf/10.1080/00220388.2018.1506579?needAccess=true&role=button"
"10.1080/00220388.2018.1506574",TRUE,"https://doi.org/10.1080/00220388.2018.1506574"
"10.1080/00220388.2018.1506578",TRUE,"https://doi.org/10.1080/00220388.2018.1506578"
"10.1108/jed-06-2019-0002",TRUE,"https://doi.org/10.1108/jed-06-2019-0002"
"10.1371/journal.pone.0210327",TRUE,"https://journals.plos.org/plosone/article/file?id=10.1371/journal.pone.0210327&type=printable"
"10.1002/jae.2544",FALSE,NA
"10.1002/jae.2572",FALSE,NA
"10.1002/jae.2446",FALSE,NA
"10.1002/jae.2493",FALSE,NA
"10.1093/ije/dyv127",TRUE,"https://academic.oup.com/ije/article-pdf/44/5/1572/14113088/dyv127.pdf"
"10.1257/aer.103.6.2633",TRUE,"http://mediatum.ub.tum.de/node?id=1233059"
"10.1257/aer.103.5.2021",TRUE,"https://escholarship.org/content/qt6sn93358/qt6sn93358.pdf"
"10.1257/aer.103.5.2003",FALSE,NA
"10.1016/j.jfineco.2013.08.003",FALSE,NA
"10.1111/j.1540-6261.2012.01744.x",FALSE,NA
"10.3233/jem-2011-0347",FALSE,NA
"10.1002/jae.1078",TRUE,"http://hdl.handle.net/10261/57370"
"10.1093/rfs/hhp067",TRUE,"http://nrs.harvard.edu/urn-3:HUL.InstRepos:11339401"
"10.3233/jem-2007-0268",FALSE,NA
"10.1002/jae.708",FALSE,NA
"10.2307/146330",FALSE,NA
"10.2307/145240",FALSE,NA
"10.1002/jae.3117",TRUE,"https://onlinelibrary.wiley.com/doi/pdfdirect/10.1002/jae.3117"
"10.1111/ecin.13242",TRUE,"https://doi.org/10.1111/ecin.13242"
"10.1515/econ-2022-0109",TRUE,"https://www.degruyterbrill.com/document/doi/10.1515/econ-2022-0109/pdf"
"10.1002/jae.3073",TRUE,"https://irihs.ihs.ac.at/id/eprint/5669/1/ihs-working-paper-2021-bekhtiar-bittschi-sellner-robots-at-work-industry-level-data.pdf"
"10.1002/jae.3083",TRUE,"https://onlinelibrary.wiley.com/doi/pdfdirect/10.1002/jae.3083"
"10.1257/aer.20221432",FALSE,NA
"10.1002/aepp.13282",TRUE,"https://hal.inrae.fr/hal-03722873"
"10.1111/caje.12693",TRUE,"https://onlinelibrary.wiley.com/doi/pdfdirect/10.1111/caje.12693"
"10.1111/ecin.13185",TRUE,"https://onlinelibrary.wiley.com/doi/pdfdirect/10.1111/ecin.13185"
"10.1515/econ-2022-0036",TRUE,"https://www.degruyter.com/document/doi/10.1515/econ-2022-0036/pdf"
"10.1002/jae.3021",TRUE,"https://onlinelibrary.wiley.com/doi/pdfdirect/10.1002/jae.3021"
"10.1086/725235",TRUE,"https://www.econstor.eu/bitstream/10419/268943/1/I4R-DP020.pdf"
"10.1257/aer.20210121",FALSE,NA
"10.1561/104.00000120",TRUE,"https://vtechworks.lib.vt.edu/bitstreams/8e9ca50e-700c-4982-9b46-ea5a26d36580/download"
"10.1177/10911421221101690",FALSE,NA
"10.1007/s13209-022-00260-0",TRUE,"https://link.springer.com/content/pdf/10.1007/s13209-022-00260-0.pdf"
"10.1093/restud/rdab037",TRUE,"https://academic.oup.com/restud/article-pdf/88/5/2555/40350112/rdab037.pdf"
"10.1086/683144",FALSE,NA
"10.1007/s00181-014-0902-y",FALSE,NA
"10.1002/jae.2424",FALSE,NA
"10.1002/jae.2392",FALSE,NA
"10.1080/01419870.2012.762106",TRUE,"https://www.tandfonline.com/doi/pdf/10.1080/01419870.2012.762106?needAccess=true&role=button"
"10.1007/s10683-013-9375-7",FALSE,NA
"10.1002/jae.2366",FALSE,NA
"10.1002/jae.2365",FALSE,NA
"10.2139/ssrn.2231535",TRUE,"https://doi.org/10.2139/ssrn.2231535"
"10.1515/jbnst-2014-0504",FALSE,NA
"10.1007/s00181-019-01663-y",FALSE,NA
"10.3386/w15553",TRUE,"https://doi.org/10.3386/w15553"
"10.3233/jem-2006-0262",FALSE,NA
"10.1111/j.1465-7295.1998.tb01693.x",FALSE,NA
"10.1086/260511",FALSE,NA
"10.1086/719757",TRUE,"https://pmc.ncbi.nlm.nih.gov/articles/PMC10578057/pdf/nihms-1930693.pdf"
"10.1016/j.addbeh.2012.12.022",TRUE,"https://www.ncbi.nlm.nih.gov/pmc/articles/3582319"
"10.1016/j.jpeds.2017.10.028",TRUE,"https://www.ncbi.nlm.nih.gov/pmc/articles/5826833"
"10.17605/osf.io/7yfkc",FALSE,NA
"10.1080/10826084.2016.1267222",FALSE,NA
"10.1007/s11126-020-09742-5",FALSE,NA
"10.1111/j.1467-9280.2009.02306.x",FALSE,NA
"10.1016/j.jesp.2026.104988",FALSE,NA
