fred_id,ref_o,doi_o,study_o,ref_r,doi_r,id_r,url_r,link_r,study_r,abstract_r.x,abstract_r.y,entries_per_rep,outcome,outcome_quote,out_quote_source
additional_studies21,"Harper, L. M., & Kim, Y. (2018). Attitudinal, normative, and resource factors affecting psychologists’ intentions to adopt an open data badge: An empirical analysis. International Journal of Information Management, 41(8), 23–32.",10.1016/j.ijinfomgt.2018.03.001,1,"Xu, J., & Zhang, R. (2024). Attitudinal, Normative, and Resource Factors Affecting Communication Scholars’ Data Sharing: A Replication Study. Media and Communication, 12.",10.17645/mac.7666,10.17645/mac.7666,NA,https://drive.google.com/file/d/1STHrs5t12prgYSc1TN8l_wPj0GlytkgS/view?usp=drivesdk,1,"This study explores the factors affecting communication scholars’ data-sharing intentions, a critical component of reproducibility and replicability in open science. We replicate Harper and Kim’s (2018) study, which employs the theory of planned behavior to demonstrate the impacts of attitudinal, normative, and resource factors. Specifically, their original research examines data-sharing practices among psychologists, and our replication aims to reinforce their findings within the communication field. Data from a survey of Chinese communication scholars (<em>N</em> = 351) are analyzed using structural equation modeling. The findings indicate that perceived benefit and perceived risk significantly influence the attitudes of communication scholars towards sharing their data, positively and negatively, respectively. Additionally, attitudes, subjective norms, journal pressure, and the conditions facilitating data sharing have a significant positive impact on communication scholars’ behavioral intentions. Perceived effort inversely affects attitudes toward data sharing but does not impact behavioral intentions. This study provides a theoretical framework for understanding data-sharing intentions and behaviors in the open science movement. The role of this research as a replication study serves as a compelling demonstration of scientific inquiry. Practical suggestions, such as fostering open dialog, institutional incentives, and cooperation between different actors to increase communication scholars’ data-sharing intentions, and recommendations for carrying out replication and reproduction studies, are discussed. Finally, we judiciously reflect on the methodological limitations of our research and highlight directions for future research on open science.","This study explores the factors affecting communication scholars’ data-sharing intentions, a critical component of reproducibility and replicability in open science. We replicate Harper and Kim’s (2018) study, which employs the theory of planned behavior to demonstrate the impacts of attitudinal, normative, and resource factors. Specifically, their original research examines data-sharing practices among psychologists, and our replication aims to reinforce their findings within the communication field. Data from a survey of Chinese communication scholars (<em>N</em> = 351) are analyzed using structural equation modeling. The findings indicate that perceived benefit and perceived risk significantly influence the attitudes of communication scholars towards sharing their data, positively and negatively, respectively. Additionally, attitudes, subjective norms, journal pressure, and the conditions facilitating data sharing have a significant positive impact on communication scholars’ behavioral intentions. Perceived effort inversely affects attitudes toward data sharing but does not impact behavioral intentions. This study provides a theoretical framework for understanding data-sharing intentions and behaviors in the open science movement. The role of this research as a replication study serves as a compelling demonstration of scientific inquiry. Practical suggestions, such as fostering open dialog, institutional incentives, and cooperation between different actors to increase communication scholars’ data-sharing intentions, and recommendations for carrying out replication and reproduction studies, are discussed. Finally, we judiciously reflect on the methodological limitations of our research and highlight directions for future research on open science.",1,,,abstract
additional_studies76,"Trafimow, D., & Hughes, J. S. (2012). Testing the death thought suppression and rebound hypothesis: Death thought accessibility following mortality salience decreases during a delay. Social Psychological and Personality Science, 3(5), 622-629.",10.1177/1948550611432938,3,"Rife, S. C., Lambert, Q. S., Calin-Jageman, R., Adamkovic, M., Baník, G., Barberia, I., … Wiggins, B. J. (2024, July 3). Registered Replication Report: Study 3 from Trafimow and Hughes (2012).",10.31234/osf.io/esu9z,10.31234/osf.io/esu9z,NA,https://drive.google.com/file/d/1dsS2Zz_SrKiR1Wr9BLFEXM-_iHqMxxPd/view?usp=drivesdk,NA,NA,NA,1,,,abstract
additional_studies63,"He, J., Chen, G., Wu, S., Niu, R., & Fan, X. (2020). Patterns of negative emotional eating among Chinese young adults: A latent class analysis. Appetite, 155, 104808.",10.1016/j.appet.2020.104808,NA,"Xu, Y., Song, J., Ren, Y., Barnhart, W. R., Dixit, U., Ji, F., Chen, C., & He, J. (2024). Negative emotional eating patterns in general Chinese adults : A replication and expansion study examining group differences in eating disorder symptomatology, psychosocial impairment, and emotion regulation difficulties. Eating Behaviors, 54, 101899.",10.1016/j.eatbeh.2024.101899,10.1016/j.eatbeh.2024.101899,NA,https://drive.google.com/file/d/1WGY3X69XpAQRsdLRgO8nrxWGp5CpwgZF/view?usp=drivesdk,10.1016/j.eatbeh.2024.101899,NA,NA,1,,,abstract
additional_studies7,"Honea, R. A., Vidoni, E., Harsha, A., & Burns, J. M. (2009). Impact of APOE on the healthy aging brain: a voxel-based MRI and DTI study. Journal of Alzheimer's disease, 18(3), 553-564. 10.3233/JAD-2009-1163",10.3233/jad-2009-1163,NA,"Lacey, C., Paterson, T., Gawryluk, J. R., & Alzheimer’s Disease Neuroimaging Initiative. (2024). Impact of APOE-ε alleles on brain structure and cognitive function in healthy older adults: A VBM and DTI replication study. Plos one, 19(4), e0292576.",10.1371/journal.pone.0292576,10.1371/journal.pone.0292576,NA,https://drive.google.com/file/d/1ldrzAt88fRJBOsSbplqW2NG4M3-xxKlP/view?usp=drivesdk,NA,"BackgroundThe Apolipoprotein E (APOE) gene has been established in the Alzheimer’s disease (AD) literature to impact brain structure and function and may also show congruent effects in healthy older adults, although findings in this population are much less consistent. The current study aimed to replicate and expand the multimodal approach employed by Honea et al. Structural magnetic resonance imaging (MRI), diffusion tensor imaging (DTI), and neuropsychological measures were used to investigate the impact of APOE-ε status on grey matter structure, white matter integrity, and cognitive functioning.MethodsData were obtained from the Alzheimer’s Disease Initiative Phase 3 (ADNI3) database. Baseline MRI, DTI and cognitive composite scores for memory (ADNI-Mem) and executive function (ADNI-EF) were acquired from 116 healthy controls. Participants were grouped according to APOE allele presence (APOE-ε2+ N = 17, APOE-ε3ε3 N = 64, APOE-ε4+ N = 35). Voxel-based morphometry (VBM) and tract-based spatial statistics (TBSS) were used to compare grey matter volume (GMV) and white matter integrity, respectively, between APOE-ε2+ and APOE-ε3ε3 controls, and again between APOE-ε4+ and APOE-ε3ε3 controls. Multivariate analysis of covariance (MANCOVA) was used to examine the effects of APOE polymorphism on memory and EF across all APOE groups with age, sex and education as regressors of no interest. Cognitive scores were correlated (Pearson r) with imaging metrics within groups.ResultsNo significant differences were seen across groups, within groups in MRI metrics, or cognitive performance (p>0.05, corrected for multiple comparisons).ConclusionsThe current study partially replicated and extended previous findings from an earlier multimodal study (Honea 2009). Future studies should clarify APOE mechanisms in healthy ageing by adding other imaging, cognitive, and lifestyle metrics and longitudinal design in larger sample sizes.","BackgroundThe Apolipoprotein E (APOE) gene has been established in the Alzheimer’s disease (AD) literature to impact brain structure and function and may also show congruent effects in healthy older adults, although findings in this population are much less consistent. The current study aimed to replicate and expand the multimodal approach employed by Honea et al. Structural magnetic resonance imaging (MRI), diffusion tensor imaging (DTI), and neuropsychological measures were used to investigate the impact of APOE-ε status on grey matter structure, white matter integrity, and cognitive functioning.MethodsData were obtained from the Alzheimer’s Disease Initiative Phase 3 (ADNI3) database. Baseline MRI, DTI and cognitive composite scores for memory (ADNI-Mem) and executive function (ADNI-EF) were acquired from 116 healthy controls. Participants were grouped according to APOE allele presence (APOE-ε2+ N = 17, APOE-ε3ε3 N = 64, APOE-ε4+ N = 35). Voxel-based morphometry (VBM) and tract-based spatial statistics (TBSS) were used to compare grey matter volume (GMV) and white matter integrity, respectively, between APOE-ε2+ and APOE-ε3ε3 controls, and again between APOE-ε4+ and APOE-ε3ε3 controls. Multivariate analysis of covariance (MANCOVA) was used to examine the effects of APOE polymorphism on memory and EF across all APOE groups with age, sex and education as regressors of no interest. Cognitive scores were correlated (Pearson r) with imaging metrics within groups.ResultsNo significant differences were seen across groups, within groups in MRI metrics, or cognitive performance (p>0.05, corrected for multiple comparisons).ConclusionsThe current study partially replicated and extended previous findings from an earlier multimodal study (Honea 2009). Future studies should clarify APOE mechanisms in healthy ageing by adding other imaging, cognitive, and lifestyle metrics and longitudinal design in larger sample sizes.",1,,,abstract
additional_studies9,"Yiend, J., Mathews, A., Burns, T., Dutton, K., Fernández-Martín, A., Georgiou, G. A., ... & Fox, E. (2015). Mechanisms of selective attention in generalized anxiety disorder. Clinical Psychological Science, 3(5), 758-771.",10.1177/2167702614545216,NA,"MacDonald, J., Lee, S., & Wilbiks, J. (2024). Generalized anxiety disorder and selective attention: An unsuccessful replication of Yiend et al.,(2015) in a student population. Visual Cognition, 1-9.",10.1080/13506285.2024.2343157,10.1080/13506285.2024.2343157,NA,NA,NA,NA,NA,1,,,abstract
Boyce_etal2023104_1,"O'Brien, E. (2015). Mapping out past and future minds: The perceived trajectory of rationality versus emotionality over time. Journal of Experimental Psychology: General, 144(3), 624.",10.1037/xge0000064,NA,"Boyce, V., Mathur, M., & Frank, M. C. (2023). Eleven years of student replication projects provide evidence on the correlates of replicability in psychology. Royal Society Open Science, 10(11), 231240.",10.1098/rsos.231240,https://osf.io/w5vz8,https://osf.io/w5vz8,https://drive.google.com/file/d/17gaf2Zy_ljFfcAEDk5L8GBnTl5i7RGJE/view?usp=drivesdk,1,"
                    Cumulative scientific progress requires empirical results that are robust enough to support theory construction and extension. Yet in psychology, some prominent findings have failed to replicate, and large-scale studies suggest replicability issues are widespread. The identification of predictors of replication success is limited by the difficulty of conducting large samples of independent replication experiments, however: most investigations reanalyse the same set of
                    170 replications
                    . We introduce a new dataset of 176 replications from students in a graduate-level methods course. Replication results were judged to be successful in 49% of replications; of the 136 where effect sizes could be numerically compared, 46% had point estimates within the prediction interval of the original outcome (versus the expected 95%). Larger original effect sizes and within-participants designs were especially related to replication success. Our results indicate that, consistent with prior reports, the robustness of the psychology literature is low enough to limit cumulative progress by student investigators.
                  ","
                    Cumulative scientific progress requires empirical results that are robust enough to support theory construction and extension. Yet in psychology, some prominent findings have failed to replicate, and large-scale studies suggest replicability issues are widespread. The identification of predictors of replication success is limited by the difficulty of conducting large samples of independent replication experiments, however: most investigations reanalyse the same set of
                    170 replications
                    . We introduce a new dataset of 176 replications from students in a graduate-level methods course. Replication results were judged to be successful in 49% of replications; of the 136 where effect sizes could be numerically compared, 46% had point estimates within the prediction interval of the original outcome (versus the expected 95%). Larger original effect sizes and within-participants designs were especially related to replication success. Our results indicate that, consistent with prior reports, the robustness of the psychology literature is low enough to limit cumulative progress by student investigators.
                  ",6,,,abstract
Boyce_etal2023108,"Okonofua, J. A., Paunesku, D., & Walton, G. M. (2016). Brief intervention to encourage empathic discipline cuts suspension rates in half among adolescents. Proceedings of the National Academy of Sciences, 113(19), 5221-5226.",10.1073/pnas.1523698113,2,"Boyce, V., Mathur, M., & Frank, M. C. (2023). Eleven years of student replication projects provide evidence on the correlates of replicability in psychology. Royal Society Open Science, 10(11), 231240.",10.1098/rsos.231240,https://rpubs.com/rhanah/982957,https://rpubs.com/rhanah/982957,https://drive.google.com/file/d/17gaf2Zy_ljFfcAEDk5L8GBnTl5i7RGJE/view?usp=drivesdk,1,"
                    Cumulative scientific progress requires empirical results that are robust enough to support theory construction and extension. Yet in psychology, some prominent findings have failed to replicate, and large-scale studies suggest replicability issues are widespread. The identification of predictors of replication success is limited by the difficulty of conducting large samples of independent replication experiments, however: most investigations reanalyse the same set of
                    170 replications
                    . We introduce a new dataset of 176 replications from students in a graduate-level methods course. Replication results were judged to be successful in 49% of replications; of the 136 where effect sizes could be numerically compared, 46% had point estimates within the prediction interval of the original outcome (versus the expected 95%). Larger original effect sizes and within-participants designs were especially related to replication success. Our results indicate that, consistent with prior reports, the robustness of the psychology literature is low enough to limit cumulative progress by student investigators.
                  ","
                    Cumulative scientific progress requires empirical results that are robust enough to support theory construction and extension. Yet in psychology, some prominent findings have failed to replicate, and large-scale studies suggest replicability issues are widespread. The identification of predictors of replication success is limited by the difficulty of conducting large samples of independent replication experiments, however: most investigations reanalyse the same set of
                    170 replications
                    . We introduce a new dataset of 176 replications from students in a graduate-level methods course. Replication results were judged to be successful in 49% of replications; of the 136 where effect sizes could be numerically compared, 46% had point estimates within the prediction interval of the original outcome (versus the expected 95%). Larger original effect sizes and within-participants designs were especially related to replication success. Our results indicate that, consistent with prior reports, the robustness of the psychology literature is low enough to limit cumulative progress by student investigators.
                  ",6,,,abstract
Boyce_etal2023110_1,"Paxton, J. M., Ungar, L., & Greene, J. D. (2012). Reflection and reasoning in moral judgment. Cognitive science, 36(1), 163-177.",10.1111/j.1551-6709.2011.01210.x,1,"Boyce, V., Mathur, M., & Frank, M. C. (2023). Eleven years of student replication projects provide evidence on the correlates of replicability in psychology. Royal Society Open Science, 10(11), 231240.",10.1098/rsos.231240,https://rstudio-pubs-static.s3.amazonaws.com/1178341_5e2ac8c976274f5fb6532dee0d9982c6.html,https://rstudio-pubs-static.s3.amazonaws.com/1178341_5e2ac8c976274f5fb6532dee0d9982c6.html,https://drive.google.com/file/d/17gaf2Zy_ljFfcAEDk5L8GBnTl5i7RGJE/view?usp=drivesdk,NA,"
                    Cumulative scientific progress requires empirical results that are robust enough to support theory construction and extension. Yet in psychology, some prominent findings have failed to replicate, and large-scale studies suggest replicability issues are widespread. The identification of predictors of replication success is limited by the difficulty of conducting large samples of independent replication experiments, however: most investigations reanalyse the same set of
                    170 replications
                    . We introduce a new dataset of 176 replications from students in a graduate-level methods course. Replication results were judged to be successful in 49% of replications; of the 136 where effect sizes could be numerically compared, 46% had point estimates within the prediction interval of the original outcome (versus the expected 95%). Larger original effect sizes and within-participants designs were especially related to replication success. Our results indicate that, consistent with prior reports, the robustness of the psychology literature is low enough to limit cumulative progress by student investigators.
                  ","
                    Cumulative scientific progress requires empirical results that are robust enough to support theory construction and extension. Yet in psychology, some prominent findings have failed to replicate, and large-scale studies suggest replicability issues are widespread. The identification of predictors of replication success is limited by the difficulty of conducting large samples of independent replication experiments, however: most investigations reanalyse the same set of
                    170 replications
                    . We introduce a new dataset of 176 replications from students in a graduate-level methods course. Replication results were judged to be successful in 49% of replications; of the 136 where effect sizes could be numerically compared, 46% had point estimates within the prediction interval of the original outcome (versus the expected 95%). Larger original effect sizes and within-participants designs were especially related to replication success. Our results indicate that, consistent with prior reports, the robustness of the psychology literature is low enough to limit cumulative progress by student investigators.
                  ",6,,,abstract
Boyce_etal2023113,"Petersen, M. B. (2017). Healthy out-group members are represented psychologically as infected in-group members. Psychological Science, 28(12), 1857-1863.",10.1177/0956797617728270,1,"Boyce, V., Mathur, M., & Frank, M. C. (2023). Eleven years of student replication projects provide evidence on the correlates of replicability in psychology. Royal Society Open Science, 10(11), 231240.",10.1098/rsos.231240,https://rpubs.com/kl2018/432454,https://rpubs.com/kl2018/432454,https://drive.google.com/file/d/17gaf2Zy_ljFfcAEDk5L8GBnTl5i7RGJE/view?usp=drivesdk,1,"
                    Cumulative scientific progress requires empirical results that are robust enough to support theory construction and extension. Yet in psychology, some prominent findings have failed to replicate, and large-scale studies suggest replicability issues are widespread. The identification of predictors of replication success is limited by the difficulty of conducting large samples of independent replication experiments, however: most investigations reanalyse the same set of
                    170 replications
                    . We introduce a new dataset of 176 replications from students in a graduate-level methods course. Replication results were judged to be successful in 49% of replications; of the 136 where effect sizes could be numerically compared, 46% had point estimates within the prediction interval of the original outcome (versus the expected 95%). Larger original effect sizes and within-participants designs were especially related to replication success. Our results indicate that, consistent with prior reports, the robustness of the psychology literature is low enough to limit cumulative progress by student investigators.
                  ","
                    Cumulative scientific progress requires empirical results that are robust enough to support theory construction and extension. Yet in psychology, some prominent findings have failed to replicate, and large-scale studies suggest replicability issues are widespread. The identification of predictors of replication success is limited by the difficulty of conducting large samples of independent replication experiments, however: most investigations reanalyse the same set of
                    170 replications
                    . We introduce a new dataset of 176 replications from students in a graduate-level methods course. Replication results were judged to be successful in 49% of replications; of the 136 where effect sizes could be numerically compared, 46% had point estimates within the prediction interval of the original outcome (versus the expected 95%). Larger original effect sizes and within-participants designs were especially related to replication success. Our results indicate that, consistent with prior reports, the robustness of the psychology literature is low enough to limit cumulative progress by student investigators.
                  ",6,,,abstract
Boyce_etal2023172_1,"Yousif, S. R., Aboody, R., & Keil, F. C. (2019). The illusion of consensus: A failure to distinguish between true and false consensus. Psychological Science, 30(8), 1195-1204.",10.1177/0956797619856844,NA,"Boyce, V., Mathur, M., & Frank, M. C. (2023). Eleven years of student replication projects provide evidence on the correlates of replicability in psychology. Royal Society Open Science, 10(11), 231240.",10.1098/rsos.231240,http://rpubs.com/ayodeledada/559724,http://rpubs.com/ayodeledada/559724,https://drive.google.com/file/d/17gaf2Zy_ljFfcAEDk5L8GBnTl5i7RGJE/view?usp=drivesdk,1,"
                    Cumulative scientific progress requires empirical results that are robust enough to support theory construction and extension. Yet in psychology, some prominent findings have failed to replicate, and large-scale studies suggest replicability issues are widespread. The identification of predictors of replication success is limited by the difficulty of conducting large samples of independent replication experiments, however: most investigations reanalyse the same set of
                    170 replications
                    . We introduce a new dataset of 176 replications from students in a graduate-level methods course. Replication results were judged to be successful in 49% of replications; of the 136 where effect sizes could be numerically compared, 46% had point estimates within the prediction interval of the original outcome (versus the expected 95%). Larger original effect sizes and within-participants designs were especially related to replication success. Our results indicate that, consistent with prior reports, the robustness of the psychology literature is low enough to limit cumulative progress by student investigators.
                  ","
                    Cumulative scientific progress requires empirical results that are robust enough to support theory construction and extension. Yet in psychology, some prominent findings have failed to replicate, and large-scale studies suggest replicability issues are widespread. The identification of predictors of replication success is limited by the difficulty of conducting large samples of independent replication experiments, however: most investigations reanalyse the same set of
                    170 replications
                    . We introduce a new dataset of 176 replications from students in a graduate-level methods course. Replication results were judged to be successful in 49% of replications; of the 136 where effect sizes could be numerically compared, 46% had point estimates within the prediction interval of the original outcome (versus the expected 95%). Larger original effect sizes and within-participants designs were especially related to replication success. Our results indicate that, consistent with prior reports, the robustness of the psychology literature is low enough to limit cumulative progress by student investigators.
                  ",6,,,abstract
Boyce_etal2023173_1,"Zangger, C., & Widmer, J. (2020). Choosing what is best for one’s children? Experimental evidence on parents’ responsiveness to childcare subsidies and their preferences for different childcare arrangements. Early childhood research quarterly, 51, 110-123.",10.1016/j.ecresq.2019.10.004,1,"Boyce, V., Mathur, M., & Frank, M. C. (2023). Eleven years of student replication projects provide evidence on the correlates of replicability in psychology. Royal Society Open Science, 10(11), 231240.",10.1098/rsos.231240,https://rstudio-pubs-static.s3.amazonaws.com/960761_d9b8d67ca3454d3db5b0023e3b583df6.html,https://rstudio-pubs-static.s3.amazonaws.com/960761_d9b8d67ca3454d3db5b0023e3b583df6.html,https://drive.google.com/file/d/17gaf2Zy_ljFfcAEDk5L8GBnTl5i7RGJE/view?usp=drivesdk,1,"
                    Cumulative scientific progress requires empirical results that are robust enough to support theory construction and extension. Yet in psychology, some prominent findings have failed to replicate, and large-scale studies suggest replicability issues are widespread. The identification of predictors of replication success is limited by the difficulty of conducting large samples of independent replication experiments, however: most investigations reanalyse the same set of
                    170 replications
                    . We introduce a new dataset of 176 replications from students in a graduate-level methods course. Replication results were judged to be successful in 49% of replications; of the 136 where effect sizes could be numerically compared, 46% had point estimates within the prediction interval of the original outcome (versus the expected 95%). Larger original effect sizes and within-participants designs were especially related to replication success. Our results indicate that, consistent with prior reports, the robustness of the psychology literature is low enough to limit cumulative progress by student investigators.
                  ","
                    Cumulative scientific progress requires empirical results that are robust enough to support theory construction and extension. Yet in psychology, some prominent findings have failed to replicate, and large-scale studies suggest replicability issues are widespread. The identification of predictors of replication success is limited by the difficulty of conducting large samples of independent replication experiments, however: most investigations reanalyse the same set of
                    170 replications
                    . We introduce a new dataset of 176 replications from students in a graduate-level methods course. Replication results were judged to be successful in 49% of replications; of the 136 where effect sizes could be numerically compared, 46% had point estimates within the prediction interval of the original outcome (versus the expected 95%). Larger original effect sizes and within-participants designs were especially related to replication success. Our results indicate that, consistent with prior reports, the robustness of the psychology literature is low enough to limit cumulative progress by student investigators.
                  ",6,,,abstract
CORE_1,"Kruger, J. (1999). Lake Wobegon be gone! The ""below-average effect"" and the egocentric nature of comparative ability judgments. Journal of Personality and Social Psychology, 77(2), 221–232.",10.1037/0022-3514.77.2.221,NA,"Korbmacher, M., Kwan, C. I., & Feldman, G. (2022). Both better and worse than others depending on difficulty: Replication and extensions of Kruger’s (1999) above and below average effects. https://hdl.handle.net/11250/2990125",korbmacher_2022,https://hdl.handle.net/11250/2990125,https://hdl.handle.net/11250/2990125,https://drive.google.com/file/d/1Pa04ha1QPdwzQRxkAmjcqeTTakxa_4-A/view?usp=drivesdk,1,NA,NA,1,,,abstract
Manylabs2_04_1,"Knobe, J. (2003). Intentional action and side effects in ordinary language. Analysis, 63(3), 190-194. Study 1",10.1093/analys/63.3.190,1,"Klein, R. A., Vianello, M., Hasselman, F., Adams, B. G., Adams Jr, R. B., Alper, S., ... & Sowden, W. (2018). Many Labs 2: Investigating variation in replicability across samples and settings. Advances in Methods and Practices in Psychological Science, 1(4), 443-490.",10.1177/2515245918810225,10.1177/2515245918810225,NA,https://drive.google.com/file/d/1rGqHLpg3OEGQnWLvlAEJr7JSMWJ2p-Ar/view?usp=drivesdk,5,"We conducted preregistered replications of 28 classic and contemporary published findings, with protocols that were peer reviewed in advance, to examine variation in effect magnitudes across samples and settings. Each protocol was administered to approximately half of 125 samples that comprised 15,305 participants from 36 countries and territories. Using the conventional criterion of statistical significance ( p < .05), we found that 15 (54%) of the replications provided evidence of a statistically significant effect in the same direction as the original finding. With a strict significance criterion ( p < .0001), 14 (50%) of the replications still provided such evidence, a reflection of the extremely high-powered design. Seven (25%) of the replications yielded effect sizes larger than the original ones, and 21 (75%) yielded effect sizes smaller than the original ones. The median comparable Cohen’s ds were 0.60 for the original findings and 0.15 for the replications. The effect sizes were small (< 0.20) in 16 of the replications (57%), and 9 effects (32%) were in the direction opposite the direction of the original effect. Across settings, the Q statistic indicated significant heterogeneity in 11 (39%) of the replication effects, and most of those were among the findings with the largest overall effect sizes; only 1 effect that was near zero in the aggregate showed significant heterogeneity according to this measure. Only 1 effect had a tau value greater than .20, an indication of moderate heterogeneity. Eight others had tau values near or slightly above .10, an indication of slight heterogeneity. Moderation tests indicated that very little heterogeneity was attributable to the order in which the tasks were performed or whether the tasks were administered in lab versus online. Exploratory comparisons revealed little heterogeneity between Western, educated, industrialized, rich, and democratic (WEIRD) cultures and less WEIRD cultures (i.e., cultures with relatively high and low WEIRDness scores, respectively). Cumulatively, variability in the observed effect sizes was attributable more to the effect being studied than to the sample or setting in which it was studied.","We conducted preregistered replications of 28 classic and contemporary published findings, with protocols that were peer reviewed in advance, to examine variation in effect magnitudes across samples and settings. Each protocol was administered to approximately half of 125 samples that comprised 15,305 participants from 36 countries and territories. Using the conventional criterion of statistical significance ( p < .05), we found that 15 (54%) of the replications provided evidence of a statistically significant effect in the same direction as the original finding. With a strict significance criterion ( p < .0001), 14 (50%) of the replications still provided such evidence, a reflection of the extremely high-powered design. Seven (25%) of the replications yielded effect sizes larger than the original ones, and 21 (75%) yielded effect sizes smaller than the original ones. The median comparable Cohen’s ds were 0.60 for the original findings and 0.15 for the replications. The effect sizes were small (< 0.20) in 16 of the replications (57%), and 9 effects (32%) were in the direction opposite the direction of the original effect. Across settings, the Q statistic indicated significant heterogeneity in 11 (39%) of the replication effects, and most of those were among the findings with the largest overall effect sizes; only 1 effect that was near zero in the aggregate showed significant heterogeneity according to this measure. Only 1 effect had a tau value greater than .20, an indication of moderate heterogeneity. Eight others had tau values near or slightly above .10, an indication of slight heterogeneity. Moderation tests indicated that very little heterogeneity was attributable to the order in which the tasks were performed or whether the tasks were administered in lab versus online. Exploratory comparisons revealed little heterogeneity between Western, educated, industrialized, rich, and democratic (WEIRD) cultures and less WEIRD cultures (i.e., cultures with relatively high and low WEIRDness scores, respectively). Cumulatively, variability in the observed effect sizes was attributable more to the effect being studied than to the sample or setting in which it was studied.",2,,,abstract
Manylabs2_18_1,"Tversky, A., & Gati, I. (1978). Studies of similarity. Cognition and Categorization, 1, 79–98. Study 2",10.4324/9781032633275-7,2,"Klein, R. A., Vianello, M., Hasselman, F., Adams, B. G., Adams Jr, R. B., Alper, S., ... & Sowden, W. (2018). Many Labs 2: Investigating variation in replicability across samples and settings. Advances in Methods and Practices in Psychological Science, 1(4), 443-490.",10.1177/2515245918810225,10.1177/2515245918810225,NA,https://drive.google.com/file/d/1rGqHLpg3OEGQnWLvlAEJr7JSMWJ2p-Ar/view?usp=drivesdk,22,"We conducted preregistered replications of 28 classic and contemporary published findings, with protocols that were peer reviewed in advance, to examine variation in effect magnitudes across samples and settings. Each protocol was administered to approximately half of 125 samples that comprised 15,305 participants from 36 countries and territories. Using the conventional criterion of statistical significance ( p < .05), we found that 15 (54%) of the replications provided evidence of a statistically significant effect in the same direction as the original finding. With a strict significance criterion ( p < .0001), 14 (50%) of the replications still provided such evidence, a reflection of the extremely high-powered design. Seven (25%) of the replications yielded effect sizes larger than the original ones, and 21 (75%) yielded effect sizes smaller than the original ones. The median comparable Cohen’s ds were 0.60 for the original findings and 0.15 for the replications. The effect sizes were small (< 0.20) in 16 of the replications (57%), and 9 effects (32%) were in the direction opposite the direction of the original effect. Across settings, the Q statistic indicated significant heterogeneity in 11 (39%) of the replication effects, and most of those were among the findings with the largest overall effect sizes; only 1 effect that was near zero in the aggregate showed significant heterogeneity according to this measure. Only 1 effect had a tau value greater than .20, an indication of moderate heterogeneity. Eight others had tau values near or slightly above .10, an indication of slight heterogeneity. Moderation tests indicated that very little heterogeneity was attributable to the order in which the tasks were performed or whether the tasks were administered in lab versus online. Exploratory comparisons revealed little heterogeneity between Western, educated, industrialized, rich, and democratic (WEIRD) cultures and less WEIRD cultures (i.e., cultures with relatively high and low WEIRDness scores, respectively). Cumulatively, variability in the observed effect sizes was attributable more to the effect being studied than to the sample or setting in which it was studied.","We conducted preregistered replications of 28 classic and contemporary published findings, with protocols that were peer reviewed in advance, to examine variation in effect magnitudes across samples and settings. Each protocol was administered to approximately half of 125 samples that comprised 15,305 participants from 36 countries and territories. Using the conventional criterion of statistical significance ( p < .05), we found that 15 (54%) of the replications provided evidence of a statistically significant effect in the same direction as the original finding. With a strict significance criterion ( p < .0001), 14 (50%) of the replications still provided such evidence, a reflection of the extremely high-powered design. Seven (25%) of the replications yielded effect sizes larger than the original ones, and 21 (75%) yielded effect sizes smaller than the original ones. The median comparable Cohen’s ds were 0.60 for the original findings and 0.15 for the replications. The effect sizes were small (< 0.20) in 16 of the replications (57%), and 9 effects (32%) were in the direction opposite the direction of the original effect. Across settings, the Q statistic indicated significant heterogeneity in 11 (39%) of the replication effects, and most of those were among the findings with the largest overall effect sizes; only 1 effect that was near zero in the aggregate showed significant heterogeneity according to this measure. Only 1 effect had a tau value greater than .20, an indication of moderate heterogeneity. Eight others had tau values near or slightly above .10, an indication of slight heterogeneity. Moderation tests indicated that very little heterogeneity was attributable to the order in which the tasks were performed or whether the tasks were administered in lab versus online. Exploratory comparisons revealed little heterogeneity between Western, educated, industrialized, rich, and democratic (WEIRD) cultures and less WEIRD cultures (i.e., cultures with relatively high and low WEIRDness scores, respectively). Cumulatively, variability in the observed effect sizes was attributable more to the effect being studied than to the sample or setting in which it was studied.",2,,,abstract
svodevelopment2_4a,"Van Lange, P. A. M., De Bruin, E., Otten, W., & Joireman, J. A. (1997). Development of prosocial, individualistic, and competitive orientations: Theory and preliminary evidence. Journal of Personality and Social Psychology, 73(4), 733–746. Study 3",10.1037/0022-3514.73.4.733,4,"Liu, Y., Wang, B., & Van Lange, P. a. M. (2022). The development of social value orientation: Attachment styles, number of siblings, age, and a comparison of measures. European Journal of Personality, 37(4), 402–417.",10.1177/08902070221094216,10.1177/08902070221094216,NA,https://drive.google.com/file/d/1hYNUJrx3yjyMoTgcG7Qz4pix-8ruWFMC/view?usp=drivesdk,combined,"Nearly 25 years ago, four studies examined the development of social value orientation (SVO) and uncovered that SVO was related to specific and general adult attachment, the number of siblings, and age. However, some of these findings have been challenged by two recent replication studies. The present (pre-registered) research extends these replication studies and the original research by using multiple measurements of both SVO and adult attachment on two large samples that allowed us to detect small effect sizes. With online samples ( N = 1446 and 2644) from MTurk and Prolific, we replicated earlier findings that prosociality was associated with a greater level of secure attachment and a lower level of avoidant attachment. Moreover, prosociality was positively related to the number of siblings, especially sisters, as discovered by Study 3 of the original study. However, we failed to replicate the significant relation between SVO and age. Generally, we conclude that prosocial orientation is associated—even if modestly—with secure and avoidant attachment and the number of siblings, but the link with age is a question open to future investigation.","Nearly 25 years ago, four studies examined the development of social value orientation (SVO) and uncovered that SVO was related to specific and general adult attachment, the number of siblings, and age. However, some of these findings have been challenged by two recent replication studies. The present (pre-registered) research extends these replication studies and the original research by using multiple measurements of both SVO and adult attachment on two large samples that allowed us to detect small effect sizes. With online samples ( N = 1446 and 2644) from MTurk and Prolific, we replicated earlier findings that prosociality was associated with a greater level of secure attachment and a lower level of avoidant attachment. Moreover, prosociality was positively related to the number of siblings, especially sisters, as discovered by Study 3 of the original study. However, we failed to replicate the significant relation between SVO and age. Generally, we conclude that prosocial orientation is associated—even if modestly—with secure and avoidant attachment and the number of siblings, but the link with age is a question open to future investigation.",1,,,abstract
XPHI2,"Knobe, J. (2003). Intentional action in folk psychology: An experimental investigation. Philosophical Psychology, 16(2), 309-324.",10.1080/09515080307771,1,"Cova, F., Strickland, B., Abatista, A., Allard, A., Andow, J., Attie, M., ... & Zhou, X. (2021). Estimating the reproducibility of experimental philosophy. Review of Philosophy and Psychology, 12, 9-44.",10.1007/s13164-018-0400-9,https://osf.io/c8tew,https://osf.io/c8tew,https://drive.google.com/file/d/1hjI3aqifdfXjWhQAlvKCKKtvjuncAn5M/view?usp=drivesdk,NA,NA,NA,6,,,abstract
XPHI23,"De Brigard, F. (2010). If you like it, does it matter if it's real?. Philosophical Psychology, 23(1), 43-57.",10.1080/09515080903532290,1,"Cova, F., Strickland, B., Abatista, A., Allard, A., Andow, J., Attie, M., ... & Zhou, X. (2021). Estimating the reproducibility of experimental philosophy. Review of Philosophy and Psychology, 12, 9-44.",10.1007/s13164-018-0400-9,https://osf.io/cvuwy/,https://osf.io/cvuwy/,https://drive.google.com/file/d/1hjI3aqifdfXjWhQAlvKCKKtvjuncAn5M/view?usp=drivesdk,23,NA,NA,6,,,abstract
soscisubmission71,"Wu, S.-L., & Ortega, L. (2013). Measuring global oral proficiency in SLA research: A new elicited imitation test of L2 Chinese. Foreign Language Annals, 46(4), 680-704.",10.1111/flan.12063,NA,"McManus, K., & Liu, Y. (2022). Using elicited imitation to measure global oral proficiency in SLA research: A close replication study. Language Teaching, 55(1), 116-135.",10.1017/s026144482000021x,10.1017/s026144482000021x,NA,https://drive.google.com/file/d/1nVUA1RBik6M2hcwtK79Vsh6Pw_dxLn8h/view?usp=drivesdk,NA,"AbstractWe closely replicated Wu and Ortega (2013), who found that an elicited imitation test (EIT) reliably distinguished low-level from high-level language abilities among instructed second language (L2) learners of Mandarin Chinese. The original study sampled learners (1) from second-level courses to represent low-level language abilities and (2) from third-, fourth- and graduate-level courses to represent high-level language abilities. Results showed high-level learners outperformed low-level learners on the Mandarin EIT. Our close replication used Wu and Ortega's (2013) materials and procedures in order to understand (1) the extent to which this EIT can additionally distinguish between finer-grained language abilities and (2) the ways in which the broad grouping of language abilities in the high group may have contributed to the findings. Sixty-five instructed L2 learners from four instructional levels were assigned to one of three groups: Beginner (first-level courses), Low (second-level courses), High (third- and fourth-level courses). Consistent with the original study, our results showed clear between-group differences, indicating that the EIT can distinguish between both broad (beginner vs high) and finer-grained (beginner vs low, low vs high) language abilities. These results are discussed in light of the original study's findings with implications for proficiency assessment in second language acquisition (SLA) research.","AbstractWe closely replicated Wu and Ortega (2013), who found that an elicited imitation test (EIT) reliably distinguished low-level from high-level language abilities among instructed second language (L2) learners of Mandarin Chinese. The original study sampled learners (1) from second-level courses to represent low-level language abilities and (2) from third-, fourth- and graduate-level courses to represent high-level language abilities. Results showed high-level learners outperformed low-level learners on the Mandarin EIT. Our close replication used Wu and Ortega's (2013) materials and procedures in order to understand (1) the extent to which this EIT can additionally distinguish between finer-grained language abilities and (2) the ways in which the broad grouping of language abilities in the high group may have contributed to the findings. Sixty-five instructed L2 learners from four instructional levels were assigned to one of three groups: Beginner (first-level courses), Low (second-level courses), High (third- and fourth-level courses). Consistent with the original study, our results showed clear between-group differences, indicating that the EIT can distinguish between both broad (beginner vs high) and finer-grained (beginner vs low, low vs high) language abilities. These results are discussed in light of the original study's findings with implications for proficiency assessment in second language acquisition (SLA) research.",1,,,abstract
CORE_70,"Pronin et al, 2002, The Bias Blind Spot: Perceptions of Bias in Self Versus Others",10.1177/0146167202286008,NA,"Chandrashekar, S., Yeung, S., Yau, K., Cheung, C., Agarwal, T., Wong, C., . . . Feldman, G. (2021). Agency and self-other asymmetries in perceived bias and shortcomings: Replications of the Bias Blind Spot and link to free will beliefs. Judgment and Decision Making, 16(6), 1392-1412.",10.1017/s1930297500008470,10.1017/s1930297500008470,NA,https://drive.google.com/file/d/1to80T71Y9i6WJ0JPLv5eu4jV5Hm38qQ7/view?usp=drivesdk,Study 1 Survey 2,"Abstract
                    Bias Blind Spot (BBS) is the phenomenon that people tend to perceive themselves as less susceptible to biases than others. In three pre-registered experiments (overall N = 969), we replicated two experiments of the first demonstration of the phenomenon by Pronin et al. (2002). We found support of the BBS hypotheses, with effects in line with findings in the original study: Participants rated themselves as less susceptible to biases than others (
                    d
                    = –1.00 [–1.33, –0.67]). Deviating from the original, we found an unexpected effect that participants rated themselves as having fewer shortcomings (
                    d
                    = –0.34 [–0.46, –0.23]), though there was support for the target’s main premise that BBS was stronger for biases than for shortcomings (
                    d
                    = –0.43 [–0.56, –0.29]). Extending the replications, we found that beliefs in own free will were positively associated with BBS (r ∼ 0.17–0.22) and that beliefs in both own and general free will were positively associated with self-other asymmetry related to personal shortcomings (
                    r
                    ∼ 0.16–0.24). Materials, datasets, and code are available on https://osf.io/3df5s/.
                  ","Abstract
                    Bias Blind Spot (BBS) is the phenomenon that people tend to perceive themselves as less susceptible to biases than others. In three pre-registered experiments (overall N = 969), we replicated two experiments of the first demonstration of the phenomenon by Pronin et al. (2002). We found support of the BBS hypotheses, with effects in line with findings in the original study: Participants rated themselves as less susceptible to biases than others (
                    d
                    = –1.00 [–1.33, –0.67]). Deviating from the original, we found an unexpected effect that participants rated themselves as having fewer shortcomings (
                    d
                    = –0.34 [–0.46, –0.23]), though there was support for the target’s main premise that BBS was stronger for biases than for shortcomings (
                    d
                    = –0.43 [–0.56, –0.29]). Extending the replications, we found that beliefs in own free will were positively associated with BBS (r ∼ 0.17–0.22) and that beliefs in both own and general free will were positively associated with self-other asymmetry related to personal shortcomings (
                    r
                    ∼ 0.16–0.24). Materials, datasets, and code are available on https://osf.io/3df5s/.
                  ",1,,,abstract
CORE_70,"Pronin et al, 2002, The Bias Blind Spot: Perceptions of Bias in Self Versus Others",10.1177/0146167202286008,NA,"Chandrashekar, S., Yeung, S., Yau, K., Cheung, C., Agarwal, T., Wong, C., . . . Feldman, G. (2021). Agency and self-other asymmetries in perceived bias and shortcomings: Replications of the Bias Blind Spot and link to free will beliefs. Judgment and Decision Making, 16(6), 1392-1412.",10.1017/s1930297500008470,10.1017/s1930297500008470,NA,https://drive.google.com/file/d/1to80T71Y9i6WJ0JPLv5eu4jV5Hm38qQ7/view?usp=drivesdk,2,"Abstract
                    Bias Blind Spot (BBS) is the phenomenon that people tend to perceive themselves as less susceptible to biases than others. In three pre-registered experiments (overall N = 969), we replicated two experiments of the first demonstration of the phenomenon by Pronin et al. (2002). We found support of the BBS hypotheses, with effects in line with findings in the original study: Participants rated themselves as less susceptible to biases than others (
                    d
                    = –1.00 [–1.33, –0.67]). Deviating from the original, we found an unexpected effect that participants rated themselves as having fewer shortcomings (
                    d
                    = –0.34 [–0.46, –0.23]), though there was support for the target’s main premise that BBS was stronger for biases than for shortcomings (
                    d
                    = –0.43 [–0.56, –0.29]). Extending the replications, we found that beliefs in own free will were positively associated with BBS (r ∼ 0.17–0.22) and that beliefs in both own and general free will were positively associated with self-other asymmetry related to personal shortcomings (
                    r
                    ∼ 0.16–0.24). Materials, datasets, and code are available on https://osf.io/3df5s/.
                  ","Abstract
                    Bias Blind Spot (BBS) is the phenomenon that people tend to perceive themselves as less susceptible to biases than others. In three pre-registered experiments (overall N = 969), we replicated two experiments of the first demonstration of the phenomenon by Pronin et al. (2002). We found support of the BBS hypotheses, with effects in line with findings in the original study: Participants rated themselves as less susceptible to biases than others (
                    d
                    = –1.00 [–1.33, –0.67]). Deviating from the original, we found an unexpected effect that participants rated themselves as having fewer shortcomings (
                    d
                    = –0.34 [–0.46, –0.23]), though there was support for the target’s main premise that BBS was stronger for biases than for shortcomings (
                    d
                    = –0.43 [–0.56, –0.29]). Extending the replications, we found that beliefs in own free will were positively associated with BBS (r ∼ 0.17–0.22) and that beliefs in both own and general free will were positively associated with self-other asymmetry related to personal shortcomings (
                    r
                    ∼ 0.16–0.24). Materials, datasets, and code are available on https://osf.io/3df5s/.
                  ",1,,,abstract
add,"Boyce, C. J., Wood, A. M., Daly, M., & Sedikides, C. (2015). Personality change following unemployment. Journal of Applied Psychology, 100(4), 991.",10.1037/a0038647,1,"Gnambs, T., & Stiglbauer, B. (2019). No personality change following unemployment: A registered replication of Boyce, Wood, Daly, and Sedikides (2015). JOURNAL MISSING.",10.31234/osf.io/3bhja,10.31234/osf.io/3bhja,NA,NA,1,NA,NA,1,,,abstract
av_129,"Ert, E., Fleischer, A., & Magen, N. (2016). Trust and reputation in the sharing economy: The role of personal photos in Airbnb. Tourism Management, 55, 62–73.",10.1016/j.tourman.2016.01.013,1,"Jaeger, B., Sleegers, W. W. A., Evans, A. M., Stel, M., & van Beest, I. (2019). The effects of facial attractiveness and trustworthiness in online peer-to-peer markets. Journal of Economic Psychology, 75, 102125.",10.1016/j.joep.2018.11.004,10.1016/j.joep.2018.11.004,NA,https://drive.google.com/file/d/1jU4WVLVIMVjLbndmd1oIglQw1NjeWuN8/view?usp=drivesdk,1,NA,NA,2,,,abstract
av_136,"McCrink, K., Bloom, P., & Santos, L. R. (2010). Children’s and adults’ judgments of equitable resource distributions. Developmental Science, 13, 37– 45.",10.1111/j.1467-7687.2009.00859.x,1,"Ng, R., Heyman, G. D., & Barner, D. (2011). Collaboration promotes proportional reasoning about resource distribution in young children. Developmental Psychology, 47(5), 1230–1238.",10.1037/a0024923,10.1037/a0024923,NA,https://drive.google.com/file/d/13pqSs0UYFvLdiEJKx3meLSOT91LeUSuh/view?usp=drivesdk,1,NA,NA,1,,,abstract
av_139,"Custance, D., & Mayer, J. (2012). Empathic-like responding by domestic dogs (Canis familiaris) to distress in humans: An exploratory study. Animal Cognition, 15, 851– 859. 0510-1",10.1007/s10071-012-0510-1,1,"Meyers-Manor, J. E., & Botten, M. L. (2020). A shoulder to cry on: Heart rate variability and empathetic behavioral responses to crying and laughing in dogs. Canadian Journal of Experimental Psychology / Revue Canadienne de Psychologie Expérimentale, 74(3), 235–243.",10.1037/cep0000225,10.1037/cep0000225,NA,https://drive.google.com/file/d/1uU-gCjIDWi8WD9XqUkSZVmwfEbyUznW8/view?usp=drivesdk,1,NA,NA,1,,,abstract
av_140,"Burlingame, G. M., Whitcomb, K. E., Woodland, S. C., Olsen, J. A., Beecher, M., & Gleave, R. (2018). The effects of relationship and progress feedback in group psychotherapy using the Group Questionnaire and Outcome Questionnaire-45: A randomized clinical trial. Psychotherapy: Theory, Research, & Practice, 55, 116–131. http://dx.doi .org/10.1037/pst0000133",10.1037/pst0000133,1,"Alldredge, C., Burlingame, G., Olsen, J., & Van Epps, J. (2020). Outcome Questionnaire-45 (OQ-45) progress alert rates in group versus individual treatment: An archival replication. Group Dynamics: Theory, Research, and Practice, 24(4), 247–260.",10.1037/gdn0000121,10.1037/gdn0000121,NA,https://drive.google.com/file/d/1GXFYL_KXrCpINA-p_KVupwToPo9ENZoH/view?usp=drivesdk,1,NA,NA,1,,,abstract
av_187,"Guagnano, D., Rusconi, E., & Umilta, C. A. (2010). Sharing a task ` or sharing space? On the effect of the confederate in action coding in a detection task. Cognition, 114, 348–355.",10.1016/j.cognition.2009.10.008,2a,"Welsh, T. N., Kiernan, D., Neyedli, H. F., Ray, M., Pratt, J., Potruff, A., & Weeks, D. J. (2013). Joint Simon Effects in Extrapersonal Space. Journal of Motor Behavior, 45(1), 1–5.",10.1080/00222895.2012.746635,10.1080/00222895.2012.746635,NA,https://drive.google.com/file/d/1uH-moXpKZkoW06G-uMIqMrMsOgICxhxK/view?usp=drivesdk,2A from O is replicated in R,NA,NA,1,,,abstract
av_190,"Adcock, R. A., Thangavel, A., Whitfield-Gabrieli, S., Knutson, B., & Gabrieli, J. D. (2006). Reward-motivated learning: Mesolimbic activation precedes memory formation. Neuron, 50, 507–517.",10.1016/j.neuron.2006.03.036,NA,"Spaniol, J., Schain, C., & Bowen, H. J. (2013). Reward-Enhanced Memory in Younger and Older Adults. The Journals of Gerontology Series B: Psychological Sciences and Social Sciences, 69(5), 730–740.",10.1093/geronb/gbt044,10.1093/geronb/gbt044,NA,https://drive.google.com/file/d/1aNzKHnUJIxhkPSrHpYsD3L4dSNXQ-vB-/view?usp=drivesdk,NA,NA,NA,1,,,abstract
av_191,"Payne, B. K., Cheng, C. M., Govorun, O., & Stewart, B. D. (2005). An inkblot for attitudes: Affect misattribution as implicit measurement. Journal of Personality and Social Psychology, 89, 277.",10.1037/0022-3514.89.3.277,1,"Hazlett, C. J., & Berinsky, A. J. (2017). Stress‐testing the affect misattribution procedure: Heterogeneous control of affect misattribution procedure effects under incentives. British Journal of Social Psychology, 57(1), 61–74. Portico.",10.1111/bjso.12217,10.1111/bjso.12217,NA,https://drive.google.com/file/d/1xrLs1VeE6z1N0rhUYb4xMyLvV1mRyn-h/view?usp=drivesdk,NA,"
                    The affect misattribution procedure (
                    AMP
                    ) is widely used to measure sensitive attitudes towards classes of stimuli, by estimating the effect that affectively charged prime images have on subsequent judgements of neutral target images. We test its resistance to efforts to conceal one's attitudes, by replicating the standard
                    AMP
                    design while offering small incentives to conceal attitudes towards the prime images. We find that although the average
                    AMP
                    effect remains positive, it decreases significantly in magnitude. Moreover, this reduction in the mean
                    AMP
                    effect under incentives masks large heterogeneity: one subset of individuals continues to experience the ‘full’
                    AMP
                    effect, while another reduces their effect to approximately zero. The
                    AMP
                    thus appears to be resistant to efforts to conceal one's attitudes for some individuals but is highly controllable for others. We further find that those individuals with high self‐reported effort to avoid the influence of the prime are more often able to eliminate their
                    AMP
                    effect. We conclude by discussing possible mechanisms.
                  ","
                    The affect misattribution procedure (
                    AMP
                    ) is widely used to measure sensitive attitudes towards classes of stimuli, by estimating the effect that affectively charged prime images have on subsequent judgements of neutral target images. We test its resistance to efforts to conceal one's attitudes, by replicating the standard
                    AMP
                    design while offering small incentives to conceal attitudes towards the prime images. We find that although the average
                    AMP
                    effect remains positive, it decreases significantly in magnitude. Moreover, this reduction in the mean
                    AMP
                    effect under incentives masks large heterogeneity: one subset of individuals continues to experience the ‘full’
                    AMP
                    effect, while another reduces their effect to approximately zero. The
                    AMP
                    thus appears to be resistant to efforts to conceal one's attitudes for some individuals but is highly controllable for others. We further find that those individuals with high self‐reported effort to avoid the influence of the prime are more often able to eliminate their
                    AMP
                    effect. We conclude by discussing possible mechanisms.
                  ",1,,,abstract
av_191,"Payne, B. K., Cheng, C. M., Govorun, O., & Stewart, B. D. (2005). An inkblot for attitudes: Affect misattribution as implicit measurement. Journal of Personality and Social Psychology, 89, 277.",10.1037/0022-3514.89.3.277,2,"Hazlett, C. J., & Berinsky, A. J. (2017). Stress‐testing the affect misattribution procedure: Heterogeneous control of affect misattribution procedure effects under incentives. British Journal of Social Psychology, 57(1), 61–74. Portico.",10.1111/bjso.12217,10.1111/bjso.12217,NA,https://drive.google.com/file/d/1xrLs1VeE6z1N0rhUYb4xMyLvV1mRyn-h/view?usp=drivesdk,NA,"
                    The affect misattribution procedure (
                    AMP
                    ) is widely used to measure sensitive attitudes towards classes of stimuli, by estimating the effect that affectively charged prime images have on subsequent judgements of neutral target images. We test its resistance to efforts to conceal one's attitudes, by replicating the standard
                    AMP
                    design while offering small incentives to conceal attitudes towards the prime images. We find that although the average
                    AMP
                    effect remains positive, it decreases significantly in magnitude. Moreover, this reduction in the mean
                    AMP
                    effect under incentives masks large heterogeneity: one subset of individuals continues to experience the ‘full’
                    AMP
                    effect, while another reduces their effect to approximately zero. The
                    AMP
                    thus appears to be resistant to efforts to conceal one's attitudes for some individuals but is highly controllable for others. We further find that those individuals with high self‐reported effort to avoid the influence of the prime are more often able to eliminate their
                    AMP
                    effect. We conclude by discussing possible mechanisms.
                  ","
                    The affect misattribution procedure (
                    AMP
                    ) is widely used to measure sensitive attitudes towards classes of stimuli, by estimating the effect that affectively charged prime images have on subsequent judgements of neutral target images. We test its resistance to efforts to conceal one's attitudes, by replicating the standard
                    AMP
                    design while offering small incentives to conceal attitudes towards the prime images. We find that although the average
                    AMP
                    effect remains positive, it decreases significantly in magnitude. Moreover, this reduction in the mean
                    AMP
                    effect under incentives masks large heterogeneity: one subset of individuals continues to experience the ‘full’
                    AMP
                    effect, while another reduces their effect to approximately zero. The
                    AMP
                    thus appears to be resistant to efforts to conceal one's attitudes for some individuals but is highly controllable for others. We further find that those individuals with high self‐reported effort to avoid the influence of the prime are more often able to eliminate their
                    AMP
                    effect. We conclude by discussing possible mechanisms.
                  ",1,,,abstract
av_200,"Masip, J., & Herrero, C. (2015). Police detection of deception: Beliefs about behavioral cues to deception are strong even though contextual evidence is more useful. Journal of Communication, 65, 125-145.",10.1111/jcom.12135,NA,"Sánchez, N., & Masip, J. (2020). Do people detect deception the way they think they do? Replication and extensions. Psicothema, 3(32), 329–336.",10.7334/psicothema2019.405,10.7334/psicothema2019.405,NA,https://drive.google.com/file/d/1hscDuQECm52P5exUVaXPVs51ZzXtuRaT/view?usp=drivesdk,NA,NA,NA,1,,,abstract
av_153,"Irwin, B. C., Feltz, D. L., & Kerr, N. L. (2013). Silence is golden: Effect of encouragement in motivating the weak link in an online exercise video game. Journal of Medical Internet Research, 15(6), e104. doi:10. 2196/jmir.2551",10.2196/jmir.2551,NA,"Max, E. J., Feltz, D. L., Kerr, N. L., & Wittenbaum, G. M. (2016). Is silence really golden? Effect of encouragement from a partner or trainer on active video game play. International Journal of Sport and Exercise Psychology, 16(3), 261–275.",10.1080/1612197x.2016.1199580,10.1080/1612197x.2016.1199580,NA,https://drive.google.com/file/d/1F04B6dgvTIlH1n-nzOIG6l50zrdV35YY/view?usp=drivesdk,1,NA,NA,1,,,abstract
av_22,"Beach SRH, Brody GH, Todorov A, Gunter TD, Philibert RA. Methylation at SLC6A4 is linked to family history of child abuse: An examination of the Iowa Adoptee sample. American Journal of Medical Genetics: Part B Neuropsychiatric Genetics. 2009;153B:710–713.",10.1002/ajmg.b.31028,1,"Beach, S. R. H., Brody, G. H., Todorov, A. A., Gunter, T. D., & Philibert, R. A. (2011). Methylation at 5HTT Mediates the Impact of Child Sex Abuse on Women’s Antisocial Behavior: An Examination of the Iowa Adoptee Sample. Psychosomatic Medicine, 73(1), 83–87.",10.1097/psy.0b013e3181fdd074,10.1097/psy.0b013e3181fdd074,NA,https://drive.google.com/file/d/1d9hveUFzxbKToR4lm23SLZP00kGrsbaz/view?usp=drivesdk,1,NA,NA,1,,,abstract
av_23,"B. Knudsen, U. Liszkowski. Eighteen-and 24-month-old infants correct others in anticipation of action mistakes. Developmental Science, 15 (1) (2012), pp. 113-122",10.1111/j.1467-7687.2011.01098.x,1,"Powell, L. J., Hobbs, K., Bardis, A., Carey, S., & Saxe, R. (2018). Replications of implicit theory of mind tasks with varying representational demands. Cognitive Development, 46, 40–50.",10.1016/j.cogdev.2017.10.004,10.1016/j.cogdev.2017.10.004,NA,https://drive.google.com/file/d/1ocNZeMn9M_WZa1vXf02DG5U03OQ_aZtw/view?usp=drivesdk,2,NA,NA,1,,,abstract
av_44,"Jha, A. P., & Kiyonaga, A. (2010). Working-memory-triggered dynamic adjustments in cognitive control. Journal of Experimental Psychology: Learning, Memory, and Cognition, 36, 1036–1042.",10.1037/a0019337,1,"Witkin, J. E., Zanesco, A. P., Denkova, E., & Jha, A. P. (2019). Dynamic adjustments in working memory in the face of affective interference. Memory &amp; Cognition, 48(1), 16–31.",10.3758/s13421-019-00958-w,10.3758/s13421-019-00958-w,NA,https://drive.google.com/file/d/1tIAGg_xu-FbshgCqRYXbob9d6h9xwTbE/view?usp=drivesdk,2,NA,NA,1,,,abstract
av_67,"Ma-Kellams C. , Blascovich J. (2011). Culturally divergent responses to mortality salience. Psychological Science, 22(8), 1019–24.",10.1177/0956797611413935,1,"Yanagisawa, K., Kashima, E. S., Moriya, H., Masui, K., Furutani, K., Yoshida, H., Ura, M., & Nomura, M. (2017). Tolerating dissimilar other when primed with death: neural evidence of self-control engaged by interdependent people in Japan. Social Cognitive and Affective Neuroscience, 12(6), 910–917.",10.1093/scan/nsx012,10.1093/scan/nsx012,NA,https://drive.google.com/file/d/1i5P9CYU3PwRpo0jr51XfLdPcCDi36gaV/view?usp=drivesdk,1,NA,NA,1,,,abstract
av_71,"Borst, G., Ahr, E., Roell, M. et al. The cost of blocking the mirror generalization process in reading: evidence for the role of inhibitory control in discriminating letters with lateral mirror-image counterparts. Psychon Bull Rev 22, 228–234 (2015).",10.3758/s13423-014-0663-9,1,"Ahr, E., Houdé, O., & Borst, G. (2016). Inhibition of the mirror generalization process in reading in school-aged children. Journal of Experimental Child Psychology, 145, 157–165.",10.1016/j.jecp.2015.12.009,10.1016/j.jecp.2015.12.009,NA,https://drive.google.com/file/d/10gteTCzwgF2BcALs53_sWbQIe6tWd8-O/view?usp=drivesdk,1,NA,NA,1,,,abstract
av_74,"klein Selle, N., Verschuere, B., Kindt, M., Meijer, E. H., & Ben-Shakhar, G. (2016). Orienting versus inhibition in the Concealed Information Test: Different cognitive processes drive different physiological measures. Psychophysiology, 53, 579–590.",10.1093/scan/nsw175,1,"klein Selle, N., Verschuere, B., Kindt, M., Meijer, E., & Ben‐Shakhar, G. (2017). Unraveling the roles of orienting and inhibition in the Concealed Information Test. Psychophysiology, 54(4), 628–639. Portico.",10.1111/psyp.12825,10.1111/psyp.12825,NA,https://drive.google.com/file/d/1flry8FBKDxDv0ajq7hLaS4b12HuDR4Wh/view?usp=drivesdk,1,"Abstract
                    The Concealed Information Test (CIT) is a well‐validated tool for physiological and behavioral detection of concealed knowledge. Two distinct theoretical frameworks have been proposed to explain the differential responses to the concealed critical items: orienting response theory versus arousal inhibition theory. klein Selle, Verschuere, Kindt, Meijer, and Ben‐Shakhar (
                    2016
                    ), however, argued for a response fractionation model and showed that, while the skin conductance reflects pure orienting, both the respiratory and heart rate measures reflect arousal inhibition. The present study intends to (1) provide a constructive replication of klein Selle et al. (
                    2016
                    ) using the autobiographical CIT, and (2) extend their work by testing an additional prediction derived from orienting theory, using an item‐salience manipulation. One hundred and nine participants were tested on four high salient and four low salient identity items. Half of the participants were motivated to hide their identity (orienting + arousal inhibition), while the other half were motivated to reveal their identity (orienting only). Confirming earlier findings, the results revealed a fractionation between the different measures: while the skin conductance response (SCR) increased to a similar extent in the two motivational conditions, the respiration line length (RLL) shortened and the heart rate (HR) decelerated solely in the conceal condition. Moreover, while the SCR was larger for high than for low salient critical items, the RLL and HR responses were similar for these two item types. These data led us to conclude that, in the CIT, the skin conductance measure reflects orienting and the respiratory and heart rate measures reflect arousal inhibition.
                  ","Abstract
                    The Concealed Information Test (CIT) is a well‐validated tool for physiological and behavioral detection of concealed knowledge. Two distinct theoretical frameworks have been proposed to explain the differential responses to the concealed critical items: orienting response theory versus arousal inhibition theory. klein Selle, Verschuere, Kindt, Meijer, and Ben‐Shakhar (
                    2016
                    ), however, argued for a response fractionation model and showed that, while the skin conductance reflects pure orienting, both the respiratory and heart rate measures reflect arousal inhibition. The present study intends to (1) provide a constructive replication of klein Selle et al. (
                    2016
                    ) using the autobiographical CIT, and (2) extend their work by testing an additional prediction derived from orienting theory, using an item‐salience manipulation. One hundred and nine participants were tested on four high salient and four low salient identity items. Half of the participants were motivated to hide their identity (orienting + arousal inhibition), while the other half were motivated to reveal their identity (orienting only). Confirming earlier findings, the results revealed a fractionation between the different measures: while the skin conductance response (SCR) increased to a similar extent in the two motivational conditions, the respiration line length (RLL) shortened and the heart rate (HR) decelerated solely in the conceal condition. Moreover, while the SCR was larger for high than for low salient critical items, the RLL and HR responses were similar for these two item types. These data led us to conclude that, in the CIT, the skin conductance measure reflects orienting and the respiratory and heart rate measures reflect arousal inhibition.
                  ",1,,,abstract
av_79,"Cracco, E., De Coster, L., Andres, M., & Brass, M. (2015). Motor simulation beyond the dyad: Automatic imitation of multiple actors. Journal of Experimental Psychology: Human Perception and Performance, 41, 1488–1501.",10.1037/a0039737,1,"Cracco, E., & Brass, M. (2018). Automatic imitation of multiple agents: Simultaneous or random representation? Journal of Experimental Psychology: Human Perception and Performance, 44(5), 729–740.",10.1037/xhp0000489,10.1037/xhp0000489,NA,https://drive.google.com/file/d/1ztV4sm_g7GaGIn0FBAq6FBAAcURkmtLU/view?usp=drivesdk,1,NA,NA,1,,,abstract
additional_studies214,"Curioni, A., Voinov, P. V., Matthias Allritz, Wolf, T., Call, J., & Knoblich, G. (2022). Human adults prefer to cooperate even when it is costly. 289(1973). 10.1098/rspb.2022.0128",10.1098/rspb.2022.0128,1,"Carter, M. J., Lalli, M., Al Afif, N., Tang, J., Hasan, H., Dissanayake, E., … Cashaback, J. (2025, March 25). Preferences for costly cooperation are highly individualized.",10.17605/osf.io/evdp5,https://osf.io/preprints/psyarxiv/3qaeu_v3,https://osf.io/preprints/psyarxiv/3qaeu_v3,NA,1,NA,NA,1,,,abstract
additional_studies240,"Iyengar, S., Kinder, D. R., Peters, M. D., & Krosnick, J. A. (1984). The evening news and presidential evaluations. Journal of personality and social psychology, 46(4), 778. https://psycnet.apa.org/doi/10.1037/0022-3514.46.4.778",10.1037/0022-3514.46.4.778,1,"Kobayashi, T., Miura, A., & Inamasu, K. (2017). Media Priming Effect: A Preregistered Replication Experiment. Journal of Experimental Political Science, 4(1), 81–94.",10.1017/xps.2017.8,10.1017/xps.2017.8,NA,https://drive.google.com/file/d/1aV3ccn2w0Qw9IRbsqbByGUHxTunteFgK/view?usp=drivesdk,1,"AbstractIyengar et al. (1984, The Evening News and Presidential Evaluations. Journal of Personality and Social Psychology 46(4): 778–87) discovered the media priming effect, positing that by drawing attention to certain issues while ignoring others, television news programs help define the standards by which presidents are evaluated. We conducted a direct replication of Experiment 1 by Iyengar et al. (1984, The Evening News and Presidential Evaluations. Journal of Personality and Social Psychology 46(4): 778–87) with some changes. Specifically, we (a) collected data from Japanese undergraduates; (b) reduced the number of conditions to two; (c) used news coverage of the issue of relocating US bases in Okinawa as the treatment; (d) measured issue-specific evaluations of the Japanese Prime Minister in the pre-treatment questionnaire; and (e) performed statistical analyses that are more appropriate for testing heterogeneity in the treatment effect. We did not find statistically significant evidence of media priming. Overall, the results suggest that the effects of media priming may be quite sensitive either to the media environment or to differences in populations in which the effect has been examined.","AbstractIyengar et al. (1984, The Evening News and Presidential Evaluations. Journal of Personality and Social Psychology 46(4): 778–87) discovered the media priming effect, positing that by drawing attention to certain issues while ignoring others, television news programs help define the standards by which presidents are evaluated. We conducted a direct replication of Experiment 1 by Iyengar et al. (1984, The Evening News and Presidential Evaluations. Journal of Personality and Social Psychology 46(4): 778–87) with some changes. Specifically, we (a) collected data from Japanese undergraduates; (b) reduced the number of conditions to two; (c) used news coverage of the issue of relocating US bases in Okinawa as the treatment; (d) measured issue-specific evaluations of the Japanese Prime Minister in the pre-treatment questionnaire; and (e) performed statistical analyses that are more appropriate for testing heterogeneity in the treatment effect. We did not find statistically significant evidence of media priming. Overall, the results suggest that the effects of media priming may be quite sensitive either to the media environment or to differences in populations in which the effect has been examined.",1,,,abstract
soscisubmission17,"Asch, S. E. (1946). Forming impressions of personality. The Journal of Abnormal and Social Psychology, 41(3), 258-290. Experiment 1",10.1037/h0055756,1,"Pavlović, Z. (2023, April 8). First impression replication study (Asch, 1945, Experiment 1).",NA,https://osf.io/74892/,https://osf.io/74892/,NA,NA,NA,NA,4,,,abstract
FORRT_187_1,"Dogerlioglu-Demir, K., & Koçaş, C. (2015). Seemingly incidental anchoring: The effect of incidental environmental anchors on consumers’ willingness to pay. Marketing Letters, 26, 607–618. DOI:",10.1007/s11002-014-9295-0,1,"Shanks, D. R., Barbieri-Hermitte, P., & Vadillo, M. A. (2020). Do Incidental Environmental Anchors Bias Consumers’ Price Estimations? Collabra: Psychology, 6(1), 19. Study 1",10.1525/collabra.310,10.1525/collabra.310,NA,https://drive.google.com/file/d/1TTLoH5PCrLkHMtBW0CCgrNRzQ7rn-RVk/view?usp=drivesdk,1,"It is well-established that decision makers bias their estimates of unknown quantities in the direction of a salient numerical anchor. Some standard anchoring paradigms have been shown to yield pervasive biases, such as Tversky and Kahneman’s (1974) classic 2-step task which includes a comparative question followed by an estimation question. In contrast there is much less evidence for the claim that incidental environmental anchors can produce assimilative effects on judgments, such as the amount people are willing to pay for a meal being greater at a restaurant calledStudio 97 compared to one called Studio 17. Three studies are reported in which the basic incidental environmental anchoring method of Critcher and Gilovich (2008) is employed to measure consumer price estimations. No statistically significant evidence of incidental anchoring was obtained. In contrast, robust standard anchoring effects were found. The results suggest that anchoring is limited to situations which require explicit thinking about the anchor.","It is well-established that decision makers bias their estimates of unknown quantities in the direction of a salient numerical anchor. Some standard anchoring paradigms have been shown to yield pervasive biases, such as Tversky and Kahneman’s (1974) classic 2-step task which includes a comparative question followed by an estimation question. In contrast there is much less evidence for the claim that incidental environmental anchors can produce assimilative effects on judgments, such as the amount people are willing to pay for a meal being greater at a restaurant calledStudio 97 compared to one called Studio 17. Three studies are reported in which the basic incidental environmental anchoring method of Critcher and Gilovich (2008) is employed to measure consumer price estimations. No statistically significant evidence of incidental anchoring was obtained. In contrast, robust standard anchoring effects were found. The results suggest that anchoring is limited to situations which require explicit thinking about the anchor.",1,,,abstract
soscisubmission4,"Chartrand, T. L., & Bargh, J. A. (1999). The chameleon effect: The perception–behavior link and social interaction. Journal of Personality and Social Psychology, 76(6), 893–910.",10.1037/0022-3514.76.6.893,Experiment 1,"Förster, N., & Röseler, L. (2022, November 25). The Chameleon Effect: A Replication Study.",10.17605/osf.io/7weum,10.17605/osf.io/7weum,NA,https://drive.google.com/file/d/15tuGkummvfrMW3Bwz137_8FX4Ys3p4GI/view?usp=drivesdk,NA,NA,NA,1,,,abstract
XPHI30,"Schaffer, J., & Knobe, J. (2012). Contrastive knowledge surveyed. Noûs, 46(4), 675-708.",10.1111/j.1468-0068.2010.00795.x,1,"Cova, F., Strickland, B., Abatista, A., Allard, A., Andow, J., Attie, M., ... & Zhou, X. (2021). Estimating the reproducibility of experimental philosophy. Review of Philosophy and Psychology, 12, 9-44.",10.1007/s13164-018-0400-9,https://osf.io/4ewkh,https://osf.io/4ewkh,https://drive.google.com/file/d/1hjI3aqifdfXjWhQAlvKCKKtvjuncAn5M/view?usp=drivesdk,NA,NA,NA,6,,,abstract
CORE_110,"Johnson, E. J., Bellman, S., & Lohse, G. L. (2002). Defaults, framing and privacy: Why opting in-opting out. Marketing letters, 13, 5-15.",10.1023/a:1015044207315,2,"Chandrashekar, S. P., Adelina, N., Zeng, S., Esther, C. Y. Y., Leung, G. Y. S., Henne, P., Cheng, B., & Feldman, G. (2022). Defaults versus framing: Revisiting Default Effect and Framing Effect with replications and extensions of Johnson and Goldstein (2003) and Johnson, Bellman, and Lohse (2002). Center for Open Science.",10.31234/osf.io/nymh2,10.31234/osf.io/nymh2,NA,https://drive.google.com/file/d/1zWO3Te4TYOczF9AdKeKNNPy_EgmrEhFQ/view?usp=drivesdk,NA,NA,NA,1,,,abstract
CORE_203,"Van Boven, L., & Ashworth, L. (2007). Looking forward, looking back: anticipation is more evocative than retrospection. Journal of experimental psychology: General, 136(2), 289.",10.1037/0096-3445.136.2.289,1,"Lau & Feldman, Van Boven and Ashworth (2007): Replication and extension",NA,https://osf.io/ns26x,https://osf.io/ns26x,https://drive.google.com/file/d/1-9Fcmt4OS-LDChgj2l27HGaNzy4UZ_SN/view?usp=drive_link,NA,NA,NA,4,,,abstract
CORE_203,"Van Boven, L., & Ashworth, L. (2007). Looking forward, looking back: anticipation is more evocative than retrospection. Journal of experimental psychology: General, 136(2), 289.",10.1037/0096-3445.136.2.289,2,"Lau & Feldman, Van Boven and Ashworth (2007): Replication and extension",NA,https://osf.io/ns26x,https://osf.io/ns26x,https://drive.google.com/file/d/1-9Fcmt4OS-LDChgj2l27HGaNzy4UZ_SN/view?usp=drive_link,NA,NA,NA,4,,,abstract
CORE_203,"Van Boven, L., & Ashworth, L. (2007). Looking forward, looking back: anticipation is more evocative than retrospection. Journal of experimental psychology: General, 136(2), 289.",10.1037/0096-3445.136.2.289,4,"Lau & Feldman, Van Boven and Ashworth (2007): Replication and extension",NA,https://osf.io/ns26x,https://osf.io/ns26x,https://drive.google.com/file/d/1-9Fcmt4OS-LDChgj2l27HGaNzy4UZ_SN/view?usp=drive_link,NA,NA,NA,4,,,abstract
XPHI13,"Nadelhoffer, T. (2006). Bad acts, blameworthy agents, and intentional actions: Some problems for juror impartiality. Philosophical explorations, 9(2), 203-219.",10.1080/13869790600641905,1,"Cova, F., Strickland, B., Abatista, A., Allard, A., Andow, J., Attie, M., ... & Zhou, X. (2021). Estimating the reproducibility of experimental philosophy. Review of Philosophy and Psychology, 12, 9-44.",10.1007/s13164-018-0400-9,https://osf.io/bv42c/files/4xvkc,https://osf.io/bv42c/files/4xvkc,https://drive.google.com/file/d/1hjI3aqifdfXjWhQAlvKCKKtvjuncAn5M/view?usp=drivesdk,NA,NA,NA,6,,,abstract
av_147,"Chapman, H. A. (2018). Enhanced recall of disgusting relative to frightening photographs is not due to organisation. Cognition and Emotion, 32(6), 1220–1230. https://doi.org/10. 1080/02699931.2017.1394817",10.1080/02699931.2017.1394817,1,"West, J. T., & Mulligan, N. W. (2020). Investigating the replicability and boundary conditions of the mnemonic advantage for disgust. Cognition and Emotion, 35(4), 753–773.",10.1080/02699931.2020.1863187,10.1080/02699931.2020.1863187,NA,https://drive.google.com/file/d/110c7IPGGRfsNZhl6BVp-RH7A1oIVMpv2/view?usp=drivesdk,3,NA,NA,1,,,abstract
av_153,"Irwin, B. C., Feltz, D. L., & Kerr, N. L. (2013). Silence is golden: Effect of encouragement in motivating the weak link in an online exercise video game. Journal of Medical Internet Research, 15(6), e104. doi:10. 2196/jmir.2551",10.2196/jmir.2551,NA,"Max, E. J., Feltz, D. L., Kerr, N. L., & Wittenbaum, G. M. (2016). Is silence really golden? Effect of encouragement from a partner or trainer on active video game play. International Journal of Sport and Exercise Psychology, 16(3), 261–275.",10.1080/1612197x.2016.1199580,10.1080/1612197x.2016.1199580,NA,https://drive.google.com/file/d/1F04B6dgvTIlH1n-nzOIG6l50zrdV35YY/view?usp=drivesdk,NA,NA,NA,1,,,abstract
CORE_70,"Pronin et al, 2002, The Bias Blind Spot: Perceptions of Bias in Self Versus Others",10.1177/0146167202286008,NA,"Chandrashekar, S., Yeung, S., Yau, K., Cheung, C., Agarwal, T., Wong, C., . . . Feldman, G. (2021). Agency and self-other asymmetries in perceived bias and shortcomings: Replications of the Bias Blind Spot and link to free will beliefs. Judgment and Decision Making, 16(6), 1392-1412.",10.1017/s1930297500008470,10.1017/s1930297500008470,NA,https://drive.google.com/file/d/1to80T71Y9i6WJ0JPLv5eu4jV5Hm38qQ7/view?usp=drivesdk,NA,"Abstract
                    Bias Blind Spot (BBS) is the phenomenon that people tend to perceive themselves as less susceptible to biases than others. In three pre-registered experiments (overall N = 969), we replicated two experiments of the first demonstration of the phenomenon by Pronin et al. (2002). We found support of the BBS hypotheses, with effects in line with findings in the original study: Participants rated themselves as less susceptible to biases than others (
                    d
                    = –1.00 [–1.33, –0.67]). Deviating from the original, we found an unexpected effect that participants rated themselves as having fewer shortcomings (
                    d
                    = –0.34 [–0.46, –0.23]), though there was support for the target’s main premise that BBS was stronger for biases than for shortcomings (
                    d
                    = –0.43 [–0.56, –0.29]). Extending the replications, we found that beliefs in own free will were positively associated with BBS (r ∼ 0.17–0.22) and that beliefs in both own and general free will were positively associated with self-other asymmetry related to personal shortcomings (
                    r
                    ∼ 0.16–0.24). Materials, datasets, and code are available on https://osf.io/3df5s/.
                  ","Abstract
                    Bias Blind Spot (BBS) is the phenomenon that people tend to perceive themselves as less susceptible to biases than others. In three pre-registered experiments (overall N = 969), we replicated two experiments of the first demonstration of the phenomenon by Pronin et al. (2002). We found support of the BBS hypotheses, with effects in line with findings in the original study: Participants rated themselves as less susceptible to biases than others (
                    d
                    = –1.00 [–1.33, –0.67]). Deviating from the original, we found an unexpected effect that participants rated themselves as having fewer shortcomings (
                    d
                    = –0.34 [–0.46, –0.23]), though there was support for the target’s main premise that BBS was stronger for biases than for shortcomings (
                    d
                    = –0.43 [–0.56, –0.29]). Extending the replications, we found that beliefs in own free will were positively associated with BBS (r ∼ 0.17–0.22) and that beliefs in both own and general free will were positively associated with self-other asymmetry related to personal shortcomings (
                    r
                    ∼ 0.16–0.24). Materials, datasets, and code are available on https://osf.io/3df5s/.
                  ",1,,,abstract
Arb77,"Banerjee, P., Chatterjee, P., & Sinha, J. (2012). Is It Light or Dark? Recalling Moral Behavior Changes Perception of Brightness. Psychological Science, 23(4), 407-409.",10.1177/0956797611432497,1,"Brandt, M. J., IJzerman, H., & Blanken, I. (2014). Does recalling moral behavior change the perception of brightness? A replication and meta-analysis of Banerjee, Chatterjee, and Sinha (2012). Advances in Methods and Practices in Psychological Science.",10.1027/1864-9335/a000191,https://osf.io/seqgd,https://osf.io/seqgd,https://drive.google.com/file/d/1-Op9yIUGX4Cl0U9ylqm4l5-SYZQRTPPm/view?usp=drivesdk,NA,"
                    Banerjee, Chatterjee, and Sinha (2012) recently reported that recalling unethical behavior led participants to see the room as darker and to desire more light-emitting products (e.g., a flashlight) compared to recalling ethical behavior. We replicated the methods of these two original studies with four high-powered replication studies (two online and two in the laboratory). Our results did not differ significantly from zero, 9 out of 10 of the effects were significantly smaller than the originally reported effects, and the effects were not consistently moderated by individual difference measures of potential discrepancies between the original and the replication samples. A meta-analysis that includes both the original and replication effects of moral recall on perceptions of brightness find a small, marginally significant effect (d = 0.14 CL
                    95
                    −0.002 to 0.28). A meta-analysis that includes both the original and replication effects of moral recall on preferences for light-emitting products finds a small effect that did not differ from zero (d = 0.13 CL
                    95
                    −0.04 to 0.29).
                  ","
                    Banerjee, Chatterjee, and Sinha (2012) recently reported that recalling unethical behavior led participants to see the room as darker and to desire more light-emitting products (e.g., a flashlight) compared to recalling ethical behavior. We replicated the methods of these two original studies with four high-powered replication studies (two online and two in the laboratory). Our results did not differ significantly from zero, 9 out of 10 of the effects were significantly smaller than the originally reported effects, and the effects were not consistently moderated by individual difference measures of potential discrepancies between the original and the replication samples. A meta-analysis that includes both the original and replication effects of moral recall on perceptions of brightness find a small, marginally significant effect (d = 0.14 CL
                    95
                    −0.002 to 0.28). A meta-analysis that includes both the original and replication effects of moral recall on preferences for light-emitting products finds a small effect that did not differ from zero (d = 0.13 CL
                    95
                    −0.04 to 0.29).
                  ",1,,,abstract
av_124_1,"Blumenthal, T.D., Burnett, T.T., Swerdlow, C.D., 2001. Prepulses reduce the pain of cutaneous electrical shocks. Psychosom. Med. 63, 275–281.",10.1097/00006842-200103000-00012,NA,"Flaten, M. A., Firan, A., & Blumenthal, T. D. (2016). Somatosensory pain is not reliably modulated by weak acoustic stimuli. International Journal of Psychophysiology, 99, 114–120.",10.1016/j.ijpsycho.2015.12.004,10.1016/j.ijpsycho.2015.12.004,NA,https://drive.google.com/file/d/1n-aH1cl_KhJ5tAKkZfGd3huJb6qDvH71/view?usp=drivesdk,1,NA,NA,1,,,abstract
av_216,"Cohen, H., Amerine-Dickens, M. S., & Smith, T. (2006). Early intensive behavioral treatment: Replication of the UCLA model in a community setting. Developmental and Behavioral Pediatrics, 27(2), S145-S155.",10.1097/00004703-200604002-00013,NA,"Waters, C. F., Amerine Dickens, M., Thurston, S. W., Lu, X., & Smith, T. (2018). Sustainability of Early Intensive Behavioral Intervention for Children With Autism Spectrum Disorder in a Community Setting. Behavior Modification, 44(1), 3–26.",10.1177/0145445518786463,10.1177/0145445518786463,NA,https://drive.google.com/file/d/1CIbkQesjQVKAtLNB3N7o4aZKLXHDZRky/view?usp=drivesdk,NA,"This study examined whether outcomes in early intensive behavioral intervention (EIBI) during a university-led multisite project could be replicated by the same community agency independently of the project. Participants, age 18 to 75 months at onset of intervention, were 48 children with autism spectrum disorder (ASD) enrolled in 35 hr per week of publicly funded, community-based EIBI for 3 years and 46 children who were matched on baseline characteristics and received early childhood services as usual (SAU) through local early childhood special education providers. Linear mixed models indicated that EIBI participants improved significantly more than SAU participants on standardized tests of IQ, nonverbal IQ, adaptive behavior, and academic achievement, administered by independent evaluators. Although limited by the use of a matched comparison group rather than random assignment, the study provides evidence for the sustainability of effective EIBI in community settings for children with ASD who start intervention at varying ages throughout early childhood.","This study examined whether outcomes in early intensive behavioral intervention (EIBI) during a university-led multisite project could be replicated by the same community agency independently of the project. Participants, age 18 to 75 months at onset of intervention, were 48 children with autism spectrum disorder (ASD) enrolled in 35 hr per week of publicly funded, community-based EIBI for 3 years and 46 children who were matched on baseline characteristics and received early childhood services as usual (SAU) through local early childhood special education providers. Linear mixed models indicated that EIBI participants improved significantly more than SAU participants on standardized tests of IQ, nonverbal IQ, adaptive behavior, and academic achievement, administered by independent evaluators. Although limited by the use of a matched comparison group rather than random assignment, the study provides evidence for the sustainability of effective EIBI in community settings for children with ASD who start intervention at varying ages throughout early childhood.",1,,,abstract
Arb86,"Damisch L, Stoberock B, Mussweiler T. Keep your fingers crossed!: how superstition improves performance. Psychol Sci. 2010 Jul;21(7):1014-20. doi: Epub 2010 May 28. PMID: 20511389.",10.1177/0956797610372631,1,"Calin-Jageman, R. J., & Caldwell, T. L. (2014). Replication of the superstition and performance study. Advances in Methods and Practices in Psychological Science, 45(3), May 2014.",10.1027/1864-9335/a000190,10.1027/1864-9335/a000190,NA,https://drive.google.com/file/d/1dQwxiGBTBA8d3gLuP8N_H6Ymx4axmx7Q/view?usp=drivesdk,1,"A recent series of experiments suggests that fostering superstitions can substantially improve performance on a variety of motor and cognitive tasks ( Damisch, Stoberock, & Mussweiler, 2010 ). We conducted two high-powered and precise replications of one of these experiments, examining if telling participants they had a lucky golf ball could improve their performance on a 10-shot golf task relative to controls. We found that the effect of superstition on performance is elusive: Participants told they had a lucky ball performed almost identically to controls. Our failure to replicate the target study was not due to lack of impact, lack of statistical power, differences in task difficulty, nor differences in participant belief in luck. A meta-analysis indicates significant heterogeneity in the effect of superstition on performance. This could be due to an unknown moderator, but no effect was observed among the studies with the strongest research designs (e.g., high power, a priori sampling plan).","A recent series of experiments suggests that fostering superstitions can substantially improve performance on a variety of motor and cognitive tasks ( Damisch, Stoberock, & Mussweiler, 2010 ). We conducted two high-powered and precise replications of one of these experiments, examining if telling participants they had a lucky golf ball could improve their performance on a 10-shot golf task relative to controls. We found that the effect of superstition on performance is elusive: Participants told they had a lucky ball performed almost identically to controls. Our failure to replicate the target study was not due to lack of impact, lack of statistical power, differences in task difficulty, nor differences in participant belief in luck. A meta-analysis indicates significant heterogeneity in the effect of superstition on performance. This could be due to an unknown moderator, but no effect was observed among the studies with the strongest research designs (e.g., high power, a priori sampling plan).",1,,,abstract
Arb86,"Damisch L, Stoberock B, Mussweiler T. Keep your fingers crossed!: how superstition improves performance. Psychol Sci. 2010 Jul;21(7):1014-20. doi: Epub 2010 May 28. PMID: 20511389.",10.1177/0956797610372631,1,"Calin-Jageman, R. J., & Caldwell, T. L. (2014). Replication of the superstition and performance study. Advances in Methods and Practices in Psychological Science, 45(3), May 2014.",10.1027/1864-9335/a000190,10.1027/1864-9335/a000190,NA,https://drive.google.com/file/d/1dQwxiGBTBA8d3gLuP8N_H6Ymx4axmx7Q/view?usp=drivesdk,2,"A recent series of experiments suggests that fostering superstitions can substantially improve performance on a variety of motor and cognitive tasks ( Damisch, Stoberock, & Mussweiler, 2010 ). We conducted two high-powered and precise replications of one of these experiments, examining if telling participants they had a lucky golf ball could improve their performance on a 10-shot golf task relative to controls. We found that the effect of superstition on performance is elusive: Participants told they had a lucky ball performed almost identically to controls. Our failure to replicate the target study was not due to lack of impact, lack of statistical power, differences in task difficulty, nor differences in participant belief in luck. A meta-analysis indicates significant heterogeneity in the effect of superstition on performance. This could be due to an unknown moderator, but no effect was observed among the studies with the strongest research designs (e.g., high power, a priori sampling plan).","A recent series of experiments suggests that fostering superstitions can substantially improve performance on a variety of motor and cognitive tasks ( Damisch, Stoberock, & Mussweiler, 2010 ). We conducted two high-powered and precise replications of one of these experiments, examining if telling participants they had a lucky golf ball could improve their performance on a 10-shot golf task relative to controls. We found that the effect of superstition on performance is elusive: Participants told they had a lucky ball performed almost identically to controls. Our failure to replicate the target study was not due to lack of impact, lack of statistical power, differences in task difficulty, nor differences in participant belief in luck. A meta-analysis indicates significant heterogeneity in the effect of superstition on performance. This could be due to an unknown moderator, but no effect was observed among the studies with the strongest research designs (e.g., high power, a priori sampling plan).",1,,,abstract
Arb275,"David Dubois, Derek D. Rucker, Adam D. Galinsky, Retracted: Super Size Me: Product Size as a Signal of Status, Journal of Consumer Research, Volume 38, Issue 6, 1 April 2012, Pages 1047–1062, Experiment 1: small vs. large product size",10.1086/661890,1,"Tunca, B., Ziano, I., & Wenting, X. (2022). Super-size me: An unsuccessful preregistered replication of the effect of product size on status signaling. Meta-Psychology, 6. Experiment 1: small vs. large product size",10.15626/mp.2020.2538,https://osf.io/ue458/,https://osf.io/ue458/,https://drive.google.com/file/d/1mstnZUfRKCssrjMcaJorDWsNYKp7ogUK/view?usp=drivesdk,NA,"Dubois, Rucker, and Galinsky (2012, Experiment 1) found that consumers view larger-size options as a signal of higher status. We conducted a close replication of this finding (N = 415), and observed a nonsignificant effect in the opposite direction (small vs. large product size: doriginal = 1.49, 95%CI [1.09, 1.89], dreplication = 0.09 95%CI [-0.15, 0.33]; medium vs. large: doriginal = 0.89 95%CI [0.52, 1.26], dreplication = 0.11 95%CI [-0.13, 0.34]; small vs. medium: doriginal = 0.62 95%CI [0.26, 0.98], dreplication = -0.01 95%CI [-0.25, 0.23]). We discuss potential reasons for this unsuccessful replication as well as implications for the status-signaling literature in consumer psychology.","Dubois, Rucker, and Galinsky (2012, Experiment 1) found that consumers view larger-size options as a signal of higher status. We conducted a close replication of this finding (N = 415), and observed a nonsignificant effect in the opposite direction (small vs. large product size: doriginal = 1.49, 95%CI [1.09, 1.89], dreplication = 0.09 95%CI [-0.15, 0.33]; medium vs. large: doriginal = 0.89 95%CI [0.52, 1.26], dreplication = 0.11 95%CI [-0.13, 0.34]; small vs. medium: doriginal = 0.62 95%CI [0.26, 0.98], dreplication = -0.01 95%CI [-0.25, 0.23]). We discuss potential reasons for this unsuccessful replication as well as implications for the status-signaling literature in consumer psychology.",1,,,abstract
av_128_1,"Ert, E., Fleischer, A., & Magen, N. (2016). Trust and reputation in the sharing economy: The role of personal photos in Airbnb. Tourism Management, 55, 62–73. https:// doi.org/10.1016/j.tourman.2016.01.013.",10.1016/j.tourman.2016.01.013,NA,"Jaeger, B., Sleegers, W. W. A., Evans, A. M., Stel, M., & van Beest, I. (2019). The effects of facial attractiveness and trustworthiness in online peer-to-peer markets. Journal of Economic Psychology, 75, 102125.",10.1016/j.joep.2018.11.004,10.1016/j.joep.2018.11.004,NA,https://drive.google.com/file/d/1jU4WVLVIMVjLbndmd1oIglQw1NjeWuN8/view?usp=drivesdk,1,NA,NA,2,,,abstract
FORRT_45,"Eskine KJ, Kacinik NA, Prinz JJ (2011). “A Bad Taste in the Mouth: Gustatory Disgust Influences Moral Judgment.” _Psychological Science_, *22*(3), 295–299. ISSN 1467-9280, <>, <>.",10.1177/0956797611398497,NA,"Ghelfi E, Christopherson CD, Urry HL, Lenne RL, Legate N, Ann Fischer M, Wagemans FMA, Wiggins B, Barrett T, Bornstein M, de Haan B, Guberman J, Issa N, Kim J, Na E, O’Brien J, Paulk A, Peck T, Sashihara M, Sheelar K, Song J, Steinberg H, Sullivan D (2020). “Reexamining the Effect of Gustatory Disgust on Moral Judgment: A Multilab Direct Replication of Eskine, Kacinik, and Prinz (2011).” _Advances in Methods and Practices in Psychological Science_, *3*(1), 3–23. ISSN 2515-2467, <>, <>.",10.1177/2515245919881152,https://osf.io/5ygsp/,https://osf.io/5ygsp/,https://drive.google.com/file/d/12jZzJF_5fcsQJhqPJb44akoOqNQsLihi/view?usp=drivesdk,NA,"Eskine, Kacinik, and Prinz’s (2011) influential experiment demonstrated that gustatory disgust triggers a heightened sense of moral wrongness. We report a large-scale multisite direct replication of this study conducted by labs in the Collaborative Replications and Education Project. Subjects in each sample were randomly assigned to one of three beverage conditions: bitter (disgusting), control (neutral), or sweet. Then, subjects made a series of judgments about the moral wrongness of the behavior depicted in six vignettes. In the original study ( N = 57), drinking the bitter beverage led to higher ratings of moral wrongness than did drinking the control or sweet beverage; a contrast between the bitter condition and the other two conditions was significant among conservative ( n = 19) but not liberal ( n = 25) subjects. In the current project, random-effects meta-analyses across all subjects ( N = 1,137, k = 11 studies), conservative subjects ( n = 142, k = 5), and liberal subjects ( n = 635, k = 9) revealed standardized overall effect sizes across replications that were smaller than reported in the original study. Some were in the opposite of the predicted direction; all had 95% confidence intervals containing zero, and all were smaller than the effect size the original authors could have meaningfully detected. Results of linear mixed-effects regressions revealed that drinking the bitter beverage led to higher ratings of moral wrongness than did drinking the control beverage but not the sweet beverage. Bayes factor tests revealed greater relative support for the null than for the replication hypothesis. The overall pattern provides little to no support for the theory that physical disgust via taste perception harshens judgments of moral wrongness.","Eskine, Kacinik, and Prinz’s (2011) influential experiment demonstrated that gustatory disgust triggers a heightened sense of moral wrongness. We report a large-scale multisite direct replication of this study conducted by labs in the Collaborative Replications and Education Project. Subjects in each sample were randomly assigned to one of three beverage conditions: bitter (disgusting), control (neutral), or sweet. Then, subjects made a series of judgments about the moral wrongness of the behavior depicted in six vignettes. In the original study ( N = 57), drinking the bitter beverage led to higher ratings of moral wrongness than did drinking the control or sweet beverage; a contrast between the bitter condition and the other two conditions was significant among conservative ( n = 19) but not liberal ( n = 25) subjects. In the current project, random-effects meta-analyses across all subjects ( N = 1,137, k = 11 studies), conservative subjects ( n = 142, k = 5), and liberal subjects ( n = 635, k = 9) revealed standardized overall effect sizes across replications that were smaller than reported in the original study. Some were in the opposite of the predicted direction; all had 95% confidence intervals containing zero, and all were smaller than the effect size the original authors could have meaningfully detected. Results of linear mixed-effects regressions revealed that drinking the bitter beverage led to higher ratings of moral wrongness than did drinking the control beverage but not the sweet beverage. Bayes factor tests revealed greater relative support for the null than for the replication hypothesis. The overall pattern provides little to no support for the theory that physical disgust via taste perception harshens judgments of moral wrongness.",1,,,abstract
FORRT_781b,"Hamlin, J. K., & Wynn, K. (2011). Young infants prefer prosocial to antisocial others. Cognitive development, 26(1), 30–39. Experiment 1",10.1016/j.cogdev.2010.09.001,NA,"Salvadori E, Blazsekova T, Volein A, Karap Z, Tatone D, et al. (2015) Probing the Strength of Infants' Preference for Helpers over Hinderers: Two Replication Attempts of Hamlin and Wynn (2011). PLOS ONE 10(11): e0140570. Study 1",10.1371/journal.pone.0140570,10.1371/journal.pone.0140570,NA,https://drive.google.com/file/d/1gsOTvu8o9_agf4ZMRaXeuVc3OE2nLzap/view?usp=drivesdk,NA,NA,NA,1,,,abstract
FORRT_781a,"Hamlin, J. K., & Wynn, K. (2011). Young infants prefer prosocial to antisocial others. Cognitive development, 26(1), 30–39. Experiment 1",10.1016/j.cogdev.2010.09.001,NA,"Sitch, M. J. (2018). Do infants prefer prosocial others? A direct replication of Hamlin & Wynn (2011) (T). University of British Columbia.",10.14288/1.0372317,10.14288/1.0372317,NA,https://drive.google.com/file/d/1185-ayVP9jFWoQDm9CNUeOUAXVKAlrvI/view?usp=drivesdk,NA,NA,NA,1,,,abstract
soscisubmission94,"Hansen, J., & Wänke, M. (2010). Truth from language and truth from fit: The impact of linguistic concreteness and level of construal on subjective truth. Personality and Social Psychology Bulletin, 36(11), 1576-1588. , Experiment 1",10.1177/0146167210386238,1,"Henderson, E. L., Vallée-Tourangeau, F., & Simons, D. J. (2019). The Effect of Concrete Wording on Truth Judgements: A Preregistered Replication and Extension of Hansen & Wänke. Collabra: Psychology, 5(1), 19. , Experiment 1",10.1525/collabra.192,https://osf.io/s2389/,https://osf.io/s2389/,https://drive.google.com/file/d/1QcmEZxW6iIBhNYHM582duIh3rrSoZxiD/view?usp=drivesdk,1a,"When you lack the facts, how do you decide what is true and what is not? In the absence of knowledge, we sometimes rely on non-probative information. For example, participants judge concretely worded trivia items as more likely to be true than abstractly worded ones (the linguistic truth effect;Hansen & Wänke, 2010). If minor language differences affect truth judgements, ultimately they could influence more consequential political, legal, health, and interpersonal choices. This Registered Report includes two high-powered replication attempts of Experiment 1 from Hansen and Wänke (2010). Experiment 1a was a dual-site, in-person replication of the linguistic concreteness effect in the original paper-and-pencil format (n = 253, n = 246 in analyses). Experiment 1b replicated the study with an online sample (n = 237,n = 220 in analyses). In Experiment 1a, the effect of concreteness on judgements of truth (Cohen’sdz = 0.08; 95% CI: [–0.03, 0.18]) was smaller than that of the original study. Similarly, in Experiment 1b the effect (Cohen’s dz = 0.11; 95% CI [–0.01, 0.22]) was smaller than that of the original study. Collectively, the pattern of results is inconsistent with that of the original study.","When you lack the facts, how do you decide what is true and what is not? In the absence of knowledge, we sometimes rely on non-probative information. For example, participants judge concretely worded trivia items as more likely to be true than abstractly worded ones (the linguistic truth effect;Hansen & Wänke, 2010). If minor language differences affect truth judgements, ultimately they could influence more consequential political, legal, health, and interpersonal choices. This Registered Report includes two high-powered replication attempts of Experiment 1 from Hansen and Wänke (2010). Experiment 1a was a dual-site, in-person replication of the linguistic concreteness effect in the original paper-and-pencil format (n = 253, n = 246 in analyses). Experiment 1b replicated the study with an online sample (n = 237,n = 220 in analyses). In Experiment 1a, the effect of concreteness on judgements of truth (Cohen’sdz = 0.08; 95% CI: [–0.03, 0.18]) was smaller than that of the original study. Similarly, in Experiment 1b the effect (Cohen’s dz = 0.11; 95% CI [–0.01, 0.22]) was smaller than that of the original study. Collectively, the pattern of results is inconsistent with that of the original study.",1,,,abstract
soscisubmission94,"Hansen, J., & Wänke, M. (2010). Truth from language and truth from fit: The impact of linguistic concreteness and level of construal on subjective truth. Personality and Social Psychology Bulletin, 36(11), 1576-1588. , Experiment 1",10.1177/0146167210386238,1,"Henderson, E. L., Vallée-Tourangeau, F., & Simons, D. J. (2019). The Effect of Concrete Wording on Truth Judgements: A Preregistered Replication and Extension of Hansen & Wänke. Collabra: Psychology, 5(1), 19. , Experiment 1",10.1525/collabra.192,https://osf.io/s2389/,https://osf.io/s2389/,https://drive.google.com/file/d/1QcmEZxW6iIBhNYHM582duIh3rrSoZxiD/view?usp=drivesdk,1b,"When you lack the facts, how do you decide what is true and what is not? In the absence of knowledge, we sometimes rely on non-probative information. For example, participants judge concretely worded trivia items as more likely to be true than abstractly worded ones (the linguistic truth effect;Hansen & Wänke, 2010). If minor language differences affect truth judgements, ultimately they could influence more consequential political, legal, health, and interpersonal choices. This Registered Report includes two high-powered replication attempts of Experiment 1 from Hansen and Wänke (2010). Experiment 1a was a dual-site, in-person replication of the linguistic concreteness effect in the original paper-and-pencil format (n = 253, n = 246 in analyses). Experiment 1b replicated the study with an online sample (n = 237,n = 220 in analyses). In Experiment 1a, the effect of concreteness on judgements of truth (Cohen’sdz = 0.08; 95% CI: [–0.03, 0.18]) was smaller than that of the original study. Similarly, in Experiment 1b the effect (Cohen’s dz = 0.11; 95% CI [–0.01, 0.22]) was smaller than that of the original study. Collectively, the pattern of results is inconsistent with that of the original study.","When you lack the facts, how do you decide what is true and what is not? In the absence of knowledge, we sometimes rely on non-probative information. For example, participants judge concretely worded trivia items as more likely to be true than abstractly worded ones (the linguistic truth effect;Hansen & Wänke, 2010). If minor language differences affect truth judgements, ultimately they could influence more consequential political, legal, health, and interpersonal choices. This Registered Report includes two high-powered replication attempts of Experiment 1 from Hansen and Wänke (2010). Experiment 1a was a dual-site, in-person replication of the linguistic concreteness effect in the original paper-and-pencil format (n = 253, n = 246 in analyses). Experiment 1b replicated the study with an online sample (n = 237,n = 220 in analyses). In Experiment 1a, the effect of concreteness on judgements of truth (Cohen’sdz = 0.08; 95% CI: [–0.03, 0.18]) was smaller than that of the original study. Similarly, in Experiment 1b the effect (Cohen’s dz = 0.11; 95% CI [–0.01, 0.22]) was smaller than that of the original study. Collectively, the pattern of results is inconsistent with that of the original study.",1,,,abstract
av_132_1,"Hougaard KS, Andersen MB, Kjaer SL, Hansen AM, Werge T, Lund SP. Prenatal stress may increase vulnerability to life events: comparison with the effects of prenatal dexamethasone. Brain Res Dev Brain Res 2005;159:55–63.",10.1016/j.devbrainres.2005.06.014,NA,"Kjær, S. L., Hougaard, K. S., Tasker, R. A., MacDonald, D. S., Rosenberg, R., Elfving, B., & Wegener, G. (2011). Influence of diurnal phase on startle response in adult rats exposed to dexamethasone in utero. Physiology &amp; Behavior, 102(5), 444–452.",10.1016/j.physbeh.2010.12.015,10.1016/j.physbeh.2010.12.015,NA,https://drive.google.com/file/d/1zmRYTfOS6kDGIcUEEFyIw6hwkmLbLd2C/view?usp=drivesdk,1,NA,NA,1,,,abstract
Arb 41,"Kanai, R., Bahrami, B., Roylance, R., & Rees, G. (2011). Online social network size is reflected in human brain structure. Proceedings of the Royal Society B: Biological Sciences, 279(1732).",10.1098/rspb.2011.1959,NA,"Wouter Boekel, Eric-Jan Wagenmakers, Luam Belay, Josine Verhagen, Scott Brown, Birte U. Forstmann, A purely confirmatory replication study of structural brain-behavior correlations, Cortex, Volume 66, 2015, Pages 115-133, ISSN 0010-9452,",10.1016/j.cortex.2014.11.019,10.1016/j.cortex.2014.11.019,NA,https://drive.google.com/file/d/1AhlYxxy1kQunPpsOJRcQPGUX-WvoVtNw/view?usp=drivesdk,NA,NA,NA,1,,,abstract
av_80,"Kim , J.S. , & White , T.G. ( 2008 ). Scaffolding voluntary summer reading for children in grades 3 to 5: An experimental study. Scientific Studies of Reading , 12 ( 1 ), 1 – 23 .",10.1080/10888430701746849,NA,"White, T. G., Kim, J. S., Kingston, H. C., & Foster, L. (2013). Replicating the Effects of a Teacher-Scaffolded Voluntary Summer Reading Program: The Role of Poverty. Reading Research Quarterly, 49(1), 5–30. Portico.",10.1002/rrq.62,10.1002/rrq.62,NA,https://drive.google.com/file/d/1yKVtmrrokbnG8vYzIP64Hzag1IRdVdz4/view?usp=drivesdk,NA,NA,NA,1,,,abstract
XPHI11,"Knobe, J., & Burra, A. (2006). The folk concepts of intention andintentional action: A cross-cultural study. Journal of Cognition and Culture, 6(1), 113-132.",10.1163/156853706776931222,NA,"Cova, F., Strickland, B., Abatista, A., Allard, A., Andow, J., Attie, M., ... & Zhou, X. (2021). Estimating the reproducibility of experimental philosophy. Review of Philosophy and Psychology, 12, 9-44.",10.1007/s13164-018-0400-9,10.1007/s13164-018-0400-9,NA,https://drive.google.com/file/d/1hjI3aqifdfXjWhQAlvKCKKtvjuncAn5M/view?usp=drivesdk,NA,NA,NA,6,,,abstract
av_94,"Kosson, D. S., Lorenz, A., & Newman, J. P. (2006). Effects of co-morbid psychopathy on criminal offending and emotional processing male offenders with antisocial personality disorder. Journal of Abnormal Psychology, 115, 798 – 806.",10.1037/0021-843x.115.4.798,NA,"Riser, R. E., & Kosson, D. S. (2013). Criminal behavior and cognitive processing in male offenders with antisocial personality disorder with and without comorbid psychopathy. Personality Disorders: Theory, Research, and Treatment, 4(4), 332–340.",10.1037/a0033303,10.1037/a0033303,NA,https://drive.google.com/file/d/1lekgV_7d1Wb3Sleyh_r5jBNlDgkh0Qle/view?usp=drivesdk,NA,NA,NA,1,,,abstract
FORRT_21a,"Kupor, D. M., Laurin, K., & Levav, J. (2015). Anticipating divine protection? Reminders of god can increase nonmoral risk taking. Psychological science, 26(4), 374–384. Study 1a",10.1177/0956797614563108,1a,"Gervais, W. M., McKee, S. E., & Malik, S. (2020). Do Religious Primes Increase Risk Taking? Evidence Against “Anticipating Divine Protection” in Two Preregistered Direct Replications of Kupor, Laurin, and Levav (2015). Psychological Science, 31(7), 858-864. Study 1a",10.1177/0956797620922477,https://osf.io/64ct2/,https://osf.io/64ct2/,https://drive.google.com/file/d/1bqNCgQVoUhLOppqc8fkMKPTkt16YU69C/view?usp=drivesdk,1a,"
                    Do reminders of God encourage people to take more risks? Kupor, Laurin, and Levav (2015) reported nine studies that all yielded statistically significant results consistent with the hypothesis that they do. We conducted two large-sample Preregistered Direct Replications ( N = 1,104) of studies in Kupor et al.’s article (Studies 1a and 1b) and evaluated replicability via (a) statistical significance, (b) a “small-telescopes” approach, (c) Bayes factors (BFs), and (d) meta-analyses pooled across original and replication studies. None of these approaches replicated the original studies’ effects. Combining both original studies and both replications yielded strong evidence in support of the null over a default alternative hypothesis, BF
                    01
                    = 11.04, meaning that the totality of evidence speaks against the possibility that religious primes increased nonmoral risk taking in these designs. This suggests that support for the “anticipating-divine-protection” hypothesis may be overstated.
                  ","
                    Do reminders of God encourage people to take more risks? Kupor, Laurin, and Levav (2015) reported nine studies that all yielded statistically significant results consistent with the hypothesis that they do. We conducted two large-sample Preregistered Direct Replications ( N = 1,104) of studies in Kupor et al.’s article (Studies 1a and 1b) and evaluated replicability via (a) statistical significance, (b) a “small-telescopes” approach, (c) Bayes factors (BFs), and (d) meta-analyses pooled across original and replication studies. None of these approaches replicated the original studies’ effects. Combining both original studies and both replications yielded strong evidence in support of the null over a default alternative hypothesis, BF
                    01
                    = 11.04, meaning that the totality of evidence speaks against the possibility that religious primes increased nonmoral risk taking in these designs. This suggests that support for the “anticipating-divine-protection” hypothesis may be overstated.
                  ",1,,,abstract
FORRT_21a,"Kupor, D. M., Laurin, K., & Levav, J. (2015). Anticipating divine protection? Reminders of god can increase nonmoral risk taking. Psychological science, 26(4), 374–384. Study 1a",10.1177/0956797614563108,1b,"Gervais, W. M., McKee, S. E., & Malik, S. (2020). Do Religious Primes Increase Risk Taking? Evidence Against “Anticipating Divine Protection” in Two Preregistered Direct Replications of Kupor, Laurin, and Levav (2015). Psychological Science, 31(7), 858-864. Study 1a",10.1177/0956797620922477,https://osf.io/64ct2/,https://osf.io/64ct2/,https://drive.google.com/file/d/1bqNCgQVoUhLOppqc8fkMKPTkt16YU69C/view?usp=drivesdk,1b,"
                    Do reminders of God encourage people to take more risks? Kupor, Laurin, and Levav (2015) reported nine studies that all yielded statistically significant results consistent with the hypothesis that they do. We conducted two large-sample Preregistered Direct Replications ( N = 1,104) of studies in Kupor et al.’s article (Studies 1a and 1b) and evaluated replicability via (a) statistical significance, (b) a “small-telescopes” approach, (c) Bayes factors (BFs), and (d) meta-analyses pooled across original and replication studies. None of these approaches replicated the original studies’ effects. Combining both original studies and both replications yielded strong evidence in support of the null over a default alternative hypothesis, BF
                    01
                    = 11.04, meaning that the totality of evidence speaks against the possibility that religious primes increased nonmoral risk taking in these designs. This suggests that support for the “anticipating-divine-protection” hypothesis may be overstated.
                  ","
                    Do reminders of God encourage people to take more risks? Kupor, Laurin, and Levav (2015) reported nine studies that all yielded statistically significant results consistent with the hypothesis that they do. We conducted two large-sample Preregistered Direct Replications ( N = 1,104) of studies in Kupor et al.’s article (Studies 1a and 1b) and evaluated replicability via (a) statistical significance, (b) a “small-telescopes” approach, (c) Bayes factors (BFs), and (d) meta-analyses pooled across original and replication studies. None of these approaches replicated the original studies’ effects. Combining both original studies and both replications yielded strong evidence in support of the null over a default alternative hypothesis, BF
                    01
                    = 11.04, meaning that the totality of evidence speaks against the possibility that religious primes increased nonmoral risk taking in these designs. This suggests that support for the “anticipating-divine-protection” hypothesis may be overstated.
                  ",1,,,abstract
av_224,"Laugeson, E. A., Frankel, F., Mogil, C., & Dillon, A. R. (2009). Parent-assisted social skills training to improve friendships in adolescents with autism spectrum disorders. Journal of Autism and Developmental Disorders, 39(4), 596–606.",10.1007/s10803-008-0664-5,NA,"Schohl, K. A., Van Hecke, A. V., Carson, A. M., Dolan, B., Karst, J., & Stevens, S. (2013). A Replication and Extension of the PEERS Intervention: Examining Effects on Social Skills and Social Anxiety in Adolescents with Autism Spectrum Disorders. Journal of Autism and Developmental Disorders, 44(3), 532–545.",10.1007/s10803-013-1900-1,10.1007/s10803-013-1900-1,NA,https://drive.google.com/file/d/1cTS_L14IMe69spwJnjmmtddzn9eVdb4W/view?usp=drivesdk,NA,NA,NA,1,,,abstract
av_122_1,"Lloyd-Fox, S., Blasi, A., Volein, A., Everdell, N., Elwell, C.E., Johnson, M.H., 2009. Social perception in infancy: a near infrared spectroscopy study. Child Dev. 80 (4), 986–999.",10.1111/j.1467-8624.2009.01312.x,NA,"van der Kant, A., Biro, S., Levelt, C., & Huijbregts, S. (2018). Negative affect is related to reduced differential neural responses to social and non-social stimuli in 5-to-8-month-old infants: A functional near-infrared spectroscopy-study. Developmental Cognitive Neuroscience, 30, 23–30.",10.1016/j.dcn.2017.12.003,10.1016/j.dcn.2017.12.003,NA,https://drive.google.com/file/d/1kQS-kx1jV-RoRamFPKT5qlhq7hXEXmwX/view?usp=drivesdk,1,NA,NA,1,,,abstract
av_19,"Luck, C. C., & Lipp, O. V. (2015). A potential pathway to the relapse of fear? Conditioned negative stimulus evaluation (but not physiological responding) resists instructed extinction. Behaviour Research and Therapy, 66, 18–31.",10.1016/j.brat.2015.01.001,NA,"Luck, C. C., & Lipp, O. V. (2015). To remove or not to remove? Removal of the unconditional stimulus electrode does not mediate instructed extinction effects. Psychophysiology, 52(9), 1248–1256. Portico.",10.1111/psyp.12452,10.1111/psyp.12452,NA,https://drive.google.com/file/d/1U5T2MAj5_QQykM-pybdbnGHkCMfgC2Ip/view?usp=drivesdk,1,"AbstractFollowing differential fear conditioning, the instruction that the unconditional stimulus will no longer be presented (instructed extinction) reduces differential electrodermal responding to CS+ and CS−, but does not affect differential conditional stimulus valence evaluations. Reductions in differential electrodermal responding have been attributed to the provision of verbal instructions; however, during instructed extinction the unconditional stimulus electrode is often removed as well. This removal could reduce the participants’ general arousal levels rendering the detection of differential electrodermal responding difficult. The current study examined this alternative interpretation by comparing the electrodermal responses and conditional stimulus valence evaluations of an instruction/electrode‐on group, an instruction/electrode‐off group, and a control group who were not instructed. Following instructed extinction, differential electrodermal responding was eliminated in both instruction groups, an effect that was not influenced by the attachment/removal of the electrode. Replicating previous findings, conditional stimulus valence was not affected by instructed extinction. The results suggest that verbal instructions, not unconditional stimulus electrode removal, reduce differential electrodermal responding during instructed extinction manipulations.","AbstractFollowing differential fear conditioning, the instruction that the unconditional stimulus will no longer be presented (instructed extinction) reduces differential electrodermal responding to CS+ and CS−, but does not affect differential conditional stimulus valence evaluations. Reductions in differential electrodermal responding have been attributed to the provision of verbal instructions; however, during instructed extinction the unconditional stimulus electrode is often removed as well. This removal could reduce the participants’ general arousal levels rendering the detection of differential electrodermal responding difficult. The current study examined this alternative interpretation by comparing the electrodermal responses and conditional stimulus valence evaluations of an instruction/electrode‐on group, an instruction/electrode‐off group, and a control group who were not instructed. Following instructed extinction, differential electrodermal responding was eliminated in both instruction groups, an effect that was not influenced by the attachment/removal of the electrode. Replicating previous findings, conditional stimulus valence was not affected by instructed extinction. The results suggest that verbal instructions, not unconditional stimulus electrode removal, reduce differential electrodermal responding during instructed extinction manipulations.",1,,,abstract
Arb3,"Mazar, N., Amir, O., & Ariely, D. (2008). The Dishonesty of Honest People: A Theory of Self-Concept Maintenance. Journal of Marketing Research, 45(6), 633-644. Experiment 1",10.1509/jmkr.45.6.633,1,"Verschuere B, Meijer EH, Jim A, et al. Registered Replication Report on Mazar, Amir, and Ariely (2008). Advances in Methods and Practices in Psychological Science. 2018;1(3):299-317. Acar data",10.1177/2515245918781032,https://osf.io/3bwx5/,https://osf.io/3bwx5/,https://drive.google.com/file/d/1FOQ7FQtPiTG4rTwMmNxW_mEod9sHnt_d/view?usp=drivesdk,NA,"The self-concept maintenance theory holds that many people will cheat in order to maximize self-profit, but only to the extent that they can do so while maintaining a positive self-concept. Mazar, Amir, and Ariely (2008, Experiment 1) gave participants an opportunity and incentive to cheat on a problem-solving task. Prior to that task, participants either recalled the Ten Commandments (a moral reminder) or recalled 10 books they had read in high school (a neutral task). Results were consistent with the self-concept maintenance theory. When given the opportunity to cheat, participants given the moral-reminder priming task reported solving 1.45 fewer matrices than did those given a neutral prime (Cohen’s d = 0.48); moral reminders reduced cheating. Mazar et al.’s article is among the most cited in deception research, but their Experiment 1 has not been replicated directly. This Registered Replication Report describes the aggregated result of 25 direct replications (total N = 5,786), all of which followed the same preregistered protocol. In the primary meta-analysis (19 replications, total n = 4,674), participants who were given an opportunity to cheat reported solving 0.11 more matrices if they were given a moral reminder than if they were given a neutral reminder (95% confidence interval = [−0.09, 0.31]). This small effect was numerically in the opposite direction of the effect observed in the original study (Cohen’s d = −0.04).","The self-concept maintenance theory holds that many people will cheat in order to maximize self-profit, but only to the extent that they can do so while maintaining a positive self-concept. Mazar, Amir, and Ariely (2008, Experiment 1) gave participants an opportunity and incentive to cheat on a problem-solving task. Prior to that task, participants either recalled the Ten Commandments (a moral reminder) or recalled 10 books they had read in high school (a neutral task). Results were consistent with the self-concept maintenance theory. When given the opportunity to cheat, participants given the moral-reminder priming task reported solving 1.45 fewer matrices than did those given a neutral prime (Cohen’s d = 0.48); moral reminders reduced cheating. Mazar et al.’s article is among the most cited in deception research, but their Experiment 1 has not been replicated directly. This Registered Replication Report describes the aggregated result of 25 direct replications (total N = 5,786), all of which followed the same preregistered protocol. In the primary meta-analysis (19 replications, total n = 4,674), participants who were given an opportunity to cheat reported solving 0.11 more matrices if they were given a moral reminder than if they were given a neutral reminder (95% confidence interval = [−0.09, 0.31]). This small effect was numerically in the opposite direction of the effect observed in the original study (Cohen’s d = −0.04).",1,,,abstract
av_127_1,"Medway, M., & Jones, M. K. (2013). Further evidence that repeated checking leads to reduced memory confidence, vividness and detail: New evidence that repeated object exposure also results in memory distrust. Behaviour Change, 30(3), 159–179. https:// doi.org/10.1017/bec.2013.16.",10.1017/bec.2013.16.,NA,"Burns, D. J., Dalterio, C. H., Burns, S. A., & Coelho, G. V. (2020). Not all checking decreases memory confidence: Implications for obsessive-compulsive disorder. Journal of Behavior Therapy and Experimental Psychiatry, 69, 101573.",10.1016/j.jbtep.2020.101573,10.1016/j.jbtep.2020.101573,NA,https://drive.google.com/file/d/1prx_SpmUyRZ5cDfirHGKUdutRkrszFZA/view?usp=drivesdk,1,NA,NA,2,,,abstract
NA,"Medway, M., & Jones, M. K. (2013). Further evidence that repeated checking leads to reduced memory confidence, vividness and detail: New evidence that repeated object exposure also results in memory distrust. Behaviour Change, 30(3), 159–179.",10.1017/bec.2013.16,1,"Burns, D. J., Dalterio, C. H., Burns, S. A., & Coelho, G. V. (2020). Not all checking decreases memory confidence: Implications for obsessive-compulsive disorder. Journal of Behavior Therapy and Experimental Psychiatry, 69, 101573.",10.1016/j.jbtep.2020.101573,10.1016/j.jbtep.2020.101573,NA,https://drive.google.com/file/d/1prx_SpmUyRZ5cDfirHGKUdutRkrszFZA/view?usp=drivesdk,1,NA,NA,2,,,abstract
XPHI13,"Nadelhoffer, T. (2006). Bad acts, blameworthy agents, and intentional actions: Some problems for juror impartiality. Philosophical explorations, 9(2), 203-219.",10.1080/13869790600641905,NA,"Cova, F., Strickland, B., Abatista, A., Allard, A., Andow, J., Attie, M., ... & Zhou, X. (2021). Estimating the reproducibility of experimental philosophy. Review of Philosophy and Psychology, 12, 9-44.",10.1007/s13164-018-0400-9,https://osf.io/bv42c/files/4xvkc,https://osf.io/bv42c/files/4xvkc,https://drive.google.com/file/d/1hjI3aqifdfXjWhQAlvKCKKtvjuncAn5M/view?usp=drivesdk,NA,NA,NA,6,,,abstract
Arb137,"Pennycook, G., McPhetres, J., Zhang, Y., Lu, J. G., & Rand, D. G. (2020). Fighting COVID-19 Misinformation on Social Media: Experimental Evidence for a Scalable Accuracy-Nudge Intervention. Psychological Science, 31(7), 770-780.",10.1177/0956797620939054,2,"Roozenbeek, J., Freeman, A. L. J., & van der Linden, S. (2021). How Accurate Are Accuracy-Nudge Interventions? A Preregistered Direct Replication of Pennycook et al. (2020). Psychological Science, 32(7), 1169-1178.",10.1177/09567976211024535,10.1177/09567976211024535,NA,https://drive.google.com/file/d/1uabCd7tRzuYbMgMYfngWf8jyCb968QZU/view?usp=drivesdk,NA,"As part of the Systematizing Confidence in Open Research and Evidence (SCORE) program, the present study consisted of a two-stage replication test of a central finding by Pennycook et al. (2020), namely that asking people to think about the accuracy of a single headline improves “truth discernment” of intentions to share news headlines about COVID-19. The first stage of the replication test ( n = 701) was unsuccessful ( p = .67). After collecting a second round of data (additional n = 882, pooled N = 1,583), we found a small but significant interaction between treatment condition and truth discernment (uncorrected p = .017; treatment: d = 0.14, control: d = 0.10). As in the target study, perceived headline accuracy correlated with treatment impact, so that treatment-group participants were less willing to share headlines that were perceived as less accurate. We discuss potential explanations for these findings and an unreported change in the hypothesis (but not the analysis plan) from the preregistration in the original study.","As part of the Systematizing Confidence in Open Research and Evidence (SCORE) program, the present study consisted of a two-stage replication test of a central finding by Pennycook et al. (2020), namely that asking people to think about the accuracy of a single headline improves “truth discernment” of intentions to share news headlines about COVID-19. The first stage of the replication test ( n = 701) was unsuccessful ( p = .67). After collecting a second round of data (additional n = 882, pooled N = 1,583), we found a small but significant interaction between treatment condition and truth discernment (uncorrected p = .017; treatment: d = 0.14, control: d = 0.10). As in the target study, perceived headline accuracy correlated with treatment impact, so that treatment-group participants were less willing to share headlines that were perceived as less accurate. We discuss potential explanations for these findings and an unreported change in the hypothesis (but not the analysis plan) from the preregistration in the original study.",1,,,abstract
Arb33,"Piff, P. K., Kraus, M. W., Côté, S., Cheng, B. H., & Keltner, D. (2010). Having less, giving more: The influence of social class on prosocial behavior. Journal of Personality and Social Psychology, 99(5), 771–784.",10.1037/a0020092,1,"Angelos Stamos, Florian Lange, Szu-chi Huang, Siegfried Dewitte,Having less, giving more? Two preregistered replications of the relationship between social class and prosocial behavior,Journal of Research in Personality,Volume 84,2020,103902,ISSN 0092-6566,",10.1016/j.jrp.2019.103902,https://osf.io/zha65/,https://osf.io/zha65/,https://drive.google.com/file/d/12vr9Ml05kcCjOOFDT2U4A5kBIpYyV_vy/view?usp=drivesdk,1,NA,NA,1,,,abstract
NA,NA,NA,NA,NA,NA,NA,NA,NA,NA,NA,NA,4,,,abstract
NA,"Reinhard, M. A., Greifeneder, R., and Scharmach, M. (2013). Unconscious processes improve lie detection. J. Pers. Soc. Psychol. 105, 721–739.",10.1037/a0034352,Experiment 1,"Moi, W. Y., & Shanks, D. R. (2015). Can lies be detected unconsciously? Frontiers in Psychology, 6.",10.3389/fpsyg.2015.01221,10.3389/fpsyg.2015.01221,NA,https://drive.google.com/file/d/1palPBkJHCvYlPBUeKlt_R0vV70lzSnDX/view?usp=drivesdk,Experiment 1,NA,NA,1,,,abstract
XPHI28,"Sarkissian, H., Park, J., Tien, D., Wright, J. C., & Knobe, J. (2011). Folk moral relativism. Mind & Language, 26(4), 482-505.",10.1111/j.1468-0017.2011.01428.x,1,"Cova, F., Strickland, B., Abatista, A., Allard, A., Andow, J., Attie, M., ... & Zhou, X. (2021). Estimating the reproducibility of experimental philosophy. Review of Philosophy and Psychology, 12, 9-44.",10.1007/s13164-018-0400-9,10.1007/s13164-018-0400-9,NA,https://drive.google.com/file/d/1hjI3aqifdfXjWhQAlvKCKKtvjuncAn5M/view?usp=drivesdk,NA,NA,NA,6,,,abstract
FORRT_4,"Srull T. K., Wyer R. S. (1979). The role of category accessibility in the interpretation of information about persons: Some determinants and implications. Journal of Personality and Social Psychology, 37, 1660–1672. https://psycnet.apa.org/doi/",10.4324/9780203496398-9,1,"McCarthy R, Gervais W, Aczel B, Al-Kire RL, Aveyard M, Marcella Baraldo S, Baruh L, Basch C, Baumert A, Behler A, Bettencourt A, Bitar A, Bouxom H, Buck A, Cemalcilar Z, Chekroun P, Chen JM, del Fresno- Díaz Á, Ducham A, Edlund JE, ElBassiouny A, Evans TR, Ewell PJ, Forscher PS, Fuglestad PT, Hauck L, Hawk CE, Hermann AD, Hines B, Irumva M, Jordan LN, Joy-Gaba JA, Haley C, Kačmár P, Kezer M, Körner R, Kosaka M, Kovacs M, Lair EC, Légal J, Leighton DC, Magee MW, Markman K, Martončik M, Müller M, Norman JB, Olsen J, Oyler D, Phills CE, Ribeiro G, Rohain A, Sakaluk J, Schütz A, Toribio-Flórez D, Tsang J, Vezzoli M, Williams C, Willis GB, Young J, Zogmaister C (2021). “A Multi-Site Collaborative Study of the Hostile Priming Effect.” _Collabra: Psychology_, *7*(1). ISSN 2474-7394, <>, <>.",10.1525/collabra.18738,https://osf.io/j6uwa/?view_only=,https://osf.io/j6uwa/?view_only=,https://drive.google.com/file/d/1ZVq8u129cMoTv7y1k5VYN-LTgUI1m7IZ/view?usp=drivesdk,NA,"In a now-classic study by Srull and Wyer (1979), people who were exposed to phrases with hostile content subsequently judged a man as being more hostile. And this “hostile priming effect” has had a significant influence on the field of social cognition over the subsequent decades. However, a recent multi-lab collaborative study (McCarthy et al., 2018) that closely followed the methods described by Srull and Wyer (1979) found a hostile priming effect that was nearly zero, which casts doubt on whether these methods reliably produce an effect. To address some limitations with McCarthy et al. (2018), the current multi-site collaborative study included data collected from 29 labs. Each lab conducted a close replication (total N = 2,123) and a conceptual replication (total N = 2,579) of Srull and Wyer’s methods. The hostile priming effect for both the close replication (d = 0.09, 95% CI [-0.04, 0.22], z = 1.34, p = .16) and the conceptual replication (d = 0.05, 95% CI [-0.04, 0.15], z = 1.15, p = .58) were not significantly different from zero and, if the true effects are non-zero, were smaller than what most labs could feasibly and routinely detect. Despite our best efforts to produce favorable conditions for the effect to emerge, we did not detect a hostile priming effect. We suggest that researchers should not invest more resources into trying to detect a hostile priming effect using methods like those described in Srull and Wyer (1979).","In a now-classic study by Srull and Wyer (1979), people who were exposed to phrases with hostile content subsequently judged a man as being more hostile. And this “hostile priming effect” has had a significant influence on the field of social cognition over the subsequent decades. However, a recent multi-lab collaborative study (McCarthy et al., 2018) that closely followed the methods described by Srull and Wyer (1979) found a hostile priming effect that was nearly zero, which casts doubt on whether these methods reliably produce an effect. To address some limitations with McCarthy et al. (2018), the current multi-site collaborative study included data collected from 29 labs. Each lab conducted a close replication (total N = 2,123) and a conceptual replication (total N = 2,579) of Srull and Wyer’s methods. The hostile priming effect for both the close replication (d = 0.09, 95% CI [-0.04, 0.22], z = 1.34, p = .16) and the conceptual replication (d = 0.05, 95% CI [-0.04, 0.15], z = 1.15, p = .58) were not significantly different from zero and, if the true effects are non-zero, were smaller than what most labs could feasibly and routinely detect. Despite our best efforts to produce favorable conditions for the effect to emerge, we did not detect a hostile priming effect. We suggest that researchers should not invest more resources into trying to detect a hostile priming effect using methods like those described in Srull and Wyer (1979).",1,,,abstract
FORRT_3,"Srull T. K., Wyer R. S. (1979). The role of category accessibility in the interpretation of information about persons: Some determinants and implications. Journal of Personality and Social Psychology, 37, 1660–1672. https://psycnet.apa.org/doi/",10.4324/9780203496398-9,1,"McCarthy RJ, Skowronski JJ, Verschuere B, Meijer EH, Jim A, Hoogesteyn K, Orthey R, Acar OA, Aczel B, Bakos BE, Barbosa F, Baskin E, Bègue L, Ben-Shakhar G, Birt AR, Blatz L, Charman SD, Claesen A, Clay SL, Coary SP, Crusius J, Evans JR, Feldman N, Ferreira-Santos F, Gamer M, Gerlsma C, Gomes S, González-Iraizoz M, Holzmeister F, Huber J, Huntjens RJC, Isoni A, Jessup RK, Kirchler M, klein Selle N, Koppel L, Kovacs M, Laine T, Lentz F, Loschelder DD, Ludvig EA, Lynn ML, Martin SD, McLatchie NM, Mechtel M, Nahari G, Özdoğru AA, Pasion R, Pennington CR, Roets A, Rozmann N, Scopelliti I, Spiegelman E, Suchotzki K, Sutan A, Szecsi P, Tinghög G, Tisserand J, Tran US, Van Hiel A, Vanpaemel W, Västfjäll D, Verliefde T, Vezirian K, Voracek M, Warmelink L, Wick K, Wiggins BJ, Wylie K, Yıldız E (2018). “Registered Replication Report on Srull and Wyer (1979).” _Advances in Methods and Practices in Psychological Science_, *1*(3), 321–336. ISSN 2515-2467, <>, <>.",10.1177/2515245918777487,https://osf.io/vxz7q/,https://osf.io/vxz7q/,https://drive.google.com/file/d/1-Y0tXk4wvWq7Lp_s5SZ5Mf957-oNEeur/view?usp=drivesdk,NA,"Srull and Wyer (1979) demonstrated that exposing participants to more hostility-related stimuli caused them subsequently to interpret ambiguous behaviors as more hostile. In their Experiment 1, participants descrambled sets of words to form sentences. In one condition, 80% of the descrambled sentences described hostile behaviors, and in another condition, 20% described hostile behaviors. Following the descrambling task, all participants read a vignette about a man named Donald who behaved in an ambiguously hostile manner and then rated him on a set of personality traits. Next, participants rated the hostility of various ambiguously hostile behaviors (all ratings on scales from 0 to 10). Participants who descrambled mostly hostile sentences rated Donald and the ambiguous behaviors as approximately 3 scale points more hostile than did those who descrambled mostly neutral sentences. This Registered Replication Report describes the results of 26 independent replications ( N = 7,373 in the total sample; k = 22 labs and N = 5,610 in the primary analyses) of Srull and Wyer’s Experiment 1, each of which followed a preregistered and vetted protocol. A random-effects meta-analysis showed that the protagonist was seen as 0.08 scale points more hostile when participants were primed with 80% hostile sentences than when they were primed with 20% hostile sentences (95% confidence interval, CI = [0.004, 0.16]). The ambiguously hostile behaviors were seen as 0.08 points less hostile when participants were primed with 80% hostile sentences than when they were primed with 20% hostile sentences (95% CI = [−0.18, 0.01]). Although the confidence interval for one outcome excluded zero and the observed effect was in the predicted direction, these results suggest that the currently used methods do not produce an assimilative priming effect that is practically and routinely detectable.","Srull and Wyer (1979) demonstrated that exposing participants to more hostility-related stimuli caused them subsequently to interpret ambiguous behaviors as more hostile. In their Experiment 1, participants descrambled sets of words to form sentences. In one condition, 80% of the descrambled sentences described hostile behaviors, and in another condition, 20% described hostile behaviors. Following the descrambling task, all participants read a vignette about a man named Donald who behaved in an ambiguously hostile manner and then rated him on a set of personality traits. Next, participants rated the hostility of various ambiguously hostile behaviors (all ratings on scales from 0 to 10). Participants who descrambled mostly hostile sentences rated Donald and the ambiguous behaviors as approximately 3 scale points more hostile than did those who descrambled mostly neutral sentences. This Registered Replication Report describes the results of 26 independent replications ( N = 7,373 in the total sample; k = 22 labs and N = 5,610 in the primary analyses) of Srull and Wyer’s Experiment 1, each of which followed a preregistered and vetted protocol. A random-effects meta-analysis showed that the protagonist was seen as 0.08 scale points more hostile when participants were primed with 80% hostile sentences than when they were primed with 20% hostile sentences (95% confidence interval, CI = [0.004, 0.16]). The ambiguously hostile behaviors were seen as 0.08 points less hostile when participants were primed with 80% hostile sentences than when they were primed with 20% hostile sentences (95% CI = [−0.18, 0.01]). Although the confidence interval for one outcome excluded zero and the observed effect was in the predicted direction, these results suggest that the currently used methods do not produce an assimilative priming effect that is practically and routinely detectable.",1,,,abstract
Keith_etal_2022,"Stahlberg, D., Sczesny, S., & Braun, F. (2001). Name your favorite musician: Effects of masculine generics and of their alternatives in German. Journal of Language and Social Psychology, 20(4), 464–469.",10.1177/0261927x01020004004,2,"Keith, N., Hartwig, K., & Richter, T. (2022). Ladies first or ladies last: Do masculine generics evoke a reduced and later retrieval of female exemplars?. Collabra: Psychology, 8(1), 32964.",10.1525/collabra.32964,https://osf.io/rn96f/?view_only=4436a99bf52740ef84a97a4951c414eb,https://osf.io/rn96f/?view_only=4436a99bf52740ef84a97a4951c414eb,https://drive.google.com/file/d/1tfT77AXhN_5ICnJgS9ZX9JQTbZ0fuzO1/view?usp=drivesdk,NA,"The use of masculine generics (i.e., grammatically masculine forms that refer to both men and women) is prevalent in many languages but has been criticized for potentially triggering male bias. Empirical evidence for this claim exists but is often based on small and selective samples. This study is a high-powered and pre-registered replication and extension of a 20-year-old study on this biasing effect in German speakers. Under 1 of 4 conditions (masculine generics vs. three gender-inclusive alternatives), 344 participants listed 3 persons of 6 popular occupational categories (e.g., athletes, politicians). Despite 20 years of societal changes, results were remarkably similar, underscoring the high degree of automaticity involved in language comprehension (large effects of 0.71 to 1.12 of a standard deviation). Male bias tended to be particularly pronounced later rather than early in retrieval, suggesting that salient female exemplars may be recalled first but that male exemplars still dominate the overall categorical representations.","The use of masculine generics (i.e., grammatically masculine forms that refer to both men and women) is prevalent in many languages but has been criticized for potentially triggering male bias. Empirical evidence for this claim exists but is often based on small and selective samples. This study is a high-powered and pre-registered replication and extension of a 20-year-old study on this biasing effect in German speakers. Under 1 of 4 conditions (masculine generics vs. three gender-inclusive alternatives), 344 participants listed 3 persons of 6 popular occupational categories (e.g., athletes, politicians). Despite 20 years of societal changes, results were remarkably similar, underscoring the high degree of automaticity involved in language comprehension (large effects of 0.71 to 1.12 of a standard deviation). Male bias tended to be particularly pronounced later rather than early in retrieval, suggesting that salient female exemplars may be recalled first but that male exemplars still dominate the overall categorical representations.",1,,,abstract
av_225,"Staniland, J., & Byrne, M. (2013). The Effects of a Multi-Component Higher-Functioning Autism Anti-Stigma Program on Adolescent Boys. Journal of Autism and Developmental Disorders, 43(12), 2816-2829.",10.1007/s10803-013-1829-4,NA,"Ranson, N. J., & Byrne, M. K. (2014). Promoting Peer Acceptance of Females with Higher-functioning Autism in a Mainstream Education Setting: A Replication and Extension of the Effects of an Autism Anti-Stigma Program. Journal of Autism and Developmental Disorders, 44(11), 2778–2796.",10.1007/s10803-014-2139-1,10.1007/s10803-014-2139-1,NA,https://drive.google.com/file/d/1ysVp3Vk_Bm-kgrT2l1h9mJDlMwC7toGK/view?usp=drivesdk,NA,NA,NA,1,,,abstract
av_225,"Staniland, J., & Byrne, M. (2013). The Effects of a Multi-Component Higher-Functioning Autism Anti-Stigma Program on Adolescent Boys. Journal of Autism and Developmental Disorders, 43(12), 2816-2829.",10.1007/s10803-013-1829-4,NA,"Ranson, N. J., & Byrne, M. K. (2014). Promoting Peer Acceptance of Females with Higher-functioning Autism in a Mainstream Education Setting: A Replication and Extension of the Effects of an Autism Anti-Stigma Program. Journal of Autism and Developmental Disorders, 44(11), 2778–2796.",NA,NA,NA,https://drive.google.com/file/d/1ysVp3Vk_Bm-kgrT2l1h9mJDlMwC7toGK/view?usp=drivesdk,NA,NA,NA,4,,,abstract
soscisubmission56,"Swami, V., Voracek, M., Stieger, S., Tran, U. S., & Furnham, A. (2014). Analytic thinking reduces belief in conspiracy theories. Cognition, 133 (3), 572–585. , Study 2",10.1016/j.cognition.2014.08.006,2,"Većkalov, B., Gligorić, V., & Petrović, M. B. (2024). No evidence that priming analytic thinking reduces belief in conspiracy theories: A Registered Report of high-powered direct replications of Study 2 and Study 4 from Swami, Voracek, Stieger, Tran, and Furnham (2014). Journal of Experimental Social Psychology,Vol. 110, 104549. , Study 1",10.1016/j.jesp.2023.104549,https://osf.io/keahr/,https://osf.io/keahr/,https://drive.google.com/file/d/1k0SlYN5K71aUHdxLd3YgjNOTXJqqjFO1/view?usp=drivesdk,1,NA,NA,1,,,abstract
soscisubmission56,"Swami, V., Voracek, M., Stieger, S., Tran, U. S., & Furnham, A. (2014). Analytic thinking reduces belief in conspiracy theories. Cognition, 133 (3), 572–585. , Study 2",10.1016/j.cognition.2014.08.006,4,"Većkalov, B., Gligorić, V., & Petrović, M. B. (2024). No evidence that priming analytic thinking reduces belief in conspiracy theories: A Registered Report of high-powered direct replications of Study 2 and Study 4 from Swami, Voracek, Stieger, Tran, and Furnham (2014). Journal of Experimental Social Psychology,Vol. 110, 104549. , Study 1",10.1016/j.jesp.2023.104549,https://osf.io/keahr/,https://osf.io/keahr/,https://drive.google.com/file/d/1k0SlYN5K71aUHdxLd3YgjNOTXJqqjFO1/view?usp=drivesdk,2,NA,NA,1,,,abstract
Arb37,"Will M. Gervais, Ara Norenzayan, Analytic Thinking Promotes Religious Disbelief.Science336,493-496(2012).DOI:",10.1126/science.1215647,2,"Sanchez, C., Sundermeier, B., Gray, K., & Calin-Jageman, R. J. (2017). Direct replication of Gervais & Norenzayan (2012): No evidence that analytic thinking decreases religious belief. PLOS.",10.1371/journal.pone.0172636,https://osf.io/qc6rh/,https://osf.io/qc6rh/,https://drive.google.com/file/d/1ZdStIAryiMG9Yjyb-epjFMXsQ4Y0oqnn/view?usp=drivesdk,2,NA,NA,1,,,abstract
av_205,"Yang, H., Stoeber, J., & Wang, Y. (2015). Moral perfectionism and moral values, virtues, and judgments: A preliminary investigation. Personality and Individual Differences, 75, 229–233.",10.1016/j.paid.2014.11.040,Study 1,"Stoeber, J., & Yang, H. (2016). Moral perfectionism and moral values, virtues, and judgments: Further investigations. Personality and Individual Differences, 88, 6–11.",10.1016/j.paid.2015.08.031,10.1016/j.paid.2015.08.031,NA,https://drive.google.com/file/d/16JQNoO8JQulQ1kvBIF9ooglN6nvnOKwR/view?usp=drivesdk,NA,NA,NA,1,,,abstract
av_205,"Yang, H., Stoeber, J., & Wang, Y. (2015). Moral perfectionism and moral values, virtues, and judgments: A preliminary investigation. Personality and Individual Differences, 75, 229–233.",10.1016/j.paid.2014.11.040,Study 2,"Stoeber, J., & Yang, H. (2016). Moral perfectionism and moral values, virtues, and judgments: Further investigations. Personality and Individual Differences, 88, 6–11.",10.1016/j.paid.2015.08.031,10.1016/j.paid.2015.08.031,NA,https://drive.google.com/file/d/16JQNoO8JQulQ1kvBIF9ooglN6nvnOKwR/view?usp=drivesdk,NA,NA,NA,1,,,abstract
av_205,"Yang, H., Stoeber, J., & Wang, Y. (2015). Moral perfectionism and moral values, virtues, and judgments: A preliminary investigation. Personality and Individual Differences, 75, 229–233.",10.1016/j.paid.2014.11.040,Study 3,"Stoeber, J., & Yang, H. (2016). Moral perfectionism and moral values, virtues, and judgments: Further investigations. Personality and Individual Differences, 88, 6–11.",10.1016/j.paid.2015.08.031,10.1016/j.paid.2015.08.031,NA,https://drive.google.com/file/d/16JQNoO8JQulQ1kvBIF9ooglN6nvnOKwR/view?usp=drivesdk,NA,NA,NA,1,,,abstract
