fred_id,ref_o,doi_o,ref_r,doi_r,url_r,link_r,study_r,abstract_r,entries_per_rep,outcome,outcome_quote,out_quote_source,other_task
39xuw,"Schaffer, J., & Knobe, J. (2012). Contrastive knowledge surveyed. Noûs, 46(4), 675-708.",10.1111/j.1468-0068.2010.00795.x,"Wilkenfeld, D. A., & Hernández-Conde, J. V. (2017, September 12). Schaffer and Knobe Replication.",10.17605/OSF.IO/39XUW,NA,https://drive.google.com/file/d/1Oux4UBwSd26986fxRHjyI5XNtU-07DOs/view?usp=drivesdk,1,NA,1,,,abstract,FALSE
acykd,"Mussweiler, T., & Englich, B. (2005). Subliminal anchoring: Judgmental consequences and underlying mechanisms. Organizational Behavior and Human Decision Processes, 98(2), 133-143.",10.1016/j.obhdp.2004.12.002,"Röseler, L., Schütz, A., Blank, P. A., Dück, M., Fels, S., Kupfer, J., ... & Seida, C. (2021). Evidence against subliminal anchoring: Two close, highly powered, preregistered, and failed replication attempts. Journal of Experimental Social Psychology, 92, 104066.",10.1016/j.jesp.2020.104066,NA,https://drive.google.com/file/d/1Q7xa-u3DEssueb6fBYD39BjDPub6xcHR/view?usp=drivesdk,1,NA,2,,,abstract,FALSE
additional_studies1,"Rellensmann, J., & Schukajlow, S. (2017). Does students’ interest in a mathematical problem depend on the problem’s connection to reality? An analysis of students’ interest and pre-service teachers’ judgments of students’ interest in problems with and without a connection to reality. ZDM, 49, 367-378.",10.1007/s11858-016-0819-3,"García-Cerdá, C., Segura, C., & Ferrando, I. (2024). Influence of the Type of Mathematical Problems on Students’ and Pre-service Teachers’ Interest and Performance. A Replication and Elaboration Study. Implementation and Replication Studies in Mathematics Education, 1(aop), 1-35.",10.1163/26670127-bja10017,NA,https://drive.google.com/file/d/1u_oSZ0fEx8q87XxieN1axHREEr_kiGBE/view?usp=drivesdk,1,"AbstractSeveral studies confirm the importance of the role of students’ interest in learning mathematics. This article describes the process of conceptual replication of Rellensmann and Schukajlow’s (2017) research on how the connection to the reality of a mathematical problem affects the interest in solving it. Our study distinguishes between intramathematical problems, word problems and modelling problems. It was implemented with 80 Spanish ninth-grade students and 80 pre-service teachers. The results show that Spanish students are more interested in intramathematical problems and less interested in modelling problems, while pre-service teachers are more interested in problems connected to reality, especially word problems. We also provide data regarding the performance of students and prospective teachers, which is higher in word problems. In addition, we find that there are significant relationships between performance and task-specific interest. These results complement the original study, as they allow us to contrast whether there are differences with German students and to explain the German pre-service teachers’ judgements of students’ interest in problems with and without a connection to reality.
                    The impact sheet to this article can be accessed at
                    10.6084/m9.figshare.25507636
                    .
                  ",1,,,abstract,FALSE
additional_studies10,"Darcy, I., Mora, J. C., & Daidone, D. (2016). The role of inhibitory control in second language phonological processing. Language Learning, 66, 741–773.",10.1111/lang.12161,"Huensch, A. (2024). Clarifying the role of inhibitory control in L2 phonological processing: A preregistered, close replication of Darcy et al.(2016). Studies in Second Language Acquisition, 1-21.",10.1017/S0272263124000238,NA,https://drive.google.com/file/d/1KQ2h_KjNuvgQPQ443vS97noydUJbOuPG/view?usp=drivesdk,1,"AbstractDarcy et al. (2016) examined the relationship between language abilities and general cognition, or specifically, how inhibitory control might relate to L2 speech perception and production. Given that their findings unexpectedly indicated a stronger relationship between inhibitory control and perception in comparison to inhibitory control and production, and because inhibitory control was measured using a single, retrieval-induced inhibition task, the current study is a close replication with the inclusion of two additional tasks of intentional inhibition: the Stroop task and the Simon task. A comparison of the descriptive statistics for the tests of phonological processing and retrieval-induced inhibition between the initial study and current replication indicated negligible differences between the two participant samples. However, results of the partial correlation analyses in the current replication did not indicate clear relationships between phonological variables and inhibitory control. Possible explanations for the different patterning of results and implications for future replications are discussed.",1,,,abstract,FALSE
additional_studies11,"Saxey, M. T., LeBaron-Black, A. B., & Curran, M. A. (2022). The Sooner, the Better? Couples' First Financial Discussion, Relationship Quality, and Financial Conflict in Emerging Adulthood. Journal of Financial Therapy, 13 (1) 2.",10.4148/1944-9771.1299,"Saxey, M. T., LeBaron‐Black, A. B., Inman, N. F., Yorgason, J. B., & Holmes, E. K. (2024). The earlier couples first discussed finances, the better? A dyadic, longitudinal replication and extension. Family Relations.",10.1111/fare.13030,NA,https://drive.google.com/file/d/1TGN_TAtoJI3jhMQTEG2wnN59FCyiXC2_/view?usp=drivesdk,NA,"AbstractObjectiveWe examined associations among couples' first financial discussion, healthy financial communication, marital satisfaction, and financial disagreements with cross‐sectional and longitudinal dyadic data.BackgroundPrior research on these associations has only used cross‐sectional data from one respondent.MethodWe used actor–partner interdependent structural equation modeling with a sample of 1,079 mixed‐gender, newlywed dyads to estimate cross‐sectional and longitudinal models.ResultsCross‐sectionally, both husbands' and wives' reports of their first financial discussion predicted better marital satisfaction and fewer financial disagreements through their own report of healthy financial communication. Longitudinally, only husbands' report of the couple's first financial discussion positively predicted between‐person changes in both husbands' and wives' marital satisfaction two waves later. Additionally, whereas husbands' healthy financial communication predicted changes in their own marital satisfaction, financial disagreements, and wives' financial disagreements over time, wives' healthy financial communication only predicted changes in their own perception of financial disagreements.ConclusionFuture relational and financial outcomes for mixed‐gender newlyweds appear to benefit from an earlier first financial discussion in their relationship.ImplicationsTherapists and educators should focus on the timing and quality of couples' financial communication to help couples mitigate financial disagreements and improve marital satisfaction.",1,,,abstract,FALSE
additional_studies12,"Stellar, J. E., Gordon, A., Anderson, C. L., Piff, P. K., McNeil, G. D., & Keltner, D. (2018). Awe and humility. Journal of Personality and Social Psychology, 114(2), 258–269.",10.1037/pspi0000109,"Bertrand, A., Kimmel, J., Duhamel, S., Puel, H., Schifano, A., & Wood, É. (2024). A Replication Study to Evaluate the Effects of Awe on Humility. McGill Science Undergraduate Research Journal, 19(1), 39-45.",10.26443/msurj.v19i1.231,NA,https://drive.google.com/file/d/12ZFslJnsSmpbIBYf9YKunwP3Ofv14HZ-/view?usp=drivesdk,1,"This paper replicates Stellar and Colleagues’ 2018 study involving an experimental manipulation of awe using standardized video induction, as well as proposing and testing out an additional hypothesis. The previous study hypothesized that watching an awe-inducing video would lead participants to write fewer strengths before writing their weaknesses. In addition to the replication, we hypothesized that participants with higher scores of depressive symptomatology (DS) would list fewer strengths due to diminished self-concept and self-efficacy. Ninety-four undergraduate psychology students were recruited from McGill University ranging from 18 to 35 years of age. Participants were randomly assigned to either the awe-inducing or neutral video condition, and then filled out measures of humility, emotional reactions, and DS. In contradiction with the original study, participants in the awe condition and the neutral condition did not significantly differ in their ratio of disclosed strengths to weaknesses, therefore no significant correlations were found between awe and humility or humility and depression. Additionally, results indicated that participants with greater DS did not list fewer strengths compared to those scoring lower on the CES-D. We were unable to directly replicate the original study and thus rejected our alternate hypothesis. This study had various potential limitations, among which are the possibilities of self-report bias, issues regarding convenience sampling, and bias due to time constraints. The current study advances the literature by including depression relating to awe and humility. Further research is needed, to differentiate lab-induced awe from natural experiences of awe and identify possible moderating factors on humility.",1,,,abstract,FALSE
additional_studies125,"Johnston, W., Dolan, K., Reid, N., Coughlan, G. F., & Caulfield, B. (2018). Investigating the effects of maximal anaerobic fatigue on dynamic postural control using the Y-Balance Test. Journal of science and medicine in sport, 21(1), 103-108.",10.1016/j.jsams.2017.06.007,"Byrne, C., Murphy, J., & Warne, J. P. (2024). Replication Study: Investigating the effects of maximal anaerobic fatigue on dynamic postural control using the Y-Balance Test. Journal of Science and Medicine in Sport.",10.1016/j.jsams.2024.07.018,NA,https://drive.google.com/file/d/1iWxdhqxc4T6twXLJR2WbGMzAHqB2cMPh/view?usp=drivesdk,1,NA,1,,,abstract,TRUE
additional_studies16,"Solheim, O. J., Frijters, J. C., Lundetræ, K., & Uppstad, P. H. (2018). Effectiveness of an early reading intervention in a semi-transparent orthography: A group randomised control. Learning and Instruction, 58, 65–79.",10.1016/j.learninstruc.2018.05.004,"Solheim, O. J., Foldnes, N., Walgermo, B. R., Bjerke, K. K., Birkedal, I. K., Uppstad, P. H., & Lundetræ, K. (2024). Closing the Gap: A Conceptual Replication of an Early Reading Intervention. Journal of Research on Educational Effectiveness, 1-23.",10.1080--19345747.2024.2333734,NA,https://drive.google.com/file/d/1Rle6yo3utupMLtWPIY-izoAHwsC7-l3z/view?usp=drivesdk,1,NA,1,,,abstract,FALSE
additional_studies16,"Solheim, O. J., Frijters, J. C., Lundetræ, K., & Uppstad, P. H. (2018). Effectiveness of an early reading intervention in a semi-transparent orthography: A group randomised control. Learning and Instruction, 58, 65–79.",10.1016/j.learninstruc.2018.05.004,"Solheim, O. J., Foldnes, N., Walgermo, B. R., Bjerke, K. K., Birkedal, I. K., Uppstad, P. H., & Lundetræ, K. (2024). Closing the Gap: A Conceptual Replication of an Early Reading Intervention. Journal of Research on Educational Effectiveness, 1-23.",10.1080/19345747.2024.2333734,NA,https://drive.google.com/file/d/1Rle6yo3utupMLtWPIY-izoAHwsC7-l3z/view?usp=drivesdk,1,NA,1,,,abstract,FALSE
additional_studies17,"Pigott T. D., Valentine J. C., Polanin J. R., Williams R. T., Canada D. D. (2013). Outcome-reporting bias in education research. Educational Researcher, 42(8), 424–432.",10.3102/0013189X13507104,"Talbott, E., Maggin, D. M., Chua, M., Ashley, L., Chen, X., Chin, P. A., & Curry, M. K. (2024). Outcome-Reporting Bias in Special Education Intervention Research Using Experimental and Quasi-Experimental Group Designs: A Conceptual Replication. Remedial and Special Education, 0(0).",10.1177/07419325241240067,NA,https://drive.google.com/file/d/1gy34Rj2zubnsdFDxbY0YzwrhmT7eVu5B/view?usp=drivesdk,1,"We conducted a conceptual replication of Pigott et al.’s study of outcome-reporting bias, wherein they compared intervention outcomes reported in unpublished education dissertations with corresponding published versions. For our replication, we identified a sample of 40 special education dissertations with matched journal publications and found that statistically significant intervention outcomes from dissertations were 1.48 times more likely to be published compared with nonsignificant outcomes. Significant moderators of this effect included type of intervention outcome (academic), type of research design (randomized controlled trial), participant race (with samples greater than or equal to 50% non-White), and type of disability/exceptionality (high incidence). We found that few dissertation authors published their work, providing further evidence for the much-needed inclusion of dissertations in systematic reviews.",1,,,abstract,TRUE
additional_studies17,"Pigott T. D., Valentine J. C., Polanin J. R., Williams R. T., Canada D. D. (2013). Outcome-reporting bias in education research. Educational Researcher, 42(8), 424–432.",10.3102/0013189X13507104,"Talbott, E., Maggin, D. M., Chua, M., Ashley, L., Chen, X., Chin, P. A., & Curry, M. K. (2024). Outcome-Reporting Bias in Special Education Intervention Research Using Experimental and Quasi-Experimental Group Designs: A Conceptual Replication. Remedial and Special Education, 0(0).",10.1177/07419325241240067,NA,https://drive.google.com/file/d/1gy34Rj2zubnsdFDxbY0YzwrhmT7eVu5B/view?usp=drivesdk,NA,"We conducted a conceptual replication of Pigott et al.’s study of outcome-reporting bias, wherein they compared intervention outcomes reported in unpublished education dissertations with corresponding published versions. For our replication, we identified a sample of 40 special education dissertations with matched journal publications and found that statistically significant intervention outcomes from dissertations were 1.48 times more likely to be published compared with nonsignificant outcomes. Significant moderators of this effect included type of intervention outcome (academic), type of research design (randomized controlled trial), participant race (with samples greater than or equal to 50% non-White), and type of disability/exceptionality (high incidence). We found that few dissertation authors published their work, providing further evidence for the much-needed inclusion of dissertations in systematic reviews.",1,,,abstract,TRUE
additional_studies2,"Taipale, H., Solmi, M., Lähteenvuo, M., Tanskanen, A., Correll, C. U., & Tiihonen, J. (2021). Antipsychotic use and risk of breast cancer in women with schizophrenia: a nationwide nested case-control study in Finland. The Lancet Psychiatry, 8(10), 883-891.",10.1016/S2215-0366(21)00241-8,"Solmi, M., Lähteenvuo, M., Tanskanen, A., Corbeil, O., Mittendorfer-Rutz, E., Correll, C. U., ... & Taipale, H. (2024). Antipsychotic Use and Risk of Breast Cancer in Women With Severe Mental Illness: Replication of a Nationwide Nested Case–Control Database Study. Schizophrenia Bulletin, sbae058.",10.1093/schbul/sbae058,NA,https://drive.google.com/file/d/1WNCE1BHqI-1JTQSuMkdiS2Xt4dckCPmq/view?usp=drivesdk,1,"AbstractBackground and hypothesisBreast cancer is more prevalent in women with severe mental illness than in the general population, and use of prolactin-increasing antipsychotics may be a contributing factor.Study designA nested case–control study was conducted using the Swedish nationwide registers (inpatient/outpatient care, sickness absence, disability pension, prescribed drugs, cancers). All women aged 18–85 years with schizophrenia/schizoaffective/other nonaffective psychotic disorder/bipolar disorder and breast cancer (cases) were matched for age, primary psychiatric diagnosis, and disease duration with five women without cancer (controls). The association between cumulative exposure to prolactin-increasing/prolactin-sparing antipsychotics and breast cancer was analyzed using conditional logistic regression, adjusted for comorbidities and co-medications.Study resultsAmong 132 061 women, 1642 (1.24%) developed breast cancer between 2010 and 2021, at a mean age of 63.3 ± 11.8 years. Compared with 8173 matched controls, the odds of breast cancer increased in women with prior exposure to prolactin-increasing antipsychotics for 1–4 years (adjusted odds ratio [aOR] = 1.20, 95% confidence interval [CI] = 1.03–1.41), and for ≥ 5 years (aOR = 1.47, 95%CI = 1.26–1.71). There were no increased or decreased odds of breast cancer with exposure to prolactin-sparing antipsychotics of either 1–4 years (aOR = 1.17, 95%CI = 0.98–1.40) or ≥5 years (aOR = 0.99, 95%CI = 0.78–1.26). The results were consistent across all sensitivity analyses (ie, according to different age groups, cancer types, and primary psychiatric diagnosis).ConclusionsAlthough causality remains uncertain, exposure to prolactin-elevating antipsychotics for ≥ 1 year was associated with increased odds of breast cancer in women with severe mental illness. When prescribing antipsychotics, a shared decision-making process should consider individual risk factors for breast cancer.",1,,,abstract,TRUE
additional_studies20,"Gerlicher, A. M. V., Tüscher, O., & Kalisch, R. (2018). Dopamine-dependent prefrontal reactivations explain long-term benefit of fear extinction. Nature communications, 9(1), 4294.",10.1038/s41467-018-06785-y,"Andres, E., Chuan-Peng, H., Gerlicher, A. M., Meyer, B., Tüscher, O., & Kalisch, R. (2024). Replication study on the role of dopamine-dependent prefrontal reactivations in human extinction memory retrieval. Nature Communications, 15(1), 2699.",10.1038/s41467-024-46936-y,NA,https://drive.google.com/file/d/1TJ6nnv7-YYGU9DUh1ApFGirYy6BbChHy/view?usp=drivesdk,1,"AbstractEven after successful extinction, conditioned fear can return. Strengthening the consolidation of the fear-inhibitory safety memory formed during extinction is one way to counteract return of fear. In a previous study, we found that post-extinction L-DOPA administration improved extinction memory retrieval 24 h later. Furthermore, spontaneous post-extinction reactivations of a neural activation pattern evoked in the ventromedial prefrontal cortex (vmPFC) during extinction predicted extinction memory retrieval, L-DOPA increased the number of these reactivations, and this mediated the effect of L-DOPA on extinction memory retrieval. Here, we conducted a preregistered replication study of this work in healthy male participants. We confirm that spontaneous post-extinction vmPFC reactivations predict extinction memory retrieval. This predictive effect, however, was only observed 90 min after extinction, and was not statistically significant at 45 min as in the discovery study. In contrast to our previous study, we find no evidence that L-DOPA administration significantly enhances retrieval and that this is mediated by enhancement of the number of vmPFC reactivations. However, additional non-preregistered analyses reveal a beneficial effect of L-DOPA on extinction retrieval when controlling for the trait-like stable baseline levels of salivary alpha-amylase enzymatic activity. Further, trait salivary alpha-amylase negatively predicts retrieval, and this effect is reduced by L-DOPA treatment. Importantly, the latter findings result from non-preregistered analyses and thus further investigation is needed.",1,,,abstract,TRUE
additional_studies26,"Syropoulos, S., & Markowitz, E. M. (2022). Perceived responsibility to address climate change consistently relates to increased pro-environmental attitudes, behaviors and policy support: Evidence across 23 countries. Journal of Environmental Psychology, 83, 101868.",10.1016/j.jenvp.2022.101868,"Tedaldi, E., Syropoulos, S., & Markowitz, E. M. (2024). Re-examining feelings of responsibility as a predictor of climate belief and worry: A replication across 31 countries. Journal of Environmental Psychology, 102289.",10.1016/j.jenvp.2024.102289,NA,https://drive.google.com/file/d/1y9Sta1A62b6o1louE7uCjU6m-n4q0e5j/view?usp=drivesdk,1,NA,1,,,abstract,FALSE
additional_studies29,"Renda, C. R., Rung, J. M., Hinnenkamp, J. E., Lenzini, S. N., & Madden, G. J. (2018). Impulsive choice and pre-exposure to delays: IV. Effects of delay-and immediacy-exposure training relative to maturational changes in impulsivity. Journal of the Experimental Analysis of Behavior, 109, 587–599.",10.1002/jeab.432,"Fox, A. E. (2024). Immediate Reinforcement Training Has Moderate Effect on Delay Discounting Behavior in Rats: A Systematic Replication. The Psychological Record, 1-6.",10.1007/s40732-024-00597-x,NA,https://drive.google.com/file/d/1BuhIf3isP0KQXBW8CveCqOhEBWMkWgvl/view?usp=drivesdk,1,NA,1,,,abstract,TRUE
additional_studies3,"Castro, A. A., Hur, J., & Berenbaum, H. (2022). A bifactor approach to modeling the structure of repetitive thinking: Replication and extension. Personality and Individual Differences, 189, 111472.",10.1016/j.paid.2021.111472,"Liu, K., Wright, M. E., Cole, L. A., & Warren, S. L. (2024). Bi-factor model of repetitive thinking: Replication and extension. Personality and Individual Differences, 226, 112692.",10.1016/j.paid.2024.112692,NA,https://drive.google.com/file/d/1maMe58N1aLmqdBUtveOinCFDUWOh5rcE/view?usp=drivesdk,1,NA,1,,,abstract,TRUE
additional_studies30,"Pérez, A., Potocki, A., Stadtler, M., Macedo-Rouet, M., Paul, J., Salmerón, L., & Rouet, J. F. (2018). Fostering teenagers' assessment of information reliability: Effects of a classroom intervention focused on critical source dimensions. Learning and Instruction, 58, 53-64.",10.1016/j.learninstruc.2018.04.006,"Martínez, M. A., Saux, G., Londra, F., & Burin, D. I. (2024). Effects of a classroom intervention on college students’ sourcing skills: replication and extension study. Discourse Processes, 1-26.",10.1080/0163853X.2024.2339738,NA,https://drive.google.com/file/d/1qKtm6cJaGp1OYT52DZ-rdF0umAGshXgk/view?usp=drivesdk,1,NA,1,,,abstract,TRUE
additional_studies31,"Blank, H., Panday, A., Edwards, R., Skopicz-Radkiewicz, E., Gibson, V., &Reddy, V. (2022). Double misinformation: Effects on eyewitnessremembering.Journal of Applied Research in Memory and Cognition,11(1), 97–105.",10.1016/j.jarmac.2021.08.001,"Smołka, E., & Blank, H. (2024). Double misinformation and eyewitness performance: An experimental replication. Applied Cognitive Psychology, 38(3), e4202.",10.1002/acp.4202,NA,https://drive.google.com/file/d/1GpMdw7ZFDWpDIdg1IjCcxRYXmuDta-6_/view?usp=drivesdk,1,"AbstractEyewitnesses may be exposed to multiple pieces of misinformation concerning the same original detail. The two misleading details contradicting each other enable detecting a discrepancy between them, which, given that only one of them can be true, should reduce credibility of the misinformation source(s) and improve reporting. This, however, can only happen at sufficiently high levels of misinformation availability (i.e., encoding of misinformation and its subsequent accessibility): with low misinformation availability, double misinformation should instead increase the misinformation effect, providing multiple chances of yielding to misinformation. To test these predictions, we experimentally manipulated misinformation availability (high vs. low) and presented double or single misinformation. However, double versus single misinformation presentation did not affect performance or interact with misinformation availability and participants frequently reported misinformation while fully detecting discrepancies between items. Therefore, discrepancy detection alone may not be sufficient in reducing the misinformation effect, with various decision‐making processes involved in reporting.",1,,,abstract,FALSE
additional_studies32,"Grainger, J., Snell, J., & Beyersmann, E. (2021). Morphological processing in the flankers task. Language, Cognition and Neuroscience, 36(3), 288–295.",10.1080/23273798.2020.1810292,"Beyersmann, E., & Grainger, J. (2024). A replication of morphological flanker effects in French. Language, Cognition and Neuroscience, 1–6.",10.1080/23273798.2024.2337948,NA,https://drive.google.com/file/d/1mEhjjjRgKQdJJEyOqsKa3dnm5uZRy5EI/view?usp=drivesdk,NA,NA,1,,,abstract,TRUE
additional_studies35,"Davis, W. T., Rapp, J. T., Brogan, K. M., Pinkston, J. W., & Chinnappan, B. (2021). Comparing stimulus preference and response force in a conjugate preparation. Journal of the Experimental Analysis of Behavior, 116(1), 96–113.",10.1002/jeab.705,"Cook, J. L., Baruni, R. R., Pinkston, J. W., Rapp, J. T., Miltenberger, R. G., Deshmukh, S., Walker, E., & Tai, S. (2024). Comparing stimulus preference and response force in a conjugate preparation: A replication with auditory stimulation. Journal of the experimental analysis of behavior, 10.1002/jeab.915. Advance online publication.",10.1002/jeab.915,NA,https://drive.google.com/file/d/1s7Xp1h565EAKnPa_0Zp3RnS0qmb4t53a/view?usp=drivesdk,1,"AbstractThis study examined a conjugate approach for evaluating auditory stimulus preference for 81 participants using force as a continuous response dimension. First, the researchers used a verbal preference assessment to evaluate each participant's preference for listening to five genres of music. This process identified high‐preference and low‐preference music for each participant. Thereafter, the researchers exposed each participant to the five music genres in a randomized order while using a hand dynamometer to measure their response force to increase the auditory clarity of the music. The results indicate (a) 63% of the participants' high‐preference music genres corresponded to the genre for which they exerted the highest mean force and (b) most participants' low‐preference music genres corresponded to the genre for which they exerted the lowest mean force. These findings are consistent with those from Davis et al. (2021) and further support using conjugate preparations for measuring the relative value of some stimulus events.",1,,,abstract,TRUE
additional_studies36,"Sfärlea, A., Greimel, E., Platt, B., Dieler, A. C., & Schulte‐Körne, G. (2018). Recognition of emotional facial expressions in adolescents with anorexia nervosa and adolescents with major depression. Psychiatry Research, 262, 586–594.",10.1016/j.psychres.2017.09.048,"Sfärlea, A., Buhl, C., Lukas, L., & Schulte‐Körne, G. (2024). Superior facial emotion recognition in adolescents with anorexia nervosa–A replication study. European Eating Disorders Review.",10.1002/erv.3103,NA,https://drive.google.com/file/d/1bJ0BC-Xy_bNt41DXHAjv1ms0mnz9Vq86/view?usp=drivesdk,1,"AbstractObjectiveAnorexia nervosa (AN) has been associated with alterations in the processing of socio‐emotional information, including impairments in the recognition of emotions in other people's faces. However, adolescents with AN might not show the impairments found in adult patients. The present study investigated facial emotion recognition in adolescents with AN, aiming to replicate our previous results of superior emotion recognition abilities in adolescents with AN compared to adolescents without mental disorders.Method
                      Adolescent girls (12–18 years) with AN (
                      n
                       = 33) were compared to girls without mental disorders (
                      n
                       = 41). Participants completed one task requiring identification of emotions (happy, sad, afraid, angry, neutral) in faces and one control task.
                    ResultsAs expected, adolescents with AN showed superior emotion recognition, with higher accuracy rates specifically for afraid faces.ConclusionThis is the first study replicating previous results on basic emotion recognition in adolescents with AN using (almost) the same methodology. The results suggest that, in contrast to adults, adolescents with AN do not show impairments in facial emotion recognition. The impairments may arise in the longer course of the illness, however, longitudinal studies are necessary to confirm this assumption.",1,,,abstract,TRUE
additional_studies37,"Rothman, J. (2011). L3 syntactic transfer selectivity and typological determinacy: The typological primacy model. Second Language Research, 27, 107–127.",10.1177/0267658310386439,"Parrish, K. (2024). Statistical Insignificance is not wholesale transfer in L3 Acquisition: an approximate replication of Rothman (2011). Studies in Second Language Acquisition, 1-18.",10.1017/S0272263124000342,NA,https://drive.google.com/file/d/1fNwzy4f6SEAeVccICF8BD0SDAIH7uPVr/view?usp=drivesdk,1,"Abstract
                    This study was an approximate replication of Rothman (2011),examining the determiner phrase syntax of a large sample (
                    n
                    = 211) of L3 learners of Portuguese who spoke English and Spanish. Rothman (2011) investigated whether L3 Italian or Brazilian Portuguese speakers are differently impacted by another known Romance Language, if it was their L1 or L2. The original study concluded that groups did not perform differently on experimental tasks on the basis of a null effect, and that the typological similarity of Spanish, Portuguese, or Italian predicts transfer in the initial stages of L3 acquisition. The present replication recreated all materials, which were unavailable, and examined the same population and questions. However, rather than examining L3 Italian and L3 Brazilian Portuguese, the present work maintained a constant L3 Portuguese. Learners were divided into two groups in a mirror-image design (
                    n
                    = 96 L1 English-L2 Spanish,
                    n
                    = 115 L1 Spanish-L2 English), and data were collected online. Like the original study, there was no main effect of group in any of the two-way analyses of variance. However, results show that it should not be assumed that experimental groups behave equivalently based on a null effect: Of the four total post hoc tests of equivalence, only two were significant when the equivalence bounds were set at a small effect size (d =
                    $ \pm $
                    .4). Ultimately, it is argued that determining the smallest effect size of interest and subsequent equivalence testing are necessary to answer key questions in the field of L3 acquisition.
                  ",1,,,abstract,TRUE
additional_studies4,"Fath, S., & Kay, A. C. (2018). “If hierarchical, then corrupt”: Exploring people’s tendency to associate hierarchy with corruption in organizations. Organizational Behavior and Human Decision Processes, 149, 145-164.",10.1016/j.obhdp.2018.10.004,"Evans, T. R., Kviatkovskyte, R., O'Regan, S., Adolph, S. A., n., Chukwudi, F. O. N., … Krzan, M. (2024, February 5). Corruption and Hierarchy: A Replication of Studies 1c and 6 of Fath & Kay 2018.",10.31234/osf.io/68jft,NA,https://drive.google.com/file/d/1TqbYPD6TfJF6VjNMngYfnoD5Y8nHUi0O/view?usp=drivesdk,1c,NA,1,,,abstract,TRUE
additional_studies4,"Fath, S., & Kay, A. C. (2018). “If hierarchical, then corrupt”: Exploring people’s tendency to associate hierarchy with corruption in organizations. Organizational Behavior and Human Decision Processes, 149, 145-164.",10.1016/j.obhdp.2018.10.004,"Evans, T. R., Kviatkovskyte, R., O'Regan, S., Adolph, S. A., n., Chukwudi, F. O. N., … Krzan, M. (2024, February 5). Corruption and Hierarchy: A Replication of Studies 1c and 6 of Fath & Kay 2018.",10.31234/osf.io/68jft,NA,https://drive.google.com/file/d/1TqbYPD6TfJF6VjNMngYfnoD5Y8nHUi0O/view?usp=drivesdk,6,NA,1,,,abstract,TRUE
additional_studies40,"Burback, Shannon, ""Construct Validity of the Behavior Assessment System for Children-Third Edition Teacher Rating Scales (BASC-3 TRS): Comparisons with the Adjustment Scales for Children and Adolescents (ASCA)"" (2020). Masters Theses. 4783. https://thekeep.eiu.edu/theses/4783",NA,"Katla, J. (2024). Replication of Construct Validity of the Behavior Assessment System for Children-Teacher Rating Scales (BASC-3 TRS) and the Adjustment Scales for Children and Adolescents (ASCA). https://thekeep.eiu.edu/theses/5025?utm_source=thekeep.eiu.edu%2Ftheses%2F5025&utm_medium=PDF&utm_campaign=PDFCoverPages",thekeep.eiu.edu/theses/5025,https://thekeep.eiu.edu/theses/5025/?utm_source=thekeep.eiu.edu%2Ftheses%2F5025&utm_medium=PDF&utm_campaign=PDFCoverPages,https://drive.google.com/file/d/1Fg206MUtjoN9d31kEAQ7bIDHvbUqwyGY/view?usp=drivesdk,1,NA,1,,,abstract,FALSE
additional_studies41,"Van Ryzin, G. G. (2013). An experimental test of the expectancy‐disconfirmation theory of citizen satisfaction. Journal of Policy Analysis and Management, 32(3), 597-614.",10.1002/pam.21702,"Chen, W., Dong, B., Hsieh, C.-W., Lee, M. J., Liu, N., Walker, R. M., Wang, Y., Wen, B., Wen, W., Wu, P., Wu, X., & Zhang, J. (2022). A replication of ""an experimental test of the expectancy-disconfirmation theory of citizen satisfaction"". Public Administration, 100(3), 778-791.",10.1111/padm.12860,NA,https://drive.google.com/file/d/1Zty8FHdgF4Nqed1S2bjomumBBiyC8Mfz/view?usp=drivesdk,2,"Abstract
                    To better understand citizen satisfaction with public services, public administration research has adopted the expectancy‐disconfirmation model in recent years. This model proposes that satisfaction is a function of perceived performance and expectations. Recent quantitative and experimental studies of the expectancy‐disconfirmation model have supported the framework. However, few replications have been conducted and none outside western contexts. We conducted two narrow, robust experimental replications of Van Ryzin (2013,
                    Journal of Policy Analysis and Management
                    , 32(3), pp. 597–614) in the Chinese cities of Hong Kong (in 2017) and Shenzhen (in 2021). We found support for the findings reported in Van Ryzin (2013) and concluded that the expectancy‐disconfirmation model holds promise in a variety of settings as a framework for measuring citizen satisfaction with public services.
                  ",1,,,abstract,TRUE
additional_studies47,"Wiseheart, M., Viswanathan, M., & Bialystok, E. (2016). Flexibility in task switching by monolinguals and bilinguals. Bilingualism: Language and Cognition, 19(1), 141–146.",10.1017/S1366728914000273,"Ward, R., & Awani, J. (2024). Bilingualism and flexibility in task switching: A close replication study. Studies in Second Language Acquisition, 1-17.",10.1017/S0272263124000378,NA,https://drive.google.com/file/d/19bZUP_N4YxLTtw7Y4tZumU1mxVv8t29B/view?usp=drivesdk,1,"Abstract
                    This study aimed to closely replicate Wiseheart et al. (
                    Bilingualism: Language and Cognition
                    , 19(1), 141–146, 2016) by investigating the transferability of language-switching skills to nonlinguistic task switching. Current evidence is mixed and there is a need to conduct robust replications in this area. Bilingual (n = 31) and monolingual (n = 47) young adults characterized stimuli by either colour or shape based on a given cue. Modifications include online data collection (as opposed to in-person) and adapting the nonverbal intelligence test used. All other aspects of the study mirror those by Wiseheart et al. Results indicate that the bilinguals exhibited better cognitive flexibility in task switching, as evidenced by a reduced global switch cost compared with monolinguals. In contrast, mixed evidence was found for local switch costs. Findings mirror those reported by Wiseheart et al. and suggest that by employing comparable task-switch paradigms and recruiting samples matched on several key variables, including age, gender, variety of languages spoken, and use of English, bilingualism does seem to confer broader executive function advantages. Findings are discussed in relation to theoretical implications to inform future replication studies and advance the bilingual advantage in the switching debate.
                  ",1,,,abstract,TRUE
additional_studies48,"Wilfong, R. (. (2021). The mattering model: The foundational elements of mattering for K-12 educators (Order No. 28319407). Available from ProQuest Dissertations & Theses Global. (2537966312). Retrieved from https://www.proquest.com/dissertations-theses/mattering-model-foundational-elements-k-12/docview/2537966312/se-2",scholars.indianastate.eduetds--2136,"Thornton, K. B. (2024). PERCEPTIONS OF MATTERING AMONG GENERAL EDUCATION TEACHERS: REPLICATION, VALIDATION, AND EXTENSION OF THE FUNDAMENTAL ELEMENTS OF MATTERING SCALE FOR TEACHERS (FEMS-T).",digitalcommons.memphis.edu--etd--3538,https://digitalcommons.memphis.edu/etd/3538/,https://drive.google.com/file/d/1mh0lOHypF2E9Nk9sQ57YmqKyEOyrqka8/view?usp=drivesdk,1,NA,1,,,abstract,FALSE
additional_studies49,"Lozano, C., & Díaz-Negrillo, A. (2019). Using learner corpus methods in L2 acquisition research: The morpheme order studies revisited with Interlanguage Annotation. Revista Española de Lingüística Aplicada/Spanish Journal of Applied Linguistics, 32(1), 82-124.",10.1075/resla.17019.loz,"Kontkanen, J. (2024). Investigating the effect of proficiency level on the acquisition order of morphemes for L2 English learners: A replication of a corpus-based SLA study using Interlanguage Annotation.",Kontkanen_Jaakko_thesis_2024,https://helda.helsinki.fi/bitstreams/b16ebd43-f83b-42c9-9996-adf6735845c1/download,https://drive.google.com/file/d/1AUxxuZsTugos0bfw5gX9jMDqt7bWDrfc/view?usp=drivesdk,1,NA,1,,,abstract,TRUE
additional_studies56,"Schroeder, P. A., Lohmann, J., Butz, M. V., & Plewnia, C. (2016). Behavioral bias for food reflected in hand movements: a preliminary study with healthy subjects. Cyberpsychology, Behavior, and Social Networking, 19(2), 120-126.",10.1089/cyber.2015.0311,"Schroeder, P. A., Collantoni, E., Lohmann, J., Butz, M. V., & Plewnia, C. (2024). Virtual Reality Assessment of a High-Calorie Food Bias: Replication and Food-Specificity in Healthy Participants. Behavioural Brain Research, 115096.",10.1016/j.bbr.2024.115096,NA,https://drive.google.com/file/d/1mK6ddl6CbjItWRFtU_KkouJP0UM3gV-6/view?usp=drivesdk,1,NA,1,,,abstract,TRUE
additional_studies57,"Simonson, I., & Staw, B. M. (1992). Deescalation strategies: A comparison of techniques for reducing commitment to losing courses of action. Journal of Applied Psychology, 77, 419 – 426.",10.1037/0021-9010.77.4.419,"Schulz-Hardt, S., Rollwage, J., Wanzel, S. K., Frisch, J. U., & Häusser, J. A. (2021). Effects of process and outcome accountability on escalating commitment: A two-study replication. Journal of Experimental Psychology: Applied, 27(1), 112–124.",10.1037/xap0000321,NA,https://drive.google.com/file/d/13DjN87PTnd1gRVtF4FDN_PrjD6syLFtl/view?usp=drivesdk,1 & 2 (Meta),NA,1,,,abstract,FALSE
additional_studies84,"Loibl, K., & Rummel, N. (2014). Knowing what you don’t know makes failure productive. Learning and Instruction, 34, 74–85.",10.1016/j.learninstruc.2014.08.004,"Loibl, K., Leuders, T. Can failure be made productive also in Bayesian reasoning? A conceptual replication study. Instr Sci (2024).",10.1007/s11251-024-09670-y,NA,https://drive.google.com/file/d/1pi6g99iJYyhyD_0jGvDca_hbleDdekCp/view?usp=drivesdk,1,"AbstractThe composite instructional design PS-I combines an initial problem-solving phase (PS) with a subsequent explicit instruction phase (I). PS-I has proven effective for conceptual learning in comparison to instructional designs with the reverse order (I-PS), especially when the explicit instruction phase productively builds on students’ erroneous or incomplete (i.e., failed) solution attempts. Building on student solutions during explicit instruction may support students to integrate their intermediate knowledge (acquired during problem solving) with the newly introduced knowledge components. While these effects have been shown for learning the concept of variance in multiple studies, it remains unclear whether these effects generalize to other situations. We conducted a conceptual replication study of Loibl and Rummel (Loibl and Rummel, Learning and Instruction 34:74–85, 2014a) choosing Bayesian reasoning as target knowledge. 75 students were assigned to four conditions in a 2 × 2 design (factor 1: PS-I vs. I-PS; factor 2: instruction phase with vs. without typical student solutions). In contrast to Loibl and Rummel (2014a), we did neither find a main effect for PS-I vs. I-PS, nor for building on typical student solutions. The missing effect of PS-I can be explained by the fact that students merely activated their prior knowledge on probabilities without exploring the problem-solving space and without becoming aware of their knowledge gaps. The missing effect of building on typical student solutions can be explained by a mismatch of the solutions generated and the ones included in the explicit instruction. Therefore, building on typical student solutions did not foster an integration of students’ intermediate knowledge and the introduced knowledge components.",1,,,abstract,TRUE
additional_studies61,"Barrett, F. S., Grimm, K. J., Robins, R. W., Wildschut, T., Sedikides, C., & Janata, P. (2010). Music-evoked nostalgia: affect, memory, and personality. Emotion (Washington, D.C.), 10(3), 390–403.",10.1037/a0019006,"Hennessy, S., Greer, T., Narayanan, S., & Habibi, A. (2024). Unique affective profile of music-evoked nostalgia: An extension and conceptual replication of Barrett et al.’s (2010) study. Emotion, 24(8), 1803–1825.",10.1037/emo0001389,NA,https://drive.google.com/file/d/1EK0iig6kRzrCroz49dDEP_mf3A-HoVQR/view?usp=drivesdk,1,NA,1,,,abstract,FALSE
additional_studies79,"Zhang, X., Bachmann, P., Schilling, T. M., Naumann, E., Schächinger, H., & Larra, M. F. (2018). Emotional stress regulation: The role of relative frontal alpha asymmetry in shaping the stress response. Biological psychology, 138, 231-239.",10.1016/j.biopsycho.2018.08.007,"Bischoff, M. (2024). Evaluating the reliability of relative frontal alpha asymmetry as a state-dependent correlate of the stress response in a mixed-sex sample: A replication study (Master's thesis, University of Twente). Retrieved from https://purl.utwente.nl/essays/100571",Bischoff_MA_BMS,https://purl.utwente.nl/essays/100571,https://drive.google.com/file/d/11I9BYw-LgWPOfVM-roaK7IeDdor9cI5n/view?usp=drivesdk,1,NA,1,,,abstract,TRUE
additional_studies81,"Edwards, S. H., Kandru, N., & Rajagopal, M. B. (2017, August). Investigating static analysis errors in student Java programs. In Proceedings of the 2017 ACM Conference on International Computing Education Research (pp. 65-73).",10.1145/3105726.3106182,"Liu, D., Calver, J., & Craig, M. (2024). Are a Static Analysis Tool Study's Findings Static? A Replication. In Proceedings of the 2024 on Innovation and Technology in Computer Science Education V. 1 (pp. 80-86).",10.1145/3649217.3653545,NA,https://drive.google.com/file/d/1AeJCeDtR27X7LIlQj69LZhU8lw_irjTZ/view?usp=drivesdk,1,NA,1,,,abstract,TRUE
additional_studies83,"Börstler, J., & Paech, B. (2016). The role of method chains and comments in software readability and comprehension—an experiment. IEEE Transactions on Software Engineering, 42(9), 886-898.",10.1109/TSE.2016.2527791,"Sampaio, I. B., & Sampaio, A. (2024, June). Replication of a Study about the Impact of Method Chaining and Comments on Readability and Comprehension. In 2024 4th International Conference on Code Quality (ICCQ) (pp. 35-52). IEEE.",10.1109/ICCQ60895.2024.10576941,NA,https://drive.google.com/file/d/1ljVoDtYBz0iPIIVFLmoGyAGWDfVCncq9/view?usp=drivesdk,1,NA,1,,,abstract,TRUE
additional_studies59,"Abend, R., Bajaj, M. A., Matsumoto, C., Yetter, M., Harrewijn, A., Cardinale, E. M., ... & Pine, D. S. (2021). Converging multi-modal evidence for implicit threat-related bias in pediatric anxiety disorders. Research on child and adolescent psychopathology, 49, 227-240.",10.1007/s10802-020-00712-w,"Byrne, M. E., Kirschner, S., Harrewijn, A., Abend, R., Lazarov, A., Liuzzi, L., ... & Pine, D. S. (2024). Eye-tracking measurement of attention bias to social threat among youth: A replication and extension study. Journal of Mood & Anxiety Disorders, 100075.",10.1016/j.xjmad.2024.100075,NA,https://drive.google.com/file/d/1VUyjspRteJ5gkjs-fbYxT0CLPJf7x2H-/view?usp=drivesdk,1,NA,1,,,abstract,FALSE
additional_studies6,"Karmarkar, U. R., & Tormala, Z. L. (2010). Believe me, I have no idea what I’m talking about: The effects of source certainty on consumer involvement and persuasion. Journal of Consumer Research, 36(6), 1033-1049.",10.1086/648381,"Løhre, E., Chandrashekar, S. P., Mayiwar, L., & Hærem, T. (2024). Uncertainty, expertise, and persuasion: A replication and extension of. Journal of Experimental Social Psychology, 113, 104619.",10.1016/j.jesp.2024.104619,NA,https://drive.google.com/file/d/1CclKKmhEg4wBmEAHmGyg_rBfw2qqAy8s/view?usp=drivesdk,1,NA,1,,,abstract,TRUE
additional_studies60,"Falligant, J.M., Rooker, G.W. Further Analysis of the Response Deprivation Hypothesis: Application of the Disequilibrium Model to Novel Clinical Contexts. Psychol Rec 71, 307–311 (2021).",10.1007/s40732-020-00453-8,"Ryan, M., King, H., Chesbrough, E. et al. Increasing Toy Engagement via Response Disequilibrium Theory: A Systematic Replication. Psychol Rec (2024).",10.1007/s40732-024-00601-4,NA,https://drive.google.com/file/d/1AxhabG9V7_RjgC05iqRfwY_LBYsC-1Lv/view?usp=drivesdk,1,NA,1,,,abstract,TRUE
additional_studies66,"Reiff J. S., Hershfield H. E., Quoidbach J. (2020). Identity over time: Perceived similarity between selves predicts well-being 10 years later. Social Psychological and Personality Science, 11, 160–167.",10.1177/1948550619843931,"Weidmann, R., Alabdullah, A., Warkentien, J., Vesikar, S., Denehy, M. E., Yang, H., Rakhshani, A., Brent Donnellan, M., & Lucas, R. E. (2024). Does Perceived Similarity Between Present and Future Self Predict Well-Being? A Reanalysis and Replication of. Social Psychological and Personality Science, 0(0).",10.1177/19485506241257971,NA,https://drive.google.com/file/d/1xNvXepqsFVWYkeFXaOCdP5f6pkQO7e5j/view?usp=drivesdk,2,"Reiff and colleagues found that perceived similarity between one’s present and future self is positively associated with life satisfaction 10 years later, using a difference-score approach to operationalize similarity. This study further evaluated the similarity effect by reproducing the original longitudinal association with a difference-score method, by using more sophisticated analyses (i.e., polynomial regression and response surface analyses), and by replicating the association in a newly collected sample. We were able to reproduce and replicate the findings based on a difference-score approach. However, we did not find a similarity effect in either sample using more sophisticated approaches. The current results show that previously reported support for the association between perceived similarity and well-being is driven by the statistical main effects of personality reports.",1,,,abstract,FALSE
additional_studies70,"Ratcliffe, J. H. (2021). Policing and public health calls for service in Philadelphia. Crime Science, 10(1), 1–6.",10.1186/s40163-021-00141-0,"Langton, S., Ruiter, S., & Verlaan, T. (2023). Describing the scale and composition of calls for police service: A replication and extension using open data. Police Practice and Research, 24(5), 523-538.",10.1080/15614263.2022.2102494,NA,https://drive.google.com/file/d/1fq5OO2numDQgQa5kWKk3UimuJGG6cyLq/view?usp=drivesdk,NA,NA,2,,,abstract,TRUE
additional_studies71,"Lum, C., Koper, C. S., & Wu, X. (2021). Can we really defund the police? A nine-agency study of police response to calls for service. Police Quarterly, July.",10.1177/2F10986111211035002,"Langton, S., Ruiter, S., & Verlaan, T. (2023). Describing the scale and composition of calls for police service: A replication and extension using open data. Police Practice and Research, 24(5), 523-538.",10.1080/15614263.2022.2102494,NA,https://drive.google.com/file/d/1fq5OO2numDQgQa5kWKk3UimuJGG6cyLq/view?usp=drivesdk,NA,NA,2,,,abstract,TRUE
additional_studies72,"Laniyonu, A. (2021). Phantom pains: The effect of police killings of black Americans on black British attitudes. British Journal of Political Science, 52(4), 1–17.",10.1017/S0007123421000557,"Nivette, A., Nägel, C., & Gilbert, E. (2023). Examining the effects of the killing of George Floyd by police in the United States on attitudes of Black Londoners: a replication. Police Practice and Research, 24(5), 575–596.",10.1080/15614263.2023.2185241,NA,https://drive.google.com/file/d/15ZlJQ8dYoTyaoh7HgVjWxbumKbhPC9XU/view?usp=drivesdk,NA,NA,1,,,abstract,TRUE
additional_studies74,"Bloomfield, J., Balsa, A., & Cid, A. (2023). Using behavioral insights in early childhood interventions: The effects of Crianza Positiva e-messaging program on parental investment. Review of the Economics of the Household, 21, 95–130.",10.1007/s11150-021-09593-4,"Balsa, A., Bloomfield, J. & Cid, A. The Conceptual Replication of Crianza Positiva E-Messaging Program During the COVID-19 Pandemic: Too Much or Too Little Information?. J Fam Econ Iss (2024).",10.1007/s10834-024-09975-7,NA,https://drive.google.com/file/d/1kvzfXjBDZmFTCeJVlsPrywrDLzw17fXw/view?usp=drivesdk,1,NA,1,,,abstract,TRUE
additional_studies75,"Shelton-Strong, S., & Mynard, J. (2018). Affective factors in self-access learning. Relay Journal, 1(2), 275–292.",10.37237/relay/010204,"Menegale, M., & Spricigo, L. (2024). Enhancing L2 confidence through learning diaries: A replication study on Italian lower-secondary school students. Studies in Self-Access Learning Journal, 15(2), 187–212.",10.37237/150205,NA,https://drive.google.com/file/d/1mAgtvtRNwI_LQ2ccnmAWuBfkaX8itu_d/view?usp=drivesdk,1,"Drawing on the literature on self-confidence, motivational theories, and positive psychology in the field of language learning, the present paper aspires to contribute to the literature by discussing some key findings of a recent conceptual replication study. In the original study, Shelton-Strong and Mynard (2018, 2021) investigated the benefits of keeping a diary for university language students’ motivation and L2 confidence. The replication study by Spricigo (2023) aimed to confirm original findings within a different educational context. For this purpose, the research design underwent some necessary modifications justified by the need to investigate the efficacy of using diaries among Italian younger students (13-14 years old) and the applicability of the teaching intervention in a lower-school context. After briefly presenting the two studies, this article will discuss the main findings, with a special focus on the issue of integrating the diary into the lower-secondary school curriculum.",1,,,abstract,TRUE
additional_studies77,"Collins, H. K., Hagerty, S. F., Quoidbach, J., Norton, M. I., & Brooks, A. W. (2022). Relational diversity in social portfolios predicts well-being. Proceedings of the National Academy of Sciences, 119(43), e2120668119.",10.1073/pnas.2120668119,"Metskas, A. K. (2024, June 26). Replication of a study from “Relational diversity in social portfolios predicts well-being” (PNAS | Collins et al. 2022).",10.31234/osf.io/jfmsz,NA,https://drive.google.com/file/d/1VVeqTkEjSzuu9KSkYUb2Q1_BeFG8ZFes/view?usp=drivesdk,1,NA,1,,,abstract,FALSE
additional_studies78,"Shah, A.K., LaForest, M. Knowledge about others reduces one’s own sense of anonymity. Nature 603, 297–301 (2022).",10.1038/s41586-022-04452-3,"Metskas, A. K. (2024, June 26). Replication of a study from “Knowledge about others reduces one’s own sense of anonymity” (Nature | Shah & LaForest 2022).",10.31234/osf.io/xjaty,NA,https://drive.google.com/file/d/1DMMXxQwzUbOxshIWiT8AwdGZ588_WZ8b/view?usp=drivesdk,NA,NA,1,,,abstract,TRUE
additional_studies85,"Longoni, A.M., Richardson, J.T.E. & Aiello, A. Articulatory rehearsal and phonological storage in working memory. Memory & Cognition 21, 11–22 (1993).",10.3758/BF03211160,"Couture, C., Veilleux, C., Chinhama, S., de Boinod, O. J., Payment, B., Husereau, T., & Ouellette, É. (2024). Articulatory rehearsal and phonological storage in working memory: A replication of Longoni et al. (1993). The Quantitative Methods for Psychology, 20(1), r1–r12.",10.20982/tqmp.20.1.r001,NA,https://drive.google.com/file/d/1vDgLj9eoT-VnSILsFHRQ12VvtSFTsWUV/view?usp=drivesdk,1,NA,1,,,abstract,TRUE
additional_studies85,"Longoni, A.M., Richardson, J.T.E. & Aiello, A. Articulatory rehearsal and phonological storage in working memory. Memory & Cognition 21, 11–22 (1993).",10.3758/BF03211160,"Couture, C., Veilleux, C., Chinhama, S., de Boinod, O. J., Payment, B., Husereau, T., & Ouellette, É. (2024). Articulatory rehearsal and phonological storage in working memory: A replication of Longoni et al. (1993). The Quantitative Methods for Psychology, 20(1), r1–r12.",10.20982/tqmp.20.1.r001,NA,https://drive.google.com/file/d/1vDgLj9eoT-VnSILsFHRQ12VvtSFTsWUV/view?usp=drivesdk,2,NA,1,,,abstract,TRUE
additional_studies85,"Longoni, A.M., Richardson, J.T.E. & Aiello, A. Articulatory rehearsal and phonological storage in working memory. Memory & Cognition 21, 11–22 (1993).",10.3758/BF03211160,"Couture, C., Veilleux, C., Chinhama, S., de Boinod, O. J., Payment, B., Husereau, T., & Ouellette, É. (2024). Articulatory rehearsal and phonological storage in working memory: A replication of Longoni et al. (1993). The Quantitative Methods for Psychology, 20(1), r1–r12.",10.20982/tqmp.20.1.r001,NA,https://drive.google.com/file/d/1vDgLj9eoT-VnSILsFHRQ12VvtSFTsWUV/view?usp=drivesdk,3,NA,1,,,abstract,TRUE
additional_studies85,"Longoni, A.M., Richardson, J.T.E. & Aiello, A. Articulatory rehearsal and phonological storage in working memory. Memory & Cognition 21, 11–22 (1993).",10.3758/BF03211160,"Couture, C., Veilleux, C., Chinhama, S., de Boinod, O. J., Payment, B., Husereau, T., & Ouellette, É. (2024). Articulatory rehearsal and phonological storage in working memory: A replication of Longoni et al. (1993). The Quantitative Methods for Psychology, 20(1), r1–r12.",10.20982/tqmp.20.1.r001,NA,https://drive.google.com/file/d/1vDgLj9eoT-VnSILsFHRQ12VvtSFTsWUV/view?usp=drivesdk,4,NA,1,,,abstract,TRUE
additional_studies85,"Longoni, A.M., Richardson, J.T.E. & Aiello, A. Articulatory rehearsal and phonological storage in working memory. Memory & Cognition 21, 11–22 (1993).",10.3758/BF03211160,"Couture, C., Veilleux, C., Chinhama, S., de Boinod, O. J., Payment, B., Husereau, T., & Ouellette, É. (2024). Articulatory rehearsal and phonological storage in working memory: A replication of Longoni et al. (1993). The Quantitative Methods for Psychology, 20(1), r1–r12.",10.20982/tqmp.20.1.r001,NA,https://drive.google.com/file/d/1vDgLj9eoT-VnSILsFHRQ12VvtSFTsWUV/view?usp=drivesdk,5,NA,1,,,abstract,TRUE
additional_studies86,"Teló, C., P. Trofimovich, and M. G. O’Brien. 2022. ‘Disentangling professional competence and foreign accent,’ Journal of Second Language Pronunciation 8/3: 413–43.",10.1075/jslp.22013.tel,"Cesar Teló, Rosane Silveira, Ana Flávia Boeing Marcelino, Mary G O’Brien, Accent Bias in Professional Evaluations: A Conceptual Replication Study in Brazil, Applied Linguistics, 2024;, amae042,",10.1093/applin/amae042,NA,https://drive.google.com/file/d/1VIxHSn4IKzp_dw4xNX6RMxFlMFrB02Na/view?usp=drivesdk,1,"AbstractEvidence from Canada suggests that accent bias can be moderated by speakers’ demonstrated job-relevant performance and the prestige level of their occupation (Teló et al. 2022). In this study, we replicated Teló et al.’s (2022) work in Brazil. First language (L1) Brazilian Portuguese-speaking listeners rated audio recordings of L1 Brazilian Portuguese and L1 Spanish speakers along continua capturing one professional (competence), one experiential (treatment preference), and one linguistic (comprehensibility) dimension. Our findings challenge the notion of consistent bias, as listeners did not uniformly perceive L1 Brazilian Portuguese speakers as more competent and comprehensible than L1 Spanish speakers, and, in fact, generally preferred treatment provided by L1 Spanish speakers. Complex interactions provided a nuanced account of listeners’ evaluations, revealing, among other patterns, that demonstrated performance level and job prestige affected the evaluated dimensions differently depending on the speaker’s L1. This replication further expands the initial study by examining the role of four listener variables as predictors of speaker ratings. Greater listener familiarity with the context depicted in the script was associated with the assignment of higher ratings overall.",1,,,abstract,FALSE
additional_studies88,"Meyer, A., Riesel, A., & Hajcak Proudfit, G. (2013). Reliability of the ERN across multiple tasks as a function of increasing errors. Psychophysiology, 50(12), 1220–1225.",10.1111/psyp.12132,"Holbrook, A., Park, B., Baldwin, S., Riesel, A., Larson, M. J., & Clayson, P. E. (2024, July 10). Psychometric Reliability of ERN and Pe Across Flanker, Stroop, and Go/No-Go Tasks: A Direct and Conceptual Replication.",10.31234/osf.io/xr6bn,NA,https://drive.google.com/file/d/1JQppLKOXxrmIyxFhDZtY85ZoIv_TVdh_/view?usp=drivesdk,1,NA,1,,,abstract,TRUE
additional_studies90,"Yu, R., Mobbs, D., Seymour, B., Rowe, J. B., & Calder, A. J. (2014). The neural signature of escalating frustration in humans. Cortex, 54, 165-178.",10.1016/j.cortex.2014.02.013,"Eben, C., Chen, Z., London, R. E., & Verbruggen, F. (2024). Escalating frustration-A replication attempt and extension of Yu et al.(2014). Open Research Europe, 4(135), 135.",10.12688/openreseurope.17749.1,NA,https://drive.google.com/file/d/17sgB6ScmXf8Wli1_dKWf0wpvxkNJRZtC/view?usp=drivesdk,1,NA,1,,,abstract,TRUE
additional_studies93,"McKenzie, C. R., Liersch, M. J., & Finkelstein, S. R. (2006). Recommendations implicit in policy defaults. Psychological Science, 17(5), 414-420.",10.1111/j.1467-9280.2006.01721.x,"Teng, X., Lau, K. W., Ng, T. K., Chan, K. P., Yeung, W., Yeung, S. K., & Feldman, G. Revisiting the mechanism underlying the default effect: Implicit recommendations, perceived trustworthiness, and preference uncertainty in a replication and extensions Registered Report of McKenzie et al.(2006).",10.17605/OSF.IO/E5K4J,https://osf.io/gexhp,NA,1,NA,1,,,abstract,TRUE
additional_studies93,"McKenzie, C. R., Liersch, M. J., & Finkelstein, S. R. (2006). Recommendations implicit in policy defaults. Psychological Science, 17(5), 414-420.",10.1111/j.1467-9280.2006.01721.x,"Teng, X., Lau, K. W., Ng, T. K., Chan, K. P., Yeung, W., Yeung, S. K., & Feldman, G. Revisiting the mechanism underlying the default effect: Implicit recommendations, perceived trustworthiness, and preference uncertainty in a replication and extensions Registered Report of McKenzie et al.(2006).",10.17605/OSF.IO/E5K4J,https://osf.io/gexhp,NA,2,NA,1,,,abstract,TRUE
additional_studies93,"McKenzie, C. R., Liersch, M. J., & Finkelstein, S. R. (2006). Recommendations implicit in policy defaults. Psychological Science, 17(5), 414-420.",10.1111/j.1467-9280.2006.01721.x,"Teng, X., Lau, K. W., Ng, T. K., Chan, K. P., Yeung, W., Yeung, S. K., & Feldman, G. Revisiting the mechanism underlying the default effect: Implicit recommendations, perceived trustworthiness, and preference uncertainty in a replication and extensions Registered Report of McKenzie et al.(2006).",10.17605/OSF.IO/E5K4J,https://osf.io/gexhp,NA,3,NA,1,,,abstract,TRUE
additional_studies94,"Karataş, M., & Cutright, K. M. (2023). Thinking about God increases acceptance of artificial intelligence in decision-making. Proceedings of the National Academy of Sciences, 120(33), e2218961120.",10.1073/pnas.2218961120,"Moore, D. A., Schroeder, J., Bailey, E. R., Gershon, R., Moore, J. E., & Simmons, J. P. (2024). Does thinking about God increase acceptance of artificial intelligence in decision-making? *Proceedings of the National Academy of Sciences of the United States of America*, 121(31), e2402315121.",10.1073/pnas.2402315121,NA,https://drive.google.com/file/d/1Mxrn43qE4Nlk4SUVbyTVjT4uEEPF5pZu/view?usp=drivesdk,1,NA,4,,,abstract,TRUE
additional_studies95,"Karataş, M., & Cutright, K. M. (2023). Thinking about God increases acceptance of artificial intelligence in decision-making. Proceedings of the National Academy of Sciences, 120(33), e2218961120.",10.1073/pnas.2218961120,"Moore, D. A., Schroeder, J., Bailey, E. R., Gershon, R., Moore, J. E., & Simmons, J. P. (2024). Does thinking about God increase acceptance of artificial intelligence in decision-making? *Proceedings of the National Academy of Sciences of the United States of America*, 121(31), e2402315121.",10.1073/pnas.2402315121,NA,https://drive.google.com/file/d/1Mxrn43qE4Nlk4SUVbyTVjT4uEEPF5pZu/view?usp=drivesdk,2a,NA,4,,,abstract,TRUE
additional_studies96,"Karataş, M., & Cutright, K. M. (2023). Thinking about God increases acceptance of artificial intelligence in decision-making. Proceedings of the National Academy of Sciences, 120(33), e2218961120.",10.1073/pnas.2218961120,"Moore, D. A., Schroeder, J., Bailey, E. R., Gershon, R., Moore, J. E., & Simmons, J. P. (2024). Does thinking about God increase acceptance of artificial intelligence in decision-making? *Proceedings of the National Academy of Sciences of the United States of America*, 121(31), e2402315121.",10.1073/pnas.2402315121,NA,https://drive.google.com/file/d/1Mxrn43qE4Nlk4SUVbyTVjT4uEEPF5pZu/view?usp=drivesdk,2b,NA,4,,,abstract,TRUE
additional_studies99,"Karataş, M., & Cutright, K. M. (2023). Thinking about God increases acceptance of artificial intelligence in decision-making. Proceedings of the National Academy of Sciences, 120(33), e2218961120.",10.1073/pnas.2218961120,"Moore, D. A., Schroeder, J., Bailey, E. R., Gershon, R., Moore, J. E., & Simmons, J. P. (2024). Does thinking about God increase acceptance of artificial intelligence in decision-making? *Proceedings of the National Academy of Sciences of the United States of America*, 121(31), e2402315121.",10.1073/pnas.2402315121,NA,https://drive.google.com/file/d/1Mxrn43qE4Nlk4SUVbyTVjT4uEEPF5pZu/view?usp=drivesdk,3,NA,4,,,abstract,TRUE
additional_studies99,"Karataş, M., & Cutright, K. M. (2023). Thinking about God increases acceptance of artificial intelligence in decision-making. Proceedings of the National Academy of Sciences, 120(33), e2218961120.",10.1073/pnas.2218961120,"Moore, D. A., Schroeder, J., Bailey, E. R., Gershon, R., Moore, J. E., & Simmons, J. P. (2024). Does thinking about God increase acceptance of artificial intelligence in decision-making? *Proceedings of the National Academy of Sciences of the United States of America*, 121(31), e2402315121.",10.1073/pnas.2402315121,NA,https://drive.google.com/file/d/1Mxrn43qE4Nlk4SUVbyTVjT4uEEPF5pZu/view?usp=drivesdk,5,NA,4,,,abstract,TRUE
Boyce_etal202310,"Blair, K. S., Smith, B. W., Mitchell, D. G., Morton, J., Vythilingam, M., Pessoa, L., ... & Blair, R. J. R. (2007). Modulation of emotion by cognition and cognition by emotion. Neuroimage, 35(1), 430-440.",10.1016/j.neuroimage.2006.11.048,"Boyce, V., Mathur, M., & Frank, M. C. (2023). Eleven years of student replication projects provide evidence on the correlates of replicability in psychology. Royal Society Open Science, 10(11), 231240.",10.1098/rsos.231240,NA,https://drive.google.com/file/d/17gaf2Zy_ljFfcAEDk5L8GBnTl5i7RGJE/view?usp=drivesdk,1,"
                    Cumulative scientific progress requires empirical results that are robust enough to support theory construction and extension. Yet in psychology, some prominent findings have failed to replicate, and large-scale studies suggest replicability issues are widespread. The identification of predictors of replication success is limited by the difficulty of conducting large samples of independent replication experiments, however: most investigations reanalyse the same set of
                    170 replications
                    . We introduce a new dataset of 176 replications from students in a graduate-level methods course. Replication results were judged to be successful in 49% of replications; of the 136 where effect sizes could be numerically compared, 46% had point estimates within the prediction interval of the original outcome (versus the expected 95%). Larger original effect sizes and within-participants designs were especially related to replication success. Our results indicate that, consistent with prior reports, the robustness of the psychology literature is low enough to limit cumulative progress by student investigators.
                  ",124,,,abstract,TRUE
Boyce_etal2023101,"Nekmat, E., Gower, K. K., Zhou, S., & Metzger, M. (2019). Connective-collective action on social media: Moderated mediation of cognitive elaboration and perceived source credibility on personalness of source. Communication Research, 46(1), 62-87.",10.1177/0093650215609676,"Boyce, V., Mathur, M., & Frank, M. C. (2023). Eleven years of student replication projects provide evidence on the correlates of replicability in psychology. Royal Society Open Science, 10(11), 231240.",10.1098/rsos.231240,https://rstudio-pubs-static.s3.amazonaws.com/333287_a1f6ccb88f36405e802c143a248a2206.html,https://drive.google.com/file/d/17gaf2Zy_ljFfcAEDk5L8GBnTl5i7RGJE/view?usp=drivesdk,1,"
                    Cumulative scientific progress requires empirical results that are robust enough to support theory construction and extension. Yet in psychology, some prominent findings have failed to replicate, and large-scale studies suggest replicability issues are widespread. The identification of predictors of replication success is limited by the difficulty of conducting large samples of independent replication experiments, however: most investigations reanalyse the same set of
                    170 replications
                    . We introduce a new dataset of 176 replications from students in a graduate-level methods course. Replication results were judged to be successful in 49% of replications; of the 136 where effect sizes could be numerically compared, 46% had point estimates within the prediction interval of the original outcome (versus the expected 95%). Larger original effect sizes and within-participants designs were especially related to replication success. Our results indicate that, consistent with prior reports, the robustness of the psychology literature is low enough to limit cumulative progress by student investigators.
                  ",124,,,abstract,FALSE
Boyce_etal2023102,"Ngo, C. T., Horner, A. J., Newcombe, N. S., & Olson, I. R. (2019). Development of holistic episodic recollection. Psychological science, 30(12), 1696-1706.",10.1177/0956797619879441,"Boyce, V., Mathur, M., & Frank, M. C. (2023). Eleven years of student replication projects provide evidence on the correlates of replicability in psychology. Royal Society Open Science, 10(11), 231240.",10.1098/rsos.231240,https://rstudio-pubs-static.s3.amazonaws.com/817655_c94c0f2142fc466fa36a6790ee3fcdde.html,https://drive.google.com/file/d/17gaf2Zy_ljFfcAEDk5L8GBnTl5i7RGJE/view?usp=drivesdk,1,"
                    Cumulative scientific progress requires empirical results that are robust enough to support theory construction and extension. Yet in psychology, some prominent findings have failed to replicate, and large-scale studies suggest replicability issues are widespread. The identification of predictors of replication success is limited by the difficulty of conducting large samples of independent replication experiments, however: most investigations reanalyse the same set of
                    170 replications
                    . We introduce a new dataset of 176 replications from students in a graduate-level methods course. Replication results were judged to be successful in 49% of replications; of the 136 where effect sizes could be numerically compared, 46% had point estimates within the prediction interval of the original outcome (versus the expected 95%). Larger original effect sizes and within-participants designs were especially related to replication success. Our results indicate that, consistent with prior reports, the robustness of the psychology literature is low enough to limit cumulative progress by student investigators.
                  ",124,,,abstract,FALSE
Boyce_etal2023103,"Nook, E. C., Schleider, J. L., & Somerville, L. H. (2017). A linguistic signature of psychological distancing in emotion regulation. Journal of Experimental Psychology: General, 146(3), 337.",10.1037/xge0000263,"Boyce, V., Mathur, M., & Frank, M. C. (2023). Eleven years of student replication projects provide evidence on the correlates of replicability in psychology. Royal Society Open Science, 10(11), 231240.",10.1098/rsos.231240,https://rpubs.com/HannahEveMarshall/674065,https://drive.google.com/file/d/17gaf2Zy_ljFfcAEDk5L8GBnTl5i7RGJE/view?usp=drivesdk,1,"
                    Cumulative scientific progress requires empirical results that are robust enough to support theory construction and extension. Yet in psychology, some prominent findings have failed to replicate, and large-scale studies suggest replicability issues are widespread. The identification of predictors of replication success is limited by the difficulty of conducting large samples of independent replication experiments, however: most investigations reanalyse the same set of
                    170 replications
                    . We introduce a new dataset of 176 replications from students in a graduate-level methods course. Replication results were judged to be successful in 49% of replications; of the 136 where effect sizes could be numerically compared, 46% had point estimates within the prediction interval of the original outcome (versus the expected 95%). Larger original effect sizes and within-participants designs were especially related to replication success. Our results indicate that, consistent with prior reports, the robustness of the psychology literature is low enough to limit cumulative progress by student investigators.
                  ",124,,,abstract,TRUE
Boyce_etal2023106,"Okan, Y., Garcia-Retamero, R., Cokely, E. T., & Maldonado, A. (2018). Biasing and debiasing health decisions with bar graphs: Costs and benefits of graph literacy. Quarterly Journal of Experimental Psychology, 71(12), 2506-2519.",10.1177/1747021817744546,"Boyce, V., Mathur, M., & Frank, M. C. (2023). Eleven years of student replication projects provide evidence on the correlates of replicability in psychology. Royal Society Open Science, 10(11), 231240.",10.1098/rsos.231240,https://github.com/vboyce/251-254-MA/blob/main/reports/okan2018.html,https://drive.google.com/file/d/17gaf2Zy_ljFfcAEDk5L8GBnTl5i7RGJE/view?usp=drivesdk,1,"
                    Cumulative scientific progress requires empirical results that are robust enough to support theory construction and extension. Yet in psychology, some prominent findings have failed to replicate, and large-scale studies suggest replicability issues are widespread. The identification of predictors of replication success is limited by the difficulty of conducting large samples of independent replication experiments, however: most investigations reanalyse the same set of
                    170 replications
                    . We introduce a new dataset of 176 replications from students in a graduate-level methods course. Replication results were judged to be successful in 49% of replications; of the 136 where effect sizes could be numerically compared, 46% had point estimates within the prediction interval of the original outcome (versus the expected 95%). Larger original effect sizes and within-participants designs were especially related to replication success. Our results indicate that, consistent with prior reports, the robustness of the psychology literature is low enough to limit cumulative progress by student investigators.
                  ",124,,,abstract,TRUE
Boyce_etal2023107,"O’Keefe, P. A., Dweck, C. S., & Walton, G. M. (2018). Implicit theories of interest: Finding your passion or developing it?. Psychological science, 29(10), 1653-1664.",10.1177/0956797618780643,"Boyce, V., Mathur, M., & Frank, M. C. (2023). Eleven years of student replication projects provide evidence on the correlates of replicability in psychology. Royal Society Open Science, 10(11), 231240.",10.1098/rsos.231240,NA,https://drive.google.com/file/d/17gaf2Zy_ljFfcAEDk5L8GBnTl5i7RGJE/view?usp=drivesdk,1,"
                    Cumulative scientific progress requires empirical results that are robust enough to support theory construction and extension. Yet in psychology, some prominent findings have failed to replicate, and large-scale studies suggest replicability issues are widespread. The identification of predictors of replication success is limited by the difficulty of conducting large samples of independent replication experiments, however: most investigations reanalyse the same set of
                    170 replications
                    . We introduce a new dataset of 176 replications from students in a graduate-level methods course. Replication results were judged to be successful in 49% of replications; of the 136 where effect sizes could be numerically compared, 46% had point estimates within the prediction interval of the original outcome (versus the expected 95%). Larger original effect sizes and within-participants designs were especially related to replication success. Our results indicate that, consistent with prior reports, the robustness of the psychology literature is low enough to limit cumulative progress by student investigators.
                  ",124,,,abstract,TRUE
Boyce_etal2023109_1,"Otto, R. A., Skatova, A., Madlon-Kay, S., & Daw, N. (2014). Cognitive Control Mode Predicts Behavioral Expression of Model-Based Reinforcement-Learning. In Proceedings of the Annual Meeting of the Cognitive Science Society (Vol. 36, No. 36).",10.1162/jocn_a_00709,"Boyce, V., Mathur, M., & Frank, M. C. (2023). Eleven years of student replication projects provide evidence on the correlates of replicability in psychology. Royal Society Open Science, 10(11), 231240.",10.1098/rsos.231240,https://github.com/vboyce/251-254-MA/blob/main/reports/otto2014.pdf,https://drive.google.com/file/d/17gaf2Zy_ljFfcAEDk5L8GBnTl5i7RGJE/view?usp=drivesdk,1,"
                    Cumulative scientific progress requires empirical results that are robust enough to support theory construction and extension. Yet in psychology, some prominent findings have failed to replicate, and large-scale studies suggest replicability issues are widespread. The identification of predictors of replication success is limited by the difficulty of conducting large samples of independent replication experiments, however: most investigations reanalyse the same set of
                    170 replications
                    . We introduce a new dataset of 176 replications from students in a graduate-level methods course. Replication results were judged to be successful in 49% of replications; of the 136 where effect sizes could be numerically compared, 46% had point estimates within the prediction interval of the original outcome (versus the expected 95%). Larger original effect sizes and within-participants designs were especially related to replication success. Our results indicate that, consistent with prior reports, the robustness of the psychology literature is low enough to limit cumulative progress by student investigators.
                  ",124,,,abstract,TRUE
Boyce_etal202311,"Blankenship, K. L., & Wegener, D. T. (2008). Opening the mind to close it: considering a message in light of important values increases message processing and later resistance to change. Journal of Personality and Social Psychology, 94(2), 196.",10.1037/0022-3514.94.2.94.2.196,"Boyce, V., Mathur, M., & Frank, M. C. (2023). Eleven years of student replication projects provide evidence on the correlates of replicability in psychology. Royal Society Open Science, 10(11), 231240.",10.1098/rsos.231240,https://osf.io/v3e2z,https://drive.google.com/file/d/17gaf2Zy_ljFfcAEDk5L8GBnTl5i7RGJE/view?usp=drivesdk,1,"
                    Cumulative scientific progress requires empirical results that are robust enough to support theory construction and extension. Yet in psychology, some prominent findings have failed to replicate, and large-scale studies suggest replicability issues are widespread. The identification of predictors of replication success is limited by the difficulty of conducting large samples of independent replication experiments, however: most investigations reanalyse the same set of
                    170 replications
                    . We introduce a new dataset of 176 replications from students in a graduate-level methods course. Replication results were judged to be successful in 49% of replications; of the 136 where effect sizes could be numerically compared, 46% had point estimates within the prediction interval of the original outcome (versus the expected 95%). Larger original effect sizes and within-participants designs were especially related to replication success. Our results indicate that, consistent with prior reports, the robustness of the psychology literature is low enough to limit cumulative progress by student investigators.
                  ",124,,,abstract,TRUE
Boyce_etal2023111_1,"Payne, J. D., Stickgold, R., Swanberg, K., & Kensinger, E. A. (2008). Sleep preferentially enhances memory for emotional components of scenes. Psychological science, 19(8), 781-788.",10.1111/j.1467-9280.2008.02157.x,"Boyce, V., Mathur, M., & Frank, M. C. (2023). Eleven years of student replication projects provide evidence on the correlates of replicability in psychology. Royal Society Open Science, 10(11), 231240.",10.1098/rsos.231240,https://osf.io/vewk7,https://drive.google.com/file/d/17gaf2Zy_ljFfcAEDk5L8GBnTl5i7RGJE/view?usp=drivesdk,1,"
                    Cumulative scientific progress requires empirical results that are robust enough to support theory construction and extension. Yet in psychology, some prominent findings have failed to replicate, and large-scale studies suggest replicability issues are widespread. The identification of predictors of replication success is limited by the difficulty of conducting large samples of independent replication experiments, however: most investigations reanalyse the same set of
                    170 replications
                    . We introduce a new dataset of 176 replications from students in a graduate-level methods course. Replication results were judged to be successful in 49% of replications; of the 136 where effect sizes could be numerically compared, 46% had point estimates within the prediction interval of the original outcome (versus the expected 95%). Larger original effect sizes and within-participants designs were especially related to replication success. Our results indicate that, consistent with prior reports, the robustness of the psychology literature is low enough to limit cumulative progress by student investigators.
                  ",124,,,abstract,TRUE
Boyce_etal2023112_1,"Peer, E., Rothschild, D., Gordon, A., Evernden, Z., & Damer, E. (2022). Data quality of platforms and panels for online behavioral research. Behavior Research Methods, 54(4), 1643-1662.",10.3758/s13428-021-01694-3,"Boyce, V., Mathur, M., & Frank, M. C. (2023). Eleven years of student replication projects provide evidence on the correlates of replicability in psychology. Royal Society Open Science, 10(11), 231240.",10.1098/rsos.231240,http://rpubs.com/kimiasaadatian/replicationreport,https://drive.google.com/file/d/17gaf2Zy_ljFfcAEDk5L8GBnTl5i7RGJE/view?usp=drivesdk,1,"
                    Cumulative scientific progress requires empirical results that are robust enough to support theory construction and extension. Yet in psychology, some prominent findings have failed to replicate, and large-scale studies suggest replicability issues are widespread. The identification of predictors of replication success is limited by the difficulty of conducting large samples of independent replication experiments, however: most investigations reanalyse the same set of
                    170 replications
                    . We introduce a new dataset of 176 replications from students in a graduate-level methods course. Replication results were judged to be successful in 49% of replications; of the 136 where effect sizes could be numerically compared, 46% had point estimates within the prediction interval of the original outcome (versus the expected 95%). Larger original effect sizes and within-participants designs were especially related to replication success. Our results indicate that, consistent with prior reports, the robustness of the psychology literature is low enough to limit cumulative progress by student investigators.
                  ",124,,,abstract,TRUE
Boyce_etal2023114,"Piff, P. K., Stancato, D. M., Côté, S., Mendoza-Denton, R., & Keltner, D. (2012). Higher social class predicts increased unethical behavior. Proceedings of the National Academy of Sciences, 109(11), 4086-4091.",10.1073/pnas.1118373109,"Boyce, V., Mathur, M., & Frank, M. C. (2023). Eleven years of student replication projects provide evidence on the correlates of replicability in psychology. Royal Society Open Science, 10(11), 231240.",10.1098/rsos.231240,NA,https://drive.google.com/file/d/17gaf2Zy_ljFfcAEDk5L8GBnTl5i7RGJE/view?usp=drivesdk,1,"
                    Cumulative scientific progress requires empirical results that are robust enough to support theory construction and extension. Yet in psychology, some prominent findings have failed to replicate, and large-scale studies suggest replicability issues are widespread. The identification of predictors of replication success is limited by the difficulty of conducting large samples of independent replication experiments, however: most investigations reanalyse the same set of
                    170 replications
                    . We introduce a new dataset of 176 replications from students in a graduate-level methods course. Replication results were judged to be successful in 49% of replications; of the 136 where effect sizes could be numerically compared, 46% had point estimates within the prediction interval of the original outcome (versus the expected 95%). Larger original effect sizes and within-participants designs were especially related to replication success. Our results indicate that, consistent with prior reports, the robustness of the psychology literature is low enough to limit cumulative progress by student investigators.
                  ",124,,,abstract,TRUE
Boyce_etal2023115,"Pilditch, T. D., Fenton, N., & Lagnado, D. (2019). The zero-sum fallacy in evidence evaluation. Psychological science, 30(2), 250-260.",10.1177/0956797618818484,"Boyce, V., Mathur, M., & Frank, M. C. (2023). Eleven years of student replication projects provide evidence on the correlates of replicability in psychology. Royal Society Open Science, 10(11), 231240.",10.1098/rsos.231240,https://github.com/vboyce/251-254-MA/blob/main/reports/pilditch2019.html,https://drive.google.com/file/d/17gaf2Zy_ljFfcAEDk5L8GBnTl5i7RGJE/view?usp=drivesdk,1,"
                    Cumulative scientific progress requires empirical results that are robust enough to support theory construction and extension. Yet in psychology, some prominent findings have failed to replicate, and large-scale studies suggest replicability issues are widespread. The identification of predictors of replication success is limited by the difficulty of conducting large samples of independent replication experiments, however: most investigations reanalyse the same set of
                    170 replications
                    . We introduce a new dataset of 176 replications from students in a graduate-level methods course. Replication results were judged to be successful in 49% of replications; of the 136 where effect sizes could be numerically compared, 46% had point estimates within the prediction interval of the original outcome (versus the expected 95%). Larger original effect sizes and within-participants designs were especially related to replication success. Our results indicate that, consistent with prior reports, the robustness of the psychology literature is low enough to limit cumulative progress by student investigators.
                  ",124,,,abstract,FALSE
Boyce_etal2023116_1,"Porter, S. C., Rheinschmidt-Same, M., & Richeson, J. A. (2016). Inferring identity from language: Linguistic intergroup bias informs social categorization. Psychological science, 27(1), 94-102.",10.1177/0956797615612202,"Boyce, V., Mathur, M., & Frank, M. C. (2023). Eleven years of student replication projects provide evidence on the correlates of replicability in psychology. Royal Society Open Science, 10(11), 231240.",10.1098/rsos.231240,https://rpubs.com/mmesinas/426990,https://drive.google.com/file/d/17gaf2Zy_ljFfcAEDk5L8GBnTl5i7RGJE/view?usp=drivesdk,1,"
                    Cumulative scientific progress requires empirical results that are robust enough to support theory construction and extension. Yet in psychology, some prominent findings have failed to replicate, and large-scale studies suggest replicability issues are widespread. The identification of predictors of replication success is limited by the difficulty of conducting large samples of independent replication experiments, however: most investigations reanalyse the same set of
                    170 replications
                    . We introduce a new dataset of 176 replications from students in a graduate-level methods course. Replication results were judged to be successful in 49% of replications; of the 136 where effect sizes could be numerically compared, 46% had point estimates within the prediction interval of the original outcome (versus the expected 95%). Larger original effect sizes and within-participants designs were especially related to replication success. Our results indicate that, consistent with prior reports, the robustness of the psychology literature is low enough to limit cumulative progress by student investigators.
                  ",124,,,abstract,FALSE
Boyce_etal2023121_1,"Proudfoot, D., Kay, A. C., & Koval, C. Z. (2015). A gender bias in the attribution of creativity: Archival and experimental evidence for the perceived association between masculinity and creative thinking. Psychological science, 26(11), 1751-1761.",10.1177/0956797615598739,"Boyce, V., Mathur, M., & Frank, M. C. (2023). Eleven years of student replication projects provide evidence on the correlates of replicability in psychology. Royal Society Open Science, 10(11), 231240.",10.1098/rsos.231240,https://rpubs.com/ShimaSalehi/155989,https://drive.google.com/file/d/17gaf2Zy_ljFfcAEDk5L8GBnTl5i7RGJE/view?usp=drivesdk,1,"
                    Cumulative scientific progress requires empirical results that are robust enough to support theory construction and extension. Yet in psychology, some prominent findings have failed to replicate, and large-scale studies suggest replicability issues are widespread. The identification of predictors of replication success is limited by the difficulty of conducting large samples of independent replication experiments, however: most investigations reanalyse the same set of
                    170 replications
                    . We introduce a new dataset of 176 replications from students in a graduate-level methods course. Replication results were judged to be successful in 49% of replications; of the 136 where effect sizes could be numerically compared, 46% had point estimates within the prediction interval of the original outcome (versus the expected 95%). Larger original effect sizes and within-participants designs were especially related to replication success. Our results indicate that, consistent with prior reports, the robustness of the psychology literature is low enough to limit cumulative progress by student investigators.
                  ",124,,,abstract,TRUE
Boyce_etal2023122,"Ranzini, M., Dehaene, S., Piazza, M., & Hubbard, E. M. (2009). Neural mechanisms of attentional shifts due to irrelevant spatial and numerical cues. Neuropsychologia, 47(12), 2615-2624.",10.1016/j.neuropsychologia.2009.05.011,"Boyce, V., Mathur, M., & Frank, M. C. (2023). Eleven years of student replication projects provide evidence on the correlates of replicability in psychology. Royal Society Open Science, 10(11), 231240.",10.1098/rsos.231240,https://github.com/vboyce/251-254-MA/blob/main/reports/ranzini2009.pdf,https://drive.google.com/file/d/17gaf2Zy_ljFfcAEDk5L8GBnTl5i7RGJE/view?usp=drivesdk,1,"
                    Cumulative scientific progress requires empirical results that are robust enough to support theory construction and extension. Yet in psychology, some prominent findings have failed to replicate, and large-scale studies suggest replicability issues are widespread. The identification of predictors of replication success is limited by the difficulty of conducting large samples of independent replication experiments, however: most investigations reanalyse the same set of
                    170 replications
                    . We introduce a new dataset of 176 replications from students in a graduate-level methods course. Replication results were judged to be successful in 49% of replications; of the 136 where effect sizes could be numerically compared, 46% had point estimates within the prediction interval of the original outcome (versus the expected 95%). Larger original effect sizes and within-participants designs were especially related to replication success. Our results indicate that, consistent with prior reports, the robustness of the psychology literature is low enough to limit cumulative progress by student investigators.
                  ",124,,,abstract,TRUE
Boyce_etal2023123_1,"Read, D., & Scholten, M. (2012). Tradeoffs between sequences: Weighing accumulated outcomes against outcome-adjusted delays. Journal of Experimental Psychology: Learning, Memory, and Cognition, 38(6), 1675.",10.1037/a0028216,"Boyce, V., Mathur, M., & Frank, M. C. (2023). Eleven years of student replication projects provide evidence on the correlates of replicability in psychology. Royal Society Open Science, 10(11), 231240.",10.1098/rsos.231240,https://github.com/vboyce/251-254-MA/blob/main/reports/read2012.pdf,https://drive.google.com/file/d/17gaf2Zy_ljFfcAEDk5L8GBnTl5i7RGJE/view?usp=drivesdk,1,"
                    Cumulative scientific progress requires empirical results that are robust enough to support theory construction and extension. Yet in psychology, some prominent findings have failed to replicate, and large-scale studies suggest replicability issues are widespread. The identification of predictors of replication success is limited by the difficulty of conducting large samples of independent replication experiments, however: most investigations reanalyse the same set of
                    170 replications
                    . We introduce a new dataset of 176 replications from students in a graduate-level methods course. Replication results were judged to be successful in 49% of replications; of the 136 where effect sizes could be numerically compared, 46% had point estimates within the prediction interval of the original outcome (versus the expected 95%). Larger original effect sizes and within-participants designs were especially related to replication success. Our results indicate that, consistent with prior reports, the robustness of the psychology literature is low enough to limit cumulative progress by student investigators.
                  ",124,,,abstract,TRUE
Boyce_etal2023125_1,"Reis, H. T., Lee, K. Y., O'Keefe, S. D., & Clark, M. S. (2018). Perceived partner responsiveness promotes intellectual humility. Journal of Experimental Social Psychology, 79, 21-33.",10.1016/j.jesp.2018.05.006,"Boyce, V., Mathur, M., & Frank, M. C. (2023). Eleven years of student replication projects provide evidence on the correlates of replicability in psychology. Royal Society Open Science, 10(11), 231240.",10.1098/rsos.231240,https://rpubs.com/cgarton/975073,https://drive.google.com/file/d/17gaf2Zy_ljFfcAEDk5L8GBnTl5i7RGJE/view?usp=drivesdk,1,"
                    Cumulative scientific progress requires empirical results that are robust enough to support theory construction and extension. Yet in psychology, some prominent findings have failed to replicate, and large-scale studies suggest replicability issues are widespread. The identification of predictors of replication success is limited by the difficulty of conducting large samples of independent replication experiments, however: most investigations reanalyse the same set of
                    170 replications
                    . We introduce a new dataset of 176 replications from students in a graduate-level methods course. Replication results were judged to be successful in 49% of replications; of the 136 where effect sizes could be numerically compared, 46% had point estimates within the prediction interval of the original outcome (versus the expected 95%). Larger original effect sizes and within-participants designs were especially related to replication success. Our results indicate that, consistent with prior reports, the robustness of the psychology literature is low enough to limit cumulative progress by student investigators.
                  ",124,,,abstract,TRUE
Boyce_etal2023127_1,"Risen, J. L., & Gilovich, T. (2008). Why people are reluctant to tempt fate. Journal of personality and social psychology, 95(2), 293.",10.1037/0022-3514.95.2.293,"Boyce, V., Mathur, M., & Frank, M. C. (2023). Eleven years of student replication projects provide evidence on the correlates of replicability in psychology. Royal Society Open Science, 10(11), 231240.",10.1098/rsos.231240,https://github.com/vboyce/251-254-MA/blob/main/reports/risen2008.docx,https://drive.google.com/file/d/17gaf2Zy_ljFfcAEDk5L8GBnTl5i7RGJE/view?usp=drivesdk,1,"
                    Cumulative scientific progress requires empirical results that are robust enough to support theory construction and extension. Yet in psychology, some prominent findings have failed to replicate, and large-scale studies suggest replicability issues are widespread. The identification of predictors of replication success is limited by the difficulty of conducting large samples of independent replication experiments, however: most investigations reanalyse the same set of
                    170 replications
                    . We introduce a new dataset of 176 replications from students in a graduate-level methods course. Replication results were judged to be successful in 49% of replications; of the 136 where effect sizes could be numerically compared, 46% had point estimates within the prediction interval of the original outcome (versus the expected 95%). Larger original effect sizes and within-participants designs were especially related to replication success. Our results indicate that, consistent with prior reports, the robustness of the psychology literature is low enough to limit cumulative progress by student investigators.
                  ",124,,,abstract,TRUE
Boyce_etal2023127_1,"Risen, J. L., & Gilovich, T. (2008). Why people are reluctant to tempt fate. Journal of personality and social psychology, 95(2), 293.",10.1037/pspi0000081,"Boyce, V., Mathur, M., & Frank, M. C. (2023). Eleven years of student replication projects provide evidence on the correlates of replicability in psychology. Royal Society Open Science, 10(11), 231240.",10.1098/rsos.231240,https://github.com/vboyce/251-254-MA/blob/main/reports/risen2008.docx,https://drive.google.com/file/d/17gaf2Zy_ljFfcAEDk5L8GBnTl5i7RGJE/view?usp=drivesdk,1,"
                    Cumulative scientific progress requires empirical results that are robust enough to support theory construction and extension. Yet in psychology, some prominent findings have failed to replicate, and large-scale studies suggest replicability issues are widespread. The identification of predictors of replication success is limited by the difficulty of conducting large samples of independent replication experiments, however: most investigations reanalyse the same set of
                    170 replications
                    . We introduce a new dataset of 176 replications from students in a graduate-level methods course. Replication results were judged to be successful in 49% of replications; of the 136 where effect sizes could be numerically compared, 46% had point estimates within the prediction interval of the original outcome (versus the expected 95%). Larger original effect sizes and within-participants designs were especially related to replication success. Our results indicate that, consistent with prior reports, the robustness of the psychology literature is low enough to limit cumulative progress by student investigators.
                  ",124,,,abstract,TRUE
Boyce_etal2023129_1,"Rottman, J., & Young, L. (2019). Specks of dirt and tons of pain: Dosage distinguishes impurity from harm. Psychological Science, 30(8), 1151-1160.",10.1177/0956797619855382,"Boyce, V., Mathur, M., & Frank, M. C. (2023). Eleven years of student replication projects provide evidence on the correlates of replicability in psychology. Royal Society Open Science, 10(11), 231240.",10.1098/rsos.231240,https://rpubs.com/cceballos-stanford/544019,https://drive.google.com/file/d/17gaf2Zy_ljFfcAEDk5L8GBnTl5i7RGJE/view?usp=drivesdk,1,"
                    Cumulative scientific progress requires empirical results that are robust enough to support theory construction and extension. Yet in psychology, some prominent findings have failed to replicate, and large-scale studies suggest replicability issues are widespread. The identification of predictors of replication success is limited by the difficulty of conducting large samples of independent replication experiments, however: most investigations reanalyse the same set of
                    170 replications
                    . We introduce a new dataset of 176 replications from students in a graduate-level methods course. Replication results were judged to be successful in 49% of replications; of the 136 where effect sizes could be numerically compared, 46% had point estimates within the prediction interval of the original outcome (versus the expected 95%). Larger original effect sizes and within-participants designs were especially related to replication success. Our results indicate that, consistent with prior reports, the robustness of the psychology literature is low enough to limit cumulative progress by student investigators.
                  ",124,,,abstract,TRUE
Boyce_etal202313,"Brady, T. F., & Alvarez, G. A. (2011). Hierarchical encoding in visual working memory: Ensemble statistics bias memory for individual items. Psychological science, 22(3), 384-392.",10.1177/0956797610397956,"Boyce, V., Mathur, M., & Frank, M. C. (2023). Eleven years of student replication projects provide evidence on the correlates of replicability in psychology. Royal Society Open Science, 10(11), 231240.",10.1098/rsos.231240,https://osf.io/p5hvr,https://drive.google.com/file/d/17gaf2Zy_ljFfcAEDk5L8GBnTl5i7RGJE/view?usp=drivesdk,1,"
                    Cumulative scientific progress requires empirical results that are robust enough to support theory construction and extension. Yet in psychology, some prominent findings have failed to replicate, and large-scale studies suggest replicability issues are widespread. The identification of predictors of replication success is limited by the difficulty of conducting large samples of independent replication experiments, however: most investigations reanalyse the same set of
                    170 replications
                    . We introduce a new dataset of 176 replications from students in a graduate-level methods course. Replication results were judged to be successful in 49% of replications; of the 136 where effect sizes could be numerically compared, 46% had point estimates within the prediction interval of the original outcome (versus the expected 95%). Larger original effect sizes and within-participants designs were especially related to replication success. Our results indicate that, consistent with prior reports, the robustness of the psychology literature is low enough to limit cumulative progress by student investigators.
                  ",124,,,abstract,FALSE
Boyce_etal2023132,"Savani, K., Markus, H. R., Naidu, N. V. R., Kumar, S., & Berlia, N. (2010). What counts as a choice? US Americans are more likely than Indians to construe actions as choices. Psychological Science, 21(3), 391-398.",10.1177/0956797609359908,"Boyce, V., Mathur, M., & Frank, M. C. (2023). Eleven years of student replication projects provide evidence on the correlates of replicability in psychology. Royal Society Open Science, 10(11), 231240.",10.1098/rsos.231240,NA,https://drive.google.com/file/d/17gaf2Zy_ljFfcAEDk5L8GBnTl5i7RGJE/view?usp=drivesdk,1,"
                    Cumulative scientific progress requires empirical results that are robust enough to support theory construction and extension. Yet in psychology, some prominent findings have failed to replicate, and large-scale studies suggest replicability issues are widespread. The identification of predictors of replication success is limited by the difficulty of conducting large samples of independent replication experiments, however: most investigations reanalyse the same set of
                    170 replications
                    . We introduce a new dataset of 176 replications from students in a graduate-level methods course. Replication results were judged to be successful in 49% of replications; of the 136 where effect sizes could be numerically compared, 46% had point estimates within the prediction interval of the original outcome (versus the expected 95%). Larger original effect sizes and within-participants designs were especially related to replication success. Our results indicate that, consistent with prior reports, the robustness of the psychology literature is low enough to limit cumulative progress by student investigators.
                  ",124,,,abstract,FALSE
Boyce_etal2023133,"Savani, K., & Rattan, A. (2012). A choice mind-set increases the acceptance and maintenance of wealth inequality. Psychological science, 23(7), 796-804.",10.1177/0956797611434540,"Boyce, V., Mathur, M., & Frank, M. C. (2023). Eleven years of student replication projects provide evidence on the correlates of replicability in psychology. Royal Society Open Science, 10(11), 231240.",10.1098/rsos.231240,NA,https://drive.google.com/file/d/17gaf2Zy_ljFfcAEDk5L8GBnTl5i7RGJE/view?usp=drivesdk,1,"
                    Cumulative scientific progress requires empirical results that are robust enough to support theory construction and extension. Yet in psychology, some prominent findings have failed to replicate, and large-scale studies suggest replicability issues are widespread. The identification of predictors of replication success is limited by the difficulty of conducting large samples of independent replication experiments, however: most investigations reanalyse the same set of
                    170 replications
                    . We introduce a new dataset of 176 replications from students in a graduate-level methods course. Replication results were judged to be successful in 49% of replications; of the 136 where effect sizes could be numerically compared, 46% had point estimates within the prediction interval of the original outcome (versus the expected 95%). Larger original effect sizes and within-participants designs were especially related to replication success. Our results indicate that, consistent with prior reports, the robustness of the psychology literature is low enough to limit cumulative progress by student investigators.
                  ",124,,,abstract,FALSE
Boyce_etal2023134,"Schaerer, M., Swaab, R. I., & Galinsky, A. D. (2015). Anchors weigh more than power: Why absolute powerlessness liberates negotiators to achieve better outcomes. Psychological science, 26(2), 170-181.",10.1177/0956797614558718,"Boyce, V., Mathur, M., & Frank, M. C. (2023). Eleven years of student replication projects provide evidence on the correlates of replicability in psychology. Royal Society Open Science, 10(11), 231240.",10.1098/rsos.231240,https://github.com/vboyce/251-254-MA/blob/main/reports/schaerer2015.html,https://drive.google.com/file/d/17gaf2Zy_ljFfcAEDk5L8GBnTl5i7RGJE/view?usp=drivesdk,1,"
                    Cumulative scientific progress requires empirical results that are robust enough to support theory construction and extension. Yet in psychology, some prominent findings have failed to replicate, and large-scale studies suggest replicability issues are widespread. The identification of predictors of replication success is limited by the difficulty of conducting large samples of independent replication experiments, however: most investigations reanalyse the same set of
                    170 replications
                    . We introduce a new dataset of 176 replications from students in a graduate-level methods course. Replication results were judged to be successful in 49% of replications; of the 136 where effect sizes could be numerically compared, 46% had point estimates within the prediction interval of the original outcome (versus the expected 95%). Larger original effect sizes and within-participants designs were especially related to replication success. Our results indicate that, consistent with prior reports, the robustness of the psychology literature is low enough to limit cumulative progress by student investigators.
                  ",124,,,abstract,FALSE
Boyce_etal2023137_1,"Scopelliti, I., Loewenstein, G., & Vosgerau, J. (2015). You call it “Self-Exuberance”; I call it “Bragging” miscalibrated predictions of emotional responses to self-promotion. Psychological science, 26(6), 903-914.",10.1177/0956797615573516,"Boyce, V., Mathur, M., & Frank, M. C. (2023). Eleven years of student replication projects provide evidence on the correlates of replicability in psychology. Royal Society Open Science, 10(11), 231240.",10.1098/rsos.231240,NA,https://drive.google.com/file/d/17gaf2Zy_ljFfcAEDk5L8GBnTl5i7RGJE/view?usp=drivesdk,1,"
                    Cumulative scientific progress requires empirical results that are robust enough to support theory construction and extension. Yet in psychology, some prominent findings have failed to replicate, and large-scale studies suggest replicability issues are widespread. The identification of predictors of replication success is limited by the difficulty of conducting large samples of independent replication experiments, however: most investigations reanalyse the same set of
                    170 replications
                    . We introduce a new dataset of 176 replications from students in a graduate-level methods course. Replication results were judged to be successful in 49% of replications; of the 136 where effect sizes could be numerically compared, 46% had point estimates within the prediction interval of the original outcome (versus the expected 95%). Larger original effect sizes and within-participants designs were especially related to replication success. Our results indicate that, consistent with prior reports, the robustness of the psychology literature is low enough to limit cumulative progress by student investigators.
                  ",124,,,abstract,FALSE
Boyce_etal2023139_1,"Semrow, M., Zou, L. X., Liu, S., & Cheryan, S. (2020). Gay Asian Americans are seen as more American than Asian Americans who are presumed straight. Social Psychological and Personality Science, 11(3), 336-344.",10.1177/1948550619849426,"Boyce, V., Mathur, M., & Frank, M. C. (2023). Eleven years of student replication projects provide evidence on the correlates of replicability in psychology. Royal Society Open Science, 10(11), 231240.",10.1098/rsos.231240,https://rpubs.com/apaza/Replication_Report_11_24,https://drive.google.com/file/d/17gaf2Zy_ljFfcAEDk5L8GBnTl5i7RGJE/view?usp=drivesdk,1,"
                    Cumulative scientific progress requires empirical results that are robust enough to support theory construction and extension. Yet in psychology, some prominent findings have failed to replicate, and large-scale studies suggest replicability issues are widespread. The identification of predictors of replication success is limited by the difficulty of conducting large samples of independent replication experiments, however: most investigations reanalyse the same set of
                    170 replications
                    . We introduce a new dataset of 176 replications from students in a graduate-level methods course. Replication results were judged to be successful in 49% of replications; of the 136 where effect sizes could be numerically compared, 46% had point estimates within the prediction interval of the original outcome (versus the expected 95%). Larger original effect sizes and within-participants designs were especially related to replication success. Our results indicate that, consistent with prior reports, the robustness of the psychology literature is low enough to limit cumulative progress by student investigators.
                  ",124,,,abstract,TRUE
Boyce_etal202314_1,"Brady, T. F., Konkle, T., Alvarez, G. A., & Oliva, A. (2013). Real-world objects are not represented as bound units: independent forgetting of different object details from visual memory. Journal of Experimental Psychology: General, 142(3), 791.",10.1037/a0029649,"Boyce, V., Mathur, M., & Frank, M. C. (2023). Eleven years of student replication projects provide evidence on the correlates of replicability in psychology. Royal Society Open Science, 10(11), 231240.",10.1098/rsos.231240,https://osf.io/p5hvr,https://drive.google.com/file/d/17gaf2Zy_ljFfcAEDk5L8GBnTl5i7RGJE/view?usp=drivesdk,1,"
                    Cumulative scientific progress requires empirical results that are robust enough to support theory construction and extension. Yet in psychology, some prominent findings have failed to replicate, and large-scale studies suggest replicability issues are widespread. The identification of predictors of replication success is limited by the difficulty of conducting large samples of independent replication experiments, however: most investigations reanalyse the same set of
                    170 replications
                    . We introduce a new dataset of 176 replications from students in a graduate-level methods course. Replication results were judged to be successful in 49% of replications; of the 136 where effect sizes could be numerically compared, 46% had point estimates within the prediction interval of the original outcome (versus the expected 95%). Larger original effect sizes and within-participants designs were especially related to replication success. Our results indicate that, consistent with prior reports, the robustness of the psychology literature is low enough to limit cumulative progress by student investigators.
                  ",124,,,abstract,TRUE
Boyce_etal2023140_1,"Shah, A. K., Shafir, E., & Mullainathan, S. (2015). Scarcity frames value. Psychological science, 26(4), 402-412.",10.1177/0956797614563958,"Boyce, V., Mathur, M., & Frank, M. C. (2023). Eleven years of student replication projects provide evidence on the correlates of replicability in psychology. Royal Society Open Science, 10(11), 231240.",10.1098/rsos.231240,https://rpubs.com/wuphins/159194,https://drive.google.com/file/d/17gaf2Zy_ljFfcAEDk5L8GBnTl5i7RGJE/view?usp=drivesdk,1,"
                    Cumulative scientific progress requires empirical results that are robust enough to support theory construction and extension. Yet in psychology, some prominent findings have failed to replicate, and large-scale studies suggest replicability issues are widespread. The identification of predictors of replication success is limited by the difficulty of conducting large samples of independent replication experiments, however: most investigations reanalyse the same set of
                    170 replications
                    . We introduce a new dataset of 176 replications from students in a graduate-level methods course. Replication results were judged to be successful in 49% of replications; of the 136 where effect sizes could be numerically compared, 46% had point estimates within the prediction interval of the original outcome (versus the expected 95%). Larger original effect sizes and within-participants designs were especially related to replication success. Our results indicate that, consistent with prior reports, the robustness of the psychology literature is low enough to limit cumulative progress by student investigators.
                  ",124,,,abstract,TRUE
Boyce_etal2023141_1,"Sharif, M. A., & Oppenheimer, D. M. (2016). The effect of relative encoding on memory-based judgments. Psychological science, 27(8), 1136-1145.",10.1177/0956797616651973,"Boyce, V., Mathur, M., & Frank, M. C. (2023). Eleven years of student replication projects provide evidence on the correlates of replicability in psychology. Royal Society Open Science, 10(11), 231240.",10.1098/rsos.231240,NA,https://drive.google.com/file/d/17gaf2Zy_ljFfcAEDk5L8GBnTl5i7RGJE/view?usp=drivesdk,1,"
                    Cumulative scientific progress requires empirical results that are robust enough to support theory construction and extension. Yet in psychology, some prominent findings have failed to replicate, and large-scale studies suggest replicability issues are widespread. The identification of predictors of replication success is limited by the difficulty of conducting large samples of independent replication experiments, however: most investigations reanalyse the same set of
                    170 replications
                    . We introduce a new dataset of 176 replications from students in a graduate-level methods course. Replication results were judged to be successful in 49% of replications; of the 136 where effect sizes could be numerically compared, 46% had point estimates within the prediction interval of the original outcome (versus the expected 95%). Larger original effect sizes and within-participants designs were especially related to replication success. Our results indicate that, consistent with prior reports, the robustness of the psychology literature is low enough to limit cumulative progress by student investigators.
                  ",124,,,abstract,TRUE
Boyce_etal2023142,"Shariff, A. F., Greene, J. D., Karremans, J. C., Luguri, J. B., Clark, C. J., Schooler, J. W., ... & Vohs, K. D. (2014). Free will and punishment: A mechanistic view of human nature reduces retribution. Psychological science, 25(8), 1563-1570.",10.1177/0956797614534693,"Boyce, V., Mathur, M., & Frank, M. C. (2023). Eleven years of student replication projects provide evidence on the correlates of replicability in psychology. Royal Society Open Science, 10(11), 231240.",10.1098/rsos.231240,NA,https://drive.google.com/file/d/17gaf2Zy_ljFfcAEDk5L8GBnTl5i7RGJE/view?usp=drivesdk,1,"
                    Cumulative scientific progress requires empirical results that are robust enough to support theory construction and extension. Yet in psychology, some prominent findings have failed to replicate, and large-scale studies suggest replicability issues are widespread. The identification of predictors of replication success is limited by the difficulty of conducting large samples of independent replication experiments, however: most investigations reanalyse the same set of
                    170 replications
                    . We introduce a new dataset of 176 replications from students in a graduate-level methods course. Replication results were judged to be successful in 49% of replications; of the 136 where effect sizes could be numerically compared, 46% had point estimates within the prediction interval of the original outcome (versus the expected 95%). Larger original effect sizes and within-participants designs were especially related to replication success. Our results indicate that, consistent with prior reports, the robustness of the psychology literature is low enough to limit cumulative progress by student investigators.
                  ",124,,,abstract,FALSE
Boyce_etal2023143_1,"Shavit, Y. Z., Chi, K., & Carstensen, L. L. (2022). Age and Time Horizons Are Associated With Preferences for Helping Colleagues. Work, Aging and Retirement.",10.1093/workar/waac024,"Boyce, V., Mathur, M., & Frank, M. C. (2023). Eleven years of student replication projects provide evidence on the correlates of replicability in psychology. Royal Society Open Science, 10(11), 231240.",10.1098/rsos.231240,https://rpubs.com/ennachen/psych251_finalproject,https://drive.google.com/file/d/17gaf2Zy_ljFfcAEDk5L8GBnTl5i7RGJE/view?usp=drivesdk,1,"
                    Cumulative scientific progress requires empirical results that are robust enough to support theory construction and extension. Yet in psychology, some prominent findings have failed to replicate, and large-scale studies suggest replicability issues are widespread. The identification of predictors of replication success is limited by the difficulty of conducting large samples of independent replication experiments, however: most investigations reanalyse the same set of
                    170 replications
                    . We introduce a new dataset of 176 replications from students in a graduate-level methods course. Replication results were judged to be successful in 49% of replications; of the 136 where effect sizes could be numerically compared, 46% had point estimates within the prediction interval of the original outcome (versus the expected 95%). Larger original effect sizes and within-participants designs were especially related to replication success. Our results indicate that, consistent with prior reports, the robustness of the psychology literature is low enough to limit cumulative progress by student investigators.
                  ",124,,,abstract,FALSE
Boyce_etal2023144,"Sheppes, G., Scheibe, S., Suri, G., & Gross, J. J. (2011). Emotion-regulation choice. Psychological science, 22(11), 1391-1396.",10.1177/0956797611418350,"Boyce, V., Mathur, M., & Frank, M. C. (2023). Eleven years of student replication projects provide evidence on the correlates of replicability in psychology. Royal Society Open Science, 10(11), 231240.",10.1098/rsos.231240,NA,https://drive.google.com/file/d/17gaf2Zy_ljFfcAEDk5L8GBnTl5i7RGJE/view?usp=drivesdk,1,"
                    Cumulative scientific progress requires empirical results that are robust enough to support theory construction and extension. Yet in psychology, some prominent findings have failed to replicate, and large-scale studies suggest replicability issues are widespread. The identification of predictors of replication success is limited by the difficulty of conducting large samples of independent replication experiments, however: most investigations reanalyse the same set of
                    170 replications
                    . We introduce a new dataset of 176 replications from students in a graduate-level methods course. Replication results were judged to be successful in 49% of replications; of the 136 where effect sizes could be numerically compared, 46% had point estimates within the prediction interval of the original outcome (versus the expected 95%). Larger original effect sizes and within-participants designs were especially related to replication success. Our results indicate that, consistent with prior reports, the robustness of the psychology literature is low enough to limit cumulative progress by student investigators.
                  ",124,,,abstract,TRUE
Boyce_etal2023145_1,"Sherman, G. D., Haidt, J., & Clore, G. L. (2012). The faintest speck of dirt: Disgust enhances the detection of impurity. Psychological Science, 23(12), 1506-1514.",10.1177/0956797612445318,"Boyce, V., Mathur, M., & Frank, M. C. (2023). Eleven years of student replication projects provide evidence on the correlates of replicability in psychology. Royal Society Open Science, 10(11), 231240.",10.1098/rsos.231240,NA,https://drive.google.com/file/d/17gaf2Zy_ljFfcAEDk5L8GBnTl5i7RGJE/view?usp=drivesdk,1,"
                    Cumulative scientific progress requires empirical results that are robust enough to support theory construction and extension. Yet in psychology, some prominent findings have failed to replicate, and large-scale studies suggest replicability issues are widespread. The identification of predictors of replication success is limited by the difficulty of conducting large samples of independent replication experiments, however: most investigations reanalyse the same set of
                    170 replications
                    . We introduce a new dataset of 176 replications from students in a graduate-level methods course. Replication results were judged to be successful in 49% of replications; of the 136 where effect sizes could be numerically compared, 46% had point estimates within the prediction interval of the original outcome (versus the expected 95%). Larger original effect sizes and within-participants designs were especially related to replication success. Our results indicate that, consistent with prior reports, the robustness of the psychology literature is low enough to limit cumulative progress by student investigators.
                  ",124,,,abstract,TRUE
Boyce_etal2023146_1,"Sloman, S. A., & Rabb, N. (2016). Your understanding is my understanding: Evidence for a community of knowledge. Psychological science, 27(11), 1451-1460.",10.1177/0956797616662271,"Boyce, V., Mathur, M., & Frank, M. C. (2023). Eleven years of student replication projects provide evidence on the correlates of replicability in psychology. Royal Society Open Science, 10(11), 231240.",10.1098/rsos.231240,https://rpubs.com/hrlarry/YUIMU-final,https://drive.google.com/file/d/17gaf2Zy_ljFfcAEDk5L8GBnTl5i7RGJE/view?usp=drivesdk,1,"
                    Cumulative scientific progress requires empirical results that are robust enough to support theory construction and extension. Yet in psychology, some prominent findings have failed to replicate, and large-scale studies suggest replicability issues are widespread. The identification of predictors of replication success is limited by the difficulty of conducting large samples of independent replication experiments, however: most investigations reanalyse the same set of
                    170 replications
                    . We introduce a new dataset of 176 replications from students in a graduate-level methods course. Replication results were judged to be successful in 49% of replications; of the 136 where effect sizes could be numerically compared, 46% had point estimates within the prediction interval of the original outcome (versus the expected 95%). Larger original effect sizes and within-participants designs were especially related to replication success. Our results indicate that, consistent with prior reports, the robustness of the psychology literature is low enough to limit cumulative progress by student investigators.
                  ",124,,,abstract,TRUE
Boyce_etal2023148_1,"Sofer, C., Dotsch, R., Wigboldus, D. H., & Todorov, A. (2015). What is typical is good: The influence of face typicality on perceived trustworthiness. Psychological Science, 26(1), 39-47.",10.1177/0956797614554955,"Boyce, V., Mathur, M., & Frank, M. C. (2023). Eleven years of student replication projects provide evidence on the correlates of replicability in psychology. Royal Society Open Science, 10(11), 231240.",10.1098/rsos.231240,NA,https://drive.google.com/file/d/17gaf2Zy_ljFfcAEDk5L8GBnTl5i7RGJE/view?usp=drivesdk,1,"
                    Cumulative scientific progress requires empirical results that are robust enough to support theory construction and extension. Yet in psychology, some prominent findings have failed to replicate, and large-scale studies suggest replicability issues are widespread. The identification of predictors of replication success is limited by the difficulty of conducting large samples of independent replication experiments, however: most investigations reanalyse the same set of
                    170 replications
                    . We introduce a new dataset of 176 replications from students in a graduate-level methods course. Replication results were judged to be successful in 49% of replications; of the 136 where effect sizes could be numerically compared, 46% had point estimates within the prediction interval of the original outcome (versus the expected 95%). Larger original effect sizes and within-participants designs were especially related to replication success. Our results indicate that, consistent with prior reports, the robustness of the psychology literature is low enough to limit cumulative progress by student investigators.
                  ",124,,,abstract,TRUE
Boyce_etal2023149,"Stavrova, O., Ehlebracht, D., & Vohs, K. D. (2020). Victims, perpetrators, or both? The vicious cycle of disrespect and cynical beliefs about human nature. Journal of Experimental Psychology: General, 149(9), 1736.",10.1037xge0000738,"Boyce, V., Mathur, M., & Frank, M. C. (2023). Eleven years of student replication projects provide evidence on the correlates of replicability in psychology. Royal Society Open Science, 10(11), 231240.",10.1098/rsos.231240,NA,https://drive.google.com/file/d/17gaf2Zy_ljFfcAEDk5L8GBnTl5i7RGJE/view?usp=drivesdk,1,"
                    Cumulative scientific progress requires empirical results that are robust enough to support theory construction and extension. Yet in psychology, some prominent findings have failed to replicate, and large-scale studies suggest replicability issues are widespread. The identification of predictors of replication success is limited by the difficulty of conducting large samples of independent replication experiments, however: most investigations reanalyse the same set of
                    170 replications
                    . We introduce a new dataset of 176 replications from students in a graduate-level methods course. Replication results were judged to be successful in 49% of replications; of the 136 where effect sizes could be numerically compared, 46% had point estimates within the prediction interval of the original outcome (versus the expected 95%). Larger original effect sizes and within-participants designs were especially related to replication success. Our results indicate that, consistent with prior reports, the robustness of the psychology literature is low enough to limit cumulative progress by student investigators.
                  ",124,,,abstract,FALSE
Boyce_etal2023150_1,"Storm, B. C., & Stone, S. M. (2015). Saving-enhanced memory: The benefits of saving on the learning and remembering of new information. Psychological Science, 26(2), 182-188.",10.1177/0956797614559285,"Boyce, V., Mathur, M., & Frank, M. C. (2023). Eleven years of student replication projects provide evidence on the correlates of replicability in psychology. Royal Society Open Science, 10(11), 231240.",10.1098/rsos.231240,https://rpubs.com/mkmartykeil/replicationfinal,https://drive.google.com/file/d/17gaf2Zy_ljFfcAEDk5L8GBnTl5i7RGJE/view?usp=drivesdk,1,"
                    Cumulative scientific progress requires empirical results that are robust enough to support theory construction and extension. Yet in psychology, some prominent findings have failed to replicate, and large-scale studies suggest replicability issues are widespread. The identification of predictors of replication success is limited by the difficulty of conducting large samples of independent replication experiments, however: most investigations reanalyse the same set of
                    170 replications
                    . We introduce a new dataset of 176 replications from students in a graduate-level methods course. Replication results were judged to be successful in 49% of replications; of the 136 where effect sizes could be numerically compared, 46% had point estimates within the prediction interval of the original outcome (versus the expected 95%). Larger original effect sizes and within-participants designs were especially related to replication success. Our results indicate that, consistent with prior reports, the robustness of the psychology literature is low enough to limit cumulative progress by student investigators.
                  ",124,,,abstract,TRUE
Boyce_etal2023151,"Störmer, V. S., & Alvarez, G. A. (2016). Attention alters perceived attractiveness. Psychological Science, 27(4), 563-571.",10.1177/0956797616630964,"Boyce, V., Mathur, M., & Frank, M. C. (2023). Eleven years of student replication projects provide evidence on the correlates of replicability in psychology. Royal Society Open Science, 10(11), 231240.",10.1098/rsos.231240,https://rpubs.com/mlee17/262394,https://drive.google.com/file/d/17gaf2Zy_ljFfcAEDk5L8GBnTl5i7RGJE/view?usp=drivesdk,1,"
                    Cumulative scientific progress requires empirical results that are robust enough to support theory construction and extension. Yet in psychology, some prominent findings have failed to replicate, and large-scale studies suggest replicability issues are widespread. The identification of predictors of replication success is limited by the difficulty of conducting large samples of independent replication experiments, however: most investigations reanalyse the same set of
                    170 replications
                    . We introduce a new dataset of 176 replications from students in a graduate-level methods course. Replication results were judged to be successful in 49% of replications; of the 136 where effect sizes could be numerically compared, 46% had point estimates within the prediction interval of the original outcome (versus the expected 95%). Larger original effect sizes and within-participants designs were especially related to replication success. Our results indicate that, consistent with prior reports, the robustness of the psychology literature is low enough to limit cumulative progress by student investigators.
                  ",124,,,abstract,TRUE
Boyce_etal2023153,"Tamir, D. I., & Mitchell, J. P. (2012). Disclosing information about the self is intrinsically rewarding. Proceedings of the National Academy of Sciences, 109(21), 8038-8043.",10.1073/pnas.1202129109,"Boyce, V., Mathur, M., & Frank, M. C. (2023). Eleven years of student replication projects provide evidence on the correlates of replicability in psychology. Royal Society Open Science, 10(11), 231240.",10.1098/rsos.231240,NA,https://drive.google.com/file/d/17gaf2Zy_ljFfcAEDk5L8GBnTl5i7RGJE/view?usp=drivesdk,1,"
                    Cumulative scientific progress requires empirical results that are robust enough to support theory construction and extension. Yet in psychology, some prominent findings have failed to replicate, and large-scale studies suggest replicability issues are widespread. The identification of predictors of replication success is limited by the difficulty of conducting large samples of independent replication experiments, however: most investigations reanalyse the same set of
                    170 replications
                    . We introduce a new dataset of 176 replications from students in a graduate-level methods course. Replication results were judged to be successful in 49% of replications; of the 136 where effect sizes could be numerically compared, 46% had point estimates within the prediction interval of the original outcome (versus the expected 95%). Larger original effect sizes and within-participants designs were especially related to replication success. Our results indicate that, consistent with prior reports, the robustness of the psychology literature is low enough to limit cumulative progress by student investigators.
                  ",124,,,abstract,FALSE
Boyce_etal2023154,"Tarampi, M. R., Heydari, N., & Hegarty, M. (2016). A tale of two types of perspective taking: Sex differences in spatial ability. Psychological Science, 27(11), 1507-1516.",10.1177/0956797616667459,"Boyce, V., Mathur, M., & Frank, M. C. (2023). Eleven years of student replication projects provide evidence on the correlates of replicability in psychology. Royal Society Open Science, 10(11), 231240.",10.1098/rsos.231240,https://rpubs.com/chuqihu8/pilot,https://drive.google.com/file/d/17gaf2Zy_ljFfcAEDk5L8GBnTl5i7RGJE/view?usp=drivesdk,1,"
                    Cumulative scientific progress requires empirical results that are robust enough to support theory construction and extension. Yet in psychology, some prominent findings have failed to replicate, and large-scale studies suggest replicability issues are widespread. The identification of predictors of replication success is limited by the difficulty of conducting large samples of independent replication experiments, however: most investigations reanalyse the same set of
                    170 replications
                    . We introduce a new dataset of 176 replications from students in a graduate-level methods course. Replication results were judged to be successful in 49% of replications; of the 136 where effect sizes could be numerically compared, 46% had point estimates within the prediction interval of the original outcome (versus the expected 95%). Larger original effect sizes and within-participants designs were especially related to replication success. Our results indicate that, consistent with prior reports, the robustness of the psychology literature is low enough to limit cumulative progress by student investigators.
                  ",124,,,abstract,TRUE
Boyce_etal2023156,"Todd, A. R., Thiem, K. C., & Neel, R. (2016). Does seeing faces of young black boys facilitate the identification of threatening stimuli?. Psychological science, 27(3), 384-393.",10.1177/0956797615624492,"Boyce, V., Mathur, M., & Frank, M. C. (2023). Eleven years of student replication projects provide evidence on the correlates of replicability in psychology. Royal Society Open Science, 10(11), 231240.",10.1098/rsos.231240,https://rpubs.com/mateusmazza/project_report_pilotB,https://drive.google.com/file/d/17gaf2Zy_ljFfcAEDk5L8GBnTl5i7RGJE/view?usp=drivesdk,1,"
                    Cumulative scientific progress requires empirical results that are robust enough to support theory construction and extension. Yet in psychology, some prominent findings have failed to replicate, and large-scale studies suggest replicability issues are widespread. The identification of predictors of replication success is limited by the difficulty of conducting large samples of independent replication experiments, however: most investigations reanalyse the same set of
                    170 replications
                    . We introduce a new dataset of 176 replications from students in a graduate-level methods course. Replication results were judged to be successful in 49% of replications; of the 136 where effect sizes could be numerically compared, 46% had point estimates within the prediction interval of the original outcome (versus the expected 95%). Larger original effect sizes and within-participants designs were especially related to replication success. Our results indicate that, consistent with prior reports, the robustness of the psychology literature is low enough to limit cumulative progress by student investigators.
                  ",124,,,abstract,TRUE
Boyce_etal2023158_1,"Tribushinina, E. (2011). Once again on norms and comparison classes. Linguistics, 49(3), 525–553.",10.1515/ling.2011.016,"Boyce, V., Mathur, M., & Frank, M. C. (2023). Eleven years of student replication projects provide evidence on the correlates of replicability in psychology. Royal Society Open Science, 10(11), 231240.",10.1098/rsos.231240,https://github.com/StanfordPsych254/Tribushinina2011/blob/master/writeup/Replication-Report.html,https://drive.google.com/file/d/17gaf2Zy_ljFfcAEDk5L8GBnTl5i7RGJE/view?usp=drivesdk,1,"
                    Cumulative scientific progress requires empirical results that are robust enough to support theory construction and extension. Yet in psychology, some prominent findings have failed to replicate, and large-scale studies suggest replicability issues are widespread. The identification of predictors of replication success is limited by the difficulty of conducting large samples of independent replication experiments, however: most investigations reanalyse the same set of
                    170 replications
                    . We introduce a new dataset of 176 replications from students in a graduate-level methods course. Replication results were judged to be successful in 49% of replications; of the 136 where effect sizes could be numerically compared, 46% had point estimates within the prediction interval of the original outcome (versus the expected 95%). Larger original effect sizes and within-participants designs were especially related to replication success. Our results indicate that, consistent with prior reports, the robustness of the psychology literature is low enough to limit cumulative progress by student investigators.
                  ",124,,,abstract,FALSE
Boyce_etal2023159_1,"Tworek, C. M., & Cimpian, A. (2016). Why do people tend to infer “ought” from “is”? The role of biases in explanation. Psychological Science, 27(8), 1109-1122.",10.1177/0956797616650875,"Boyce, V., Mathur, M., & Frank, M. C. (2023). Eleven years of student replication projects provide evidence on the correlates of replicability in psychology. Royal Society Open Science, 10(11), 231240.",10.1098/rsos.231240,https://rstudio-pubs-static.s3.amazonaws.com/426870_bb10c991135648a19be27ad27cb36a15.html,https://drive.google.com/file/d/17gaf2Zy_ljFfcAEDk5L8GBnTl5i7RGJE/view?usp=drivesdk,1,"
                    Cumulative scientific progress requires empirical results that are robust enough to support theory construction and extension. Yet in psychology, some prominent findings have failed to replicate, and large-scale studies suggest replicability issues are widespread. The identification of predictors of replication success is limited by the difficulty of conducting large samples of independent replication experiments, however: most investigations reanalyse the same set of
                    170 replications
                    . We introduce a new dataset of 176 replications from students in a graduate-level methods course. Replication results were judged to be successful in 49% of replications; of the 136 where effect sizes could be numerically compared, 46% had point estimates within the prediction interval of the original outcome (versus the expected 95%). Larger original effect sizes and within-participants designs were especially related to replication success. Our results indicate that, consistent with prior reports, the robustness of the psychology literature is low enough to limit cumulative progress by student investigators.
                  ",124,,,abstract,FALSE
Boyce_etal202316_1,"Brown-Iannuzzi, J. L., Dotsch, R., Cooley, E., & Payne, B. K. (2017). The relationship between mental representations of welfare recipients and attitudes toward welfare. Psychological science, 28(1), 92-103.",10.1177/0956797616674999,"Boyce, V., Mathur, M., & Frank, M. C. (2023). Eleven years of student replication projects provide evidence on the correlates of replicability in psychology. Royal Society Open Science, 10(11), 231240.",10.1098/rsos.231240,https://osf.io/v6zk8 or http://rpubs.com/catherinecthomas/final_replication,https://drive.google.com/file/d/17gaf2Zy_ljFfcAEDk5L8GBnTl5i7RGJE/view?usp=drivesdk,1,"
                    Cumulative scientific progress requires empirical results that are robust enough to support theory construction and extension. Yet in psychology, some prominent findings have failed to replicate, and large-scale studies suggest replicability issues are widespread. The identification of predictors of replication success is limited by the difficulty of conducting large samples of independent replication experiments, however: most investigations reanalyse the same set of
                    170 replications
                    . We introduce a new dataset of 176 replications from students in a graduate-level methods course. Replication results were judged to be successful in 49% of replications; of the 136 where effect sizes could be numerically compared, 46% had point estimates within the prediction interval of the original outcome (versus the expected 95%). Larger original effect sizes and within-participants designs were especially related to replication success. Our results indicate that, consistent with prior reports, the robustness of the psychology literature is low enough to limit cumulative progress by student investigators.
                  ",124,,,abstract,TRUE
Boyce_etal2023160_1,"Van Koningsbruggen, G. M., Hartmann, T., Eden, A., & Veling, H. (2017). Spontaneous hedonic reactions to social media cues. Cyberpsychology, Behavior, and Social Networking, 20(5), 334-340.",10.1089/cyber.2016.0530,"Boyce, V., Mathur, M., & Frank, M. C. (2023). Eleven years of student replication projects provide evidence on the correlates of replicability in psychology. Royal Society Open Science, 10(11), 231240.",10.1098/rsos.231240,https://rpubs.com/ayl888/695975,https://drive.google.com/file/d/17gaf2Zy_ljFfcAEDk5L8GBnTl5i7RGJE/view?usp=drivesdk,1,"
                    Cumulative scientific progress requires empirical results that are robust enough to support theory construction and extension. Yet in psychology, some prominent findings have failed to replicate, and large-scale studies suggest replicability issues are widespread. The identification of predictors of replication success is limited by the difficulty of conducting large samples of independent replication experiments, however: most investigations reanalyse the same set of
                    170 replications
                    . We introduce a new dataset of 176 replications from students in a graduate-level methods course. Replication results were judged to be successful in 49% of replications; of the 136 where effect sizes could be numerically compared, 46% had point estimates within the prediction interval of the original outcome (versus the expected 95%). Larger original effect sizes and within-participants designs were especially related to replication success. Our results indicate that, consistent with prior reports, the robustness of the psychology literature is low enough to limit cumulative progress by student investigators.
                  ",124,,,abstract,TRUE
XPHI1,"Knobe, J. (2003). Intentional Action and Side Effects in Ordinary Language. Analysis, 63, 190-193.",10.1111/1467-8284.00419,"Cova, F., Strickland, B., Abatista, A., Allard, A., Andow, J., Attie, M., Beebe, J., Berniūnas, R., Boudesseul, J., Colombo, M., Cushman, F., Diaz, R., N'Djaye Nikolai van Dongen, N., Dranseika, V., Earp, B. D., Torres, A. G., Hannikainen, I., Hernández-Conde, J. V., Hu, W., . . . Zhou, X. (2021). Estimating the reproducibility of experimental philosophy. Review of Philosophy and Psychology, 12(1), 9–44.",10.1007/s13164-018-0400-9,https://osf.io/4ewkh,https://drive.google.com/file/d/1hjI3aqifdfXjWhQAlvKCKKtvjuncAn5M/view?usp=drivesdk,1,NA,31,,,abstract,TRUE
XPHI11,"Knobe, J., & Burra, A. (2006). The folk concepts of intention and intentional action: A cross-cultural study. Journal of Cognition and Culture, 6(1), 113-132.",10.1163/156853706776931222,"Cova, F., Strickland, B., Abatista, A., Allard, A., Andow, J., Attie, M., Beebe, J., Berniūnas, R., Boudesseul, J., Colombo, M., Cushman, F., Diaz, R., N'Djaye Nikolai van Dongen, N., Dranseika, V., Earp, B. D., Torres, A. G., Hannikainen, I., Hernández-Conde, J. V., Hu, W., . . . Zhou, X. (2021). Estimating the reproducibility of experimental philosophy. Review of Philosophy and Psychology, 12(1), 9–44.",10.1007/s13164-018-0400-9,https://osf.io/4ewkh,https://drive.google.com/file/d/1hjI3aqifdfXjWhQAlvKCKKtvjuncAn5M/view?usp=drivesdk,1,NA,31,,,abstract,TRUE
Boyce_etal2023161,"Vasilyeva, N., Blanchard, T., & Lombrozo, T. (2018). Stable causal relationships are better causal relationships. Cognitive Science, 42(4), 1265-1296.",10.1111/cogs.12605,"Boyce, V., Mathur, M., & Frank, M. C. (2023). Eleven years of student replication projects provide evidence on the correlates of replicability in psychology. Royal Society Open Science, 10(11), 231240.",10.1098/rsos.231240,https://rpubs.com/pgzhu/vasilyeva2018,https://drive.google.com/file/d/17gaf2Zy_ljFfcAEDk5L8GBnTl5i7RGJE/view?usp=drivesdk,1,"
                    Cumulative scientific progress requires empirical results that are robust enough to support theory construction and extension. Yet in psychology, some prominent findings have failed to replicate, and large-scale studies suggest replicability issues are widespread. The identification of predictors of replication success is limited by the difficulty of conducting large samples of independent replication experiments, however: most investigations reanalyse the same set of
                    170 replications
                    . We introduce a new dataset of 176 replications from students in a graduate-level methods course. Replication results were judged to be successful in 49% of replications; of the 136 where effect sizes could be numerically compared, 46% had point estimates within the prediction interval of the original outcome (versus the expected 95%). Larger original effect sizes and within-participants designs were especially related to replication success. Our results indicate that, consistent with prior reports, the robustness of the psychology literature is low enough to limit cumulative progress by student investigators.
                  ",124,,,abstract,TRUE
Boyce_etal2023162,"Romero Verdugo, P., van Lieshout, L. L., de Lange, F. P., & Cools, R. (2020). Choice boosts curiosity. Psychological Science, 09567976221082637.",10.1177/09567976221082637,"Boyce, V., Mathur, M., & Frank, M. C. (2023). Eleven years of student replication projects provide evidence on the correlates of replicability in psychology. Royal Society Open Science, 10(11), 231240.",10.1098/rsos.231240,https://osf.io/wdp9b,https://drive.google.com/file/d/17gaf2Zy_ljFfcAEDk5L8GBnTl5i7RGJE/view?usp=drivesdk,1,"
                    Cumulative scientific progress requires empirical results that are robust enough to support theory construction and extension. Yet in psychology, some prominent findings have failed to replicate, and large-scale studies suggest replicability issues are widespread. The identification of predictors of replication success is limited by the difficulty of conducting large samples of independent replication experiments, however: most investigations reanalyse the same set of
                    170 replications
                    . We introduce a new dataset of 176 replications from students in a graduate-level methods course. Replication results were judged to be successful in 49% of replications; of the 136 where effect sizes could be numerically compared, 46% had point estimates within the prediction interval of the original outcome (versus the expected 95%). Larger original effect sizes and within-participants designs were especially related to replication success. Our results indicate that, consistent with prior reports, the robustness of the psychology literature is low enough to limit cumulative progress by student investigators.
                  ",124,,,abstract,FALSE
Boyce_etal2023164,"Vohs, K. D., Sengupta, J., & Dahl, D. W. (2014). The price had better be right: Women’s reactions to sexual stimuli vary with market factors. Psychological science, 25(1), 278-283.",10.1177/0956797613502732,"Boyce, V., Mathur, M., & Frank, M. C. (2023). Eleven years of student replication projects provide evidence on the correlates of replicability in psychology. Royal Society Open Science, 10(11), 231240.",10.1098/rsos.231240,NA,https://drive.google.com/file/d/17gaf2Zy_ljFfcAEDk5L8GBnTl5i7RGJE/view?usp=drivesdk,1,"
                    Cumulative scientific progress requires empirical results that are robust enough to support theory construction and extension. Yet in psychology, some prominent findings have failed to replicate, and large-scale studies suggest replicability issues are widespread. The identification of predictors of replication success is limited by the difficulty of conducting large samples of independent replication experiments, however: most investigations reanalyse the same set of
                    170 replications
                    . We introduce a new dataset of 176 replications from students in a graduate-level methods course. Replication results were judged to be successful in 49% of replications; of the 136 where effect sizes could be numerically compared, 46% had point estimates within the prediction interval of the original outcome (versus the expected 95%). Larger original effect sizes and within-participants designs were especially related to replication success. Our results indicate that, consistent with prior reports, the robustness of the psychology literature is low enough to limit cumulative progress by student investigators.
                  ",124,,,abstract,TRUE
Boyce_etal2023165,"Ter Wal, M., Linde-Domingo, J., Lifanov, J., Roux, F., Kolibius, L. D., Gollwitzer, S., ... & Wimber, M. (2021). Theta rhythmicity governs human behavior and hippocampal signals during memory-dependent tasks. Nature communications, 12(1), 1-15.",10.1038/s41467-021-27323-3,"Boyce, V., Mathur, M., & Frank, M. C. (2023). Eleven years of student replication projects provide evidence on the correlates of replicability in psychology. Royal Society Open Science, 10(11), 231240.",10.1098/rsos.231240,https://rpubs.com/alicexue/wal2021,https://drive.google.com/file/d/17gaf2Zy_ljFfcAEDk5L8GBnTl5i7RGJE/view?usp=drivesdk,1,"
                    Cumulative scientific progress requires empirical results that are robust enough to support theory construction and extension. Yet in psychology, some prominent findings have failed to replicate, and large-scale studies suggest replicability issues are widespread. The identification of predictors of replication success is limited by the difficulty of conducting large samples of independent replication experiments, however: most investigations reanalyse the same set of
                    170 replications
                    . We introduce a new dataset of 176 replications from students in a graduate-level methods course. Replication results were judged to be successful in 49% of replications; of the 136 where effect sizes could be numerically compared, 46% had point estimates within the prediction interval of the original outcome (versus the expected 95%). Larger original effect sizes and within-participants designs were especially related to replication success. Our results indicate that, consistent with prior reports, the robustness of the psychology literature is low enough to limit cumulative progress by student investigators.
                  ",124,,,abstract,TRUE
Boyce_etal2023166,"Wilkins, C. L., & Kaiser, C. R. (2014). Racial progress as threat to the status hierarchy: Implications for perceptions of anti-White bias. Psychological science, 25(2), 439-446.",10.1177/0956797613508412,"Boyce, V., Mathur, M., & Frank, M. C. (2023). Eleven years of student replication projects provide evidence on the correlates of replicability in psychology. Royal Society Open Science, 10(11), 231240.",10.1098/rsos.231240,https://github.com/psych251/wilkins2014/blob/master/writeup/project_report.html,https://drive.google.com/file/d/17gaf2Zy_ljFfcAEDk5L8GBnTl5i7RGJE/view?usp=drivesdk,1,"
                    Cumulative scientific progress requires empirical results that are robust enough to support theory construction and extension. Yet in psychology, some prominent findings have failed to replicate, and large-scale studies suggest replicability issues are widespread. The identification of predictors of replication success is limited by the difficulty of conducting large samples of independent replication experiments, however: most investigations reanalyse the same set of
                    170 replications
                    . We introduce a new dataset of 176 replications from students in a graduate-level methods course. Replication results were judged to be successful in 49% of replications; of the 136 where effect sizes could be numerically compared, 46% had point estimates within the prediction interval of the original outcome (versus the expected 95%). Larger original effect sizes and within-participants designs were especially related to replication success. Our results indicate that, consistent with prior reports, the robustness of the psychology literature is low enough to limit cumulative progress by student investigators.
                  ",124,,,abstract,FALSE
Boyce_etal2023169,"Xu, Y., & Franconeri, S. L. (2015). Capacity for visual features in mental rotation. Psychological science, 26(8), 1241-1251.",10.1177/0956797615585002,"Boyce, V., Mathur, M., & Frank, M. C. (2023). Eleven years of student replication projects provide evidence on the correlates of replicability in psychology. Royal Society Open Science, 10(11), 231240.",10.1098/rsos.231240,https://rstudio-pubs-static.s3.amazonaws.com/155174_48b1633681bb4024b4098ed433d5a80a.html,https://drive.google.com/file/d/17gaf2Zy_ljFfcAEDk5L8GBnTl5i7RGJE/view?usp=drivesdk,1,"
                    Cumulative scientific progress requires empirical results that are robust enough to support theory construction and extension. Yet in psychology, some prominent findings have failed to replicate, and large-scale studies suggest replicability issues are widespread. The identification of predictors of replication success is limited by the difficulty of conducting large samples of independent replication experiments, however: most investigations reanalyse the same set of
                    170 replications
                    . We introduce a new dataset of 176 replications from students in a graduate-level methods course. Replication results were judged to be successful in 49% of replications; of the 136 where effect sizes could be numerically compared, 46% had point estimates within the prediction interval of the original outcome (versus the expected 95%). Larger original effect sizes and within-participants designs were especially related to replication success. Our results indicate that, consistent with prior reports, the robustness of the psychology literature is low enough to limit cumulative progress by student investigators.
                  ",124,,,abstract,TRUE
Boyce_etal2023170_1,"Yang, F., Choi, Y. J., Misch, A., Yang, X., & Dunham, Y. (2018). In defense of the commons: Young children negatively evaluate and sanction free riders. Psychological science, 29(10), 1598-1611.",10.1177/0956797618779061,"Boyce, V., Mathur, M., & Frank, M. C. (2023). Eleven years of student replication projects provide evidence on the correlates of replicability in psychology. Royal Society Open Science, 10(11), 231240.",10.1098/rsos.231240,NA,https://drive.google.com/file/d/17gaf2Zy_ljFfcAEDk5L8GBnTl5i7RGJE/view?usp=drivesdk,1,"
                    Cumulative scientific progress requires empirical results that are robust enough to support theory construction and extension. Yet in psychology, some prominent findings have failed to replicate, and large-scale studies suggest replicability issues are widespread. The identification of predictors of replication success is limited by the difficulty of conducting large samples of independent replication experiments, however: most investigations reanalyse the same set of
                    170 replications
                    . We introduce a new dataset of 176 replications from students in a graduate-level methods course. Replication results were judged to be successful in 49% of replications; of the 136 where effect sizes could be numerically compared, 46% had point estimates within the prediction interval of the original outcome (versus the expected 95%). Larger original effect sizes and within-participants designs were especially related to replication success. Our results indicate that, consistent with prior reports, the robustness of the psychology literature is low enough to limit cumulative progress by student investigators.
                  ",124,,,abstract,FALSE
Boyce_etal2023171,"Yeshurun, Y., & Levy, L. (2003). Transient spatial attention degrades temporal resolution. Psychological Science, 14(3), 225-231.",10.1111/1467-9280.02436,"Boyce, V., Mathur, M., & Frank, M. C. (2023). Eleven years of student replication projects provide evidence on the correlates of replicability in psychology. Royal Society Open Science, 10(11), 231240.",10.1098/rsos.231240,https://rstudio-pubs-static.s3.amazonaws.com/1159352_e9a668d9124f415e8831bab302f49b6b.html,https://drive.google.com/file/d/17gaf2Zy_ljFfcAEDk5L8GBnTl5i7RGJE/view?usp=drivesdk,1,"
                    Cumulative scientific progress requires empirical results that are robust enough to support theory construction and extension. Yet in psychology, some prominent findings have failed to replicate, and large-scale studies suggest replicability issues are widespread. The identification of predictors of replication success is limited by the difficulty of conducting large samples of independent replication experiments, however: most investigations reanalyse the same set of
                    170 replications
                    . We introduce a new dataset of 176 replications from students in a graduate-level methods course. Replication results were judged to be successful in 49% of replications; of the 136 where effect sizes could be numerically compared, 46% had point estimates within the prediction interval of the original outcome (versus the expected 95%). Larger original effect sizes and within-participants designs were especially related to replication success. Our results indicate that, consistent with prior reports, the robustness of the psychology literature is low enough to limit cumulative progress by student investigators.
                  ",124,,,abstract,TRUE
Boyce_etal2023174_1,"Zaval, L., Markowitz, E. M., & Weber, E. U. (2015). How will I be remembered? Conserving the environment for the sake of one’s legacy. Psychological science, 26(2), 231-236.",10.1177/0956797614561266,"Boyce, V., Mathur, M., & Frank, M. C. (2023). Eleven years of student replication projects provide evidence on the correlates of replicability in psychology. Royal Society Open Science, 10(11), 231240.",10.1098/rsos.231240,https://rpubs.com/rcatapano/Zaval_replication_report,https://drive.google.com/file/d/17gaf2Zy_ljFfcAEDk5L8GBnTl5i7RGJE/view?usp=drivesdk,1,"
                    Cumulative scientific progress requires empirical results that are robust enough to support theory construction and extension. Yet in psychology, some prominent findings have failed to replicate, and large-scale studies suggest replicability issues are widespread. The identification of predictors of replication success is limited by the difficulty of conducting large samples of independent replication experiments, however: most investigations reanalyse the same set of
                    170 replications
                    . We introduce a new dataset of 176 replications from students in a graduate-level methods course. Replication results were judged to be successful in 49% of replications; of the 136 where effect sizes could be numerically compared, 46% had point estimates within the prediction interval of the original outcome (versus the expected 95%). Larger original effect sizes and within-participants designs were especially related to replication success. Our results indicate that, consistent with prior reports, the robustness of the psychology literature is low enough to limit cumulative progress by student investigators.
                  ",124,,,abstract,FALSE
Boyce_etal2023175_1,"Zhao, M., Bülthoff, H. H., & Bülthoff, I. (2016). Beyond faces and expertise: Facelike holistic processing of nonface objects in the absence of expertise. Psychological science, 27(2), 213-222.",10.1177/0956797615617779,"Boyce, V., Mathur, M., & Frank, M. C. (2023). Eleven years of student replication projects provide evidence on the correlates of replicability in psychology. Royal Society Open Science, 10(11), 231240.",10.1098/rsos.231240,https://github.com/vboyce/251-254-MA/blob/main/reports/zhao2016.html,https://drive.google.com/file/d/17gaf2Zy_ljFfcAEDk5L8GBnTl5i7RGJE/view?usp=drivesdk,1,"
                    Cumulative scientific progress requires empirical results that are robust enough to support theory construction and extension. Yet in psychology, some prominent findings have failed to replicate, and large-scale studies suggest replicability issues are widespread. The identification of predictors of replication success is limited by the difficulty of conducting large samples of independent replication experiments, however: most investigations reanalyse the same set of
                    170 replications
                    . We introduce a new dataset of 176 replications from students in a graduate-level methods course. Replication results were judged to be successful in 49% of replications; of the 136 where effect sizes could be numerically compared, 46% had point estimates within the prediction interval of the original outcome (versus the expected 95%). Larger original effect sizes and within-participants designs were especially related to replication success. Our results indicate that, consistent with prior reports, the robustness of the psychology literature is low enough to limit cumulative progress by student investigators.
                  ",124,,,abstract,TRUE
Boyce_etal202318,"Cao, J., Kleiman-Weiner, M., & Banaji, M. R. (2019). People make the same Bayesian judgment they criticize in others. Psychological Science, 30(1), 20-31.",10.1177/0956797618805750,"Boyce, V., Mathur, M., & Frank, M. C. (2023). Eleven years of student replication projects provide evidence on the correlates of replicability in psychology. Royal Society Open Science, 10(11), 231240.",10.1098/rsos.231240,https://osf.io/z6rfa,https://drive.google.com/file/d/17gaf2Zy_ljFfcAEDk5L8GBnTl5i7RGJE/view?usp=drivesdk,1,"
                    Cumulative scientific progress requires empirical results that are robust enough to support theory construction and extension. Yet in psychology, some prominent findings have failed to replicate, and large-scale studies suggest replicability issues are widespread. The identification of predictors of replication success is limited by the difficulty of conducting large samples of independent replication experiments, however: most investigations reanalyse the same set of
                    170 replications
                    . We introduce a new dataset of 176 replications from students in a graduate-level methods course. Replication results were judged to be successful in 49% of replications; of the 136 where effect sizes could be numerically compared, 46% had point estimates within the prediction interval of the original outcome (versus the expected 95%). Larger original effect sizes and within-participants designs were especially related to replication success. Our results indicate that, consistent with prior reports, the robustness of the psychology literature is low enough to limit cumulative progress by student investigators.
                  ",124,,,abstract,TRUE
Boyce_etal202319_1,"Catarino, A., Küpper, C. S., Werner-Seidler, A., Dalgleish, T., & Anderson, M. C. (2015). Failing to forget: Inhibitory-control deficits compromise memory suppression in posttraumatic stress disorder. Psychological science, 26(5), 604-616.",10.1177/0956797615569889,"Boyce, V., Mathur, M., & Frank, M. C. (2023). Eleven years of student replication projects provide evidence on the correlates of replicability in psychology. Royal Society Open Science, 10(11), 231240.",10.1098/rsos.231240,https://osf.io/ab9q3,https://drive.google.com/file/d/17gaf2Zy_ljFfcAEDk5L8GBnTl5i7RGJE/view?usp=drivesdk,1,"
                    Cumulative scientific progress requires empirical results that are robust enough to support theory construction and extension. Yet in psychology, some prominent findings have failed to replicate, and large-scale studies suggest replicability issues are widespread. The identification of predictors of replication success is limited by the difficulty of conducting large samples of independent replication experiments, however: most investigations reanalyse the same set of
                    170 replications
                    . We introduce a new dataset of 176 replications from students in a graduate-level methods course. Replication results were judged to be successful in 49% of replications; of the 136 where effect sizes could be numerically compared, 46% had point estimates within the prediction interval of the original outcome (versus the expected 95%). Larger original effect sizes and within-participants designs were especially related to replication success. Our results indicate that, consistent with prior reports, the robustness of the psychology literature is low enough to limit cumulative progress by student investigators.
                  ",124,,,abstract,TRUE
Boyce_etal20232,"Albarracín, D., Handley, I. M., Noguchi, K., McCulloch, K. C., Li, H., Leeper, J., ... & Hart, W. P. (2008). Increasing and decreasing motor and cognitive output: a model of general action and inaction goals. Journal of Personality and Social Psychology, 95(3), 510.",10.1037/a0012833,"Boyce, V., Mathur, M., & Frank, M. C. (2023). Eleven years of student replication projects provide evidence on the correlates of replicability in psychology. Royal Society Open Science, 10(11), 231240.",10.1098/rsos.231240,https://osf.io/yt5q8/,https://drive.google.com/file/d/17gaf2Zy_ljFfcAEDk5L8GBnTl5i7RGJE/view?usp=drivesdk,1,"
                    Cumulative scientific progress requires empirical results that are robust enough to support theory construction and extension. Yet in psychology, some prominent findings have failed to replicate, and large-scale studies suggest replicability issues are widespread. The identification of predictors of replication success is limited by the difficulty of conducting large samples of independent replication experiments, however: most investigations reanalyse the same set of
                    170 replications
                    . We introduce a new dataset of 176 replications from students in a graduate-level methods course. Replication results were judged to be successful in 49% of replications; of the 136 where effect sizes could be numerically compared, 46% had point estimates within the prediction interval of the original outcome (versus the expected 95%). Larger original effect sizes and within-participants designs were especially related to replication success. Our results indicate that, consistent with prior reports, the robustness of the psychology literature is low enough to limit cumulative progress by student investigators.
                  ",124,,,abstract,TRUE
Boyce_etal202321_1,"Child, S., Oakhill, J., & Garnham, A. (2018). You’re the emotional one: the role of perspective for emotion processing in reading comprehension. Language, cognition and neuroscience, 33(7), 878-889.",10.1080/23273798.2018.1431397,"Boyce, V., Mathur, M., & Frank, M. C. (2023). Eleven years of student replication projects provide evidence on the correlates of replicability in psychology. Royal Society Open Science, 10(11), 231240.",10.1098/rsos.231240,https://osf.io/agxwv,https://drive.google.com/file/d/17gaf2Zy_ljFfcAEDk5L8GBnTl5i7RGJE/view?usp=drivesdk,1,"
                    Cumulative scientific progress requires empirical results that are robust enough to support theory construction and extension. Yet in psychology, some prominent findings have failed to replicate, and large-scale studies suggest replicability issues are widespread. The identification of predictors of replication success is limited by the difficulty of conducting large samples of independent replication experiments, however: most investigations reanalyse the same set of
                    170 replications
                    . We introduce a new dataset of 176 replications from students in a graduate-level methods course. Replication results were judged to be successful in 49% of replications; of the 136 where effect sizes could be numerically compared, 46% had point estimates within the prediction interval of the original outcome (versus the expected 95%). Larger original effect sizes and within-participants designs were especially related to replication success. Our results indicate that, consistent with prior reports, the robustness of the psychology literature is low enough to limit cumulative progress by student investigators.
                  ",124,,,abstract,FALSE
Boyce_etal202322_1,"Chopra, S., Tessler, M. H., & Goodman, N. D. (2019, July). The first crank of the cultural ratchet: Learning and transmitting concepts through language. In CogSci (pp. 226-232).",escholarship.orgucitem39d347bk,"Boyce, V., Mathur, M., & Frank, M. C. (2023). Eleven years of student replication projects provide evidence on the correlates of replicability in psychology. Royal Society Open Science, 10(11), 231240.",10.1098/rsos.231240,https://osf.io/jpwd3,https://drive.google.com/file/d/17gaf2Zy_ljFfcAEDk5L8GBnTl5i7RGJE/view?usp=drivesdk,1,"
                    Cumulative scientific progress requires empirical results that are robust enough to support theory construction and extension. Yet in psychology, some prominent findings have failed to replicate, and large-scale studies suggest replicability issues are widespread. The identification of predictors of replication success is limited by the difficulty of conducting large samples of independent replication experiments, however: most investigations reanalyse the same set of
                    170 replications
                    . We introduce a new dataset of 176 replications from students in a graduate-level methods course. Replication results were judged to be successful in 49% of replications; of the 136 where effect sizes could be numerically compared, 46% had point estimates within the prediction interval of the original outcome (versus the expected 95%). Larger original effect sizes and within-participants designs were especially related to replication success. Our results indicate that, consistent with prior reports, the robustness of the psychology literature is low enough to limit cumulative progress by student investigators.
                  ",124,,,abstract,FALSE
Boyce_etal202323,"Chou, E. Y., Parmar, B. L., & Galinsky, A. D. (2016). Economic insecurity increases physical pain. Psychological Science, 27(4), 443-454.",10.1177/0956797615625640,"Boyce, V., Mathur, M., & Frank, M. C. (2023). Eleven years of student replication projects provide evidence on the correlates of replicability in psychology. Royal Society Open Science, 10(11), 231240.",10.1098/rsos.231240,https://osf.io/wj3bm,https://drive.google.com/file/d/17gaf2Zy_ljFfcAEDk5L8GBnTl5i7RGJE/view?usp=drivesdk,1,"
                    Cumulative scientific progress requires empirical results that are robust enough to support theory construction and extension. Yet in psychology, some prominent findings have failed to replicate, and large-scale studies suggest replicability issues are widespread. The identification of predictors of replication success is limited by the difficulty of conducting large samples of independent replication experiments, however: most investigations reanalyse the same set of
                    170 replications
                    . We introduce a new dataset of 176 replications from students in a graduate-level methods course. Replication results were judged to be successful in 49% of replications; of the 136 where effect sizes could be numerically compared, 46% had point estimates within the prediction interval of the original outcome (versus the expected 95%). Larger original effect sizes and within-participants designs were especially related to replication success. Our results indicate that, consistent with prior reports, the robustness of the psychology literature is low enough to limit cumulative progress by student investigators.
                  ",124,,,abstract,FALSE
Boyce_etal202325_1,"Correll, S. J., Benard, S., & Paik, I. (2007). Getting a job: Is there a motherhood penalty?. American journal of sociology, 112(5), 1297-1338.",10.1086/511799,"Boyce, V., Mathur, M., & Frank, M. C. (2023). Eleven years of student replication projects provide evidence on the correlates of replicability in psychology. Royal Society Open Science, 10(11), 231240.",10.1098/rsos.231240,https://rpubs.com/dmetaxak/correll2007,https://drive.google.com/file/d/17gaf2Zy_ljFfcAEDk5L8GBnTl5i7RGJE/view?usp=drivesdk,1,"
                    Cumulative scientific progress requires empirical results that are robust enough to support theory construction and extension. Yet in psychology, some prominent findings have failed to replicate, and large-scale studies suggest replicability issues are widespread. The identification of predictors of replication success is limited by the difficulty of conducting large samples of independent replication experiments, however: most investigations reanalyse the same set of
                    170 replications
                    . We introduce a new dataset of 176 replications from students in a graduate-level methods course. Replication results were judged to be successful in 49% of replications; of the 136 where effect sizes could be numerically compared, 46% had point estimates within the prediction interval of the original outcome (versus the expected 95%). Larger original effect sizes and within-participants designs were especially related to replication success. Our results indicate that, consistent with prior reports, the robustness of the psychology literature is low enough to limit cumulative progress by student investigators.
                  ",124,,,abstract,FALSE
Boyce_etal202326_1,"Craig, M. A., & Richeson, J. A. (2014). On the precipice of a “majority-minority” America: Perceived status threat from the racial demographic shift affects White Americans’ political ideology. Psychological science, 25(6), 1189-1197.",10.1177/0956797614527113,"Boyce, V., Mathur, M., & Frank, M. C. (2023). Eleven years of student replication projects provide evidence on the correlates of replicability in psychology. Royal Society Open Science, 10(11), 231240.",10.1098/rsos.231240,https://rpubs.com/staciaking/craig2014,https://drive.google.com/file/d/17gaf2Zy_ljFfcAEDk5L8GBnTl5i7RGJE/view?usp=drivesdk,1,"
                    Cumulative scientific progress requires empirical results that are robust enough to support theory construction and extension. Yet in psychology, some prominent findings have failed to replicate, and large-scale studies suggest replicability issues are widespread. The identification of predictors of replication success is limited by the difficulty of conducting large samples of independent replication experiments, however: most investigations reanalyse the same set of
                    170 replications
                    . We introduce a new dataset of 176 replications from students in a graduate-level methods course. Replication results were judged to be successful in 49% of replications; of the 136 where effect sizes could be numerically compared, 46% had point estimates within the prediction interval of the original outcome (versus the expected 95%). Larger original effect sizes and within-participants designs were especially related to replication success. Our results indicate that, consistent with prior reports, the robustness of the psychology literature is low enough to limit cumulative progress by student investigators.
                  ",124,,,abstract,TRUE
Boyce_etal202327,"Critcher, C. R., Inbar, Y., & Pizarro, D. A. (2013). How quick decisions illuminate moral character. Social Psychological and Personality Science, 4(3), 308-315.",10.1177/1948550612457688,"Boyce, V., Mathur, M., & Frank, M. C. (2023). Eleven years of student replication projects provide evidence on the correlates of replicability in psychology. Royal Society Open Science, 10(11), 231240.",10.1098/rsos.231240,NA,https://drive.google.com/file/d/17gaf2Zy_ljFfcAEDk5L8GBnTl5i7RGJE/view?usp=drivesdk,1,"
                    Cumulative scientific progress requires empirical results that are robust enough to support theory construction and extension. Yet in psychology, some prominent findings have failed to replicate, and large-scale studies suggest replicability issues are widespread. The identification of predictors of replication success is limited by the difficulty of conducting large samples of independent replication experiments, however: most investigations reanalyse the same set of
                    170 replications
                    . We introduce a new dataset of 176 replications from students in a graduate-level methods course. Replication results were judged to be successful in 49% of replications; of the 136 where effect sizes could be numerically compared, 46% had point estimates within the prediction interval of the original outcome (versus the expected 95%). Larger original effect sizes and within-participants designs were especially related to replication success. Our results indicate that, consistent with prior reports, the robustness of the psychology literature is low enough to limit cumulative progress by student investigators.
                  ",124,,,abstract,TRUE
Boyce_etal202329,"Dai, X., Wertenbroch, K., & Brendl, C. M. (2008). The value heuristic in judgments of relative frequency. Psychological Science, 19(1), 18.",10.1111/j.1467-9280.2008.02039.x,"Boyce, V., Mathur, M., & Frank, M. C. (2023). Eleven years of student replication projects provide evidence on the correlates of replicability in psychology. Royal Society Open Science, 10(11), 231240.",10.1098/rsos.231240,NA,https://drive.google.com/file/d/17gaf2Zy_ljFfcAEDk5L8GBnTl5i7RGJE/view?usp=drivesdk,NA,"
                    Cumulative scientific progress requires empirical results that are robust enough to support theory construction and extension. Yet in psychology, some prominent findings have failed to replicate, and large-scale studies suggest replicability issues are widespread. The identification of predictors of replication success is limited by the difficulty of conducting large samples of independent replication experiments, however: most investigations reanalyse the same set of
                    170 replications
                    . We introduce a new dataset of 176 replications from students in a graduate-level methods course. Replication results were judged to be successful in 49% of replications; of the 136 where effect sizes could be numerically compared, 46% had point estimates within the prediction interval of the original outcome (versus the expected 95%). Larger original effect sizes and within-participants designs were especially related to replication success. Our results indicate that, consistent with prior reports, the robustness of the psychology literature is low enough to limit cumulative progress by student investigators.
                  ",124,,,abstract,TRUE
Boyce_etal20233,"Aryani, A., Isbilen, E. S., & Christiansen, M. H. (2020). Affective arousal links sound to meaning. Psychological science, 31(8), 978-986.",10.1177/0956797620927967,"Boyce, V., Mathur, M., & Frank, M. C. (2023). Eleven years of student replication projects provide evidence on the correlates of replicability in psychology. Royal Society Open Science, 10(11), 231240.",10.1098/rsos.231240,NA,https://drive.google.com/file/d/17gaf2Zy_ljFfcAEDk5L8GBnTl5i7RGJE/view?usp=drivesdk,NA,"
                    Cumulative scientific progress requires empirical results that are robust enough to support theory construction and extension. Yet in psychology, some prominent findings have failed to replicate, and large-scale studies suggest replicability issues are widespread. The identification of predictors of replication success is limited by the difficulty of conducting large samples of independent replication experiments, however: most investigations reanalyse the same set of
                    170 replications
                    . We introduce a new dataset of 176 replications from students in a graduate-level methods course. Replication results were judged to be successful in 49% of replications; of the 136 where effect sizes could be numerically compared, 46% had point estimates within the prediction interval of the original outcome (versus the expected 95%). Larger original effect sizes and within-participants designs were especially related to replication success. Our results indicate that, consistent with prior reports, the robustness of the psychology literature is low enough to limit cumulative progress by student investigators.
                  ",124,,,abstract,FALSE
Boyce_etal202330,"Dale, R., & Duran, N. D. (2011). The cognitive dynamics of negated sentence verification. Cognitive science, 35(5), 983-996.",10.1111/j.1551-6709.2010.01164.x,"Boyce, V., Mathur, M., & Frank, M. C. (2023). Eleven years of student replication projects provide evidence on the correlates of replicability in psychology. Royal Society Open Science, 10(11), 231240.",10.1098/rsos.231240,https://github.com/vboyce/251-254-MA/blob/main/reports/dale2011.pdf,https://drive.google.com/file/d/17gaf2Zy_ljFfcAEDk5L8GBnTl5i7RGJE/view?usp=drivesdk,NA,"
                    Cumulative scientific progress requires empirical results that are robust enough to support theory construction and extension. Yet in psychology, some prominent findings have failed to replicate, and large-scale studies suggest replicability issues are widespread. The identification of predictors of replication success is limited by the difficulty of conducting large samples of independent replication experiments, however: most investigations reanalyse the same set of
                    170 replications
                    . We introduce a new dataset of 176 replications from students in a graduate-level methods course. Replication results were judged to be successful in 49% of replications; of the 136 where effect sizes could be numerically compared, 46% had point estimates within the prediction interval of the original outcome (versus the expected 95%). Larger original effect sizes and within-participants designs were especially related to replication success. Our results indicate that, consistent with prior reports, the robustness of the psychology literature is low enough to limit cumulative progress by student investigators.
                  ",124,,,abstract,TRUE
Boyce_etal202333,"Djärv, K., Zehr, J., & Schwarz, F. (2018). Cognitive vs. emotive factives: An experimental differentiation. In Proceedings of Sinn und Bedeutung (Vol. 21, No. 1, pp. 367-386).",djärv_2018,"Boyce, V., Mathur, M., & Frank, M. C. (2023). Eleven years of student replication projects provide evidence on the correlates of replicability in psychology. Royal Society Open Science, 10(11), 231240.",10.1098/rsos.231240,https://rpubs.com/pennydy/953960,https://drive.google.com/file/d/17gaf2Zy_ljFfcAEDk5L8GBnTl5i7RGJE/view?usp=drivesdk,NA,"
                    Cumulative scientific progress requires empirical results that are robust enough to support theory construction and extension. Yet in psychology, some prominent findings have failed to replicate, and large-scale studies suggest replicability issues are widespread. The identification of predictors of replication success is limited by the difficulty of conducting large samples of independent replication experiments, however: most investigations reanalyse the same set of
                    170 replications
                    . We introduce a new dataset of 176 replications from students in a graduate-level methods course. Replication results were judged to be successful in 49% of replications; of the 136 where effect sizes could be numerically compared, 46% had point estimates within the prediction interval of the original outcome (versus the expected 95%). Larger original effect sizes and within-participants designs were especially related to replication success. Our results indicate that, consistent with prior reports, the robustness of the psychology literature is low enough to limit cumulative progress by student investigators.
                  ",124,,,abstract,TRUE
Boyce_etal202335,"Durso, G. R., Briñol, P., & Petty, R. E. (2016). From power to inaction: Ambivalence gives pause to the powerful. Psychological Science, 27(12), 1660-1666.",10.1177/0956797616669947,"Boyce, V., Mathur, M., & Frank, M. C. (2023). Eleven years of student replication projects provide evidence on the correlates of replicability in psychology. Royal Society Open Science, 10(11), 231240.",10.1098/rsos.231240,https://rpubs.com/zainabh/427094,https://drive.google.com/file/d/17gaf2Zy_ljFfcAEDk5L8GBnTl5i7RGJE/view?usp=drivesdk,NA,"
                    Cumulative scientific progress requires empirical results that are robust enough to support theory construction and extension. Yet in psychology, some prominent findings have failed to replicate, and large-scale studies suggest replicability issues are widespread. The identification of predictors of replication success is limited by the difficulty of conducting large samples of independent replication experiments, however: most investigations reanalyse the same set of
                    170 replications
                    . We introduce a new dataset of 176 replications from students in a graduate-level methods course. Replication results were judged to be successful in 49% of replications; of the 136 where effect sizes could be numerically compared, 46% had point estimates within the prediction interval of the original outcome (versus the expected 95%). Larger original effect sizes and within-participants designs were especially related to replication success. Our results indicate that, consistent with prior reports, the robustness of the psychology literature is low enough to limit cumulative progress by student investigators.
                  ",124,,,abstract,TRUE
Boyce_etal202336,"Endress, A. D., & Hauser, M. D. (2009). Syntax-induced pattern deafness. Proceedings of the National Academy of Sciences, 106(49), 21001-21006.",10.1073/pnas.0908963106,"Boyce, V., Mathur, M., & Frank, M. C. (2023). Eleven years of student replication projects provide evidence on the correlates of replicability in psychology. Royal Society Open Science, 10(11), 231240.",10.1098/rsos.231240,https://github.com/vboyce/251-254-MA/blob/main/reports/endress2009.pdf,https://drive.google.com/file/d/17gaf2Zy_ljFfcAEDk5L8GBnTl5i7RGJE/view?usp=drivesdk,NA,"
                    Cumulative scientific progress requires empirical results that are robust enough to support theory construction and extension. Yet in psychology, some prominent findings have failed to replicate, and large-scale studies suggest replicability issues are widespread. The identification of predictors of replication success is limited by the difficulty of conducting large samples of independent replication experiments, however: most investigations reanalyse the same set of
                    170 replications
                    . We introduce a new dataset of 176 replications from students in a graduate-level methods course. Replication results were judged to be successful in 49% of replications; of the 136 where effect sizes could be numerically compared, 46% had point estimates within the prediction interval of the original outcome (versus the expected 95%). Larger original effect sizes and within-participants designs were especially related to replication success. Our results indicate that, consistent with prior reports, the robustness of the psychology literature is low enough to limit cumulative progress by student investigators.
                  ",124,,,abstract,FALSE
Boyce_etal202337,"Exline, J. J., Baumeister, R. F., Zell, A. L., Kraft, A. J., & Witvliet, C. V. (2008). Not so innocent: Does seeing one's own capability for wrongdoing predict forgiveness?. Journal of Personality and Social Psychology, 94(3), 495.",10.1037/0022-3514.94.3.495,"Boyce, V., Mathur, M., & Frank, M. C. (2023). Eleven years of student replication projects provide evidence on the correlates of replicability in psychology. Royal Society Open Science, 10(11), 231240.",10.1098/rsos.231240,https://github.com/vboyce/251-254-MA/blob/main/reports/exline2008.docx,https://drive.google.com/file/d/17gaf2Zy_ljFfcAEDk5L8GBnTl5i7RGJE/view?usp=drivesdk,NA,"
                    Cumulative scientific progress requires empirical results that are robust enough to support theory construction and extension. Yet in psychology, some prominent findings have failed to replicate, and large-scale studies suggest replicability issues are widespread. The identification of predictors of replication success is limited by the difficulty of conducting large samples of independent replication experiments, however: most investigations reanalyse the same set of
                    170 replications
                    . We introduce a new dataset of 176 replications from students in a graduate-level methods course. Replication results were judged to be successful in 49% of replications; of the 136 where effect sizes could be numerically compared, 46% had point estimates within the prediction interval of the original outcome (versus the expected 95%). Larger original effect sizes and within-participants designs were especially related to replication success. Our results indicate that, consistent with prior reports, the robustness of the psychology literature is low enough to limit cumulative progress by student investigators.
                  ",124,,,abstract,TRUE
Boyce_etal202338,"Feinberg, M., & Willer, R. (2013). The moral roots of environmental attitudes. Psychological science, 24(1), 56-62.",10.1177/0956797612449177,"Boyce, V., Mathur, M., & Frank, M. C. (2023). Eleven years of student replication projects provide evidence on the correlates of replicability in psychology. Royal Society Open Science, 10(11), 231240.",10.1098/rsos.231240,https://github.com/vboyce/251-254-MA/blob/main/reports/feinberg2013.pdf,https://drive.google.com/file/d/17gaf2Zy_ljFfcAEDk5L8GBnTl5i7RGJE/view?usp=drivesdk,NA,"
                    Cumulative scientific progress requires empirical results that are robust enough to support theory construction and extension. Yet in psychology, some prominent findings have failed to replicate, and large-scale studies suggest replicability issues are widespread. The identification of predictors of replication success is limited by the difficulty of conducting large samples of independent replication experiments, however: most investigations reanalyse the same set of
                    170 replications
                    . We introduce a new dataset of 176 replications from students in a graduate-level methods course. Replication results were judged to be successful in 49% of replications; of the 136 where effect sizes could be numerically compared, 46% had point estimates within the prediction interval of the original outcome (versus the expected 95%). Larger original effect sizes and within-participants designs were especially related to replication success. Our results indicate that, consistent with prior reports, the robustness of the psychology literature is low enough to limit cumulative progress by student investigators.
                  ",124,,,abstract,FALSE
Boyce_etal202339,"Fischer, P., Schulz-Hardt, S., & Frey, D. (2008). Selective exposure and information quantity: how different information quantities moderate decision makers' preference for consistent and inconsistent information. Journal of personality and social psychology, 94(2), 231.",10.1037/0022-3514.94.2.94.2.231,"Boyce, V., Mathur, M., & Frank, M. C. (2023). Eleven years of student replication projects provide evidence on the correlates of replicability in psychology. Royal Society Open Science, 10(11), 231240.",10.1098/rsos.231240,NA,https://drive.google.com/file/d/17gaf2Zy_ljFfcAEDk5L8GBnTl5i7RGJE/view?usp=drivesdk,NA,"
                    Cumulative scientific progress requires empirical results that are robust enough to support theory construction and extension. Yet in psychology, some prominent findings have failed to replicate, and large-scale studies suggest replicability issues are widespread. The identification of predictors of replication success is limited by the difficulty of conducting large samples of independent replication experiments, however: most investigations reanalyse the same set of
                    170 replications
                    . We introduce a new dataset of 176 replications from students in a graduate-level methods course. Replication results were judged to be successful in 49% of replications; of the 136 where effect sizes could be numerically compared, 46% had point estimates within the prediction interval of the original outcome (versus the expected 95%). Larger original effect sizes and within-participants designs were especially related to replication success. Our results indicate that, consistent with prior reports, the robustness of the psychology literature is low enough to limit cumulative progress by student investigators.
                  ",124,,,abstract,TRUE
Boyce_etal20234,"Atir, S., Rosenzweig, E., & Dunning, D. (2015). When knowledge knows no bounds: Self-perceived expertise predicts claims of impossible knowledge. Psychological Science, 26(8), 1295-1303.",10.1177/0956797615588195,"Boyce, V., Mathur, M., & Frank, M. C. (2023). Eleven years of student replication projects provide evidence on the correlates of replicability in psychology. Royal Society Open Science, 10(11), 231240.",10.1098/rsos.231240,https://osf.io/d5e7b,https://drive.google.com/file/d/17gaf2Zy_ljFfcAEDk5L8GBnTl5i7RGJE/view?usp=drivesdk,NA,"
                    Cumulative scientific progress requires empirical results that are robust enough to support theory construction and extension. Yet in psychology, some prominent findings have failed to replicate, and large-scale studies suggest replicability issues are widespread. The identification of predictors of replication success is limited by the difficulty of conducting large samples of independent replication experiments, however: most investigations reanalyse the same set of
                    170 replications
                    . We introduce a new dataset of 176 replications from students in a graduate-level methods course. Replication results were judged to be successful in 49% of replications; of the 136 where effect sizes could be numerically compared, 46% had point estimates within the prediction interval of the original outcome (versus the expected 95%). Larger original effect sizes and within-participants designs were especially related to replication success. Our results indicate that, consistent with prior reports, the robustness of the psychology literature is low enough to limit cumulative progress by student investigators.
                  ",124,,,abstract,FALSE
Boyce_etal202340,"Forwood, S. E., Ahern, A., Hollands, G. J., Fletcher, P. C., & Marteau, T. M. (2013). Underestimating calorie content when healthy foods are present: an averaging effect or a reference-dependent anchoring effect?. Plos one, 8(8), e71475.",10.1371/journal.pone.0071475,"Boyce, V., Mathur, M., & Frank, M. C. (2023). Eleven years of student replication projects provide evidence on the correlates of replicability in psychology. Royal Society Open Science, 10(11), 231240.",10.1098/rsos.231240,NA,https://drive.google.com/file/d/17gaf2Zy_ljFfcAEDk5L8GBnTl5i7RGJE/view?usp=drivesdk,NA,"
                    Cumulative scientific progress requires empirical results that are robust enough to support theory construction and extension. Yet in psychology, some prominent findings have failed to replicate, and large-scale studies suggest replicability issues are widespread. The identification of predictors of replication success is limited by the difficulty of conducting large samples of independent replication experiments, however: most investigations reanalyse the same set of
                    170 replications
                    . We introduce a new dataset of 176 replications from students in a graduate-level methods course. Replication results were judged to be successful in 49% of replications; of the 136 where effect sizes could be numerically compared, 46% had point estimates within the prediction interval of the original outcome (versus the expected 95%). Larger original effect sizes and within-participants designs were especially related to replication success. Our results indicate that, consistent with prior reports, the robustness of the psychology literature is low enough to limit cumulative progress by student investigators.
                  ",124,,,abstract,TRUE
Boyce_etal202341,"Franke, M., & Degen, J. (2016). Reasoning in reference games: Individual-vs. population-level probabilistic modeling. PloS one, 11(5), e0154854.",10.1371/journal.pone.0154854,"Boyce, V., Mathur, M., & Frank, M. C. (2023). Eleven years of student replication projects provide evidence on the correlates of replicability in psychology. Royal Society Open Science, 10(11), 231240.",10.1098/rsos.231240,https://github.com/vboyce/251-254-MA/blob/main/reports/franke2016.html,https://drive.google.com/file/d/17gaf2Zy_ljFfcAEDk5L8GBnTl5i7RGJE/view?usp=drivesdk,NA,"
                    Cumulative scientific progress requires empirical results that are robust enough to support theory construction and extension. Yet in psychology, some prominent findings have failed to replicate, and large-scale studies suggest replicability issues are widespread. The identification of predictors of replication success is limited by the difficulty of conducting large samples of independent replication experiments, however: most investigations reanalyse the same set of
                    170 replications
                    . We introduce a new dataset of 176 replications from students in a graduate-level methods course. Replication results were judged to be successful in 49% of replications; of the 136 where effect sizes could be numerically compared, 46% had point estimates within the prediction interval of the original outcome (versus the expected 95%). Larger original effect sizes and within-participants designs were especially related to replication success. Our results indicate that, consistent with prior reports, the robustness of the psychology literature is low enough to limit cumulative progress by student investigators.
                  ",124,,,abstract,TRUE
Boyce_etal202343,"Fu, A. S., & Markus, H. R. (2014). My mother and me: Why tiger mothers motivate Asian Americans but not European Americans. Personality and Social Psychology Bulletin, 40(6), 739-749.",10.1177/0146167214524992,"Boyce, V., Mathur, M., & Frank, M. C. (2023). Eleven years of student replication projects provide evidence on the correlates of replicability in psychology. Royal Society Open Science, 10(11), 231240.",10.1098/rsos.231240,NA,https://drive.google.com/file/d/17gaf2Zy_ljFfcAEDk5L8GBnTl5i7RGJE/view?usp=drivesdk,NA,"
                    Cumulative scientific progress requires empirical results that are robust enough to support theory construction and extension. Yet in psychology, some prominent findings have failed to replicate, and large-scale studies suggest replicability issues are widespread. The identification of predictors of replication success is limited by the difficulty of conducting large samples of independent replication experiments, however: most investigations reanalyse the same set of
                    170 replications
                    . We introduce a new dataset of 176 replications from students in a graduate-level methods course. Replication results were judged to be successful in 49% of replications; of the 136 where effect sizes could be numerically compared, 46% had point estimates within the prediction interval of the original outcome (versus the expected 95%). Larger original effect sizes and within-participants designs were especially related to replication success. Our results indicate that, consistent with prior reports, the robustness of the psychology literature is low enough to limit cumulative progress by student investigators.
                  ",124,,,abstract,TRUE
Boyce_etal202344,"Galperin, R. V., Hahl, O., Sterling, A. D., & Guo, J. (2020). Too good to hire? Capability and inferences about commitment in labor markets. Administrative Science Quarterly, 65(2), 275-313.",10.1177/0001839219840022,"Boyce, V., Mathur, M., & Frank, M. C. (2023). Eleven years of student replication projects provide evidence on the correlates of replicability in psychology. Royal Society Open Science, 10(11), 231240.",10.1098/rsos.231240,https://www.rpubs.com/jwbyun/842029,https://drive.google.com/file/d/17gaf2Zy_ljFfcAEDk5L8GBnTl5i7RGJE/view?usp=drivesdk,NA,"
                    Cumulative scientific progress requires empirical results that are robust enough to support theory construction and extension. Yet in psychology, some prominent findings have failed to replicate, and large-scale studies suggest replicability issues are widespread. The identification of predictors of replication success is limited by the difficulty of conducting large samples of independent replication experiments, however: most investigations reanalyse the same set of
                    170 replications
                    . We introduce a new dataset of 176 replications from students in a graduate-level methods course. Replication results were judged to be successful in 49% of replications; of the 136 where effect sizes could be numerically compared, 46% had point estimates within the prediction interval of the original outcome (versus the expected 95%). Larger original effect sizes and within-participants designs were especially related to replication success. Our results indicate that, consistent with prior reports, the robustness of the psychology literature is low enough to limit cumulative progress by student investigators.
                  ",124,,,abstract,FALSE
Boyce_etal202345,"García-Castro, J. D., Rodríguez-Bailón, R., & Willis, G. B. (2020). Perceiving economic inequality in everyday life decreases tolerance to inequality. Journal of Experimental Social Psychology, 90, 104019.",10.1016/j.jesp.2020.104019,"Boyce, V., Mathur, M., & Frank, M. C. (2023). Eleven years of student replication projects provide evidence on the correlates of replicability in psychology. Royal Society Open Science, 10(11), 231240.",10.1098/rsos.231240,https://github.com/vboyce/251-254-MA/blob/main/reports/garciacastro2020.html,https://drive.google.com/file/d/17gaf2Zy_ljFfcAEDk5L8GBnTl5i7RGJE/view?usp=drivesdk,NA,"
                    Cumulative scientific progress requires empirical results that are robust enough to support theory construction and extension. Yet in psychology, some prominent findings have failed to replicate, and large-scale studies suggest replicability issues are widespread. The identification of predictors of replication success is limited by the difficulty of conducting large samples of independent replication experiments, however: most investigations reanalyse the same set of
                    170 replications
                    . We introduce a new dataset of 176 replications from students in a graduate-level methods course. Replication results were judged to be successful in 49% of replications; of the 136 where effect sizes could be numerically compared, 46% had point estimates within the prediction interval of the original outcome (versus the expected 95%). Larger original effect sizes and within-participants designs were especially related to replication success. Our results indicate that, consistent with prior reports, the robustness of the psychology literature is low enough to limit cumulative progress by student investigators.
                  ",124,,,abstract,FALSE
Boyce_etal202346,"Gibson, E., Bergen, L., & Piantadosi, S. T. (2013). Rational integration of noisy evidence and prior semantic expectations in sentence interpretation. Proceedings of the National Academy of Sciences, 110(20), 8051-8056.",10.1073/pnas.1216438110,"Boyce, V., Mathur, M., & Frank, M. C. (2023). Eleven years of student replication projects provide evidence on the correlates of replicability in psychology. Royal Society Open Science, 10(11), 231240.",10.1098/rsos.231240,https://github.com/vboyce/251-254-MA/blob/main/reports/gibson2013.pdf,https://drive.google.com/file/d/17gaf2Zy_ljFfcAEDk5L8GBnTl5i7RGJE/view?usp=drivesdk,NA,"
                    Cumulative scientific progress requires empirical results that are robust enough to support theory construction and extension. Yet in psychology, some prominent findings have failed to replicate, and large-scale studies suggest replicability issues are widespread. The identification of predictors of replication success is limited by the difficulty of conducting large samples of independent replication experiments, however: most investigations reanalyse the same set of
                    170 replications
                    . We introduce a new dataset of 176 replications from students in a graduate-level methods course. Replication results were judged to be successful in 49% of replications; of the 136 where effect sizes could be numerically compared, 46% had point estimates within the prediction interval of the original outcome (versus the expected 95%). Larger original effect sizes and within-participants designs were especially related to replication success. Our results indicate that, consistent with prior reports, the robustness of the psychology literature is low enough to limit cumulative progress by student investigators.
                  ",124,,,abstract,FALSE
Boyce_etal202347,"Gick, M. L., & Holyoak, K. J. (1983). Schema induction and analogical transfer. Cognitive psychology, 15(1), 1-38.",10.1016/0010-0285(83)90002-6,"Boyce, V., Mathur, M., & Frank, M. C. (2023). Eleven years of student replication projects provide evidence on the correlates of replicability in psychology. Royal Society Open Science, 10(11), 231240.",10.1098/rsos.231240,https://rpubs.com/Greses88/449388,https://drive.google.com/file/d/17gaf2Zy_ljFfcAEDk5L8GBnTl5i7RGJE/view?usp=drivesdk,NA,"
                    Cumulative scientific progress requires empirical results that are robust enough to support theory construction and extension. Yet in psychology, some prominent findings have failed to replicate, and large-scale studies suggest replicability issues are widespread. The identification of predictors of replication success is limited by the difficulty of conducting large samples of independent replication experiments, however: most investigations reanalyse the same set of
                    170 replications
                    . We introduce a new dataset of 176 replications from students in a graduate-level methods course. Replication results were judged to be successful in 49% of replications; of the 136 where effect sizes could be numerically compared, 46% had point estimates within the prediction interval of the original outcome (versus the expected 95%). Larger original effect sizes and within-participants designs were especially related to replication success. Our results indicate that, consistent with prior reports, the robustness of the psychology literature is low enough to limit cumulative progress by student investigators.
                  ",124,,,abstract,TRUE
Boyce_etal202348,"Goff, P. A., Jackson, M. C., Di Leone, B. A. L., Culotta, C. M., & DiTomasso, N. A. (2014). The essence of innocence: consequences of dehumanizing Black children. Journal of personality and social psychology, 106(4), 526.",10.1037/a0035663,"Boyce, V., Mathur, M., & Frank, M. C. (2023). Eleven years of student replication projects provide evidence on the correlates of replicability in psychology. Royal Society Open Science, 10(11), 231240.",10.1098/rsos.231240,NA,https://drive.google.com/file/d/17gaf2Zy_ljFfcAEDk5L8GBnTl5i7RGJE/view?usp=drivesdk,NA,"
                    Cumulative scientific progress requires empirical results that are robust enough to support theory construction and extension. Yet in psychology, some prominent findings have failed to replicate, and large-scale studies suggest replicability issues are widespread. The identification of predictors of replication success is limited by the difficulty of conducting large samples of independent replication experiments, however: most investigations reanalyse the same set of
                    170 replications
                    . We introduce a new dataset of 176 replications from students in a graduate-level methods course. Replication results were judged to be successful in 49% of replications; of the 136 where effect sizes could be numerically compared, 46% had point estimates within the prediction interval of the original outcome (versus the expected 95%). Larger original effect sizes and within-participants designs were especially related to replication success. Our results indicate that, consistent with prior reports, the robustness of the psychology literature is low enough to limit cumulative progress by student investigators.
                  ",124,,,abstract,FALSE
Boyce_etal202349,"Gong, X., Zhang, F., & Fung, H. H. (2019). Are older adults more willing to donate? The roles of donation form and social relationship. The Journals of Gerontology: Series B, 74(3), 440-448.",10.1093/geronb/gbx099,"Boyce, V., Mathur, M., & Frank, M. C. (2023). Eleven years of student replication projects provide evidence on the correlates of replicability in psychology. Royal Society Open Science, 10(11), 231240.",10.1098/rsos.231240,https://github.com/vboyce/251-254-MA/blob/main/reports/gong2019.html,https://drive.google.com/file/d/17gaf2Zy_ljFfcAEDk5L8GBnTl5i7RGJE/view?usp=drivesdk,NA,"
                    Cumulative scientific progress requires empirical results that are robust enough to support theory construction and extension. Yet in psychology, some prominent findings have failed to replicate, and large-scale studies suggest replicability issues are widespread. The identification of predictors of replication success is limited by the difficulty of conducting large samples of independent replication experiments, however: most investigations reanalyse the same set of
                    170 replications
                    . We introduce a new dataset of 176 replications from students in a graduate-level methods course. Replication results were judged to be successful in 49% of replications; of the 136 where effect sizes could be numerically compared, 46% had point estimates within the prediction interval of the original outcome (versus the expected 95%). Larger original effect sizes and within-participants designs were especially related to replication success. Our results indicate that, consistent with prior reports, the robustness of the psychology literature is low enough to limit cumulative progress by student investigators.
                  ",124,,,abstract,TRUE
Boyce_etal20235,"Austerweil, J. L., & Griffiths, T. L. (2011). Seeking confirmation is rational for deterministic hypotheses. Cognitive Science, 35(3), 499-526.",10.1111/j.1551-6709.2010.01161.x,"Boyce, V., Mathur, M., & Frank, M. C. (2023). Eleven years of student replication projects provide evidence on the correlates of replicability in psychology. Royal Society Open Science, 10(11), 231240.",10.1098/rsos.231240,https://github.com/vboyce/251-254-MA/blob/main/reports/austerweil2011.pdf,https://drive.google.com/file/d/17gaf2Zy_ljFfcAEDk5L8GBnTl5i7RGJE/view?usp=drivesdk,NA,"
                    Cumulative scientific progress requires empirical results that are robust enough to support theory construction and extension. Yet in psychology, some prominent findings have failed to replicate, and large-scale studies suggest replicability issues are widespread. The identification of predictors of replication success is limited by the difficulty of conducting large samples of independent replication experiments, however: most investigations reanalyse the same set of
                    170 replications
                    . We introduce a new dataset of 176 replications from students in a graduate-level methods course. Replication results were judged to be successful in 49% of replications; of the 136 where effect sizes could be numerically compared, 46% had point estimates within the prediction interval of the original outcome (versus the expected 95%). Larger original effect sizes and within-participants designs were especially related to replication success. Our results indicate that, consistent with prior reports, the robustness of the psychology literature is low enough to limit cumulative progress by student investigators.
                  ",124,,,abstract,TRUE
Boyce_etal202351,"Gray, K., Ward, A. F., & Norton, M. I. (2014). Paying it forward: generalized reciprocity and the limits of generosity. Journal of experimental psychology: General, 143(1), 247.",10.1037/a0031047,"Boyce, V., Mathur, M., & Frank, M. C. (2023). Eleven years of student replication projects provide evidence on the correlates of replicability in psychology. Royal Society Open Science, 10(11), 231240.",10.1098/rsos.231240,NA,https://drive.google.com/file/d/17gaf2Zy_ljFfcAEDk5L8GBnTl5i7RGJE/view?usp=drivesdk,NA,"
                    Cumulative scientific progress requires empirical results that are robust enough to support theory construction and extension. Yet in psychology, some prominent findings have failed to replicate, and large-scale studies suggest replicability issues are widespread. The identification of predictors of replication success is limited by the difficulty of conducting large samples of independent replication experiments, however: most investigations reanalyse the same set of
                    170 replications
                    . We introduce a new dataset of 176 replications from students in a graduate-level methods course. Replication results were judged to be successful in 49% of replications; of the 136 where effect sizes could be numerically compared, 46% had point estimates within the prediction interval of the original outcome (versus the expected 95%). Larger original effect sizes and within-participants designs were especially related to replication success. Our results indicate that, consistent with prior reports, the robustness of the psychology literature is low enough to limit cumulative progress by student investigators.
                  ",124,,,abstract,TRUE
Boyce_etal202352,"Greenberg, A. E., & Spiller, S. A. (2016). Opportunity cost neglect attenuates the effect of choices on preferences. Psychological science, 27(1), 103-113.",10.1177/0956797615608267,"Boyce, V., Mathur, M., & Frank, M. C. (2023). Eleven years of student replication projects provide evidence on the correlates of replicability in psychology. Royal Society Open Science, 10(11), 231240.",10.1098/rsos.231240,NA,https://drive.google.com/file/d/17gaf2Zy_ljFfcAEDk5L8GBnTl5i7RGJE/view?usp=drivesdk,NA,"
                    Cumulative scientific progress requires empirical results that are robust enough to support theory construction and extension. Yet in psychology, some prominent findings have failed to replicate, and large-scale studies suggest replicability issues are widespread. The identification of predictors of replication success is limited by the difficulty of conducting large samples of independent replication experiments, however: most investigations reanalyse the same set of
                    170 replications
                    . We introduce a new dataset of 176 replications from students in a graduate-level methods course. Replication results were judged to be successful in 49% of replications; of the 136 where effect sizes could be numerically compared, 46% had point estimates within the prediction interval of the original outcome (versus the expected 95%). Larger original effect sizes and within-participants designs were especially related to replication success. Our results indicate that, consistent with prior reports, the robustness of the psychology literature is low enough to limit cumulative progress by student investigators.
                  ",124,,,abstract,FALSE
Boyce_etal202355,"Haimovitz, K., & Dweck, C. S. (2016). What predicts children’s fixed and growth intelligence mind-sets? Not their parents’ views of intelligence but their parents’ views of failure. Psychological science, 27(6), 859-869.",10.1177/0956797616639727,"Boyce, V., Mathur, M., & Frank, M. C. (2023). Eleven years of student replication projects provide evidence on the correlates of replicability in psychology. Royal Society Open Science, 10(11), 231240.",10.1098/rsos.231240,NA,https://drive.google.com/file/d/17gaf2Zy_ljFfcAEDk5L8GBnTl5i7RGJE/view?usp=drivesdk,NA,"
                    Cumulative scientific progress requires empirical results that are robust enough to support theory construction and extension. Yet in psychology, some prominent findings have failed to replicate, and large-scale studies suggest replicability issues are widespread. The identification of predictors of replication success is limited by the difficulty of conducting large samples of independent replication experiments, however: most investigations reanalyse the same set of
                    170 replications
                    . We introduce a new dataset of 176 replications from students in a graduate-level methods course. Replication results were judged to be successful in 49% of replications; of the 136 where effect sizes could be numerically compared, 46% had point estimates within the prediction interval of the original outcome (versus the expected 95%). Larger original effect sizes and within-participants designs were especially related to replication success. Our results indicate that, consistent with prior reports, the robustness of the psychology literature is low enough to limit cumulative progress by student investigators.
                  ",124,,,abstract,FALSE
Boyce_etal202357,"Hart, Y., Dillon, M. R., Marantan, A., Cardenas, A. L., Spelke, E., & Mahadevan, L. (2018). The statistical shape of geometric reasoning. Scientific reports, 8(1), 1-12.",10.1038/s41598-018-30314-y,"Boyce, V., Mathur, M., & Frank, M. C. (2023). Eleven years of student replication projects provide evidence on the correlates of replicability in psychology. Royal Society Open Science, 10(11), 231240.",10.1098/rsos.231240,NA,https://drive.google.com/file/d/17gaf2Zy_ljFfcAEDk5L8GBnTl5i7RGJE/view?usp=drivesdk,NA,"
                    Cumulative scientific progress requires empirical results that are robust enough to support theory construction and extension. Yet in psychology, some prominent findings have failed to replicate, and large-scale studies suggest replicability issues are widespread. The identification of predictors of replication success is limited by the difficulty of conducting large samples of independent replication experiments, however: most investigations reanalyse the same set of
                    170 replications
                    . We introduce a new dataset of 176 replications from students in a graduate-level methods course. Replication results were judged to be successful in 49% of replications; of the 136 where effect sizes could be numerically compared, 46% had point estimates within the prediction interval of the original outcome (versus the expected 95%). Larger original effect sizes and within-participants designs were especially related to replication success. Our results indicate that, consistent with prior reports, the robustness of the psychology literature is low enough to limit cumulative progress by student investigators.
                  ",124,,,abstract,FALSE
Boyce_etal202358,"Heck, P. R., Chabris, C. F., Watts, D. J., & Meyer, M. N. (2020). Objecting to experiments even while approving of the policies or treatments they compare. Proceedings of the National Academy of Sciences, 117(32), 18948-18950.",10.1073/pnas.2009030117,"Boyce, V., Mathur, M., & Frank, M. C. (2023). Eleven years of student replication projects provide evidence on the correlates of replicability in psychology. Royal Society Open Science, 10(11), 231240.",10.1098/rsos.231240,NA,https://drive.google.com/file/d/17gaf2Zy_ljFfcAEDk5L8GBnTl5i7RGJE/view?usp=drivesdk,NA,"
                    Cumulative scientific progress requires empirical results that are robust enough to support theory construction and extension. Yet in psychology, some prominent findings have failed to replicate, and large-scale studies suggest replicability issues are widespread. The identification of predictors of replication success is limited by the difficulty of conducting large samples of independent replication experiments, however: most investigations reanalyse the same set of
                    170 replications
                    . We introduce a new dataset of 176 replications from students in a graduate-level methods course. Replication results were judged to be successful in 49% of replications; of the 136 where effect sizes could be numerically compared, 46% had point estimates within the prediction interval of the original outcome (versus the expected 95%). Larger original effect sizes and within-participants designs were especially related to replication success. Our results indicate that, consistent with prior reports, the robustness of the psychology literature is low enough to limit cumulative progress by student investigators.
                  ",124,,,abstract,FALSE
Boyce_etal202359,"Henderson, M. D., De Liver, Y., & Gollwitzer, P. M. (2008). The effects of an implemental mind-set on attitude strength. Journal of personality and social psychology, 94(3), 396.",10.1037/0022-3514.94.3.396(1),"Boyce, V., Mathur, M., & Frank, M. C. (2023). Eleven years of student replication projects provide evidence on the correlates of replicability in psychology. Royal Society Open Science, 10(11), 231240.",10.1098/rsos.231240,NA,https://drive.google.com/file/d/17gaf2Zy_ljFfcAEDk5L8GBnTl5i7RGJE/view?usp=drivesdk,NA,"
                    Cumulative scientific progress requires empirical results that are robust enough to support theory construction and extension. Yet in psychology, some prominent findings have failed to replicate, and large-scale studies suggest replicability issues are widespread. The identification of predictors of replication success is limited by the difficulty of conducting large samples of independent replication experiments, however: most investigations reanalyse the same set of
                    170 replications
                    . We introduce a new dataset of 176 replications from students in a graduate-level methods course. Replication results were judged to be successful in 49% of replications; of the 136 where effect sizes could be numerically compared, 46% had point estimates within the prediction interval of the original outcome (versus the expected 95%). Larger original effect sizes and within-participants designs were especially related to replication success. Our results indicate that, consistent with prior reports, the robustness of the psychology literature is low enough to limit cumulative progress by student investigators.
                  ",124,,,abstract,FALSE
Boyce_etal202360,"Hernandez, I. A., Silverman, D. M., & Destin, M. (2021). From deficit to benefit: Highlighting lower-SES students' background-specific strengths reinforces their academic persistence. Journal of Experimental Social Psychology, 92, 104080.",10.1016/j.jesp.2020.104080,"Boyce, V., Mathur, M., & Frank, M. C. (2023). Eleven years of student replication projects provide evidence on the correlates of replicability in psychology. Royal Society Open Science, 10(11), 231240.",10.1098/rsos.231240,https://rpubs.com/LeslieJRemache/960328,https://drive.google.com/file/d/17gaf2Zy_ljFfcAEDk5L8GBnTl5i7RGJE/view?usp=drivesdk,NA,"
                    Cumulative scientific progress requires empirical results that are robust enough to support theory construction and extension. Yet in psychology, some prominent findings have failed to replicate, and large-scale studies suggest replicability issues are widespread. The identification of predictors of replication success is limited by the difficulty of conducting large samples of independent replication experiments, however: most investigations reanalyse the same set of
                    170 replications
                    . We introduce a new dataset of 176 replications from students in a graduate-level methods course. Replication results were judged to be successful in 49% of replications; of the 136 where effect sizes could be numerically compared, 46% had point estimates within the prediction interval of the original outcome (versus the expected 95%). Larger original effect sizes and within-participants designs were especially related to replication success. Our results indicate that, consistent with prior reports, the robustness of the psychology literature is low enough to limit cumulative progress by student investigators.
                  ",124,,,abstract,TRUE
Boyce_etal202361,"Hopkins, E. J., Weisberg, D. S., & Taylor, J. C. (2016). The seductive allure is a reductive allure: People prefer scientific explanations that contain logically irrelevant reductive information. Cognition, 155, 67-76.",10.1016/j.cognition.2016.06.011,"Boyce, V., Mathur, M., & Frank, M. C. (2023). Eleven years of student replication projects provide evidence on the correlates of replicability in psychology. Royal Society Open Science, 10(11), 231240.",10.1098/rsos.231240,https://github.com/vboyce/251-254-MA/blob/main/reports/hopkins2016.html,https://drive.google.com/file/d/17gaf2Zy_ljFfcAEDk5L8GBnTl5i7RGJE/view?usp=drivesdk,NA,"
                    Cumulative scientific progress requires empirical results that are robust enough to support theory construction and extension. Yet in psychology, some prominent findings have failed to replicate, and large-scale studies suggest replicability issues are widespread. The identification of predictors of replication success is limited by the difficulty of conducting large samples of independent replication experiments, however: most investigations reanalyse the same set of
                    170 replications
                    . We introduce a new dataset of 176 replications from students in a graduate-level methods course. Replication results were judged to be successful in 49% of replications; of the 136 where effect sizes could be numerically compared, 46% had point estimates within the prediction interval of the original outcome (versus the expected 95%). Larger original effect sizes and within-participants designs were especially related to replication success. Our results indicate that, consistent with prior reports, the robustness of the psychology literature is low enough to limit cumulative progress by student investigators.
                  ",124,,,abstract,TRUE
Boyce_etal202362,"Hughes, M. L., Geraci, L., & De Forrest, R. L. (2013). Aging 5 years in 5 minutes: The effect of taking a memory test on older adults’ subjective age. Psychological Science, 24(12), 2481-2488.",10.1177/0956797613494853,"Boyce, V., Mathur, M., & Frank, M. C. (2023). Eleven years of student replication projects provide evidence on the correlates of replicability in psychology. Royal Society Open Science, 10(11), 231240.",10.1098/rsos.231240,https://github.com/vboyce/251-254-MA/blob/main/reports/hughes2013.html,https://drive.google.com/file/d/17gaf2Zy_ljFfcAEDk5L8GBnTl5i7RGJE/view?usp=drivesdk,NA,"
                    Cumulative scientific progress requires empirical results that are robust enough to support theory construction and extension. Yet in psychology, some prominent findings have failed to replicate, and large-scale studies suggest replicability issues are widespread. The identification of predictors of replication success is limited by the difficulty of conducting large samples of independent replication experiments, however: most investigations reanalyse the same set of
                    170 replications
                    . We introduce a new dataset of 176 replications from students in a graduate-level methods course. Replication results were judged to be successful in 49% of replications; of the 136 where effect sizes could be numerically compared, 46% had point estimates within the prediction interval of the original outcome (versus the expected 95%). Larger original effect sizes and within-participants designs were especially related to replication success. Our results indicate that, consistent with prior reports, the robustness of the psychology literature is low enough to limit cumulative progress by student investigators.
                  ",124,,,abstract,TRUE
Boyce_etal202363,"Huh, Y. E., Vosgerau, J., & Morewedge, C. K. (2016). More similar but less satisfying: Comparing preferences for and the efficacy of within-and cross-category substitutes for food. Psychological Science, 27(6), 894-903.",10.1177/0956797616640705,"Boyce, V., Mathur, M., & Frank, M. C. (2023). Eleven years of student replication projects provide evidence on the correlates of replicability in psychology. Royal Society Open Science, 10(11), 231240.",10.1098/rsos.231240,https://rpubs.com/dzboles/341582,https://drive.google.com/file/d/17gaf2Zy_ljFfcAEDk5L8GBnTl5i7RGJE/view?usp=drivesdk,NA,"
                    Cumulative scientific progress requires empirical results that are robust enough to support theory construction and extension. Yet in psychology, some prominent findings have failed to replicate, and large-scale studies suggest replicability issues are widespread. The identification of predictors of replication success is limited by the difficulty of conducting large samples of independent replication experiments, however: most investigations reanalyse the same set of
                    170 replications
                    . We introduce a new dataset of 176 replications from students in a graduate-level methods course. Replication results were judged to be successful in 49% of replications; of the 136 where effect sizes could be numerically compared, 46% had point estimates within the prediction interval of the original outcome (versus the expected 95%). Larger original effect sizes and within-participants designs were especially related to replication success. Our results indicate that, consistent with prior reports, the robustness of the psychology literature is low enough to limit cumulative progress by student investigators.
                  ",124,,,abstract,FALSE
Boyce_etal202364,"Huntington‐Klein, N. (2018). College choice as a collective decision. Economic Inquiry, 56(2), 1202-1219.",10.1111/ecin.12470,"Boyce, V., Mathur, M., & Frank, M. C. (2023). Eleven years of student replication projects provide evidence on the correlates of replicability in psychology. Royal Society Open Science, 10(11), 231240.",10.1098/rsos.231240,NA,https://drive.google.com/file/d/17gaf2Zy_ljFfcAEDk5L8GBnTl5i7RGJE/view?usp=drivesdk,NA,"
                    Cumulative scientific progress requires empirical results that are robust enough to support theory construction and extension. Yet in psychology, some prominent findings have failed to replicate, and large-scale studies suggest replicability issues are widespread. The identification of predictors of replication success is limited by the difficulty of conducting large samples of independent replication experiments, however: most investigations reanalyse the same set of
                    170 replications
                    . We introduce a new dataset of 176 replications from students in a graduate-level methods course. Replication results were judged to be successful in 49% of replications; of the 136 where effect sizes could be numerically compared, 46% had point estimates within the prediction interval of the original outcome (versus the expected 95%). Larger original effect sizes and within-participants designs were especially related to replication success. Our results indicate that, consistent with prior reports, the robustness of the psychology literature is low enough to limit cumulative progress by student investigators.
                  ",124,,,abstract,TRUE
Boyce_etal202366,"Jara-Ettinger, J., Levy, R., Sakel, J., Huanca, T., & Gibson, E. (2022). The origins of the shape bias: Evidence from the Tsimane’. Journal of Experimental Psychology: General.",10.1037/xge0001195,"Boyce, V., Mathur, M., & Frank, M. C. (2023). Eleven years of student replication projects provide evidence on the correlates of replicability in psychology. Royal Society Open Science, 10(11), 231240.",10.1098/rsos.231240,https://rpubs.com/echen/1095731,https://drive.google.com/file/d/17gaf2Zy_ljFfcAEDk5L8GBnTl5i7RGJE/view?usp=drivesdk,NA,"
                    Cumulative scientific progress requires empirical results that are robust enough to support theory construction and extension. Yet in psychology, some prominent findings have failed to replicate, and large-scale studies suggest replicability issues are widespread. The identification of predictors of replication success is limited by the difficulty of conducting large samples of independent replication experiments, however: most investigations reanalyse the same set of
                    170 replications
                    . We introduce a new dataset of 176 replications from students in a graduate-level methods course. Replication results were judged to be successful in 49% of replications; of the 136 where effect sizes could be numerically compared, 46% had point estimates within the prediction interval of the original outcome (versus the expected 95%). Larger original effect sizes and within-participants designs were especially related to replication success. Our results indicate that, consistent with prior reports, the robustness of the psychology literature is low enough to limit cumulative progress by student investigators.
                  ",124,,,abstract,TRUE
Boyce_etal202367,"Jones, L. L., & Estes, Z. (2006). Roosters, robins, and alarm clocks: Aptness and conventionality in metaphor comprehension. Journal of Memory and Language, 55(1), 18-32.",10.1016/j.jml.2006.02.004,"Boyce, V., Mathur, M., & Frank, M. C. (2023). Eleven years of student replication projects provide evidence on the correlates of replicability in psychology. Royal Society Open Science, 10(11), 231240.",10.1098/rsos.231240,NA,https://drive.google.com/file/d/17gaf2Zy_ljFfcAEDk5L8GBnTl5i7RGJE/view?usp=drivesdk,NA,"
                    Cumulative scientific progress requires empirical results that are robust enough to support theory construction and extension. Yet in psychology, some prominent findings have failed to replicate, and large-scale studies suggest replicability issues are widespread. The identification of predictors of replication success is limited by the difficulty of conducting large samples of independent replication experiments, however: most investigations reanalyse the same set of
                    170 replications
                    . We introduce a new dataset of 176 replications from students in a graduate-level methods course. Replication results were judged to be successful in 49% of replications; of the 136 where effect sizes could be numerically compared, 46% had point estimates within the prediction interval of the original outcome (versus the expected 95%). Larger original effect sizes and within-participants designs were especially related to replication success. Our results indicate that, consistent with prior reports, the robustness of the psychology literature is low enough to limit cumulative progress by student investigators.
                  ",124,,,abstract,TRUE
Boyce_etal202368,"Jordan, J. J., Sommers, R., Bloom, P., & Rand, D. G. (2017). Why do we hate hypocrites? Evidence for a theory of false signaling. Psychological science, 28(3), 356-368.",10.1177/0956797616685771,"Boyce, V., Mathur, M., & Frank, M. C. (2023). Eleven years of student replication projects provide evidence on the correlates of replicability in psychology. Royal Society Open Science, 10(11), 231240.",10.1098/rsos.231240,https://github.com/vboyce/251-254-MA/blob/main/reports/jordan2017_2.html,https://drive.google.com/file/d/17gaf2Zy_ljFfcAEDk5L8GBnTl5i7RGJE/view?usp=drivesdk,NA,"
                    Cumulative scientific progress requires empirical results that are robust enough to support theory construction and extension. Yet in psychology, some prominent findings have failed to replicate, and large-scale studies suggest replicability issues are widespread. The identification of predictors of replication success is limited by the difficulty of conducting large samples of independent replication experiments, however: most investigations reanalyse the same set of
                    170 replications
                    . We introduce a new dataset of 176 replications from students in a graduate-level methods course. Replication results were judged to be successful in 49% of replications; of the 136 where effect sizes could be numerically compared, 46% had point estimates within the prediction interval of the original outcome (versus the expected 95%). Larger original effect sizes and within-participants designs were especially related to replication success. Our results indicate that, consistent with prior reports, the robustness of the psychology literature is low enough to limit cumulative progress by student investigators.
                  ",124,,,abstract,FALSE
Boyce_etal20237,"Belding, J. N., Naufel, K. Z., & Fujita, K. (2015). Using high-level construal and perceptions of changeability to promote self-change over self-protection motives in response to negative feedback. Personality and Social Psychology Bulletin, 41(6), 822-838.",10.1177/0146167215580776,"Boyce, V., Mathur, M., & Frank, M. C. (2023). Eleven years of student replication projects provide evidence on the correlates of replicability in psychology. Royal Society Open Science, 10(11), 231240.",10.1098/rsos.231240,NA,https://drive.google.com/file/d/17gaf2Zy_ljFfcAEDk5L8GBnTl5i7RGJE/view?usp=drivesdk,NA,"
                    Cumulative scientific progress requires empirical results that are robust enough to support theory construction and extension. Yet in psychology, some prominent findings have failed to replicate, and large-scale studies suggest replicability issues are widespread. The identification of predictors of replication success is limited by the difficulty of conducting large samples of independent replication experiments, however: most investigations reanalyse the same set of
                    170 replications
                    . We introduce a new dataset of 176 replications from students in a graduate-level methods course. Replication results were judged to be successful in 49% of replications; of the 136 where effect sizes could be numerically compared, 46% had point estimates within the prediction interval of the original outcome (versus the expected 95%). Larger original effect sizes and within-participants designs were especially related to replication success. Our results indicate that, consistent with prior reports, the robustness of the psychology literature is low enough to limit cumulative progress by student investigators.
                  ",124,,,abstract,FALSE
Boyce_etal202370,"Kacperczyk, O., & Younkin, P. (2022). A founding penalty: evidence from an audit study on gender, entrepreneurship, and future employment. Organization Science, 33(2), 716-745.",10.1287/orsc.2021.1456,"Boyce, V., Mathur, M., & Frank, M. C. (2023). Eleven years of student replication projects provide evidence on the correlates of replicability in psychology. Royal Society Open Science, 10(11), 231240.",10.1098/rsos.231240,https://rpubs.com/seyeonk/finalproject,https://drive.google.com/file/d/17gaf2Zy_ljFfcAEDk5L8GBnTl5i7RGJE/view?usp=drivesdk,NA,"
                    Cumulative scientific progress requires empirical results that are robust enough to support theory construction and extension. Yet in psychology, some prominent findings have failed to replicate, and large-scale studies suggest replicability issues are widespread. The identification of predictors of replication success is limited by the difficulty of conducting large samples of independent replication experiments, however: most investigations reanalyse the same set of
                    170 replications
                    . We introduce a new dataset of 176 replications from students in a graduate-level methods course. Replication results were judged to be successful in 49% of replications; of the 136 where effect sizes could be numerically compared, 46% had point estimates within the prediction interval of the original outcome (versus the expected 95%). Larger original effect sizes and within-participants designs were especially related to replication success. Our results indicate that, consistent with prior reports, the robustness of the psychology literature is low enough to limit cumulative progress by student investigators.
                  ",124,,,abstract,FALSE
Boyce_etal202371,"Keysar, B., Lin, S., & Barr, D. J. (2003). Limits on theory of mind use in adults. Cognition, 89(1), 25-41.",10.1016/s0010-0277(03)00064-7,"Boyce, V., Mathur, M., & Frank, M. C. (2023). Eleven years of student replication projects provide evidence on the correlates of replicability in psychology. Royal Society Open Science, 10(11), 231240.",10.1098/rsos.231240,https://github.com/vboyce/251-254-MA/blob/main/reports/keysar2003.pdf,https://drive.google.com/file/d/17gaf2Zy_ljFfcAEDk5L8GBnTl5i7RGJE/view?usp=drivesdk,NA,"
                    Cumulative scientific progress requires empirical results that are robust enough to support theory construction and extension. Yet in psychology, some prominent findings have failed to replicate, and large-scale studies suggest replicability issues are widespread. The identification of predictors of replication success is limited by the difficulty of conducting large samples of independent replication experiments, however: most investigations reanalyse the same set of
                    170 replications
                    . We introduce a new dataset of 176 replications from students in a graduate-level methods course. Replication results were judged to be successful in 49% of replications; of the 136 where effect sizes could be numerically compared, 46% had point estimates within the prediction interval of the original outcome (versus the expected 95%). Larger original effect sizes and within-participants designs were especially related to replication success. Our results indicate that, consistent with prior reports, the robustness of the psychology literature is low enough to limit cumulative progress by student investigators.
                  ",124,,,abstract,TRUE
Boyce_etal202372,"Kim, H., & Markus, H. R. (1999). Deviance or uniqueness, harmony or conformity? A cultural analysis. Journal of personality and social psychology, 77(4), 785.",10.1037/0022-3514.77.4.785,"Boyce, V., Mathur, M., & Frank, M. C. (2023). Eleven years of student replication projects provide evidence on the correlates of replicability in psychology. Royal Society Open Science, 10(11), 231240.",10.1098/rsos.231240,NA,https://drive.google.com/file/d/17gaf2Zy_ljFfcAEDk5L8GBnTl5i7RGJE/view?usp=drivesdk,NA,"
                    Cumulative scientific progress requires empirical results that are robust enough to support theory construction and extension. Yet in psychology, some prominent findings have failed to replicate, and large-scale studies suggest replicability issues are widespread. The identification of predictors of replication success is limited by the difficulty of conducting large samples of independent replication experiments, however: most investigations reanalyse the same set of
                    170 replications
                    . We introduce a new dataset of 176 replications from students in a graduate-level methods course. Replication results were judged to be successful in 49% of replications; of the 136 where effect sizes could be numerically compared, 46% had point estimates within the prediction interval of the original outcome (versus the expected 95%). Larger original effect sizes and within-participants designs were especially related to replication success. Our results indicate that, consistent with prior reports, the robustness of the psychology literature is low enough to limit cumulative progress by student investigators.
                  ",124,,,abstract,FALSE
Boyce_etal202373,"Kiyonaga, A., & Egner, T. (2014). The working memory Stroop effect: When internal representations clash with external stimuli. Psychological science, 25(8), 1619-1629.",10.1177/0956797614536739,"Boyce, V., Mathur, M., & Frank, M. C. (2023). Eleven years of student replication projects provide evidence on the correlates of replicability in psychology. Royal Society Open Science, 10(11), 231240.",10.1098/rsos.231240,NA,https://drive.google.com/file/d/17gaf2Zy_ljFfcAEDk5L8GBnTl5i7RGJE/view?usp=drivesdk,NA,"
                    Cumulative scientific progress requires empirical results that are robust enough to support theory construction and extension. Yet in psychology, some prominent findings have failed to replicate, and large-scale studies suggest replicability issues are widespread. The identification of predictors of replication success is limited by the difficulty of conducting large samples of independent replication experiments, however: most investigations reanalyse the same set of
                    170 replications
                    . We introduce a new dataset of 176 replications from students in a graduate-level methods course. Replication results were judged to be successful in 49% of replications; of the 136 where effect sizes could be numerically compared, 46% had point estimates within the prediction interval of the original outcome (versus the expected 95%). Larger original effect sizes and within-participants designs were especially related to replication success. Our results indicate that, consistent with prior reports, the robustness of the psychology literature is low enough to limit cumulative progress by student investigators.
                  ",124,,,abstract,TRUE
Boyce_etal202374,"Ko, S. J., Sadler, M. S., & Galinsky, A. D. (2015). The sound of power: Conveying and detecting hierarchical rank through voice. Psychological Science, 26(1), 3-14.",10.1177/0956797614553009,"Boyce, V., Mathur, M., & Frank, M. C. (2023). Eleven years of student replication projects provide evidence on the correlates of replicability in psychology. Royal Society Open Science, 10(11), 231240.",10.1098/rsos.231240,NA,https://drive.google.com/file/d/17gaf2Zy_ljFfcAEDk5L8GBnTl5i7RGJE/view?usp=drivesdk,NA,"
                    Cumulative scientific progress requires empirical results that are robust enough to support theory construction and extension. Yet in psychology, some prominent findings have failed to replicate, and large-scale studies suggest replicability issues are widespread. The identification of predictors of replication success is limited by the difficulty of conducting large samples of independent replication experiments, however: most investigations reanalyse the same set of
                    170 replications
                    . We introduce a new dataset of 176 replications from students in a graduate-level methods course. Replication results were judged to be successful in 49% of replications; of the 136 where effect sizes could be numerically compared, 46% had point estimates within the prediction interval of the original outcome (versus the expected 95%). Larger original effect sizes and within-participants designs were especially related to replication success. Our results indicate that, consistent with prior reports, the robustness of the psychology literature is low enough to limit cumulative progress by student investigators.
                  ",124,,,abstract,TRUE
Boyce_etal202377,"Kouchaki, M., Dobson, K. S., Waytz, A., & Kteily, N. S. (2018). The link between self-dehumanization and immoral behavior. Psychological science, 29(8), 1234-1246.",10.1177/0956797618760784,"Boyce, V., Mathur, M., & Frank, M. C. (2023). Eleven years of student replication projects provide evidence on the correlates of replicability in psychology. Royal Society Open Science, 10(11), 231240.",10.1098/rsos.231240,https://github.com/vboyce/251-254-MA/blob/main/reports/kouchaki2018.html,https://drive.google.com/file/d/17gaf2Zy_ljFfcAEDk5L8GBnTl5i7RGJE/view?usp=drivesdk,NA,"
                    Cumulative scientific progress requires empirical results that are robust enough to support theory construction and extension. Yet in psychology, some prominent findings have failed to replicate, and large-scale studies suggest replicability issues are widespread. The identification of predictors of replication success is limited by the difficulty of conducting large samples of independent replication experiments, however: most investigations reanalyse the same set of
                    170 replications
                    . We introduce a new dataset of 176 replications from students in a graduate-level methods course. Replication results were judged to be successful in 49% of replications; of the 136 where effect sizes could be numerically compared, 46% had point estimates within the prediction interval of the original outcome (versus the expected 95%). Larger original effect sizes and within-participants designs were especially related to replication success. Our results indicate that, consistent with prior reports, the robustness of the psychology literature is low enough to limit cumulative progress by student investigators.
                  ",124,,,abstract,TRUE
Boyce_etal202380,"Kupor, D. M., Laurin, K., & Levav, J. (2015). Anticipating divine protection? Reminders of god can increase nonmoral risk taking. Psychological science, 26(4), 374-384.",10.1177/0956797614563108,"Boyce, V., Mathur, M., & Frank, M. C. (2023). Eleven years of student replication projects provide evidence on the correlates of replicability in psychology. Royal Society Open Science, 10(11), 231240.",10.1098/rsos.231240,NA,https://drive.google.com/file/d/17gaf2Zy_ljFfcAEDk5L8GBnTl5i7RGJE/view?usp=drivesdk,NA,"
                    Cumulative scientific progress requires empirical results that are robust enough to support theory construction and extension. Yet in psychology, some prominent findings have failed to replicate, and large-scale studies suggest replicability issues are widespread. The identification of predictors of replication success is limited by the difficulty of conducting large samples of independent replication experiments, however: most investigations reanalyse the same set of
                    170 replications
                    . We introduce a new dataset of 176 replications from students in a graduate-level methods course. Replication results were judged to be successful in 49% of replications; of the 136 where effect sizes could be numerically compared, 46% had point estimates within the prediction interval of the original outcome (versus the expected 95%). Larger original effect sizes and within-participants designs were especially related to replication success. Our results indicate that, consistent with prior reports, the robustness of the psychology literature is low enough to limit cumulative progress by student investigators.
                  ",124,,,abstract,FALSE
Boyce_etal202381,"Lau, G. P., Kay, A. C., & Spencer, S. J. (2008). Loving those who justify inequality: the effects of system threat on attraction to women who embody benevolent sexist ideals. Psychological Science.",10.1111/j.1467-9280.2008.02040.x,"Boyce, V., Mathur, M., & Frank, M. C. (2023). Eleven years of student replication projects provide evidence on the correlates of replicability in psychology. Royal Society Open Science, 10(11), 231240.",10.1098/rsos.231240,https://github.com/vboyce/251-254-MA/blob/main/reports/lau2008.pdf,https://drive.google.com/file/d/17gaf2Zy_ljFfcAEDk5L8GBnTl5i7RGJE/view?usp=drivesdk,NA,"
                    Cumulative scientific progress requires empirical results that are robust enough to support theory construction and extension. Yet in psychology, some prominent findings have failed to replicate, and large-scale studies suggest replicability issues are widespread. The identification of predictors of replication success is limited by the difficulty of conducting large samples of independent replication experiments, however: most investigations reanalyse the same set of
                    170 replications
                    . We introduce a new dataset of 176 replications from students in a graduate-level methods course. Replication results were judged to be successful in 49% of replications; of the 136 where effect sizes could be numerically compared, 46% had point estimates within the prediction interval of the original outcome (versus the expected 95%). Larger original effect sizes and within-participants designs were especially related to replication success. Our results indicate that, consistent with prior reports, the robustness of the psychology literature is low enough to limit cumulative progress by student investigators.
                  ",124,,,abstract,TRUE
Boyce_etal202382,"Levine, S., Kleiman-Weiner, M., Schulz, L., Tenenbaum, J., & Cushman, F. (2020). The logic of universalization guides moral judgment. Proceedings of the National Academy of Sciences, 117(42), 26158-26169.",10.1073/pnas.2014505117,"Boyce, V., Mathur, M., & Frank, M. C. (2023). Eleven years of student replication projects provide evidence on the correlates of replicability in psychology. Royal Society Open Science, 10(11), 231240.",10.1098/rsos.231240,NA,https://drive.google.com/file/d/17gaf2Zy_ljFfcAEDk5L8GBnTl5i7RGJE/view?usp=drivesdk,NA,"
                    Cumulative scientific progress requires empirical results that are robust enough to support theory construction and extension. Yet in psychology, some prominent findings have failed to replicate, and large-scale studies suggest replicability issues are widespread. The identification of predictors of replication success is limited by the difficulty of conducting large samples of independent replication experiments, however: most investigations reanalyse the same set of
                    170 replications
                    . We introduce a new dataset of 176 replications from students in a graduate-level methods course. Replication results were judged to be successful in 49% of replications; of the 136 where effect sizes could be numerically compared, 46% had point estimates within the prediction interval of the original outcome (versus the expected 95%). Larger original effect sizes and within-participants designs were especially related to replication success. Our results indicate that, consistent with prior reports, the robustness of the psychology literature is low enough to limit cumulative progress by student investigators.
                  ",124,,,abstract,TRUE
Boyce_etal202383,"Lewis Jr, N. A., & Oyserman, D. (2015). When does the future begin? Time metrics matter, connecting present and future selves. Psychological science, 26(6), 816-825.",10.1177/0956797615572231,"Boyce, V., Mathur, M., & Frank, M. C. (2023). Eleven years of student replication projects provide evidence on the correlates of replicability in psychology. Royal Society Open Science, 10(11), 231240.",10.1098/rsos.231240,NA,https://drive.google.com/file/d/17gaf2Zy_ljFfcAEDk5L8GBnTl5i7RGJE/view?usp=drivesdk,NA,"
                    Cumulative scientific progress requires empirical results that are robust enough to support theory construction and extension. Yet in psychology, some prominent findings have failed to replicate, and large-scale studies suggest replicability issues are widespread. The identification of predictors of replication success is limited by the difficulty of conducting large samples of independent replication experiments, however: most investigations reanalyse the same set of
                    170 replications
                    . We introduce a new dataset of 176 replications from students in a graduate-level methods course. Replication results were judged to be successful in 49% of replications; of the 136 where effect sizes could be numerically compared, 46% had point estimates within the prediction interval of the original outcome (versus the expected 95%). Larger original effect sizes and within-participants designs were especially related to replication success. Our results indicate that, consistent with prior reports, the robustness of the psychology literature is low enough to limit cumulative progress by student investigators.
                  ",124,,,abstract,FALSE
Boyce_etal202384,"Li, Q., Joo, S. J., Yeatman, J. D., & Reinecke, K. (2020). Controlling for participants’ viewing distance in large-scale, psychophysical online experiments using a virtual chinrest. Scientific reports, 10(1), 1-11.",10.1038/s41598-019-57204-1,"Boyce, V., Mathur, M., & Frank, M. C. (2023). Eleven years of student replication projects provide evidence on the correlates of replicability in psychology. Royal Society Open Science, 10(11), 231240.",10.1098/rsos.231240,https://github.com/vboyce/251-254-MA/blob/main/reports/li2020.pdf,https://drive.google.com/file/d/17gaf2Zy_ljFfcAEDk5L8GBnTl5i7RGJE/view?usp=drivesdk,NA,"
                    Cumulative scientific progress requires empirical results that are robust enough to support theory construction and extension. Yet in psychology, some prominent findings have failed to replicate, and large-scale studies suggest replicability issues are widespread. The identification of predictors of replication success is limited by the difficulty of conducting large samples of independent replication experiments, however: most investigations reanalyse the same set of
                    170 replications
                    . We introduce a new dataset of 176 replications from students in a graduate-level methods course. Replication results were judged to be successful in 49% of replications; of the 136 where effect sizes could be numerically compared, 46% had point estimates within the prediction interval of the original outcome (versus the expected 95%). Larger original effect sizes and within-participants designs were especially related to replication success. Our results indicate that, consistent with prior reports, the robustness of the psychology literature is low enough to limit cumulative progress by student investigators.
                  ",124,,,abstract,FALSE
Boyce_etal202385,"Libby, L. K., Shaeffer, E. M., & Eibach, R. P. (2009). Seeing meaning in action: a bidirectional link between visual perspective and action identification level. Journal of Experimental Psychology: General, 138(4), 503.",10.1037/a0016795,"Boyce, V., Mathur, M., & Frank, M. C. (2023). Eleven years of student replication projects provide evidence on the correlates of replicability in psychology. Royal Society Open Science, 10(11), 231240.",10.1098/rsos.231240,NA,https://drive.google.com/file/d/17gaf2Zy_ljFfcAEDk5L8GBnTl5i7RGJE/view?usp=drivesdk,NA,"
                    Cumulative scientific progress requires empirical results that are robust enough to support theory construction and extension. Yet in psychology, some prominent findings have failed to replicate, and large-scale studies suggest replicability issues are widespread. The identification of predictors of replication success is limited by the difficulty of conducting large samples of independent replication experiments, however: most investigations reanalyse the same set of
                    170 replications
                    . We introduce a new dataset of 176 replications from students in a graduate-level methods course. Replication results were judged to be successful in 49% of replications; of the 136 where effect sizes could be numerically compared, 46% had point estimates within the prediction interval of the original outcome (versus the expected 95%). Larger original effect sizes and within-participants designs were especially related to replication success. Our results indicate that, consistent with prior reports, the robustness of the psychology literature is low enough to limit cumulative progress by student investigators.
                  ",124,,,abstract,FALSE
Boyce_etal202386,"Lin, C., Adolphs, R., & Alvarez, R. M. (2018). Inferring whether officials are corruptible from looking at their faces. Psychological science, 29(11), 1807-1823.",10.1177/0956797618788882,"Boyce, V., Mathur, M., & Frank, M. C. (2023). Eleven years of student replication projects provide evidence on the correlates of replicability in psychology. Royal Society Open Science, 10(11), 231240.",10.1098/rsos.231240,NA,https://drive.google.com/file/d/17gaf2Zy_ljFfcAEDk5L8GBnTl5i7RGJE/view?usp=drivesdk,NA,"
                    Cumulative scientific progress requires empirical results that are robust enough to support theory construction and extension. Yet in psychology, some prominent findings have failed to replicate, and large-scale studies suggest replicability issues are widespread. The identification of predictors of replication success is limited by the difficulty of conducting large samples of independent replication experiments, however: most investigations reanalyse the same set of
                    170 replications
                    . We introduce a new dataset of 176 replications from students in a graduate-level methods course. Replication results were judged to be successful in 49% of replications; of the 136 where effect sizes could be numerically compared, 46% had point estimates within the prediction interval of the original outcome (versus the expected 95%). Larger original effect sizes and within-participants designs were especially related to replication success. Our results indicate that, consistent with prior reports, the robustness of the psychology literature is low enough to limit cumulative progress by student investigators.
                  ",124,,,abstract,FALSE
Boyce_etal202387,"Liverence, B. M., & Scholl, B. J. (2015). Object persistence enhances spatial navigation: A case study in smartphone vision science. Psychological Science, 26(7), 955-963.",10.1177/0956797614547705,"Boyce, V., Mathur, M., & Frank, M. C. (2023). Eleven years of student replication projects provide evidence on the correlates of replicability in psychology. Royal Society Open Science, 10(11), 231240.",10.1098/rsos.231240,https://rpubs.com/jedtan/160878,https://drive.google.com/file/d/17gaf2Zy_ljFfcAEDk5L8GBnTl5i7RGJE/view?usp=drivesdk,NA,"
                    Cumulative scientific progress requires empirical results that are robust enough to support theory construction and extension. Yet in psychology, some prominent findings have failed to replicate, and large-scale studies suggest replicability issues are widespread. The identification of predictors of replication success is limited by the difficulty of conducting large samples of independent replication experiments, however: most investigations reanalyse the same set of
                    170 replications
                    . We introduce a new dataset of 176 replications from students in a graduate-level methods course. Replication results were judged to be successful in 49% of replications; of the 136 where effect sizes could be numerically compared, 46% had point estimates within the prediction interval of the original outcome (versus the expected 95%). Larger original effect sizes and within-participants designs were especially related to replication success. Our results indicate that, consistent with prior reports, the robustness of the psychology literature is low enough to limit cumulative progress by student investigators.
                  ",124,,,abstract,FALSE
Boyce_etal202388,"Livingston, R. W., Rosette, A. S., & Washington, E. F. (2012). Can an agentic Black woman get ahead? The impact of race and interpersonal dominance on perceptions of female leaders. Psychological science, 23(4), 354-358.",10.1177/0956797611428079,"Boyce, V., Mathur, M., & Frank, M. C. (2023). Eleven years of student replication projects provide evidence on the correlates of replicability in psychology. Royal Society Open Science, 10(11), 231240.",10.1098/rsos.231240,NA,https://drive.google.com/file/d/17gaf2Zy_ljFfcAEDk5L8GBnTl5i7RGJE/view?usp=drivesdk,NA,"
                    Cumulative scientific progress requires empirical results that are robust enough to support theory construction and extension. Yet in psychology, some prominent findings have failed to replicate, and large-scale studies suggest replicability issues are widespread. The identification of predictors of replication success is limited by the difficulty of conducting large samples of independent replication experiments, however: most investigations reanalyse the same set of
                    170 replications
                    . We introduce a new dataset of 176 replications from students in a graduate-level methods course. Replication results were judged to be successful in 49% of replications; of the 136 where effect sizes could be numerically compared, 46% had point estimates within the prediction interval of the original outcome (versus the expected 95%). Larger original effect sizes and within-participants designs were especially related to replication success. Our results indicate that, consistent with prior reports, the robustness of the psychology literature is low enough to limit cumulative progress by student investigators.
                  ",124,,,abstract,TRUE
Boyce_etal202389,"Lloyd, E. P., Hugenberg, K., McConnell, A. R., Kunstman, J. W., & Deska, J. C. (2017). Black and White lies: Race-based biases in deception judgments. Psychological science, 28(8), 1125-1136.",10.1177/0956797617705399,"Boyce, V., Mathur, M., & Frank, M. C. (2023). Eleven years of student replication projects provide evidence on the correlates of replicability in psychology. Royal Society Open Science, 10(11), 231240.",10.1098/rsos.231240,https://github.com/vboyce/251-254-MA/blob/main/reports/lloyd2017.html,https://drive.google.com/file/d/17gaf2Zy_ljFfcAEDk5L8GBnTl5i7RGJE/view?usp=drivesdk,NA,"
                    Cumulative scientific progress requires empirical results that are robust enough to support theory construction and extension. Yet in psychology, some prominent findings have failed to replicate, and large-scale studies suggest replicability issues are widespread. The identification of predictors of replication success is limited by the difficulty of conducting large samples of independent replication experiments, however: most investigations reanalyse the same set of
                    170 replications
                    . We introduce a new dataset of 176 replications from students in a graduate-level methods course. Replication results were judged to be successful in 49% of replications; of the 136 where effect sizes could be numerically compared, 46% had point estimates within the prediction interval of the original outcome (versus the expected 95%). Larger original effect sizes and within-participants designs were especially related to replication success. Our results indicate that, consistent with prior reports, the robustness of the psychology literature is low enough to limit cumulative progress by student investigators.
                  ",124,,,abstract,FALSE
Boyce_etal20239,"Birch, S. A., & Bloom, P. (2007). The curse of knowledge in reasoning about false beliefs. Psychological Science, 18(5), 382-386.",10.1111/j.1467-9280.2007.01909.x,"Boyce, V., Mathur, M., & Frank, M. C. (2023). Eleven years of student replication projects provide evidence on the correlates of replicability in psychology. Royal Society Open Science, 10(11), 231240.",10.1098/rsos.231240,https://rpubs.com/ottuba/birch2007_2_rescue_final,https://drive.google.com/file/d/17gaf2Zy_ljFfcAEDk5L8GBnTl5i7RGJE/view?usp=drivesdk,NA,"
                    Cumulative scientific progress requires empirical results that are robust enough to support theory construction and extension. Yet in psychology, some prominent findings have failed to replicate, and large-scale studies suggest replicability issues are widespread. The identification of predictors of replication success is limited by the difficulty of conducting large samples of independent replication experiments, however: most investigations reanalyse the same set of
                    170 replications
                    . We introduce a new dataset of 176 replications from students in a graduate-level methods course. Replication results were judged to be successful in 49% of replications; of the 136 where effect sizes could be numerically compared, 46% had point estimates within the prediction interval of the original outcome (versus the expected 95%). Larger original effect sizes and within-participants designs were especially related to replication success. Our results indicate that, consistent with prior reports, the robustness of the psychology literature is low enough to limit cumulative progress by student investigators.
                  ",124,,,abstract,FALSE
Boyce_etal202390,"Long, B., & Konkle, T. (2017). A familiar-size Stroop effect in the absence of basic-level recognition. Cognition, 168, 234-242.",10.1016/j.cognition.2017.06.025,"Boyce, V., Mathur, M., & Frank, M. C. (2023). Eleven years of student replication projects provide evidence on the correlates of replicability in psychology. Royal Society Open Science, 10(11), 231240.",10.1098/rsos.231240,https://github.com/vboyce/251-254-MA/blob/main/reports/long2017.html,https://drive.google.com/file/d/17gaf2Zy_ljFfcAEDk5L8GBnTl5i7RGJE/view?usp=drivesdk,NA,"
                    Cumulative scientific progress requires empirical results that are robust enough to support theory construction and extension. Yet in psychology, some prominent findings have failed to replicate, and large-scale studies suggest replicability issues are widespread. The identification of predictors of replication success is limited by the difficulty of conducting large samples of independent replication experiments, however: most investigations reanalyse the same set of
                    170 replications
                    . We introduce a new dataset of 176 replications from students in a graduate-level methods course. Replication results were judged to be successful in 49% of replications; of the 136 where effect sizes could be numerically compared, 46% had point estimates within the prediction interval of the original outcome (versus the expected 95%). Larger original effect sizes and within-participants designs were especially related to replication success. Our results indicate that, consistent with prior reports, the robustness of the psychology literature is low enough to limit cumulative progress by student investigators.
                  ",124,,,abstract,FALSE
Boyce_etal202391,"Luttrell, A., Philipp-Muller, A., & Petty, R. E. (2019). Challenging moral attitudes with moral messages. Psychological Science, 30(8), 1136-1150.",10.1177/0956797619854706,"Boyce, V., Mathur, M., & Frank, M. C. (2023). Eleven years of student replication projects provide evidence on the correlates of replicability in psychology. Royal Society Open Science, 10(11), 231240.",10.1098/rsos.231240,https://rpubs.com/lijinzhang/954755,https://drive.google.com/file/d/17gaf2Zy_ljFfcAEDk5L8GBnTl5i7RGJE/view?usp=drivesdk,NA,"
                    Cumulative scientific progress requires empirical results that are robust enough to support theory construction and extension. Yet in psychology, some prominent findings have failed to replicate, and large-scale studies suggest replicability issues are widespread. The identification of predictors of replication success is limited by the difficulty of conducting large samples of independent replication experiments, however: most investigations reanalyse the same set of
                    170 replications
                    . We introduce a new dataset of 176 replications from students in a graduate-level methods course. Replication results were judged to be successful in 49% of replications; of the 136 where effect sizes could be numerically compared, 46% had point estimates within the prediction interval of the original outcome (versus the expected 95%). Larger original effect sizes and within-participants designs were especially related to replication success. Our results indicate that, consistent with prior reports, the robustness of the psychology literature is low enough to limit cumulative progress by student investigators.
                  ",124,,,abstract,TRUE
Boyce_etal202392,"Maddux, W. W., Galinsky, A. D., Cuddy, A. J., & Polifroni, M. (2008). When being a model minority is good... and bad: Realistic threat explains negativity toward Asian Americans. Personality and Social Psychology Bulletin, 34(1), 74-89.",10.1177/0146167207309195,"Boyce, V., Mathur, M., & Frank, M. C. (2023). Eleven years of student replication projects provide evidence on the correlates of replicability in psychology. Royal Society Open Science, 10(11), 231240.",10.1098/rsos.231240,https://github.com/vboyce/251-254-MA/blob/main/reports/maddux2008.html,https://drive.google.com/file/d/17gaf2Zy_ljFfcAEDk5L8GBnTl5i7RGJE/view?usp=drivesdk,NA,"
                    Cumulative scientific progress requires empirical results that are robust enough to support theory construction and extension. Yet in psychology, some prominent findings have failed to replicate, and large-scale studies suggest replicability issues are widespread. The identification of predictors of replication success is limited by the difficulty of conducting large samples of independent replication experiments, however: most investigations reanalyse the same set of
                    170 replications
                    . We introduce a new dataset of 176 replications from students in a graduate-level methods course. Replication results were judged to be successful in 49% of replications; of the 136 where effect sizes could be numerically compared, 46% had point estimates within the prediction interval of the original outcome (versus the expected 95%). Larger original effect sizes and within-participants designs were especially related to replication success. Our results indicate that, consistent with prior reports, the robustness of the psychology literature is low enough to limit cumulative progress by student investigators.
                  ",124,,,abstract,TRUE
Boyce_etal202393,"Mani, A., Mullainathan, S., Shafir, E., & Zhao, J. (2013). Poverty impedes cognitive function. science, 341(6149), 976-980.",10.1126/science.1238041,"Boyce, V., Mathur, M., & Frank, M. C. (2023). Eleven years of student replication projects provide evidence on the correlates of replicability in psychology. Royal Society Open Science, 10(11), 231240.",10.1098/rsos.231240,https://rpubs.com/greyes96/psych251project,https://drive.google.com/file/d/17gaf2Zy_ljFfcAEDk5L8GBnTl5i7RGJE/view?usp=drivesdk,NA,"
                    Cumulative scientific progress requires empirical results that are robust enough to support theory construction and extension. Yet in psychology, some prominent findings have failed to replicate, and large-scale studies suggest replicability issues are widespread. The identification of predictors of replication success is limited by the difficulty of conducting large samples of independent replication experiments, however: most investigations reanalyse the same set of
                    170 replications
                    . We introduce a new dataset of 176 replications from students in a graduate-level methods course. Replication results were judged to be successful in 49% of replications; of the 136 where effect sizes could be numerically compared, 46% had point estimates within the prediction interval of the original outcome (versus the expected 95%). Larger original effect sizes and within-participants designs were especially related to replication success. Our results indicate that, consistent with prior reports, the robustness of the psychology literature is low enough to limit cumulative progress by student investigators.
                  ",124,,,abstract,TRUE
Boyce_etal202394,"Markant, D. B., & Gureckis, T. M. (2014). Is it better to select or to receive? Learning via active and passive hypothesis testing. Journal of Experimental Psychology: General, 143(1), 94.",10.1037/a0032108,"Boyce, V., Mathur, M., & Frank, M. C. (2023). Eleven years of student replication projects provide evidence on the correlates of replicability in psychology. Royal Society Open Science, 10(11), 231240.",10.1098/rsos.231240,NA,https://drive.google.com/file/d/17gaf2Zy_ljFfcAEDk5L8GBnTl5i7RGJE/view?usp=drivesdk,NA,"
                    Cumulative scientific progress requires empirical results that are robust enough to support theory construction and extension. Yet in psychology, some prominent findings have failed to replicate, and large-scale studies suggest replicability issues are widespread. The identification of predictors of replication success is limited by the difficulty of conducting large samples of independent replication experiments, however: most investigations reanalyse the same set of
                    170 replications
                    . We introduce a new dataset of 176 replications from students in a graduate-level methods course. Replication results were judged to be successful in 49% of replications; of the 136 where effect sizes could be numerically compared, 46% had point estimates within the prediction interval of the original outcome (versus the expected 95%). Larger original effect sizes and within-participants designs were especially related to replication success. Our results indicate that, consistent with prior reports, the robustness of the psychology literature is low enough to limit cumulative progress by student investigators.
                  ",124,,,abstract,FALSE
Boyce_etal202395,"Metaxa-Kakavouli, D., Wang, K., Landay, J. A., & Hancock, J. (2018, April). Gender-inclusive design: Sense of belonging and bias in web interfaces. In Proceedings of the 2018 CHI Conference on human factors in computing systems (pp. 1-6).",10.1145/3173574.3174188,"Boyce, V., Mathur, M., & Frank, M. C. (2023). Eleven years of student replication projects provide evidence on the correlates of replicability in psychology. Royal Society Open Science, 10(11), 231240.",10.1098/rsos.231240,https://rpubs.com/erawn/metaxa-kakavouli-2018,https://drive.google.com/file/d/17gaf2Zy_ljFfcAEDk5L8GBnTl5i7RGJE/view?usp=drivesdk,NA,"
                    Cumulative scientific progress requires empirical results that are robust enough to support theory construction and extension. Yet in psychology, some prominent findings have failed to replicate, and large-scale studies suggest replicability issues are widespread. The identification of predictors of replication success is limited by the difficulty of conducting large samples of independent replication experiments, however: most investigations reanalyse the same set of
                    170 replications
                    . We introduce a new dataset of 176 replications from students in a graduate-level methods course. Replication results were judged to be successful in 49% of replications; of the 136 where effect sizes could be numerically compared, 46% had point estimates within the prediction interval of the original outcome (versus the expected 95%). Larger original effect sizes and within-participants designs were especially related to replication success. Our results indicate that, consistent with prior reports, the robustness of the psychology literature is low enough to limit cumulative progress by student investigators.
                  ",124,,,abstract,FALSE
Boyce_etal202397,"Mirault, J., Snell, J., & Grainger, J. (2018). You that read wrong again! A transposed-word effect in grammaticality judgments. Psychological Science, 29(12), 1922-1929.",10.1177/0956797618806296,"Boyce, V., Mathur, M., & Frank, M. C. (2023). Eleven years of student replication projects provide evidence on the correlates of replicability in psychology. Royal Society Open Science, 10(11), 231240.",10.1098/rsos.231240,https://github.com/vboyce/251-254-MA/blob/main/reports/mirault2018.html,https://drive.google.com/file/d/17gaf2Zy_ljFfcAEDk5L8GBnTl5i7RGJE/view?usp=drivesdk,NA,"
                    Cumulative scientific progress requires empirical results that are robust enough to support theory construction and extension. Yet in psychology, some prominent findings have failed to replicate, and large-scale studies suggest replicability issues are widespread. The identification of predictors of replication success is limited by the difficulty of conducting large samples of independent replication experiments, however: most investigations reanalyse the same set of
                    170 replications
                    . We introduce a new dataset of 176 replications from students in a graduate-level methods course. Replication results were judged to be successful in 49% of replications; of the 136 where effect sizes could be numerically compared, 46% had point estimates within the prediction interval of the original outcome (versus the expected 95%). Larger original effect sizes and within-participants designs were especially related to replication success. Our results indicate that, consistent with prior reports, the robustness of the psychology literature is low enough to limit cumulative progress by student investigators.
                  ",124,,,abstract,TRUE
Boyce_etal202398,"Monin, B., Sawyer, P. J., & Marquez, M. J. (2008). The rejection of moral rebels: resenting those who do the right thing. Journal of personality and social psychology, 95(1), 76.",10.1037/0022-3514.95.1.76,"Boyce, V., Mathur, M., & Frank, M. C. (2023). Eleven years of student replication projects provide evidence on the correlates of replicability in psychology. Royal Society Open Science, 10(11), 231240.",10.1098/rsos.231240,NA,https://drive.google.com/file/d/17gaf2Zy_ljFfcAEDk5L8GBnTl5i7RGJE/view?usp=drivesdk,NA,"
                    Cumulative scientific progress requires empirical results that are robust enough to support theory construction and extension. Yet in psychology, some prominent findings have failed to replicate, and large-scale studies suggest replicability issues are widespread. The identification of predictors of replication success is limited by the difficulty of conducting large samples of independent replication experiments, however: most investigations reanalyse the same set of
                    170 replications
                    . We introduce a new dataset of 176 replications from students in a graduate-level methods course. Replication results were judged to be successful in 49% of replications; of the 136 where effect sizes could be numerically compared, 46% had point estimates within the prediction interval of the original outcome (versus the expected 95%). Larger original effect sizes and within-participants designs were especially related to replication success. Our results indicate that, consistent with prior reports, the robustness of the psychology literature is low enough to limit cumulative progress by student investigators.
                  ",124,,,abstract,FALSE
Boyce_etal202399,"Morris, A. L., & Still, M. L. (2008). Now you see it, now you don't: repetition blindness for nonwords. Journal of Experimental Psychology: Learning, Memory, and Cognition, 34(1), 146.",10.1037/0278-7393.34.1.146,"Boyce, V., Mathur, M., & Frank, M. C. (2023). Eleven years of student replication projects provide evidence on the correlates of replicability in psychology. Royal Society Open Science, 10(11), 231240.",10.1098/rsos.231240,https://github.com/vboyce/251-254-MA/blob/main/reports/morris2008.pdf,https://drive.google.com/file/d/17gaf2Zy_ljFfcAEDk5L8GBnTl5i7RGJE/view?usp=drivesdk,NA,"
                    Cumulative scientific progress requires empirical results that are robust enough to support theory construction and extension. Yet in psychology, some prominent findings have failed to replicate, and large-scale studies suggest replicability issues are widespread. The identification of predictors of replication success is limited by the difficulty of conducting large samples of independent replication experiments, however: most investigations reanalyse the same set of
                    170 replications
                    . We introduce a new dataset of 176 replications from students in a graduate-level methods course. Replication results were judged to be successful in 49% of replications; of the 136 where effect sizes could be numerically compared, 46% had point estimates within the prediction interval of the original outcome (versus the expected 95%). Larger original effect sizes and within-participants designs were especially related to replication success. Our results indicate that, consistent with prior reports, the robustness of the psychology literature is low enough to limit cumulative progress by student investigators.
                  ",124,,,abstract,FALSE
bth36,"Cunningham, W. A., Van Bavel, J. J., & Johnsen, I. R. (2008). Affective flexibility: evaluative processing goals shape amygdala activity. Psychological Science, 19(2), 152-160.",10.1111/j.1467-9280.2008.02061.x,"Lumian, D. S., & McRae, K. (2017). Preregistered Replication of “Affective Flexibility: Evaluative Processing Goals Shape Amygdala Activity”. Psychological Science, 28(9), 1193-1200.",10.1177/0956797617719730,NA,https://drive.google.com/file/d/1_tN97pqKnfamGcztRzQHZ9UG0A8Hag_0/view?usp=drivesdk,1,"The human amygdala is sensitive to stimulus characteristics, and growing evidence suggests that it is also responsive to cognitive framing in the form of evaluative goals. To examine whether different evaluations of stimulus characteristics shape amygdala activation, we conducted a preregistered replication of Cunningham, Van Bavel, and Johnsen’s (2008) study demonstrating flexible mapping of amygdala activation to stimulus characteristics, depending on evaluative goals. Participants underwent functional MRI scanning while viewing famous names under three conditions: They were asked to report their overall attitude toward each name, their positive associations only, or their negative associations only. We observed an interaction between condition and rating type, identified as the effect of interest in Cunningham et al. (2008). Specifically, postscan positivity, but not negativity, ratings predicted left amygdala activation when participants were asked to evaluate positive, but not negative, associations with the names. These results provide convergent evidence that cognitive framing, in the form of evaluative goals, can significantly alter whether amygdala activation indexes positivity or negativity.",1,,,abstract,TRUE
Camereretal2016_1,"Abeler, J., Falk, A., Goette, L., & Huffman, D. (2011). Reference points and effort provision. American Economic Review, 101(2), 470–492.",10.1257/aer.101.2.470,"Camerer, C. F., Dreber, A., Forsell, E., Ho, T. H., Huber, J., Johannesson, M., ... & Wu, H. (2016). Evaluating replicability of laboratory experiments in economics. Science, 351(6280), 1433-1436.",10.1126/science.aaf0918,https://www.science.org/doi/suppl/10.1126/science.aaf0918/suppl_file/aaf0918-camerer-sm.pdf,https://drive.google.com/file/d/1g2LUlGntoVWUQi433rats2xlfqkwajdf/view?usp=drivesdk,1,"Another social science looks at itself
                    Experimental economists have joined the reproducibility discussion by replicating selected published experiments from two top-tier journals in economics. Camerer
                    et al.
                    found that two-thirds of the 18 studies examined yielded replicable estimates of effect size and direction. This proportion is somewhat lower than unaffiliated experts were willing to bet in an associated prediction market, but roughly in line with expectations from sample sizes and P values.
                  Science
                    , this issue p.
                    1433
                  ",18,,,abstract,FALSE
Camereretal2016_10,"Fehr, E., Herz, H., & Wilkening, T. (2013). The lure of authority: Motivation and incentive effects of power. American Economic Review, 103(4), 1325–1359.",10.1257/aer.103.4.1325,"Camerer, C. F., Dreber, A., Forsell, E., Ho, T. H., Huber, J., Johannesson, M., ... & Wu, H. (2016). Evaluating replicability of laboratory experiments in economics. Science, 351(6280), 1433-1436.",10.1126/science.aaf0918,https://www.science.org/doi/suppl/10.1126/science.aaf0918/suppl_file/aaf0918-camerer-sm.pdf,https://drive.google.com/file/d/1g2LUlGntoVWUQi433rats2xlfqkwajdf/view?usp=drivesdk,9,"Another social science looks at itself
                    Experimental economists have joined the reproducibility discussion by replicating selected published experiments from two top-tier journals in economics. Camerer
                    et al.
                    found that two-thirds of the 18 studies examined yielded replicable estimates of effect size and direction. This proportion is somewhat lower than unaffiliated experts were willing to bet in an associated prediction market, but roughly in line with expectations from sample sizes and P values.
                  Science
                    , this issue p.
                    1433
                  ",18,,,abstract,FALSE
Camereretal2016_11,"Friedman, D., & Oprea, R. (2012). A continuous dilemma. American Economic Review, 102(1), 337–363.",10.1257/aer.102.1.337,"Camerer, C. F., Dreber, A., Forsell, E., Ho, T. H., Huber, J., Johannesson, M., ... & Wu, H. (2016). Evaluating replicability of laboratory experiments in economics. Science, 351(6280), 1433-1436.",10.1126/science.aaf0918,https://www.science.org/doi/suppl/10.1126/science.aaf0918/suppl_file/aaf0918-camerer-sm.pdf,https://drive.google.com/file/d/1g2LUlGntoVWUQi433rats2xlfqkwajdf/view?usp=drivesdk,10,"Another social science looks at itself
                    Experimental economists have joined the reproducibility discussion by replicating selected published experiments from two top-tier journals in economics. Camerer
                    et al.
                    found that two-thirds of the 18 studies examined yielded replicable estimates of effect size and direction. This proportion is somewhat lower than unaffiliated experts were willing to bet in an associated prediction market, but roughly in line with expectations from sample sizes and P values.
                  Science
                    , this issue p.
                    1433
                  ",18,,,abstract,FALSE
Camereretal2016_12,"Fudenberg, D., Rand, D. G., & Dreber, A. (2012). Slow to anger and fast to forgive: Cooperation in an uncertain world. American Economic Review, 102(2), 720–749.",10.1257/aer.102.2.720,"Camerer, C. F., Dreber, A., Forsell, E., Ho, T. H., Huber, J., Johannesson, M., ... & Wu, H. (2016). Evaluating replicability of laboratory experiments in economics. Science, 351(6280), 1433-1436.",10.1126/science.aaf0918,https://www.science.org/doi/suppl/10.1126/science.aaf0918/suppl_file/aaf0918-camerer-sm.pdf,https://drive.google.com/file/d/1g2LUlGntoVWUQi433rats2xlfqkwajdf/view?usp=drivesdk,11,"Another social science looks at itself
                    Experimental economists have joined the reproducibility discussion by replicating selected published experiments from two top-tier journals in economics. Camerer
                    et al.
                    found that two-thirds of the 18 studies examined yielded replicable estimates of effect size and direction. This proportion is somewhat lower than unaffiliated experts were willing to bet in an associated prediction market, but roughly in line with expectations from sample sizes and P values.
                  Science
                    , this issue p.
                    1433
                  ",18,,,abstract,FALSE
Camereretal2016_13,"Huck, S., Seltzer, A. J., & Wallace, B. (2011). Deferred compensation in multiperiod labor contracts: An experimental test of Lazear’s model. American Economic Review, 101(2), 819–843.",10.1257/aer.101.2.819,"Camerer, C. F., Dreber, A., Forsell, E., Ho, T. H., Huber, J., Johannesson, M., ... & Wu, H. (2016). Evaluating replicability of laboratory experiments in economics. Science, 351(6280), 1433-1436.",10.1126/science.aaf0918,https://www.science.org/doi/suppl/10.1126/science.aaf0918/suppl_file/aaf0918-camerer-sm.pdf,https://drive.google.com/file/d/1g2LUlGntoVWUQi433rats2xlfqkwajdf/view?usp=drivesdk,12,"Another social science looks at itself
                    Experimental economists have joined the reproducibility discussion by replicating selected published experiments from two top-tier journals in economics. Camerer
                    et al.
                    found that two-thirds of the 18 studies examined yielded replicable estimates of effect size and direction. This proportion is somewhat lower than unaffiliated experts were willing to bet in an associated prediction market, but roughly in line with expectations from sample sizes and P values.
                  Science
                    , this issue p.
                    1433
                  ",18,,,abstract,FALSE
Camereretal2016_14,"Ifcher, J., & Zarghamee, H. (2011). Happiness and time preference: The effect of positive affect in a random-assignment experiment. American Economic Review, 101(7), 3109–3129.",10.1257/aer.101.7.3109,"Camerer, C. F., Dreber, A., Forsell, E., Ho, T. H., Huber, J., Johannesson, M., ... & Wu, H. (2016). Evaluating replicability of laboratory experiments in economics. Science, 351(6280), 1433-1436.",10.1126/science.aaf0918,https://www.science.org/doi/suppl/10.1126/science.aaf0918/suppl_file/aaf0918-camerer-sm.pdf,https://drive.google.com/file/d/1g2LUlGntoVWUQi433rats2xlfqkwajdf/view?usp=drivesdk,13,"Another social science looks at itself
                    Experimental economists have joined the reproducibility discussion by replicating selected published experiments from two top-tier journals in economics. Camerer
                    et al.
                    found that two-thirds of the 18 studies examined yielded replicable estimates of effect size and direction. This proportion is somewhat lower than unaffiliated experts were willing to bet in an associated prediction market, but roughly in line with expectations from sample sizes and P values.
                  Science
                    , this issue p.
                    1433
                  ",18,,,abstract,FALSE
Camereretal2016_15,"Kessler, J. B., & Roth, A. E. (2012). Organ allocation policy and the decision to donate. American Economic Review, 102(5), 2018–2047.",10.1257/aer.102.5.2018,"Camerer, C. F., Dreber, A., Forsell, E., Ho, T. H., Huber, J., Johannesson, M., ... & Wu, H. (2016). Evaluating replicability of laboratory experiments in economics. Science, 351(6280), 1433-1436.",10.1126/science.aaf0918,https://www.science.org/doi/suppl/10.1126/science.aaf0918/suppl_file/aaf0918-camerer-sm.pdf,https://drive.google.com/file/d/1g2LUlGntoVWUQi433rats2xlfqkwajdf/view?usp=drivesdk,14,"Another social science looks at itself
                    Experimental economists have joined the reproducibility discussion by replicating selected published experiments from two top-tier journals in economics. Camerer
                    et al.
                    found that two-thirds of the 18 studies examined yielded replicable estimates of effect size and direction. This proportion is somewhat lower than unaffiliated experts were willing to bet in an associated prediction market, but roughly in line with expectations from sample sizes and P values.
                  Science
                    , this issue p.
                    1433
                  ",18,,,abstract,FALSE
Camereretal2016_16,"Kirchler, M., Huber, J., & Stöckl, T. (2012). Thar she bursts: Reducing confusion reduces bubbles. American Economic Review, 102(2), 865–883.",10.1257/aer.102.2.865,"Camerer, C. F., Dreber, A., Forsell, E., Ho, T. H., Huber, J., Johannesson, M., ... & Wu, H. (2016). Evaluating replicability of laboratory experiments in economics. Science, 351(6280), 1433-1436.",10.1126/science.aaf0918,https://www.science.org/doi/suppl/10.1126/science.aaf0918/suppl_file/aaf0918-camerer-sm.pdf,https://drive.google.com/file/d/1g2LUlGntoVWUQi433rats2xlfqkwajdf/view?usp=drivesdk,15,"Another social science looks at itself
                    Experimental economists have joined the reproducibility discussion by replicating selected published experiments from two top-tier journals in economics. Camerer
                    et al.
                    found that two-thirds of the 18 studies examined yielded replicable estimates of effect size and direction. This proportion is somewhat lower than unaffiliated experts were willing to bet in an associated prediction market, but roughly in line with expectations from sample sizes and P values.
                  Science
                    , this issue p.
                    1433
                  ",18,,,abstract,FALSE
Camereretal2016_17,"Kogan, S., Kwasnica, A. M., & Weber, R. A. (2011). Coordination in the presence of asset markets. American Economic Review, 101(2), 927–947.",10.1257/aer.101.2.927,"Camerer, C. F., Dreber, A., Forsell, E., Ho, T. H., Huber, J., Johannesson, M., ... & Wu, H. (2016). Evaluating replicability of laboratory experiments in economics. Science, 351(6280), 1433-1436.",10.1126/science.aaf0918,https://www.science.org/doi/suppl/10.1126/science.aaf0918/suppl_file/aaf0918-camerer-sm.pdf,https://drive.google.com/file/d/1g2LUlGntoVWUQi433rats2xlfqkwajdf/view?usp=drivesdk,16,"Another social science looks at itself
                    Experimental economists have joined the reproducibility discussion by replicating selected published experiments from two top-tier journals in economics. Camerer
                    et al.
                    found that two-thirds of the 18 studies examined yielded replicable estimates of effect size and direction. This proportion is somewhat lower than unaffiliated experts were willing to bet in an associated prediction market, but roughly in line with expectations from sample sizes and P values.
                  Science
                    , this issue p.
                    1433
                  ",18,,,abstract,TRUE
Camereretal2016_18,"Kuziemko, I., Buell, R. W., Reich, T., & Norton, M. I. (2014). “Last-place aversion”: Evidence and redistributive implications. Quarterly Journal of Economics, 129(1), 105–149.",10.1093/qje/qjt035,"Camerer, C. F., Dreber, A., Forsell, E., Ho, T. H., Huber, J., Johannesson, M., ... & Wu, H. (2016). Evaluating replicability of laboratory experiments in economics. Science, 351(6280), 1433-1436.",10.1126/science.aaf0918,https://www.science.org/doi/suppl/10.1126/science.aaf0918/suppl_file/aaf0918-camerer-sm.pdf,https://drive.google.com/file/d/1g2LUlGntoVWUQi433rats2xlfqkwajdf/view?usp=drivesdk,17,"Another social science looks at itself
                    Experimental economists have joined the reproducibility discussion by replicating selected published experiments from two top-tier journals in economics. Camerer
                    et al.
                    found that two-thirds of the 18 studies examined yielded replicable estimates of effect size and direction. This proportion is somewhat lower than unaffiliated experts were willing to bet in an associated prediction market, but roughly in line with expectations from sample sizes and P values.
                  Science
                    , this issue p.
                    1433
                  ",18,,,abstract,TRUE
Camereretal2016_2,"Ambrus, A., & Greiner, B. (2012). Imperfect public monitoring with costly punishment: An experimental study. American Economic Review, 102(7), 3317–3332.",10.1257/aer.102.7.3317,"Camerer, C. F., Dreber, A., Forsell, E., Ho, T. H., Huber, J., Johannesson, M., ... & Wu, H. (2016). Evaluating replicability of laboratory experiments in economics. Science, 351(6280), 1433-1436.",10.1126/science.aaf0918,https://www.science.org/doi/suppl/10.1126/science.aaf0918/suppl_file/aaf0918-camerer-sm.pdf,https://drive.google.com/file/d/1g2LUlGntoVWUQi433rats2xlfqkwajdf/view?usp=drivesdk,2,"Another social science looks at itself
                    Experimental economists have joined the reproducibility discussion by replicating selected published experiments from two top-tier journals in economics. Camerer
                    et al.
                    found that two-thirds of the 18 studies examined yielded replicable estimates of effect size and direction. This proportion is somewhat lower than unaffiliated experts were willing to bet in an associated prediction market, but roughly in line with expectations from sample sizes and P values.
                  Science
                    , this issue p.
                    1433
                  ",18,,,abstract,FALSE
Camereretal2016_3,"Bartling, B., Fehr, E., & Schmidt, K. M. (2012). Screening, competition, and job design: Economic origins of good jobs. American Economic Review, 102(2), 834–864.",10.1257/aer.102.2.834,"Camerer, C. F., Dreber, A., Forsell, E., Ho, T. H., Huber, J., Johannesson, M., ... & Wu, H. (2016). Evaluating replicability of laboratory experiments in economics. Science, 351(6280), 1433-1436.",10.1126/science.aaf0918,https://www.science.org/doi/suppl/10.1126/science.aaf0918/suppl_file/aaf0918-camerer-sm.pdf,https://drive.google.com/file/d/1g2LUlGntoVWUQi433rats2xlfqkwajdf/view?usp=drivesdk,3,"Another social science looks at itself
                    Experimental economists have joined the reproducibility discussion by replicating selected published experiments from two top-tier journals in economics. Camerer
                    et al.
                    found that two-thirds of the 18 studies examined yielded replicable estimates of effect size and direction. This proportion is somewhat lower than unaffiliated experts were willing to bet in an associated prediction market, but roughly in line with expectations from sample sizes and P values.
                  Science
                    , this issue p.
                    1433
                  ",18,,,abstract,FALSE
Camereretal2016_4,"Charness, G., & Dufwenberg, M. (2011). Participation. American Economic Review, 101(4), 1211–1237.",10.1257/aer.101.4.1211,"Camerer, C. F., Dreber, A., Forsell, E., Ho, T. H., Huber, J., Johannesson, M., ... & Wu, H. (2016). Evaluating replicability of laboratory experiments in economics. Science, 351(6280), 1433-1436.",10.1126/science.aaf0918,https://www.science.org/doi/suppl/10.1126/science.aaf0918/suppl_file/aaf0918-camerer-sm.pdf,https://drive.google.com/file/d/1g2LUlGntoVWUQi433rats2xlfqkwajdf/view?usp=drivesdk,4,"Another social science looks at itself
                    Experimental economists have joined the reproducibility discussion by replicating selected published experiments from two top-tier journals in economics. Camerer
                    et al.
                    found that two-thirds of the 18 studies examined yielded replicable estimates of effect size and direction. This proportion is somewhat lower than unaffiliated experts were willing to bet in an associated prediction market, but roughly in line with expectations from sample sizes and P values.
                  Science
                    , this issue p.
                    1433
                  ",18,,,abstract,FALSE
Camereretal2016_5,"Chen, R., & Chen, Y. (2011). The potential of social identity for equilibrium selection. American Economic Review, 101(6), 2562–2589.",10.1257/aer.101.6.2562,"Camerer, C. F., Dreber, A., Forsell, E., Ho, T. H., Huber, J., Johannesson, M., ... & Wu, H. (2016). Evaluating replicability of laboratory experiments in economics. Science, 351(6280), 1433-1436.",10.1126/science.aaf0918,https://www.science.org/doi/suppl/10.1126/science.aaf0918/suppl_file/aaf0918-camerer-sm.pdf,https://drive.google.com/file/d/1g2LUlGntoVWUQi433rats2xlfqkwajdf/view?usp=drivesdk,5,"Another social science looks at itself
                    Experimental economists have joined the reproducibility discussion by replicating selected published experiments from two top-tier journals in economics. Camerer
                    et al.
                    found that two-thirds of the 18 studies examined yielded replicable estimates of effect size and direction. This proportion is somewhat lower than unaffiliated experts were willing to bet in an associated prediction market, but roughly in line with expectations from sample sizes and P values.
                  Science
                    , this issue p.
                    1433
                  ",18,,,abstract,FALSE
Camereretal2016_6,"De Clippel, G., Eliaz, K., & Knight, B. G. (2014). On the selection of arbitrators. American Economic Review, 104(11), 3434–3458.",10.1257/aer.104.11.3434,"Camerer, C. F., Dreber, A., Forsell, E., Ho, T. H., Huber, J., Johannesson, M., ... & Wu, H. (2016). Evaluating replicability of laboratory experiments in economics. Science, 351(6280), 1433-1436.",10.1126/science.aaf0918,https://www.science.org/doi/suppl/10.1126/science.aaf0918/suppl_file/aaf0918-camerer-sm.pdf,https://drive.google.com/file/d/1g2LUlGntoVWUQi433rats2xlfqkwajdf/view?usp=drivesdk,6,"Another social science looks at itself
                    Experimental economists have joined the reproducibility discussion by replicating selected published experiments from two top-tier journals in economics. Camerer
                    et al.
                    found that two-thirds of the 18 studies examined yielded replicable estimates of effect size and direction. This proportion is somewhat lower than unaffiliated experts were willing to bet in an associated prediction market, but roughly in line with expectations from sample sizes and P values.
                  Science
                    , this issue p.
                    1433
                  ",18,,,abstract,FALSE
Camereretal2016_7,"Duffy, J., & Puzzello, D. (2014). Gift exchange versus monetary exchange: Theory and evidence. American Economic Review, 104(6), 1735–1776.",10.1257/aer.104.6.1735,"Camerer, C. F., Dreber, A., Forsell, E., Ho, T. H., Huber, J., Johannesson, M., ... & Wu, H. (2016). Evaluating replicability of laboratory experiments in economics. Science, 351(6280), 1433-1436.",10.1126/science.aaf0918,https://www.science.org/doi/suppl/10.1126/science.aaf0918/suppl_file/aaf0918-camerer-sm.pdf,https://drive.google.com/file/d/1g2LUlGntoVWUQi433rats2xlfqkwajdf/view?usp=drivesdk,7,"Another social science looks at itself
                    Experimental economists have joined the reproducibility discussion by replicating selected published experiments from two top-tier journals in economics. Camerer
                    et al.
                    found that two-thirds of the 18 studies examined yielded replicable estimates of effect size and direction. This proportion is somewhat lower than unaffiliated experts were willing to bet in an associated prediction market, but roughly in line with expectations from sample sizes and P values.
                  Science
                    , this issue p.
                    1433
                  ",18,,,abstract,FALSE
Camereretal2016_8,"Dulleck, U., Kerschbamer, R., & Sutter, M. (2011). The economics of credence goods: An experiment on the role of liability, verifiability, reputation, and competition. American Economic Review, 101(2), 526–555.",10.1257/aer.101.2.526,"Camerer, C. F., Dreber, A., Forsell, E., Ho, T. H., Huber, J., Johannesson, M., ... & Wu, H. (2016). Evaluating replicability of laboratory experiments in economics. Science, 351(6280), 1433-1436.",10.1126/science.aaf0918,https://www.science.org/doi/suppl/10.1126/science.aaf0918/suppl_file/aaf0918-camerer-sm.pdf,https://drive.google.com/file/d/1g2LUlGntoVWUQi433rats2xlfqkwajdf/view?usp=drivesdk,8,"Another social science looks at itself
                    Experimental economists have joined the reproducibility discussion by replicating selected published experiments from two top-tier journals in economics. Camerer
                    et al.
                    found that two-thirds of the 18 studies examined yielded replicable estimates of effect size and direction. This proportion is somewhat lower than unaffiliated experts were willing to bet in an associated prediction market, but roughly in line with expectations from sample sizes and P values.
                  Science
                    , this issue p.
                    1433
                  ",18,,,abstract,FALSE
Camereretal2016_9,"Ericson, K. M. M., & Fuster, A. (2011). Expectations as endowments: Evidence on reference-dependent preferences from exchange and valuation experiments. Quarterly Journal of Economics, 126(4), 1879–1907.",10.1093/qje/qjr034,"Camerer, C. F., Dreber, A., Forsell, E., Ho, T. H., Huber, J., Johannesson, M., ... & Wu, H. (2016). Evaluating replicability of laboratory experiments in economics. Science, 351(6280), 1433-1436.",10.1126/science.aaf0918,https://www.science.org/doi/suppl/10.1126/science.aaf0918/suppl_file/aaf0918-camerer-sm.pdf,https://drive.google.com/file/d/1g2LUlGntoVWUQi433rats2xlfqkwajdf/view?usp=drivesdk,18,"Another social science looks at itself
                    Experimental economists have joined the reproducibility discussion by replicating selected published experiments from two top-tier journals in economics. Camerer
                    et al.
                    found that two-thirds of the 18 studies examined yielded replicable estimates of effect size and direction. This proportion is somewhat lower than unaffiliated experts were willing to bet in an associated prediction market, but roughly in line with expectations from sample sizes and P values.
                  Science
                    , this issue p.
                    1433
                  ",18,,,abstract,FALSE
Camereretal2018_1_1,"Ackerman, J. M., Nocera, C. C., & Bargh, J. A. (2010). Incidental haptic sensations influence social judgments and decisions. Science, 328(5986), 1712-1715.",10.1126/science.1189993,"Camerer, C. F., Dreber, A., Holzmeister, F., Ho, T. H., Huber, J., Johannesson, M., ... & Wu, H. (2018). Evaluating the replicability of social science experiments in Nature and Science between 2010 and 2015. Nature human behaviour, 2(9), 637-644.",10.1038/s41562-018-0399-z,https://osf.io/9hn4c,https://drive.google.com/file/d/1XgVMa01TtKbRfWaCjSCwCg4zPwJV_vw6/view?usp=drivesdk,1,NA,15,,,abstract,FALSE
Camereretal2018_10_1,"Karpicke, J. D., & Blunt, J. R. (2011). Retrieval practice produces more learning than elaborative studying with concept mapping. Science, 331(6018), 772-775.",10.1126/science.1199327,"Camerer, C. F., Dreber, A., Holzmeister, F., Ho, T. H., Huber, J., Johannesson, M., ... & Wu, H. (2018). Evaluating the replicability of social science experiments in Nature and Science between 2010 and 2015. Nature human behaviour, 2(9), 637-644.",10.1038/s41562-018-0399-z,https://osf.io/mgjxv,https://drive.google.com/file/d/1XgVMa01TtKbRfWaCjSCwCg4zPwJV_vw6/view?usp=drivesdk,10,NA,15,,,abstract,FALSE
Camereretal2018_11_1,"Kidd, D. C., & Castano, E. (2013). Reading literary fiction improves theory of mind. Science, 342(6156), 377-380.",10.1126/science.1239918,"Camerer, C. F., Dreber, A., Holzmeister, F., Ho, T. H., Huber, J., Johannesson, M., ... & Wu, H. (2018). Evaluating the replicability of social science experiments in Nature and Science between 2010 and 2015. Nature human behaviour, 2(9), 637-644.",10.1038/s41562-018-0399-z,https://osf.io/s73x6,https://drive.google.com/file/d/1XgVMa01TtKbRfWaCjSCwCg4zPwJV_vw6/view?usp=drivesdk,11,NA,15,,,abstract,TRUE
Camereretal2018_12_1,"Kovács, Á. M., Téglás, E., & Endress, A. D. (2010). The social sense: Susceptibility to others’ beliefs in human infants and adults. Science, 330(6012), 1830-1834.",10.1126/science.1190792,"Camerer, C. F., Dreber, A., Holzmeister, F., Ho, T. H., Huber, J., Johannesson, M., ... & Wu, H. (2018). Evaluating the replicability of social science experiments in Nature and Science between 2010 and 2015. Nature human behaviour, 2(9), 637-644.",10.1038/s41562-018-0399-z,https://osf.io/jnq7e,https://drive.google.com/file/d/1XgVMa01TtKbRfWaCjSCwCg4zPwJV_vw6/view?usp=drivesdk,12,NA,15,,,abstract,FALSE
Camereretal2018_13_1,"Lee, S. W., & Schwarz, N. (2010). Washing away postdecisional dissonance. Science, 328(5979), 709-709.",10.1126/science.1186799,"Camerer, C. F., Dreber, A., Holzmeister, F., Ho, T. H., Huber, J., Johannesson, M., ... & Wu, H. (2018). Evaluating the replicability of social science experiments in Nature and Science between 2010 and 2015. Nature human behaviour, 2(9), 637-644.",10.1038/s41562-018-0399-z,https://osf.io/jubxw,https://drive.google.com/file/d/1XgVMa01TtKbRfWaCjSCwCg4zPwJV_vw6/view?usp=drivesdk,13,NA,15,,,abstract,FALSE
Camereretal2018_15_1,"Nishi, A., Shirado, H., Rand, D. G., & Christakis, N. A. (2015). Inequality and visibility of wealth in experimental social networks. Nature, 526(7573), 426-429.",10.1038/nature15392,"Camerer, C. F., Dreber, A., Holzmeister, F., Ho, T. H., Huber, J., Johannesson, M., ... & Wu, H. (2018). Evaluating the replicability of social science experiments in Nature and Science between 2010 and 2015. Nature human behaviour, 2(9), 637-644.",10.1038/s41562-018-0399-z,https://osf.io/67mzc,https://drive.google.com/file/d/1XgVMa01TtKbRfWaCjSCwCg4zPwJV_vw6/view?usp=drivesdk,15,NA,15,,,abstract,FALSE
Camereretal2018_16_1,"Pyc, M. A., & Rawson, K. A. (2010). Why testing improves memory: Mediator effectiveness hypothesis. Science, 330(6002), 335-335.",10.1126/science.1191465,"Camerer, C. F., Dreber, A., Holzmeister, F., Ho, T. H., Huber, J., Johannesson, M., ... & Wu, H. (2018). Evaluating the replicability of social science experiments in Nature and Science between 2010 and 2015. Nature human behaviour, 2(9), 637-644.",10.1038/s41562-018-0399-z,https://osf.io/zj5n3,https://drive.google.com/file/d/1XgVMa01TtKbRfWaCjSCwCg4zPwJV_vw6/view?usp=drivesdk,16,NA,15,,,abstract,FALSE
Camereretal2018_17_1,"Ramirez, G., & Beilock, S. L. (2011). Writing about testing worries boosts exam performance in the classroom. science, 331(6014), 211-213.",10.1126/science.1199427,"Camerer, C. F., Dreber, A., Holzmeister, F., Ho, T. H., Huber, J., Johannesson, M., ... & Wu, H. (2018). Evaluating the replicability of social science experiments in Nature and Science between 2010 and 2015. Nature human behaviour, 2(9), 637-644.",10.1038/s41562-018-0399-z,https://osf.io/j8pbk,https://drive.google.com/file/d/1XgVMa01TtKbRfWaCjSCwCg4zPwJV_vw6/view?usp=drivesdk,17,NA,15,,,abstract,TRUE
Camereretal2018_18_1,"Rand, D. G., Greene, J. D., & Nowak, M. A. (2012). Spontaneous giving and calculated greed. Nature, 489(7416), 427-430.",10.1038/nature11467,"Camerer, C. F., Dreber, A., Holzmeister, F., Ho, T. H., Huber, J., Johannesson, M., ... & Wu, H. (2018). Evaluating the replicability of social science experiments in Nature and Science between 2010 and 2015. Nature human behaviour, 2(9), 637-644.",10.1038/s41562-018-0399-z,https://osf.io/szcuk,https://drive.google.com/file/d/1XgVMa01TtKbRfWaCjSCwCg4zPwJV_vw6/view?usp=drivesdk,18,NA,15,,,abstract,FALSE
Camereretal2018_19_1,"Shah, A. K., Mullainathan, S., & Shafir, E. (2012). Some consequences of having too little. Science, 338(6107), 682-685.",10.1126/science.1222426,"Camerer, C. F., Dreber, A., Holzmeister, F., Ho, T. H., Huber, J., Johannesson, M., ... & Wu, H. (2018). Evaluating the replicability of social science experiments in Nature and Science between 2010 and 2015. Nature human behaviour, 2(9), 637-644.",10.1038/s41562-018-0399-z,https://osf.io/5uw3j,https://drive.google.com/file/d/1XgVMa01TtKbRfWaCjSCwCg4zPwJV_vw6/view?usp=drivesdk,19,NA,15,,,abstract,TRUE
Camereretal2018_21_1,"Wilson, T. D., Reinhard, D. A., Westgate, E. C., Gilbert, D. T., Ellerbeck, N., Hahn, C., ... & Shaked, A. (2014). Just think: The challenges of the disengaged mind. Science, 345(6192), 75-77.",10.1126/science.1250830,"Camerer, C. F., Dreber, A., Holzmeister, F., Ho, T. H., Huber, J., Johannesson, M., ... & Wu, H. (2018). Evaluating the replicability of social science experiments in Nature and Science between 2010 and 2015. Nature human behaviour, 2(9), 637-644.",10.1038/s41562-018-0399-z,https://osf.io/qwked,https://drive.google.com/file/d/1XgVMa01TtKbRfWaCjSCwCg4zPwJV_vw6/view?usp=drivesdk,21,NA,15,,,abstract,FALSE
Camereretal2018_3_1,"Balafoutas, L., & Sutter, M. (2012). Affirmative action policies promote women and do not harm efficiency in the laboratory. Science, 335(6068), 579-582.",10.1126/science.1211180,"Camerer, C. F., Dreber, A., Holzmeister, F., Ho, T. H., Huber, J., Johannesson, M., ... & Wu, H. (2018). Evaluating the replicability of social science experiments in Nature and Science between 2010 and 2015. Nature human behaviour, 2(9), 637-644.",10.1038/s41562-018-0399-z,https://osf.io/drvhe,https://drive.google.com/file/d/1XgVMa01TtKbRfWaCjSCwCg4zPwJV_vw6/view?usp=drivesdk,3,NA,15,,,abstract,FALSE
Camereretal2018_4_1,"Derex, M., Beugin, M. P., Godelle, B., & Raymond, M. (2013). Experimental evidence for the influence of group size on cultural complexity. Nature, 503(7476), 389-391.",10.1038/nature12774,"Camerer, C. F., Dreber, A., Holzmeister, F., Ho, T. H., Huber, J., Johannesson, M., ... & Wu, H. (2018). Evaluating the replicability of social science experiments in Nature and Science between 2010 and 2015. Nature human behaviour, 2(9), 637-644.",10.1038/s41562-018-0399-z,https://osf.io/kchf9,https://drive.google.com/file/d/1XgVMa01TtKbRfWaCjSCwCg4zPwJV_vw6/view?usp=drivesdk,4,NA,15,,,abstract,TRUE
Camereretal2018_5_1,"Duncan, K., Sadanand, A., & Davachi, L. (2012). Memory’s penumbra: episodic memory decisions induce lingering mnemonic biases. Science, 337(6093), 485-487.",10.1126/science.1221936,"Camerer, C. F., Dreber, A., Holzmeister, F., Ho, T. H., Huber, J., Johannesson, M., ... & Wu, H. (2018). Evaluating the replicability of social science experiments in Nature and Science between 2010 and 2015. Nature human behaviour, 2(9), 637-644.",10.1038/s41562-018-0399-z,https://osf.io/s48ht,https://drive.google.com/file/d/1XgVMa01TtKbRfWaCjSCwCg4zPwJV_vw6/view?usp=drivesdk,5,NA,15,,,abstract,FALSE
Camereretal2018_8_1,"Hauser, O. P., Rand, D. G., Peysakhovich, A., & Nowak, M. A. (2014). Cooperating with the future. Nature, 511(7508), 220-223.",10.1038/nature13530,"Camerer, C. F., Dreber, A., Holzmeister, F., Ho, T. H., Huber, J., Johannesson, M., ... & Wu, H. (2018). Evaluating the replicability of social science experiments in Nature and Science between 2010 and 2015. Nature human behaviour, 2(9), 637-644.",10.1038/s41562-018-0399-z,https://osf.io/2mtr3,https://drive.google.com/file/d/1XgVMa01TtKbRfWaCjSCwCg4zPwJV_vw6/view?usp=drivesdk,8,NA,15,,,abstract,FALSE
curatescience10,"Schnall, S., Benton, J., & Harvey, S. (2008). With a clean conscience: Cleanliness reduces the severity of moral judgments. Psychological science, 19(12), 1219-1222. Study 1",10.1111/j.1467-9280.2008.02227.x,"Arbesfeld, J. Collins, T., Baldwin, D., & Daubman, K. (2014, February 15). Clean thoughts lead to less severe moral judgment. Retrieved 16:26, February 18, 2014 from http://www.PsychFileDrawer.org/replicati on.php?attempt=MTc3",NA,https://web.archive.org/web/20191201181415/http://psychfiledrawer.org/replication.php?attempt=MTc3,NA,1,NA,17,,,abstract,TRUE
curatescience11,"Schnall, S., Benton, J., & Harvey, S. (2008). With a clean conscience: Cleanliness reduces the severity of moral judgments. Psychological science, 19(12), 1219-1222. Study 1",10.1111/j.1467-9280.2008.02227.x,Lee et al. (2013),lee_2013,https://drive.google.com/file/d/1DDCuEgQah24QordxkRGO0EIt6Q681jyL/view,https://drive.google.com/file/d/1DDCuEgQah24QordxkRGO0EIt6Q681jyL/view?usp=drivesdk,1,NA,1,,,abstract,TRUE
curatescience12,"Schnall, S., Benton, J., & Harvey, S. (2008). With a clean conscience: Cleanliness reduces the severity of moral judgments. Psychological science, 19(12), 1219-1222. Study 1",10.1111/j.1467-9280.2008.02227.x,Huang JL (2014) Does cleanliness influence moral judgments? Response effort moderates the effect of cleanliness priming on moral judgments. Front. Psychol. 5:1276. (Study 1),10.3389/fpsyg.2014.01276,https://drive.google.com/file/d/1DDCuEgQah24QordxkRGO0EIt6Q681jyL/view,https://drive.google.com/file/d/1CSCUNAQZCt3s32RgzUwXe6pe5scvK0yY/view?usp=drivesdk,1,NA,1,,,abstract,TRUE
CORE_1,"Kruger, J. (1999). Lake Wobegon be gone! The ""below-average effect"" and the egocentric nature of comparative ability judgments. Journal of Personality and Social Psychology, 77(2), 221–232.",10.1037/0022-3514.77.2.221,"Korbmacher, M., Kwan, C. I., & Feldman, G. (2022). Both better and worse than others depending on difficulty: Replication and extensions of Kruger’s (1999) above and below average effects. https://hdl.handle.net/11250/2990125",korbmacher_2022,https://hdl.handle.net/11250/2990125,https://drive.google.com/file/d/1Pa04ha1QPdwzQRxkAmjcqeTTakxa_4-A/view?usp=drivesdk,1,NA,1,,,abstract,FALSE
curatescience14,"Wang, X. T., & Dvorak, R. D. (2010). Sweet future: Fluctuating blood glucose levels affect future discounting. Psychological Science, 21(2), 183-188.",10.1016/j.jtbi.2005.02.010,"Lange, F., & Eggert, F. (2014). Sweet delusion. Glucose drinks fail to counteract ego depletion. Appetite, 75, 54–63.",10.1016/j.appet.2013.12.020,NA,https://drive.google.com/file/d/1c8fXNnhmY13vK0FI3aMB_LAx3-JbSZd7/view?usp=drivesdk,1,NA,1,,,abstract,TRUE
curatescience15,"Muraven, M., Tice, D. M., & Baumeister, R. F. (1998). Self-control as a limited resource: Regulatory depletion patterns. Journal of personality and social psychology, 74(3), 774.",10.1037/0022-3514.74.3.774,"Murtagh, A. M., & Todd, S. A. (2004). Self-regulation: A challenge to the strength model. Journal of Articles in Support of the Null Hypothesis, 3(1), 19-51. (Study 2)",murtagh_2004,NA,https://drive.google.com/file/d/1y0uavGuuD3FfKExlt9hI-j32m6j_RxXx/view?usp=drivesdk,2,NA,1,,,abstract,FALSE
curatescience18,"Schmeichel, B. J. (2007). Attention control, memory updating, and emotion regulation temporarily reduce the capacity for executive control. Journal of experimental psychology: General, 136(2), 241.",10.1037/0096-3445.136.2.241,"Carter, E. C., & McCullough, M. E. (2013). After a pair of self-control-intensive tasks, sucrose swishing improves subsequent working memory performance. BMC Psychology, 1(1).",10.1186/2050-7283-1-22,NA,https://drive.google.com/file/d/177P2xO1D22ODvu0Zcz9Ls-wtsZM0ck_y/view?usp=drivesdk,NA,NA,1,,,abstract,FALSE
curatescience19,"Schmeichel, B. J. (2007). Attention control, memory updating, and emotion regulation temporarily reduce the capacity for executive control. Journal of experimental psychology: General, 136(2), 241.",10.1037/0096-3445.136.2.241,"Lurquin JH, Michaelson LE, Barker JE, Gustavson DE, von Bastian CC, Carruth NP, et al. (2016) No Evidence of the Ego-Depletion Effect across Task Characteristics and Individual Differences: A Pre-Registered Study. PLoS ONE 11 (2): e0147770.",10.1371/journal.pone.0147770,NA,https://drive.google.com/file/d/1UXS2QTqJQUfE_Pyj2Qy0nOdEsfBcSrJD/view?usp=drivesdk,1,NA,1,,,abstract,TRUE
curatescience20,"Inzlicht, M., & Gutsell, J. N. (2007). Running on empty: Neural signals for self-control failure. Psychological science, 18(11), 933-937.",10.1111/j.1467-9280.2007.02004.x,"Wang, Y., & Yang, L. (2014). Suppression (but not reappraisal) impairs subsequent error detection: An ERP Study of Emotion Regulation’s Resource-Depleting Effect. PLOS ONE, 9(4), e96339.",10.1371/journal.pone.0096339,NA,https://drive.google.com/file/d/1gBBT6EBomzmICcRfzrG_6jxfvMnRuQIj/view?usp=drivesdk,2,NA,1,,,abstract,TRUE
curatescience21,"Bargh, J. A., Chen, M., & Burrows, L. (1996). Automaticity of social behavior: Direct effects of trait construct and stereotype activation on action. Journal of Personality and Social Psychology, 71(2), 230–244.",10.1037/0022-3514.71.2.230,"Hull, J. G., Slone, L. B., Meteyer, K., & Matthews, A. R. (2002). The nonconsciousness of self-consciousness. Journal of Personality and Social Psychology, 83(2), 406–424. (Study 1a)",10.1037/0022-3514.83.2.406,NA,https://drive.google.com/file/d/1OuxVCUkVnVBw7IH1mtlkV9HYUNX7kOe5/view?usp=drivesdk,1a,NA,2,,,abstract,TRUE
curatescience22,"Bargh, J. A., Chen, M., & Burrows, L. (1996). Automaticity of social behavior: Direct effects of trait construct and stereotype activation on action. Journal of Personality and Social Psychology, 71(2), 230–244. Study 2a",10.1037/0022-3514.71.2.230,"Hull, J. G., Slone, L. B., Meteyer, K., & Matthews, A. R. (2002). The nonconsciousness of self-consciousness. Journal of Personality and Social Psychology, 83(2), 406–424. (Study 1b)",10.1037/0022-3514.83.2.406,NA,https://drive.google.com/file/d/1OuxVCUkVnVBw7IH1mtlkV9HYUNX7kOe5/view?usp=drivesdk,1b,NA,2,,,abstract,TRUE
curatescience23,"Bargh, J. A., Chen, M., & Burrows, L. (1996). Automaticity of social behavior: Direct effects of trait construct and stereotype activation on action. Journal of Personality and Social Psychology, 71(2), 230–244. Study 2a",10.1037/0022-3514.71.2.230,"Cesario, J., Plaks, J. E., & Higgins, E. T. (2006). Automatic social behavior as motivated preparation to interact. Journal of Personality and Social Psychology, 90(6), 893–910 (study 2)",10.1037/0022-3514.90.6.893,NA,https://drive.google.com/file/d/1TGcGbqDcsz1Kyb3oCU4EoWJQ9dp-E7q6/view?usp=drivesdk,2,NA,1,,,abstract,TRUE
curatescience24,"Bargh, J. A., Chen, M., & Burrows, L. (1996). Automaticity of social behavior: Direct effects of trait construct and stereotype activation on action. Journal of Personality and Social Psychology, 71(2), 230–244.",10.1037/0022-3514.71.2.230,"Pashler, H., Harris, C., & Coburn, N.. Elderly-Related Words Prime Slow Walking . (2011, September 15). Retrieved 04:36, September 23, 2017 from http://www.PsychFileDrawer.org/replication.php?attempt=MTU%3D",pashler_2011,NA,https://drive.google.com/file/d/1i2aa1erQ9i9knP8Z5bgGiSt6DXX7U7Fa/view?usp=drivesdk,NA,NA,1,,,abstract,FALSE
curatescience241_1,"Schwarz, N., Hippler, H. J., Deutsch, B., & Strack, F. (1985).Response scales: Effects of category range on reportedbehavior and comparative judgments. Public Opinion Quarterly, 49, 388–395.",10.1086/268936,"Klein, R. A., Ratliff, K. A., Vianello, M., Adams, R. B., Bahník, Š., Bernstein, M. J., ... & Nosek, B. A. (2014). Investigating variation in replicability: A ""Many Labs"" replication project. Social Psychology, 45(3), 142–152",10.1027/1864-9335/a000178,https://osf.io/y36m8,https://drive.google.com/file/d/1fIqa3RxgdnsQkWwGnLkF4XAbM2g_WN4q/view?usp=drivesdk,05 (as labeled in the Many Labs supplement).,"Although replication is a central tenet of science, direct replications are rare in psychology. This research tested variation in the replicability of 13 classic and contemporary effects across 36 independent samples totaling 6,344 participants. In the aggregate, 10 effects replicated consistently. One effect – imagined contact reducing prejudice – showed weak support for replicability. And two effects – flag priming influencing conservatism and currency priming influencing system justification – did not replicate. We compared whether the conditions such as lab versus online or US versus international sample predicted effect magnitudes. By and large they did not. The results of this small sample of effects suggest that replicability is more dependent on the effect itself than on the sample and setting used to investigate the effect.",7,,,abstract,TRUE
curatescience244_2,"Nosek, B. A., Banaji, M. R., & Greenwald, A. G. (2002). Math = male, me = female, therefore math ≠ me. Journal of Personality and Social Psychology, 83(1), 44–59.",10.1037/0022-3514.83.1.44,"Klein, R. A., Ratliff, K. A., Vianello, M., Adams, R. B., Bahník, Š., Bernstein, M. J., ... & Nosek, B. A. (2014). Investigating variation in replicability: A ""Many Labs"" replication project. Social Psychology, 45(3), 142–152",10.1027/1864-9335/a000178,https://osf.io/y36m8,https://drive.google.com/file/d/1fIqa3RxgdnsQkWwGnLkF4XAbM2g_WN4q/view?usp=drivesdk,12 (as labeled in the Many Labs supplement).,"Although replication is a central tenet of science, direct replications are rare in psychology. This research tested variation in the replicability of 13 classic and contemporary effects across 36 independent samples totaling 6,344 participants. In the aggregate, 10 effects replicated consistently. One effect – imagined contact reducing prejudice – showed weak support for replicability. And two effects – flag priming influencing conservatism and currency priming influencing system justification – did not replicate. We compared whether the conditions such as lab versus online or US versus international sample predicted effect magnitudes. By and large they did not. The results of this small sample of effects suggest that replicability is more dependent on the effect itself than on the sample and setting used to investigate the effect.",7,,,abstract,FALSE
curatescience25,"Bargh, J. A., Chen, M., & Burrows, L. (1996). Automaticity of social behavior: Direct effects of trait construct and stereotype activation on action. Journal of Personality and Social Psychology, 71(2), 230–244. Study 2a",10.1037/0022-3514.71.2.230,"Doyen, S., Klein, O., Pichon, C., & Cleeremans, A. (2012). Behavioral priming: it’s all in the mind, but whose mind? PLOS ONE, 7(1), e29081.",10.1371/journal.pone.0029081,NA,https://drive.google.com/file/d/13yA5wer3pEP6DzO7ZMN-jDmSL2aYTKUo/view?usp=drivesdk,1,NA,1,,,abstract,TRUE
curatescience27,"Slepian, M. L., Masicampo, E. J., Toosi, N. R., & Ambady, N. (2012). The physical burdens of secrecy. Journal of Experimental Psychology: General, 141(4), 619. Study 1",10.1037/a0027598,"LeBel, E. P., & Wilbur, C. J. (2013). Big secrets do not necessarily cause hills to appear steeper. Psychonomic Bulletin & Review, 21(3), 696–700. (Study 1)",10.3758/s13423-013-0549-2,NA,https://drive.google.com/file/d/1x9sfN1Qyptlpks3NPyyD6PckLhoE6G6J/view?usp=drivesdk,1,NA,2,,,abstract,TRUE
curatescience28,"Slepian, M. L., Masicampo, E. J., Toosi, N. R., & Ambady, N. (2012). The physical burdens of secrecy. Journal of Experimental Psychology: General, 141(4), 619. Study 1",10.1037/a0027598,"LeBel, E. P., & Wilbur, C. J. (2013). Big secrets do not necessarily cause hills to appear steeper. Psychonomic Bulletin & Review, 21(3), 696–700. (Study 2)",10.3758/s13423-013-0549-2,NA,https://drive.google.com/file/d/1x9sfN1Qyptlpks3NPyyD6PckLhoE6G6J/view?usp=drivesdk,2,NA,2,,,abstract,TRUE
curatescience29,"Slepian, M. L., Masicampo, E. J., Toosi, N. R., & Ambady, N. (2012). The physical burdens of secrecy. Journal of Experimental Psychology: General, 141(4), 619. Study 1",10.1037/a0027598,"Pecher, D., Van Mierlo, H., Cañal‐Bruland, R., & Zeelenberg, R. (2015). The burden of secrecy? No effect on hill slant estimation and beanbag throwing. Journal of Experimental Psychology: General, 144(4), e65–e72. (Study 1)",10.1037/xge0000090,NA,https://drive.google.com/file/d/1TOxKvkgLgldkEiOl4Cnst0AYk7w8IBCh/view?usp=drivesdk,1,NA,3,,,abstract,FALSE
curatescience30,"Slepian, M. L., Masicampo, E. J., Toosi, N. R., & Ambady, N. (2012). The physical burdens of secrecy. Journal of Experimental Psychology: General, 141(4), 619. Study 1",10.1037/a0027598,"Pecher, D., Van Mierlo, H., Cañal‐Bruland, R., & Zeelenberg, R. (2015). The burden of secrecy? No effect on hill slant estimation and beanbag throwing. Journal of Experimental Psychology: General, 144(4), e65–e72. (Study 2)",10.1037/xge0000090,NA,https://drive.google.com/file/d/1TOxKvkgLgldkEiOl4Cnst0AYk7w8IBCh/view?usp=drivesdk,2,NA,3,,,abstract,FALSE
curatescience31,"Slepian, M. L., Masicampo, E. J., Toosi, N. R., & Ambady, N. (2012). The physical burdens of secrecy. Journal of Experimental Psychology: General, 141(4), 619. Study 2",10.1037/a0027598,Cobb et al. (2014),NA,https://web.archive.org/web/20220128104303mp_/https://curatescience.org/app/replications,NA,2,NA,17,,,abstract,TRUE
curatescience32,"Slepian, M. L., Masicampo, E. J., Toosi, N. R., & Ambady, N. (2012). The physical burdens of secrecy. Journal of Experimental Psychology: General, 141(4), 619. Study 2",10.1037/a0027598,"Pecher, D., Van Mierlo, H., Cañal‐Bruland, R., & Zeelenberg, R. (2015). The burden of secrecy? No effect on hill slant estimation and beanbag throwing. Journal of Experimental Psychology: General, 144(4), e65–e72. (Study 3)",10.1037/xge0000090,NA,https://drive.google.com/file/d/1TOxKvkgLgldkEiOl4Cnst0AYk7w8IBCh/view?usp=drivesdk,3,NA,3,,,abstract,FALSE
curatescience320_1,"Oppenheimer, D. M., & Monin, B. (2009). The retrospective gambler’s fallacy: Unlikely events, constructing the past, and multiple universes. Judgment and Decision Making, 4(5), 326-334.",10.1017/s1930297500001170,"Klein, R. A., Ratliff, K. A., Vianello, M., Adams, R. B., Bahník, Š., Bernstein, M. J., ... & Nosek, B. A. (2014). Investigating variation in replicability: A ""Many Labs"" replication project. Social Psychology, 45(3), 142–152",10.1027/1864-9335/a000178,https://osf.io/y36m8,https://drive.google.com/file/d/1fIqa3RxgdnsQkWwGnLkF4XAbM2g_WN4q/view?usp=drivesdk,04 (as labeled in the Many Labs supplement).,"Although replication is a central tenet of science, direct replications are rare in psychology. This research tested variation in the replicability of 13 classic and contemporary effects across 36 independent samples totaling 6,344 participants. In the aggregate, 10 effects replicated consistently. One effect – imagined contact reducing prejudice – showed weak support for replicability. And two effects – flag priming influencing conservatism and currency priming influencing system justification – did not replicate. We compared whether the conditions such as lab versus online or US versus international sample predicted effect magnitudes. By and large they did not. The results of this small sample of effects suggest that replicability is more dependent on the effect itself than on the sample and setting used to investigate the effect.",7,,,abstract,FALSE
curatescience33,"Rasinski, K. A., Visser, P. S., Zagatsky, M., & Rickett, E. M. (2005). Using implicit goal priming to improve the quality of self-report data. Journal of Experimental Social Psychology, 41(3), 321-327.",10.1016/j.jesp.2004.07.001,"Pashler, H., Rohrer, D., & Harris, C. R. (2013). Can the goal of honesty be primed? Journal of Experimental Social Psychology, 49(6), 959–964. (Study 1)",10.1016/j.jesp.2013.05.011,NA,https://drive.google.com/file/d/1JdFF8pu65hv5yMW8kuJKZT-omhqW3568/view?usp=drivesdk,1,NA,4,,,abstract,TRUE
curatescience34,"Rasinski, K. A., Visser, P. S., Zagatsky, M., & Rickett, E. M. (2005). Using implicit goal priming to improve the quality of self-report data. Journal of Experimental Social Psychology, 41(3), 321-327.",10.1016/j.jesp.2004.07.001,"Pashler, H., Rohrer, D., & Harris, C. R. (2013). Can the goal of honesty be primed? Journal of Experimental Social Psychology, 49(6), 959–964. (Study 2)",10.1016/j.jesp.2013.05.011,NA,https://drive.google.com/file/d/1JdFF8pu65hv5yMW8kuJKZT-omhqW3568/view?usp=drivesdk,2,NA,4,,,abstract,TRUE
curatescience35,"Rasinski, K. A., Visser, P. S., Zagatsky, M., & Rickett, E. M. (2005). Using implicit goal priming to improve the quality of self-report data. Journal of Experimental Social Psychology, 41(3), 321-327.",10.1016/j.jesp.2004.07.001,"Pashler, H., Rohrer, D., & Harris, C. R. (2013). Can the goal of honesty be primed? Journal of Experimental Social Psychology, 49(6), 959–964. (Study 3)",10.1016/j.jesp.2013.05.011,NA,https://drive.google.com/file/d/1JdFF8pu65hv5yMW8kuJKZT-omhqW3568/view?usp=drivesdk,3,NA,4,,,abstract,TRUE
curatescience36,"Rasinski, K. A., Visser, P. S., Zagatsky, M., & Rickett, E. M. (2005). Using implicit goal priming to improve the quality of self-report data. Journal of Experimental Social Psychology, 41(3), 321-327.",10.1016/j.jesp.2004.07.001,"Pashler, H., Rohrer, D., & Harris, C. R. (2013). Can the goal of honesty be primed? Journal of Experimental Social Psychology, 49(6), 959–964. (Study 4)",10.1016/j.jesp.2013.05.011,NA,https://drive.google.com/file/d/1JdFF8pu65hv5yMW8kuJKZT-omhqW3568/view?usp=drivesdk,4,NA,4,,,abstract,TRUE
curatescience37,"Zhong, C. B., & Liljenquist, K. (2006). Washing away your sins: Threatened morality and physical cleansing. Science, 313(5792), 1451-1452.",10.1126/science.1130726,"Fayard, Jennifer & Bassi, Aman & Bernstein, Daniel & Roberts, Brent. (2009). Is cleanliness next to godliness? Dispelling old wives' tales: Failure to replicate Zhong and Liljenquist (2006). J. Articles Support Null Hypothesis. 6. (Study 1)",fayard_2009,NA,NA,1,NA,2,,,abstract,TRUE
curatescience38,"Zhong, C. B., & Liljenquist, K. (2006). Washing away your sins: Threatened morality and physical cleansing. Science, 313(5792), 1451-1452.",10.1126/science.1130726,"Gámez, E., Díaz, J. a. Á., & Marrero, H. (2011). The Uncertain Universality of the Macbeth Effect with a Spanish Sample. The Spanish Journal of Psychology, 14(1), 156–162. (Study 3)",10.5209/rev_sjop.2011.v14.n1.13,NA,https://drive.google.com/file/d/1G4tP3z0FT61HHKi1B51ImyPr28TywEAv/view?usp=drivesdk,1,"Recently a psychological mechanism has been proposed between bodily purity and moral purity: the “Macbeth effect”. The act of washing their hands seems to free individuals of their guilt. However, the universality of this psychological mechanism is an empirical question that should be studied. In four studies we replicated the original Zhong & Liljenquist's experiments with Spanish samples. We were unsuccessful in replicating the Zhong & Liljenquist's results that supported cleansing as a psychological mechanism for compensating guilty: results couldn't confirm an increased mental accessibility of cleansing-related concepts or even a greater desire for cleansing products, neither a greater likelihood of taking antiseptic wipes. In addition we didn't find that physical cleansing alleviates the upsetting consequences of unethical behaviour. Spanish samples showed sensibility to morality and helping behaviour but not with cleansing as a way to reduce their threatened morality.",3,,,abstract,TRUE
curatescience395_1,"Jacowitz, K. E., & Kahneman, D. (1995). Measures of anchoring in estimation tasks. Personality and Social Psychology Bulletin, 21(11), 1161-1166.",10.1177/01461672952111004,"Klein, R. A., Ratliff, K. A., Vianello, M., Adams, R. B., Bahník, Š., Bernstein, M. J., ... & Nosek, B. A. (2014). Investigating variation in replicability: A ""Many Labs"" replication project. Social Psychology, 45(3), 142–152",10.1027/1864-9335/a000178,https://osf.io/y36m8,https://drive.google.com/file/d/1fIqa3RxgdnsQkWwGnLkF4XAbM2g_WN4q/view?usp=drivesdk,03 (as labeled in the Many Labs supplement).,"Although replication is a central tenet of science, direct replications are rare in psychology. This research tested variation in the replicability of 13 classic and contemporary effects across 36 independent samples totaling 6,344 participants. In the aggregate, 10 effects replicated consistently. One effect – imagined contact reducing prejudice – showed weak support for replicability. And two effects – flag priming influencing conservatism and currency priming influencing system justification – did not replicate. We compared whether the conditions such as lab versus online or US versus international sample predicted effect magnitudes. By and large they did not. The results of this small sample of effects suggest that replicability is more dependent on the effect itself than on the sample and setting used to investigate the effect.",7,,,abstract,FALSE
curatescience40,"Zhong, C. B., & Liljenquist, K. (2006). Washing away your sins: Threatened morality and physical cleansing. Science, 313(5792), 1451-1452.",10.1126/science.1130726,Siev (2012) Study 1,NA,https://github.com/eplebel/science-commons/blob/master/curated/z%26l/Siev%20(2012).pdf,NA,1,NA,17,,,abstract,TRUE
curatescience42,"Zhong, C. B., & Liljenquist, K. (2006). Washing away your sins: Threatened morality and physical cleansing. Science, 313(5792), 1451-1452.",10.1126/science.1130726,"Earp, B. D., Everett, J. a. C., Madva, E. N., & Hamlin, J. K. (2014). Out, damned spot: Can the “Macbeth effect” be replicated? Basic and Applied Social Psychology, 36(1), 91–98.",10.1080/01973533.2013.856792,NA,https://drive.google.com/file/d/1grC_-CjFVn77v-PGNS3-UDB1Sv0gUwum/view?usp=drivesdk,1,NA,3,,,abstract,TRUE
curatescience43,"Zhong, C. B., & Liljenquist, K. (2006). Washing away your sins: Threatened morality and physical cleansing. Science, 313(5792), 1451-1452.",10.1126/science.1130726,"Earp, B. D., Everett, J. a. C., Madva, E. N., & Hamlin, J. K. (2014). Out, damned spot: Can the “Macbeth effect” be replicated? Basic and Applied Social Psychology, 36(1), 91–98.",10.1080/01973533.2013.856792,NA,https://drive.google.com/file/d/1grC_-CjFVn77v-PGNS3-UDB1Sv0gUwum/view?usp=drivesdk,2,NA,3,,,abstract,TRUE
curatescience44,"Zhong, C. B., & Liljenquist, K. (2006). Washing away your sins: Threatened morality and physical cleansing. Science, 313(5792), 1451-1452.",10.1126/science.1130726,"Earp, B. D., Everett, J. a. C., Madva, E. N., & Hamlin, J. K. (2014). Out, damned spot: Can the “Macbeth effect” be replicated? Basic and Applied Social Psychology, 36(1), 91–98.",10.1080/01973533.2013.856792,NA,https://drive.google.com/file/d/1grC_-CjFVn77v-PGNS3-UDB1Sv0gUwum/view?usp=drivesdk,3,NA,3,,,abstract,TRUE
curatescience45,"Zhong, C. B., & Liljenquist, K. (2006). Washing away your sins: Threatened morality and physical cleansing. Science, 313(5792), 1451-1452.",10.1126/science.1130726,"Fayard, Jennifer & Bassi, Aman & Bernstein, Daniel & Roberts, Brent. (2009). Is cleanliness next to godliness? Dispelling old wives' tales: Failure to replicate Zhong and Liljenquist (2006). J. Articles Support Null Hypothesis. 6. (Study 2)",fayard_2009,NA,https://drive.google.com/file/d/1TZ4v__dPOmI3xNzFpnJFIk9lq8TKq6BL/view?usp=drivesdk,2,NA,2,,,abstract,TRUE
curatescience46,"Zhong, C. B., & Liljenquist, K. (2006). Washing away your sins: Threatened morality and physical cleansing. Science, 313(5792), 1451-1452.",10.1126/science.1130726,"Gámez, E., Díaz, J. a. Á., & Marrero, H. (2011). The Uncertain Universality of the Macbeth Effect with a Spanish Sample. The Spanish Journal of Psychology, 14(1), 156–162. (Study 3)",10.5209/rev_sjop.2011.v14.n1.13,NA,https://drive.google.com/file/d/1G4tP3z0FT61HHKi1B51ImyPr28TywEAv/view?usp=drivesdk,4,"Recently a psychological mechanism has been proposed between bodily purity and moral purity: the “Macbeth effect”. The act of washing their hands seems to free individuals of their guilt. However, the universality of this psychological mechanism is an empirical question that should be studied. In four studies we replicated the original Zhong & Liljenquist's experiments with Spanish samples. We were unsuccessful in replicating the Zhong & Liljenquist's results that supported cleansing as a psychological mechanism for compensating guilty: results couldn't confirm an increased mental accessibility of cleansing-related concepts or even a greater desire for cleansing products, neither a greater likelihood of taking antiseptic wipes. In addition we didn't find that physical cleansing alleviates the upsetting consequences of unethical behaviour. Spanish samples showed sensibility to morality and helping behaviour but not with cleansing as a way to reduce their threatened morality.",3,,,abstract,TRUE
curatescience47,"Zhong, C. B., & Liljenquist, K. (2006). Washing away your sins: Threatened morality and physical cleansing. Science, 313(5792), 1451-1452.",10.1126/science.1130726,"Reuven, O., Liberman, N., & Dar, R. (2013). The effect of physical cleaning on Threatened morality in Individuals with Obsessive-Compulsive Disorder. Clinical Psychological Science, 2(2), 224–229.",10.1177/2167702613485565,NA,https://drive.google.com/file/d/1_Adjy9YHg45Gx42zRW_GMddJujIpRnLp/view?usp=drivesdk,1,"The association between morality and physical cleansing has been demonstrated in a series of studies by Zhong and Liljenquist. We predicted that this association would be especially prominent in people with obsessive-compulsive disorder (OCD). Participants with OCD and matched control participants wrote about an immoral deed they had committed, after which half of the participants in each group cleaned their hands with a wipe. All participants were then offered an opportunity to help a fictitious graduate student by taking part in her experiment. Replicating previous findings, physical cleaning reduced the willingness to help and relieved moral emotions. As predicted, this effect was particularly prominent among participants with OCD. We discuss two processes that may account for the association between morality and cleanliness in general and particularly in the context of OCD: embodiment of morality in terms of physical cleanliness and assigning abstract meaning to the physical actions of cleaning.",1,,,abstract,TRUE
curatescience48,"Correll, J. (2008). 1/f noise and effort on implicit measures of bias. Journal of personality and social psychology, 94(1), 48.",10.1037/0022-3514.94.1.48,"Madurski, C., & LeBel, E. P. (2014). Making sense of the noise: Replication difficulties of Correll’s (2008) modulation of 1/f noise in a racial bias task. Psychonomic Bulletin & Review, 22(4), 1135–1141.",10.3758/s13423-014-0757-4,NA,https://drive.google.com/file/d/1p5ydRsZ4brAO2FqzQtlUbRAhPkcmRVgm/view?usp=drivesdk,1,NA,2,,,abstract,TRUE
curatescience49,"Correll, J. (2008). 1/f noise and effort on implicit measures of bias. Journal of personality and social psychology, 94(1), 48.",10.1037/0022-3514.94.1.48,"Madurski, C., & LeBel, E. P. (2014). Making sense of the noise: Replication difficulties of Correll’s (2008) modulation of 1/f noise in a racial bias task. Psychonomic Bulletin & Review, 22(4), 1135–1141.",10.3758/s13423-014-0757-4,NA,https://drive.google.com/file/d/1p5ydRsZ4brAO2FqzQtlUbRAhPkcmRVgm/view?usp=drivesdk,2,NA,2,,,abstract,TRUE
curatescience50,"Carney, D. R., Cuddy, A. J., & Yap, A. J. (2010). Power posing: Brief nonverbal displays affect neuroendocrine levels and risk tolerance. Psychological science, 21(10), 1363-1368.",10.1177/0956797610383437,"Ranehill, E., Dreber, A., Johannesson, M., Leiberg, S., Sul, S., & Weber, R. A. (2015). Assessing the robustness of power posing. Psychological Science, 26(5), 653–656.",10.1177/0956797614553946,NA,https://drive.google.com/file/d/182GXuG3qegDOfzlWQwH4rNCoeEmBWZVE/view?usp=drivesdk,1,NA,1,,,abstract,TRUE
curatescience52,"Bem, D. J. (2011). Feeling the future: experimental evidence for anomalous retroactive influences on cognition and affect. Journal of personality and social psychology, 100(3), 407.",10.1037/a0021524,"Wagenmakers, E., Wetzels, R., Borsboom, D., Van Der Maas, H. L. J., & Kievit, R. A. (2012). An agenda for purely confirmatory research. Perspectives on Psychological Science, 7(6), 632–638.",10.1177/1745691612463078,NA,https://drive.google.com/file/d/1SA7ZP2ow52I8kFKx4p2nJ0nUspPn6as_/view?usp=drivesdk,1,"The veracity of substantive research claims hinges on the way experimental data are collected and analyzed. In this article, we discuss an uncomfortable fact that threatens the core of psychology’s academic enterprise: almost without exception, psychologists do not commit themselves to a method of data analysis before they see the actual data. It then becomes tempting to fine tune the analysis to the data in order to obtain a desired result—a procedure that invalidates the interpretation of the common statistical tests. The extent of the fine tuning varies widely across experiments and experimenters but is almost impossible for reviewers and readers to gauge. To remedy the situation, we propose that researchers preregister their studies and indicate in advance the analyses they intend to conduct. Only these analyses deserve the label “confirmatory,” and only for these analyses are the common statistical tests valid. Other analyses can be carried out but these should be labeled “exploratory.” We illustrate our proposal with a confirmatory replication attempt of a study on extrasensory perception.",1,,,abstract,TRUE
curatescience53,"Kidd, D. C., & Castano, E. (2013). Reading literary fiction improves theory of mind. Science, 342(6156), 377-380. Study",10.1126/science.1239918,"Panero, M. E., Weisberg, D. S., Black, J. E., Goldstein, T. R., Barnes, J. L., Brownell, H., & Winner, E. (2016). Does reading a single passage of literary fiction really improve theory of mind? An attempt at replication. Journal of Personality and Social Psychology, 111(5), e46–e54. (Study 1)",10.1037/pspa0000064,NA,https://drive.google.com/file/d/1RF-nEXDyW9UWyQIuqmtLdTtTuTs-52JT/view?usp=drivesdk,1,NA,4,,,abstract,TRUE
curatescience533_1,"Jostmann, N. B., Lakens, D., & Schubert, T. W. (2009). Weight as an embodiment of importance. Psychological science, 20(9), 1169-1174.",10.1111/j.1467-9280.2009.02426.x,"Ebersole, C. R., Atherton, O. E., Belanger, A. L., Skulborstad, H. M., Allen, J. M., Banks, J. B., ... & Nosek, B. A. (2016). Many Labs 3: Evaluating participant pool quality across the academic semester via replication. Journal of Experimental Social Psychology, 67, 68-82.",10.1016/j.jesp.2015.10.012,https://osf.io/ct89g/,https://drive.google.com/file/d/1xuc-fvipcLZQMaybgsFtBL29-3ClXZFF/view?usp=drivesdk,4.6 (as labeled in Many Labs 3 supplement).,NA,7,,,abstract,FALSE
curatescience537_1,"Szymkow, A., Chandler, J., IJzerman, H., Parzuchowski, M., & Wojciszke, B. (2013). Warmer hearts, warmer rooms. Social Psychology.",10.1027/1864-9335/a000147,"Ebersole, C. R., Atherton, O. E., Belanger, A. L., Skulborstad, H. M., Allen, J. M., Banks, J. B., ... & Nosek, B. A. (2016). Many Labs 3: Evaluating participant pool quality across the academic semester via replication. Journal of Experimental Social Psychology, 67, 68-82.",10.1016/j.jesp.2015.10.012,https://osf.io/ct89g/,https://drive.google.com/file/d/1xuc-fvipcLZQMaybgsFtBL29-3ClXZFF/view?usp=drivesdk,4.7 (as labeled in Many Labs 3 supplement).,NA,7,,,abstract,FALSE
curatescience54,"Kidd, D. C., & Castano, E. (2013). Reading literary fiction improves theory of mind. Science, 342(6156), 377-380. Study 5",10.1126/science.1239918,"Dijkstra, K., Verkoeijen, P., van Kuijk, I., Yee Chow, S., Bakker, A., & Zwaan, R. (2015). Leidt het lezen van literaire fictie tot meer empathie? : een replicatiestudie van Kidd en Castano (2013). De Psycholoog, 50(10), 10–21. Retrieved from http://hdl.handle.net/1765/98670",10.1037/pspa0000064,NA,NA,NA,NA,4,,,abstract,TRUE
curatescience54,"Kidd, D. C., & Castano, E. (2013). Reading literary fiction improves theory of mind. Science, 342(6156), 377-380. Study 5",10.1126/science.1239918,"Dijkstra, K., Verkoeijen, P., van Kuijk, I., Yee Chow, S., Bakker, A., & Zwaan, R. (2015). Leidt het lezen van literaire fictie tot meer empathie? : een replicatiestudie van Kidd en Castano (2013). De Psycholoog, 50(10), 10–21. Retrieved from http://hdl.handle.net/1765/98670",NA,NA,NA,NA,NA,17,,,abstract,TRUE
curatescience55,"Kidd, D. C., & Castano, E. (2013). Reading literary fiction improves theory of mind. Science, 342(6156), 377-380. Study 3",10.1126/science.1239918,"Panero, M. E., Weisberg, D. S., Black, J. E., Goldstein, T. R., Barnes, J. L., Brownell, H., & Winner, E. (2016). Does reading a single passage of literary fiction really improve theory of mind? An attempt at replication. Journal of Personality and Social Psychology, 111(5), e46–e54. (Study 2)",10.1037/pspa0000064,NA,https://drive.google.com/file/d/1RF-nEXDyW9UWyQIuqmtLdTtTuTs-52JT/view?usp=drivesdk,2,NA,4,,,abstract,TRUE
curatescience558_1,"Cacioppo, J. T., Petty, R. E., & Morris, K. J. (1983). Effects of need for cognition on message evaluation, recall, and persuasion. Journal of personality and social psychology, 45(4), 805.",10.1037/0022-3514.45.4.805,"Ebersole, C. R., Atherton, O. E., Belanger, A. L., Skulborstad, H. M., Allen, J. M., Banks, J. B., ... & Nosek, B. A. (2016). Many Labs 3: Evaluating participant pool quality across the academic semester via replication. Journal of Experimental Social Psychology, 67, 68-82.",10.1016/j.jesp.2015.10.012,https://osf.io/ct89g/,https://drive.google.com/file/d/1xuc-fvipcLZQMaybgsFtBL29-3ClXZFF/view?usp=drivesdk,4.8 (as labeled in Many Labs 3 supplement).,NA,7,,,abstract,TRUE
curatescience56,"Kidd, D. C., & Castano, E. (2013). Reading literary fiction improves theory of mind. Science, 342(6156), 377-380. Study 5",10.1126/science.1239918,"Panero, M. E., Weisberg, D. S., Black, J. E., Goldstein, T. R., Barnes, J. L., Brownell, H., & Winner, E. (2016). Does reading a single passage of literary fiction really improve theory of mind? An attempt at replication. Journal of Personality and Social Psychology, 111(5), e46–e54. (Study 3)",10.1037/pspa0000064,NA,https://drive.google.com/file/d/1RF-nEXDyW9UWyQIuqmtLdTtTuTs-52JT/view?usp=drivesdk,3,NA,4,,,abstract,TRUE
curatescience57,"DeVoe, S. E., & House, J. (2012). Time, money, and happiness: How does putting a price on time affect our ability to smell the roses?. Journal of Experimental Social Psychology, 48(2), 466-474.",10.1016/j.jesp.2011.11.012,"Connors, S., Khamitov, M., Moroz, S., Campbell, L., & Henderson, C. (2016). Time, money, and happiness: Does putting a price on time affect our ability to smell the roses? Journal of Experimental Social Psychology, 67, 60–64.",10.1016/j.jesp.2015.08.005,NA,https://drive.google.com/file/d/1-xurSGJuM3s6RBApJqwPJeMlgGlC3K_D/view?usp=drivesdk,1,NA,1,,,abstract,TRUE
curatescience59,"Bargh, J. A., & Shalev, I. (2012). The substitutability of physical and social warmth in daily life. Emotion, 12(1), 154.",10.1037/a0023527,"Wortman, J., Donnellan, M. B., & Lucas, R. E. (2014). Can physical warmth (or coldness) predict trait loneliness? A replication of Bargh and Shalev (2012). Archives of Scientific Psychology, 2(1), 13–19.",10.1037/arc0000007,NA,https://drive.google.com/file/d/1gyeq5B_qi3Jnlf4Z_IsX5vLD1Nya92z0/view?usp=drivesdk,1,NA,1,,,abstract,FALSE
curatescience599_1,"Stroop, J. R. (1935). Studies of interference in serial verbal reactions. Journal of experimental psychology, 18(6), 643.",10.1037/h0054651,"Ebersole, C. R., Atherton, O. E., Belanger, A. L., Skulborstad, H. M., Allen, J. M., Banks, J. B., ... & Nosek, B. A. (2016). Many Labs 3: Evaluating participant pool quality across the academic semester via replication. Journal of Experimental Social Psychology, 67, 68-82.",10.1016/j.jesp.2015.10.012,https://osf.io/ct89g/,https://drive.google.com/file/d/1xuc-fvipcLZQMaybgsFtBL29-3ClXZFF/view?usp=drivesdk,4.1 (as labeled in Many Labs 3 supplement).,NA,7,,,abstract,TRUE
curatescience600_2,"Boroditsky, L. (2000). Metaphoric structuring: Understanding time through spatial metaphors. Cognition, 75(1), 1-28.",10.1016/s0010-0277(99)00073-6,"Ebersole, C. R., Atherton, O. E., Belanger, A. L., Skulborstad, H. M., Allen, J. M., Banks, J. B., ... & Nosek, B. A. (2016). Many Labs 3: Evaluating participant pool quality across the academic semester via replication. Journal of Experimental Social Psychology, 67, 68-82.",10.1016/j.jesp.2015.10.012,https://osf.io/ct89g/,https://drive.google.com/file/d/1xuc-fvipcLZQMaybgsFtBL29-3ClXZFF/view?usp=drivesdk,2,NA,7,,,abstract,FALSE
curatescience620_2,"Tversky, A., & Kahneman, D. (1973). Availability: A heuristic for judging frequency and probability. Cognitive psychology, 5(2), 207-232.",10.1016/0010-0285(73)90033-9,"Ebersole, C. R., Atherton, O. E., Belanger, A. L., Skulborstad, H. M., Allen, J. M., Banks, J. B., ... & Nosek, B. A. (2016). Many Labs 3: Evaluating participant pool quality across the academic semester via replication. Journal of Experimental Social Psychology, 67, 68-82.",10.1016/j.jesp.2015.10.012,https://osf.io/ct89g/,https://drive.google.com/file/d/1xuc-fvipcLZQMaybgsFtBL29-3ClXZFF/view?usp=drivesdk,4.3,NA,7,,,abstract,FALSE
curatescience641_2,"Galinsky, A. D., Magee, J. C., Inesi, M. E., & Gruenfeld, D. H. (2006). Power and perspectives not taken. Psychological science, 17(12), 1068-1074.",10.1111/j.1467-9280.2006.01824.x,"Ebersole, C. R., Atherton, O. E., Belanger, A. L., Skulborstad, H. M., Allen, J. M., Banks, J. B., ... & Nosek, B. A. (2016). Many Labs 3: Evaluating participant pool quality across the academic semester via replication. Journal of Experimental Social Psychology, 67, 68-82.",10.1016/j.jesp.2015.10.012,https://osf.io/ct89g/,https://drive.google.com/file/d/1xuc-fvipcLZQMaybgsFtBL29-3ClXZFF/view?usp=drivesdk,1,NA,7,,,abstract,FALSE
curatescience7,"Vess, M. (2012). Warm thoughts: Attachment anxiety and sensitivity to temperature cues. Psychological science, 23(5), 472-474.",10.1177/0956797611435919,"LeBel, E. P., & Campbell, L. (2013). Heightened sensitivity to temperature cues in individuals with high anxious attachment. Psychological Science, 24(10), 2128–2130. (Study 1)",10.1177/0956797613486983,NA,https://drive.google.com/file/d/1GB5oPjHVuDXBTZ2__Had-zRIf9ZK4G7S/view?usp=drivesdk,1,NA,2,,,abstract,TRUE
curatescience7_overall,"Vess, M. (2012). Warm thoughts: Attachment anxiety and sensitivity to temperature cues. Psychological science, 23(5), 472-474.",10.1177/0956797611435919,"LeBel, E. P., & Campbell, L. (2013). Heightened sensitivity to temperature cues in individuals with high anxious attachment. Psychological Science, 24(10), 2128–2130. (Study 1)",10.1177/0956797613486983,NA,https://drive.google.com/file/d/1GB5oPjHVuDXBTZ2__Had-zRIf9ZK4G7S/view?usp=drivesdk,2,NA,2,,,abstract,TRUE
curatescience73_1,"Caruso, E. M., Vohs, K. D., Baxter, B., & Waytz, A. (2013). Mere exposure to money increases endorsement of free-market systems and social inequality. Journal of Experimental Psychology: General, 142(2), 301.",10.1037/a0029288,"Klein, R. A., Ratliff, K. A., Vianello, M., Adams, R. B., Bahník, Š., Bernstein, M. J., ... & Nosek, B. A. (2014). Investigating variation in replicability: A ""Many Labs"" replication project. Social Psychology, 45(3), 142–152",10.1027/1864-9335/a000178,https://osf.io/y36m8,https://drive.google.com/file/d/1fIqa3RxgdnsQkWwGnLkF4XAbM2g_WN4q/view?usp=drivesdk,10 (as labeled in the Many Labs supplement).,"Although replication is a central tenet of science, direct replications are rare in psychology. This research tested variation in the replicability of 13 classic and contemporary effects across 36 independent samples totaling 6,344 participants. In the aggregate, 10 effects replicated consistently. One effect – imagined contact reducing prejudice – showed weak support for replicability. And two effects – flag priming influencing conservatism and currency priming influencing system justification – did not replicate. We compared whether the conditions such as lab versus online or US versus international sample predicted effect magnitudes. By and large they did not. The results of this small sample of effects suggest that replicability is more dependent on the effect itself than on the sample and setting used to investigate the effect.",7,,,abstract,FALSE
curatescience75_1,"Husnu, S., & Crisp, R. J. (2010). Elaboration enhances the imagined contact effect. Journal of Experimental Social Psychology, 46(6), 943-950.",10.1016/j.jesp.2010.05.014,"Klein, R. A., Ratliff, K. A., Vianello, M., Adams, R. B., Bahník, Š., Bernstein, M. J., ... & Nosek, B. A. (2014). Investigating variation in replicability: A ""Many Labs"" replication project. Social Psychology, 45(3), 142–152",10.1027/1864-9335/a000178,https://osf.io/y36m8,https://drive.google.com/file/d/1fIqa3RxgdnsQkWwGnLkF4XAbM2g_WN4q/view?usp=drivesdk,11 (as labeled in the Many Labs supplement).,"Although replication is a central tenet of science, direct replications are rare in psychology. This research tested variation in the replicability of 13 classic and contemporary effects across 36 independent samples totaling 6,344 participants. In the aggregate, 10 effects replicated consistently. One effect – imagined contact reducing prejudice – showed weak support for replicability. And two effects – flag priming influencing conservatism and currency priming influencing system justification – did not replicate. We compared whether the conditions such as lab versus online or US versus international sample predicted effect magnitudes. By and large they did not. The results of this small sample of effects suggest that replicability is more dependent on the effect itself than on the sample and setting used to investigate the effect.",7,,,abstract,FALSE
datareplicada10,"Etkin, J. & Memmi, S. (2021). Goal Conflict Encourages Work and Discourages Leisure. Journal of Consumer Research, 47(5), 716–736. Study 1a",10.1093/jcr/ucaa019,"Simmons, J. &. Nelson, L.D. (2021, May 4). [97] Data Replicada #10: Does Goal Conflict Affect Time Spent on Work and Leisure? Data Colada. (Replication 1 Effect 1)",NA,https://datacolada.org/97,NA,1 (Effect 1),NA,17,,,abstract,TRUE
datareplicada10,"Etkin, J. & Memmi, S. (2021). Goal Conflict Encourages Work and Discourages Leisure. Journal of Consumer Research, 47(5), 716–736. Study 1a",10.1093/jcr/ucaa019,"Simmons, J. &. Nelson, L.D. (2021, May 4). [97] Data Replicada #10: Does Goal Conflict Affect Time Spent on Work and Leisure? Data Colada. (Replication 1 Effect 2)",NA,https://datacolada.org/97,NA,1 (Effect 2),NA,17,,,abstract,TRUE
datareplicada10,"Etkin, J. & Memmi, S. (2021). Goal Conflict Encourages Work and Discourages Leisure. Journal of Consumer Research, 47(5), 716–736. Study 1a",10.1093/jcr/ucaa019,"Simmons, J. &. Nelson, L.D. (2021, May 4). [97] Data Replicada #10: Does Goal Conflict Affect Time Spent on Work and Leisure? Data Colada. (Replication 2 Effect 1)",NA,https://datacolada.org/97,NA,2 (Effect 1),NA,17,,,abstract,TRUE
datareplicada10,"Etkin, J. & Memmi, S. (2021). Goal Conflict Encourages Work and Discourages Leisure. Journal of Consumer Research, 47(5), 716–736. Study 1a",10.1093/jcr/ucaa019,"Simmons, J. &. Nelson, L.D. (2021, May 4). [97] Data Replicada #10: Does Goal Conflict Affect Time Spent on Work and Leisure? Data Colada. (Replication 2 Effect 2)",NA,https://datacolada.org/97,NA,2 (Effect 2),NA,17,,,abstract,TRUE
datareplicada2,"Wu, E.C., Moore, S.G., & Fitzsimons, G.J. (2019). Wine for the Table: Self-Construal, Group Size, and Choice for Self and Others. Journal of Consumer Research. Study 3",10.1093/jcr/ucy082,"Simmons, J. &. Nelson, L.D. (2020). [83] Data Replicada #2: Do Self-Construal and Group Size Influence How People Make Choices on Behalf of a Group? Data Colada. (Replication 2)",NA,https://datacolada.org/83,NA,2 (without typo),NA,17,,,abstract,FALSE
datareplicada3,"Savary, J., Dhar, R.K., JoharEditor, G.V., & InmanEditor, J.J. (2020). The Uncertain Self: How Self-Concept Structure Affects Subscription Choice. Journal of Consumer Research. Study 4",10.1093/jcr/ucz022,"Simmons, J. &. Nelson, L.D. (2020). [84] Data Replicada #3: Does Self-Concept Uncertainty Influence Magazine Subscription Choice? Data Colada. https://datacolada.org/84",NA,https://datacolada.org/84,NA,1 (retention condition),NA,17,,,abstract,FALSE
datareplicada7,"VanBergen, N., Irmak, C., & Sevilla, J. (2020). Product Entitativity: How the Presence of Product Replicates Increases Perceived and Actual Product Efficacy. Journal of Consumer Research, 47, 192-214. Study 1",10.1093/jcr/ucaa006,"Simmons, J. &. Nelson, L.D. (2020). [90] Data Replicada #7: Does Displaying Multiple Copies of a Product Increase Its Perceived Effectiveness? Data Colada. (Replication 1)",NA,https://datacolada.org/90,NA,Replication 1,NA,17,,,abstract,TRUE
datareplicada7,"VanBergen, N., Irmak, C., & Sevilla, J. (2020). Product Entitativity: How the Presence of Product Replicates Increases Perceived and Actual Product Efficacy. Journal of Consumer Research, 47, 192-214. Study 1",10.1093/jcr/ucaa006,"Simmons, J. &. Nelson, L.D. (2020). [90] Data Replicada #7: Does Displaying Multiple Copies of a Product Increase Its Perceived Effectiveness? Data Colada. (Replication 2)",NA,https://datacolada.org/90,NA,Replication 2,NA,17,,,abstract,TRUE
datareplicada7,"VanBergen, N., Irmak, C., & Sevilla, J. (2020). Product Entitativity: How the Presence of Product Replicates Increases Perceived and Actual Product Efficacy. Journal of Consumer Research, 47, 192-214. Study 1",10.1093/jcr/ucaa006,"Simmons, J. &. Nelson, L.D. (2020). [90] Data Replicada #7: Does Displaying Multiple Copies of a Product Increase Its Perceived Effectiveness? Data Colada. (Replication 3)",NA,https://datacolada.org/90,NA,Replication 3,NA,17,,,abstract,TRUE
dqv9y,"Elliot, A. J., Niesta Kayser, D., Greitemeyer, T., Lichtenfeld, S., Gramzow, R. H., Maier, M. A., & Lu, H. (2010). Red, rank, and romance in women viewing men. Journal of Experimental Psychology: General, 139(3), 399–417. DOI: a0019689",10.1037/a0019689,"Wagge, J. R., Baciu, C., Banas, K., Nadler, J. T., Schwarz, S., Weisberg, Y. J., … Grahe, J. E. (2018, June 22). A Demonstration of the Collaborative Replication and Education Project: Replication Attempts of the Red-Romance Effect.",10.1525/collabra.177,NA,https://drive.google.com/file/d/1SNviYFYkLPApLDE4sxFOX_wRepMI0nnI/view?usp=drivesdk,3,"The present article reports the results of a meta-analysis of nine student replication projects of Elliot et al.’s (2010) findings from Experiment 3, that women were more attracted to photographs of men with red borders (total n = 640). The eight student projects were part of the Collaborative Replication and Education Project (CREP; https://osf.io/wfc6u/), a research crowdsourcing project for undergraduate students. All replications were reviewed by experts to ensure high quality data, and were pre-registered prior to data collection. Results of this meta-analysis showed no effect of red on attractiveness ratings for either perceived attractiveness (mean ratings difference = –0.07, 95% CI [–0.31, 0.16]) or sexual attractiveness (mean ratings difference = –0.06, 95% CI [–0.36, 0.24]); this null result held with and without Elliot et al.’s (2010) data included in analyses. Exploratory analyses examining whether being in a relationship moderated the effect of color on attractiveness ratings also produced null results.",1,,,abstract,TRUE
e9d3k,"Cheung, B. Y., & Heine, S. J. (2015). The double-edged sword of genetic accounts of criminality: Causal attributions from genetic ascriptions affect legal decision making. Personality and Social Psychology Bulletin, 41(12), 1723-1738.",10.1177/0146167215610520,"Crawford, J. (2016, May 2). Syntax and output files for Cheung & Heine 2015 study 3 replication.",10.17605/OSF.IO/E9D3K,NA,https://drive.google.com/file/d/1VipPphabn-Kfe9AzHC0j5FX1Fqp3bd0q/view?usp=drivesdk,1,NA,1,,,abstract,TRUE
fmd75,"Epley, N., & Gilovich, T. (2006). The anchoring-and-adjustment heuristic: Why the adjustments are insufficient. Psychological science, 17(4), 311-318.",10.1111/j.1467-9280.2006.01704.x,"Röseler, L., Bögler, H. L., Koßmann, L., Krueger, S., Bickenbach, S., Bühler, R., … Ponader, S. (2023, July 11). Results Report: Replication of Epley and Gilovich (2006, Study 2a).",10.17605/OSF.IO/FMD75,NA,https://drive.google.com/file/d/1ricWbnnQ27T1O2HoAIXHZb1YA8sK8_s2/view?usp=drivesdk,1,NA,1,,,abstract,FALSE
gh52k,"Reitsma-van Rooijen, M., & Daamen, D. D. (2006). Subliminal anchoring: The effects of subliminally presented numbers on probability estimates. Journal of Experimental Social Psychology, 42(3), 380-387.",10.1016/j.jesp.2005.05.001,"Röseler, L., Schütz, A., Burlakovas, E., Dück, M., Fels, S., Janiczek, S., … Seida, C. (2022, September 15). Replication of Reitsma-van Rooijen and Daamen (2006).",10.1016/j.jesp.2020.104066,NA,https://drive.google.com/file/d/1Q7xa-u3DEssueb6fBYD39BjDPub6xcHR/view?usp=drivesdk,2,NA,2,,,abstract,TRUE
Holzmeisteretal2024_1,"Williams, K. E. G., Sng, O., & Neuberg, S. L. (2016). Ecology-driven stereotypes override race stereotypes. Proceedings of the National Academy of Sciences, 113(2), 310–315.",10.1073/pnas.1519401113,"Holzmeister, F., Johannesson, M., Camerer, C. F., Chen, Y., Ho, T. H., Hoogeveen, S., ... & Dreber, A. (2024). Examining the replicability of online experiments selected by a decision market. Nature Human Behaviour, 1-15.",10.1038--s41562-024-02062-9,https://osf.io/sejyp,https://drive.google.com/file/d/1w8pcOEpgkXG4574TMp8vmQlQVMYXLL8c/view?usp=drivesdk,1,NA,26,,,abstract,TRUE
Holzmeisteretal2024_10,"Klein, N., & O’Brien, E. (2018). People use less information than they think to make up their minds. Proceedings of the National Academy of Sciences, 115(52), 13222–13227.",10.1073/pnas.1805327115,"Holzmeister, F., Johannesson, M., Camerer, C. F., Chen, Y., Ho, T. H., Hoogeveen, S., ... & Dreber, A. (2024). Examining the replicability of online experiments selected by a decision market. Nature Human Behaviour, 1-15.",10.1038--s41562-024-02062-9,https://osf.io/sejyp,https://drive.google.com/file/d/1w8pcOEpgkXG4574TMp8vmQlQVMYXLL8c/view?usp=drivesdk,1,NA,26,,,abstract,FALSE
Holzmeisteretal2024_11,"Jordan, J. J., Hoffman, M., Nowak, M. A., & Rand, D. G. (2016). Uncalculating cooperation is used to signal trustworthiness. Proceedings of the National Academy of Sciences, 113(31), 8658–8663.",10.1073/pnas.1601280113,"Holzmeister, F., Johannesson, M., Camerer, C. F., Chen, Y., Ho, T. H., Hoogeveen, S., ... & Dreber, A. (2024). Examining the replicability of online experiments selected by a decision market. Nature Human Behaviour, 1-15.",10.1038--s41562-024-02062-9,https://osf.io/sejyp,https://drive.google.com/file/d/1w8pcOEpgkXG4574TMp8vmQlQVMYXLL8c/view?usp=drivesdk,1,NA,26,,,abstract,FALSE
Holzmeisteretal2024_12,"John, L. K., Barasz, K., & Norton, M. I. (2016). Hiding personal information reveals the worst. Proceedings of the National Academy of Sciences, 113(4), 954–959.",10.1073/pnas.1516868113,"Holzmeister, F., Johannesson, M., Camerer, C. F., Chen, Y., Ho, T. H., Hoogeveen, S., ... & Dreber, A. (2024). Examining the replicability of online experiments selected by a decision market. Nature Human Behaviour, 1-15.",10.1038--s41562-024-02062-9,https://osf.io/sejyp,https://drive.google.com/file/d/1w8pcOEpgkXG4574TMp8vmQlQVMYXLL8c/view?usp=drivesdk,1,NA,26,,,abstract,FALSE
Holzmeisteretal2024_13,"Hofstetter, R., Rüppell, R., & John, L. K. (2017). Temporary sharing prompts unrestrained disclosures that leave lasting negative impressions. Proceedings of the National Academy of Sciences, 114(45), 11902–11907.",10.1073/pnas.1706913114,"Holzmeister, F., Johannesson, M., Camerer, C. F., Chen, Y., Ho, T. H., Hoogeveen, S., ... & Dreber, A. (2024). Examining the replicability of online experiments selected by a decision market. Nature Human Behaviour, 1-15.",10.1038--s41562-024-02062-9,https://osf.io/sejyp,https://drive.google.com/file/d/1w8pcOEpgkXG4574TMp8vmQlQVMYXLL8c/view?usp=drivesdk,1,NA,26,,,abstract,FALSE
Holzmeisteretal2024_14,"Hoffman, K. M., Trawalter, S., Axt, J. R., & Oliver, M. N. (2016). Racial bias in pain assessment and treatment recommendations, and false beliefs about biological differences between blacks and whites. Proceedings of the National Academy of Sciences, 113(16), 4296–4301.",10.1073/pnas.1516047113,"Holzmeister, F., Johannesson, M., Camerer, C. F., Chen, Y., Ho, T. H., Hoogeveen, S., ... & Dreber, A. (2024). Examining the replicability of online experiments selected by a decision market. Nature Human Behaviour, 1-15.",10.1038--s41562-024-02062-9,https://osf.io/sejyp,https://drive.google.com/file/d/1w8pcOEpgkXG4574TMp8vmQlQVMYXLL8c/view?usp=drivesdk,1,NA,26,,,abstract,TRUE
Holzmeisteretal2024_15,"Halevy, N., & Halali, E. (2015). Selfish third parties act as peacemakers by transforming conflicts and promoting cooperation. Proceedings of the National Academy of Sciences, 112(22), 6937–6942.",10.1073/pnas.1505067112,"Holzmeister, F., Johannesson, M., Camerer, C. F., Chen, Y., Ho, T. H., Hoogeveen, S., ... & Dreber, A. (2024). Examining the replicability of online experiments selected by a decision market. Nature Human Behaviour, 1-15.",10.1038--s41562-024-02062-9,https://osf.io/sejyp,https://drive.google.com/file/d/1w8pcOEpgkXG4574TMp8vmQlQVMYXLL8c/view?usp=drivesdk,1,NA,26,,,abstract,FALSE
Holzmeisteretal2024_16,"Guilbeault, D., Becker, J., & Centola, D. (2018). Social learning and partisan bias in the interpretation of climate trends. Proceedings of the National Academy of Sciences, 115(39), 9714–9719.",10.1073/pnas.1722664115,"Holzmeister, F., Johannesson, M., Camerer, C. F., Chen, Y., Ho, T. H., Hoogeveen, S., ... & Dreber, A. (2024). Examining the replicability of online experiments selected by a decision market. Nature Human Behaviour, 1-15.",10.1038--s41562-024-02062-9,https://osf.io/sejyp,https://drive.google.com/file/d/1w8pcOEpgkXG4574TMp8vmQlQVMYXLL8c/view?usp=drivesdk,1,NA,26,,,abstract,TRUE
Holzmeisteretal2024_17,"Gheorghiu, A. I., Callan, M. J., & Skylark, W. J. (2017). Facial appearance affects science communication. Proceedings of the National Academy of Sciences, 114(23), 5970–5975.",10.1073/pnas.1620542114,"Holzmeister, F., Johannesson, M., Camerer, C. F., Chen, Y., Ho, T. H., Hoogeveen, S., ... & Dreber, A. (2024). Examining the replicability of online experiments selected by a decision market. Nature Human Behaviour, 1-15.",10.1038--s41562-024-02062-9,https://osf.io/sejyp,https://drive.google.com/file/d/1w8pcOEpgkXG4574TMp8vmQlQVMYXLL8c/view?usp=drivesdk,1,NA,26,,,abstract,FALSE
Holzmeisteretal2024_18,"Genschow, O., Rigoni, D., & Brass, M. (2017). Belief in free will affects causal attributions when judging others’ behavior. Proceedings of the National Academy of Sciences, 114(38), 10071–10076.",10.1073/pnas.1701916114,"Holzmeister, F., Johannesson, M., Camerer, C. F., Chen, Y., Ho, T. H., Hoogeveen, S., ... & Dreber, A. (2024). Examining the replicability of online experiments selected by a decision market. Nature Human Behaviour, 1-15.",10.1038--s41562-024-02062-9,https://osf.io/sejyp,https://drive.google.com/file/d/1w8pcOEpgkXG4574TMp8vmQlQVMYXLL8c/view?usp=drivesdk,1,NA,26,,,abstract,FALSE
Holzmeisteretal2024_19,"Côté, S., House, J., & Willer, R. (2015). High economic inequality leads higher-income individuals to be less generous. Proceedings of the National Academy of Sciences, 112(52), 15838–15843.",10.1073/pnas.1511536112,"Holzmeister, F., Johannesson, M., Camerer, C. F., Chen, Y., Ho, T. H., Hoogeveen, S., ... & Dreber, A. (2024). Examining the replicability of online experiments selected by a decision market. Nature Human Behaviour, 1-15.",10.1038--s41562-024-02062-9,https://osf.io/sejyp,https://drive.google.com/file/d/1w8pcOEpgkXG4574TMp8vmQlQVMYXLL8c/view?usp=drivesdk,1,NA,26,,,abstract,TRUE
Holzmeisteretal2024_2,"Vacharkulksemsuk, T., Reit, E., Khambatta, P., Eastwick, P. W., Finkel, E. J., & Carney, D. R. (2016). Dominant, open nonverbal displays are attractive at zero-acquaintance. Proceedings of the National Academy of Sciences, 113(15), 4009–4014.",10.1073/pnas.1508932113,"Holzmeister, F., Johannesson, M., Camerer, C. F., Chen, Y., Ho, T. H., Hoogeveen, S., ... & Dreber, A. (2024). Examining the replicability of online experiments selected by a decision market. Nature Human Behaviour, 1-15.",10.1038--s41562-024-02062-9,https://osf.io/sejyp,https://drive.google.com/file/d/1w8pcOEpgkXG4574TMp8vmQlQVMYXLL8c/view?usp=drivesdk,1,NA,26,,,abstract,FALSE
Holzmeisteretal2024_20,"Cooney, G., Gilbert, D. T., & Wilson, T. D. (2016). When fairness matters less than we expect. Proceedings of the National Academy of Sciences, 113(40), 11168–11171.",10.1073/pnas.1606574113,"Holzmeister, F., Johannesson, M., Camerer, C. F., Chen, Y., Ho, T. H., Hoogeveen, S., ... & Dreber, A. (2024). Examining the replicability of online experiments selected by a decision market. Nature Human Behaviour, 1-15.",10.1038--s41562-024-02062-9,https://osf.io/sejyp,https://drive.google.com/file/d/1w8pcOEpgkXG4574TMp8vmQlQVMYXLL8c/view?usp=drivesdk,1,NA,26,,,abstract,TRUE
Holzmeisteretal2024_21,"Cheon, B. K., & Hong, Y.-Y. (2017). Mere experience of low subjective socioeconomic status stimulates appetite and food intake. Proceedings of the National Academy of Sciences, 114(1), 72–77.",10.1073/pnas.1607330114,"Holzmeister, F., Johannesson, M., Camerer, C. F., Chen, Y., Ho, T. H., Hoogeveen, S., ... & Dreber, A. (2024). Examining the replicability of online experiments selected by a decision market. Nature Human Behaviour, 1-15.",10.1038--s41562-024-02062-9,https://osf.io/sejyp,https://drive.google.com/file/d/1w8pcOEpgkXG4574TMp8vmQlQVMYXLL8c/view?usp=drivesdk,1,NA,26,,,abstract,TRUE
Holzmeisteretal2024_22,"Chao, M. (2017). Demotivating incentives and motivation crowding out in charitable giving. Proceedings of the National Academy of Sciences, 114(28), 7301–7306.",10.1073/pnas.1616921114,"Holzmeister, F., Johannesson, M., Camerer, C. F., Chen, Y., Ho, T. H., Hoogeveen, S., ... & Dreber, A. (2024). Examining the replicability of online experiments selected by a decision market. Nature Human Behaviour, 1-15.",10.1038--s41562-024-02062-9,https://osf.io/sejyp,https://drive.google.com/file/d/1w8pcOEpgkXG4574TMp8vmQlQVMYXLL8c/view?usp=drivesdk,1,NA,26,,,abstract,FALSE
Holzmeisteretal2024_23,"Boswell, R. G., Sun, W., Suzuki, S., & Kober, H. (2018). Training in cognitive strategies reduces eating and improves food choice. Proceedings of the National Academy of Sciences, 115(48), E11238–E11247.",10.1073/pnas.1717092115,"Holzmeister, F., Johannesson, M., Camerer, C. F., Chen, Y., Ho, T. H., Hoogeveen, S., ... & Dreber, A. (2024). Examining the replicability of online experiments selected by a decision market. Nature Human Behaviour, 1-15.",10.1038--s41562-024-02062-9,https://osf.io/sejyp,https://drive.google.com/file/d/1w8pcOEpgkXG4574TMp8vmQlQVMYXLL8c/view?usp=drivesdk,1,NA,26,,,abstract,FALSE
Holzmeisteretal2024_24,"Baldwin, M., & Lammers, J. (2016). Past-focused environmental comparisons promote proenvironmental outcomes for conservatives. Proceedings of the National Academy of Sciences, 113(52), 14953–14957.",10.1073/pnas.1610834113,"Holzmeister, F., Johannesson, M., Camerer, C. F., Chen, Y., Ho, T. H., Hoogeveen, S., ... & Dreber, A. (2024). Examining the replicability of online experiments selected by a decision market. Nature Human Behaviour, 1-15.",10.1038--s41562-024-02062-9,https://osf.io/sejyp,https://drive.google.com/file/d/1w8pcOEpgkXG4574TMp8vmQlQVMYXLL8c/view?usp=drivesdk,1,NA,26,,,abstract,FALSE
Holzmeisteretal2024_25,"Atir, S., & Ferguson, M. J. (2018). How gender determines the way we speak about professionals. Proceedings of the National Academy of Sciences, 115(28), 7278–7283.",10.1073/pnas.1805284115,"Holzmeister, F., Johannesson, M., Camerer, C. F., Chen, Y., Ho, T. H., Hoogeveen, S., ... & Dreber, A. (2024). Examining the replicability of online experiments selected by a decision market. Nature Human Behaviour, 1-15.",10.1038--s41562-024-02062-9,https://osf.io/sejyp,https://drive.google.com/file/d/1w8pcOEpgkXG4574TMp8vmQlQVMYXLL8c/view?usp=drivesdk,1,NA,26,,,abstract,TRUE
Holzmeisteretal2024_26,"Ames, D. L., & Fiske, S. T. (2015). Perceived intent motivates people to magnify observed harms. Proceedings of the National Academy of Sciences, 112(12), 3599–3605.",10.1073/pnas.1501592112,"Holzmeister, F., Johannesson, M., Camerer, C. F., Chen, Y., Ho, T. H., Hoogeveen, S., ... & Dreber, A. (2024). Examining the replicability of online experiments selected by a decision market. Nature Human Behaviour, 1-15.",10.1038--s41562-024-02062-9,https://osf.io/sejyp,https://drive.google.com/file/d/1w8pcOEpgkXG4574TMp8vmQlQVMYXLL8c/view?usp=drivesdk,1,NA,26,,,abstract,TRUE
Holzmeisteretal2024_3,"Stern, C., West, T. V., & Rule, N. O. (2015). Conservatives negatively evaluate counterstereotypical people to maintain a sense of certainty. Proceedings of the National Academy of Sciences, 112(50), 15337–15342.",10.1073/pnas.1517662112,"Holzmeister, F., Johannesson, M., Camerer, C. F., Chen, Y., Ho, T. H., Hoogeveen, S., ... & Dreber, A. (2024). Examining the replicability of online experiments selected by a decision market. Nature Human Behaviour, 1-15.",10.1038--s41562-024-02062-9,https://osf.io/sejyp,https://drive.google.com/file/d/1w8pcOEpgkXG4574TMp8vmQlQVMYXLL8c/view?usp=drivesdk,1,NA,26,,,abstract,FALSE
Holzmeisteretal2024_4,"Reeck, C., Wall, D., & Johnson, E. J. (2017). Search predicts and changes patience in intertemporal choice. Proceedings of the National Academy of Sciences, 114(45), 11890–11895.",10.1073/pnas.1707040114,"Holzmeister, F., Johannesson, M., Camerer, C. F., Chen, Y., Ho, T. H., Hoogeveen, S., ... & Dreber, A. (2024). Examining the replicability of online experiments selected by a decision market. Nature Human Behaviour, 1-15.",10.1038--s41562-024-02062-9,https://osf.io/sejyp,https://drive.google.com/file/d/1w8pcOEpgkXG4574TMp8vmQlQVMYXLL8c/view?usp=drivesdk,1,NA,26,,,abstract,FALSE
Holzmeisteretal2024_5,"Rai, T. S., Valdesolo, P., & Graham, J. (2017). Dehumanization increases instrumental violence, but not moral violence. Proceedings of the National Academy of Sciences, 114(32), 8511–8516.",10.1073/pnas.1705238114,"Holzmeister, F., Johannesson, M., Camerer, C. F., Chen, Y., Ho, T. H., Hoogeveen, S., ... & Dreber, A. (2024). Examining the replicability of online experiments selected by a decision market. Nature Human Behaviour, 1-15.",10.1038--s41562-024-02062-9,https://osf.io/sejyp,https://drive.google.com/file/d/1w8pcOEpgkXG4574TMp8vmQlQVMYXLL8c/view?usp=drivesdk,1,NA,26,,,abstract,TRUE
Holzmeisteretal2024_6,"Morris, A., MacGlashan, J., Littman, M. L., & Cushman, F. (2017). Evolution of flexibility and rigidity in retaliatory punishment. Proceedings of the National Academy of Sciences, 114(39), 10396–10401.",10.1073/pnas.1704032114,"Holzmeister, F., Johannesson, M., Camerer, C. F., Chen, Y., Ho, T. H., Hoogeveen, S., ... & Dreber, A. (2024). Examining the replicability of online experiments selected by a decision market. Nature Human Behaviour, 1-15.",10.1038--s41562-024-02062-9,https://osf.io/sejyp,https://drive.google.com/file/d/1w8pcOEpgkXG4574TMp8vmQlQVMYXLL8c/view?usp=drivesdk,1,NA,26,,,abstract,TRUE
Holzmeisteretal2024_7,"McCall, L., Burk, D., Laperrière, M., & Richeson, J. A. (2017). Exposure to rising inequality shapes Americans’ opportunity beliefs and policy support. Proceedings of the National Academy of Sciences, 114(36), 9593–9598.",10.1073/pnas.1706253114,"Holzmeister, F., Johannesson, M., Camerer, C. F., Chen, Y., Ho, T. H., Hoogeveen, S., ... & Dreber, A. (2024). Examining the replicability of online experiments selected by a decision market. Nature Human Behaviour, 1-15.",10.1038--s41562-024-02062-9,https://osf.io/sejyp,https://drive.google.com/file/d/1w8pcOEpgkXG4574TMp8vmQlQVMYXLL8c/view?usp=drivesdk,1,NA,26,,,abstract,FALSE
Holzmeisteretal2024_8,"Kraus, M. W., Rucker, J. M., & Richeson, J. A. (2017). Americans misperceive racial economic equality. Proceedings of the National Academy of Sciences, 114(39), 10324–10331.",10.1073/pnas.1707719114,"Holzmeister, F., Johannesson, M., Camerer, C. F., Chen, Y., Ho, T. H., Hoogeveen, S., ... & Dreber, A. (2024). Examining the replicability of online experiments selected by a decision market. Nature Human Behaviour, 1-15.",10.1038--s41562-024-02062-9,https://osf.io/sejyp,https://drive.google.com/file/d/1w8pcOEpgkXG4574TMp8vmQlQVMYXLL8c/view?usp=drivesdk,1,NA,26,,,abstract,FALSE
Holzmeisteretal2024_9,"Kouchaki, M., & Gino, F. (2016). Memories of unethical actions become obfuscated over time. Proceedings of the National Academy of Sciences, 113(22), 6166–6171.",10.1073/pnas.1523586113,"Holzmeister, F., Johannesson, M., Camerer, C. F., Chen, Y., Ho, T. H., Hoogeveen, S., ... & Dreber, A. (2024). Examining the replicability of online experiments selected by a decision market. Nature Human Behaviour, 1-15.",10.1038--s41562-024-02062-9,https://osf.io/sejyp,https://drive.google.com/file/d/1w8pcOEpgkXG4574TMp8vmQlQVMYXLL8c/view?usp=drivesdk,1,NA,26,,,abstract,TRUE
is1,"Young, S. G., Thorstenson, C. A., & Pazda, A. D. (2018). Facial redness, expression, and masculinity influence perceptions of anger and health. Cognition and Emotion, 32(1), 49–60.",10.1080/02699931.2016.1273201,"Wolf, D., Röseler, L., Leder, J., & Schütz, A. (2022, June 15). The Red-Anger Effect: Is it Nothing More Than Demand Characteristics?.",10.31234/osf.io/ntukz,NA,https://drive.google.com/file/d/1AetBiDxEiDABROgFar_KCyTHXjrAYAyC/view?usp=drivesdk,1,NA,2,,,abstract,TRUE
is2,"Young, S. G., Thorstenson, C. A., & Pazda, A. D. (2018). Facial redness, expression, and masculinity influence perceptions of anger and health. Cognition and Emotion, 32(1), 49–60.",10.1080/02699931.2016.1273201,"Wolf, D., Röseler, L., Leder, J., & Schütz, A. (2022, June 15). The Red-Anger Effect: Is it Nothing More Than Demand Characteristics?.",10.31234/osf.io/ntukz,NA,https://drive.google.com/file/d/1AetBiDxEiDABROgFar_KCyTHXjrAYAyC/view?usp=drivesdk,2,NA,2,,,abstract,TRUE
j8a4p_composite,"Huang, J. L. (2014). Does cleanliness influence moral judgments? Response effort moderates the effect of cleanliness priming on moral judgments. Frontiers in Psychology, 5, 1276.",10.3389/fpsyg.2014.01276,"Mahlke, J., Weaver, A., Hall, M. M., Koenig, B., Poulter, L., Lee, A. A., … Gentry, A. (2018, April 27). Huang (2014) Replication.",10.17605/OSF.IO/J8A4P,NA,https://drive.google.com/file/d/1Kwdqeb9S0RNT_hHV1vR81MPGAjymnUQq/view?usp=drivesdk,1,NA,1,,,abstract,FALSE
Manylabs2_01_1,"Inbar, Y., Pizarro, D. A., Knobe, J., & Bloom, P. (2009). Disgust sensitivity predicts intuitive disapproval of gays. Emotion, 9(3), 435–439.",10.1037/a0015960,"Klein, R. A., Vianello, M., Hasselman, F., Adams, B. G., Adams Jr, R. B., Alper, S., ... & Sowden, W. (2018). Many Labs 2: Investigating variation in replicability across samples and settings. Advances in Methods and Practices in Psychological Science, 1(4), 443-490.",10.1177/2515245918810225,NA,https://drive.google.com/file/d/1rGqHLpg3OEGQnWLvlAEJr7JSMWJ2p-Ar/view?usp=drivesdk,1,"We conducted preregistered replications of 28 classic and contemporary published findings, with protocols that were peer reviewed in advance, to examine variation in effect magnitudes across samples and settings. Each protocol was administered to approximately half of 125 samples that comprised 15,305 participants from 36 countries and territories. Using the conventional criterion of statistical significance ( p < .05), we found that 15 (54%) of the replications provided evidence of a statistically significant effect in the same direction as the original finding. With a strict significance criterion ( p < .0001), 14 (50%) of the replications still provided such evidence, a reflection of the extremely high-powered design. Seven (25%) of the replications yielded effect sizes larger than the original ones, and 21 (75%) yielded effect sizes smaller than the original ones. The median comparable Cohen’s ds were 0.60 for the original findings and 0.15 for the replications. The effect sizes were small (< 0.20) in 16 of the replications (57%), and 9 effects (32%) were in the direction opposite the direction of the original effect. Across settings, the Q statistic indicated significant heterogeneity in 11 (39%) of the replication effects, and most of those were among the findings with the largest overall effect sizes; only 1 effect that was near zero in the aggregate showed significant heterogeneity according to this measure. Only 1 effect had a tau value greater than .20, an indication of moderate heterogeneity. Eight others had tau values near or slightly above .10, an indication of slight heterogeneity. Moderation tests indicated that very little heterogeneity was attributable to the order in which the tasks were performed or whether the tasks were administered in lab versus online. Exploratory comparisons revealed little heterogeneity between Western, educated, industrialized, rich, and democratic (WEIRD) cultures and less WEIRD cultures (i.e., cultures with relatively high and low WEIRDness scores, respectively). Cumulatively, variability in the observed effect sizes was attributable more to the effect being studied than to the sample or setting in which it was studied.",21,,,abstract,TRUE
Manylabs2_02_1,"Schwarz, N., Strack, F., & Mai, H. P. (1991). Assimilation and contrast effects in part-whole question sequences: A conversational logic analysis. Public Opinion Quarterly, 55, 3–23. Study 1",10.1086/269239,"Klein, R. A., Vianello, M., Hasselman, F., Adams, B. G., Adams Jr, R. B., Alper, S., ... & Sowden, W. (2018). Many Labs 2: Investigating variation in replicability across samples and settings. Advances in Methods and Practices in Psychological Science, 1(4), 443-490.",10.1177/2515245918810225,NA,https://drive.google.com/file/d/1rGqHLpg3OEGQnWLvlAEJr7JSMWJ2p-Ar/view?usp=drivesdk,2,"We conducted preregistered replications of 28 classic and contemporary published findings, with protocols that were peer reviewed in advance, to examine variation in effect magnitudes across samples and settings. Each protocol was administered to approximately half of 125 samples that comprised 15,305 participants from 36 countries and territories. Using the conventional criterion of statistical significance ( p < .05), we found that 15 (54%) of the replications provided evidence of a statistically significant effect in the same direction as the original finding. With a strict significance criterion ( p < .0001), 14 (50%) of the replications still provided such evidence, a reflection of the extremely high-powered design. Seven (25%) of the replications yielded effect sizes larger than the original ones, and 21 (75%) yielded effect sizes smaller than the original ones. The median comparable Cohen’s ds were 0.60 for the original findings and 0.15 for the replications. The effect sizes were small (< 0.20) in 16 of the replications (57%), and 9 effects (32%) were in the direction opposite the direction of the original effect. Across settings, the Q statistic indicated significant heterogeneity in 11 (39%) of the replication effects, and most of those were among the findings with the largest overall effect sizes; only 1 effect that was near zero in the aggregate showed significant heterogeneity according to this measure. Only 1 effect had a tau value greater than .20, an indication of moderate heterogeneity. Eight others had tau values near or slightly above .10, an indication of slight heterogeneity. Moderation tests indicated that very little heterogeneity was attributable to the order in which the tasks were performed or whether the tasks were administered in lab versus online. Exploratory comparisons revealed little heterogeneity between Western, educated, industrialized, rich, and democratic (WEIRD) cultures and less WEIRD cultures (i.e., cultures with relatively high and low WEIRDness scores, respectively). Cumulatively, variability in the observed effect sizes was attributable more to the effect being studied than to the sample or setting in which it was studied.",21,,,abstract,TRUE
Manylabs2_03_1,"Miyamoto, Y., & Kitayama, S. (2002). Cultural variation in correspondence bias: The critical role of attitude diagnosticity of socially constrained behavior. Journal of Personality and Social Psychology, 83, 1239–1248. Study 1",10.1037/0022-3514.83.5.1239,"Klein, R. A., Vianello, M., Hasselman, F., Adams, B. G., Adams Jr, R. B., Alper, S., ... & Sowden, W. (2018). Many Labs 2: Investigating variation in replicability across samples and settings. Advances in Methods and Practices in Psychological Science, 1(4), 443-490.",10.1177/2515245918810225,NA,https://drive.google.com/file/d/1rGqHLpg3OEGQnWLvlAEJr7JSMWJ2p-Ar/view?usp=drivesdk,3,"We conducted preregistered replications of 28 classic and contemporary published findings, with protocols that were peer reviewed in advance, to examine variation in effect magnitudes across samples and settings. Each protocol was administered to approximately half of 125 samples that comprised 15,305 participants from 36 countries and territories. Using the conventional criterion of statistical significance ( p < .05), we found that 15 (54%) of the replications provided evidence of a statistically significant effect in the same direction as the original finding. With a strict significance criterion ( p < .0001), 14 (50%) of the replications still provided such evidence, a reflection of the extremely high-powered design. Seven (25%) of the replications yielded effect sizes larger than the original ones, and 21 (75%) yielded effect sizes smaller than the original ones. The median comparable Cohen’s ds were 0.60 for the original findings and 0.15 for the replications. The effect sizes were small (< 0.20) in 16 of the replications (57%), and 9 effects (32%) were in the direction opposite the direction of the original effect. Across settings, the Q statistic indicated significant heterogeneity in 11 (39%) of the replication effects, and most of those were among the findings with the largest overall effect sizes; only 1 effect that was near zero in the aggregate showed significant heterogeneity according to this measure. Only 1 effect had a tau value greater than .20, an indication of moderate heterogeneity. Eight others had tau values near or slightly above .10, an indication of slight heterogeneity. Moderation tests indicated that very little heterogeneity was attributable to the order in which the tasks were performed or whether the tasks were administered in lab versus online. Exploratory comparisons revealed little heterogeneity between Western, educated, industrialized, rich, and democratic (WEIRD) cultures and less WEIRD cultures (i.e., cultures with relatively high and low WEIRDness scores, respectively). Cumulatively, variability in the observed effect sizes was attributable more to the effect being studied than to the sample or setting in which it was studied.",21,,,abstract,FALSE
Manylabs2_04_1,"Knobe, J. (2003). Intentional action and side effects in ordinary language. Analysis, 63(3), 190-194. Study 1",3329308,"Klein, R. A., Vianello, M., Hasselman, F., Adams, B. G., Adams Jr, R. B., Alper, S., ... & Sowden, W. (2018). Many Labs 2: Investigating variation in replicability across samples and settings. Advances in Methods and Practices in Psychological Science, 1(4), 443-490.",10.1177/2515245918810225,NA,https://drive.google.com/file/d/1rGqHLpg3OEGQnWLvlAEJr7JSMWJ2p-Ar/view?usp=drivesdk,5,"We conducted preregistered replications of 28 classic and contemporary published findings, with protocols that were peer reviewed in advance, to examine variation in effect magnitudes across samples and settings. Each protocol was administered to approximately half of 125 samples that comprised 15,305 participants from 36 countries and territories. Using the conventional criterion of statistical significance ( p < .05), we found that 15 (54%) of the replications provided evidence of a statistically significant effect in the same direction as the original finding. With a strict significance criterion ( p < .0001), 14 (50%) of the replications still provided such evidence, a reflection of the extremely high-powered design. Seven (25%) of the replications yielded effect sizes larger than the original ones, and 21 (75%) yielded effect sizes smaller than the original ones. The median comparable Cohen’s ds were 0.60 for the original findings and 0.15 for the replications. The effect sizes were small (< 0.20) in 16 of the replications (57%), and 9 effects (32%) were in the direction opposite the direction of the original effect. Across settings, the Q statistic indicated significant heterogeneity in 11 (39%) of the replication effects, and most of those were among the findings with the largest overall effect sizes; only 1 effect that was near zero in the aggregate showed significant heterogeneity according to this measure. Only 1 effect had a tau value greater than .20, an indication of moderate heterogeneity. Eight others had tau values near or slightly above .10, an indication of slight heterogeneity. Moderation tests indicated that very little heterogeneity was attributable to the order in which the tasks were performed or whether the tasks were administered in lab versus online. Exploratory comparisons revealed little heterogeneity between Western, educated, industrialized, rich, and democratic (WEIRD) cultures and less WEIRD cultures (i.e., cultures with relatively high and low WEIRDness scores, respectively). Cumulatively, variability in the observed effect sizes was attributable more to the effect being studied than to the sample or setting in which it was studied.",21,,,abstract,FALSE
Manylabs2_05_1,"Hauser, M. D., Cushman, F. A., Young, L., Jin, R., & Mikhail, J. M. (2007). A dissociation between moral judgments and justifications. Mind & Language, 22, 1–21. j.1468-0017.2006.00297.x Scenarios 1 and 2",10.1111/j.1468-0017.2006.00297.x,"Klein, R. A., Vianello, M., Hasselman, F., Adams, B. G., Adams Jr, R. B., Alper, S., ... & Sowden, W. (2018). Many Labs 2: Investigating variation in replicability across samples and settings. Advances in Methods and Practices in Psychological Science, 1(4), 443-490.",10.1177/2515245918810225,NA,https://drive.google.com/file/d/1rGqHLpg3OEGQnWLvlAEJr7JSMWJ2p-Ar/view?usp=drivesdk,6,"We conducted preregistered replications of 28 classic and contemporary published findings, with protocols that were peer reviewed in advance, to examine variation in effect magnitudes across samples and settings. Each protocol was administered to approximately half of 125 samples that comprised 15,305 participants from 36 countries and territories. Using the conventional criterion of statistical significance ( p < .05), we found that 15 (54%) of the replications provided evidence of a statistically significant effect in the same direction as the original finding. With a strict significance criterion ( p < .0001), 14 (50%) of the replications still provided such evidence, a reflection of the extremely high-powered design. Seven (25%) of the replications yielded effect sizes larger than the original ones, and 21 (75%) yielded effect sizes smaller than the original ones. The median comparable Cohen’s ds were 0.60 for the original findings and 0.15 for the replications. The effect sizes were small (< 0.20) in 16 of the replications (57%), and 9 effects (32%) were in the direction opposite the direction of the original effect. Across settings, the Q statistic indicated significant heterogeneity in 11 (39%) of the replication effects, and most of those were among the findings with the largest overall effect sizes; only 1 effect that was near zero in the aggregate showed significant heterogeneity according to this measure. Only 1 effect had a tau value greater than .20, an indication of moderate heterogeneity. Eight others had tau values near or slightly above .10, an indication of slight heterogeneity. Moderation tests indicated that very little heterogeneity was attributable to the order in which the tasks were performed or whether the tasks were administered in lab versus online. Exploratory comparisons revealed little heterogeneity between Western, educated, industrialized, rich, and democratic (WEIRD) cultures and less WEIRD cultures (i.e., cultures with relatively high and low WEIRDness scores, respectively). Cumulatively, variability in the observed effect sizes was attributable more to the effect being studied than to the sample or setting in which it was studied.",21,,,abstract,FALSE
Manylabs2_06_1,"Ross, L., Greene, D., & House, P. (1977). The “false consensus effect”: An egocentric bias in social perception and attribution processes. Journal of Experimental Social Psychology, 13, 279–301. Study 1 - supermarket scenario",10.1016/0022-1031(77)90049-X,"Klein, R. A., Vianello, M., Hasselman, F., Adams, B. G., Adams Jr, R. B., Alper, S., ... & Sowden, W. (2018). Many Labs 2: Investigating variation in replicability across samples and settings. Advances in Methods and Practices in Psychological Science, 1(4), 443-490.",10.1177/2515245918810225,NA,https://drive.google.com/file/d/1rGqHLpg3OEGQnWLvlAEJr7JSMWJ2p-Ar/view?usp=drivesdk,7,"We conducted preregistered replications of 28 classic and contemporary published findings, with protocols that were peer reviewed in advance, to examine variation in effect magnitudes across samples and settings. Each protocol was administered to approximately half of 125 samples that comprised 15,305 participants from 36 countries and territories. Using the conventional criterion of statistical significance ( p < .05), we found that 15 (54%) of the replications provided evidence of a statistically significant effect in the same direction as the original finding. With a strict significance criterion ( p < .0001), 14 (50%) of the replications still provided such evidence, a reflection of the extremely high-powered design. Seven (25%) of the replications yielded effect sizes larger than the original ones, and 21 (75%) yielded effect sizes smaller than the original ones. The median comparable Cohen’s ds were 0.60 for the original findings and 0.15 for the replications. The effect sizes were small (< 0.20) in 16 of the replications (57%), and 9 effects (32%) were in the direction opposite the direction of the original effect. Across settings, the Q statistic indicated significant heterogeneity in 11 (39%) of the replication effects, and most of those were among the findings with the largest overall effect sizes; only 1 effect that was near zero in the aggregate showed significant heterogeneity according to this measure. Only 1 effect had a tau value greater than .20, an indication of moderate heterogeneity. Eight others had tau values near or slightly above .10, an indication of slight heterogeneity. Moderation tests indicated that very little heterogeneity was attributable to the order in which the tasks were performed or whether the tasks were administered in lab versus online. Exploratory comparisons revealed little heterogeneity between Western, educated, industrialized, rich, and democratic (WEIRD) cultures and less WEIRD cultures (i.e., cultures with relatively high and low WEIRDness scores, respectively). Cumulatively, variability in the observed effect sizes was attributable more to the effect being studied than to the sample or setting in which it was studied.",21,,,abstract,TRUE
Manylabs2_06_1,"Ross, L., Greene, D., & House, P. (1977). The “false consensus effect”: An egocentric bias in social perception and attribution processes. Journal of Experimental Social Psychology, 13, 279–301. Study 1 - traffic tickets",10.1016/0022-1031(77)90049-X,"Klein, R. A., Vianello, M., Hasselman, F., Adams, B. G., Adams Jr, R. B., Alper, S., ... & Sowden, W. (2018). Many Labs 2: Investigating variation in replicability across samples and settings. Advances in Methods and Practices in Psychological Science, 1(4), 443-490.",10.1177/2515245918810225,NA,https://drive.google.com/file/d/1rGqHLpg3OEGQnWLvlAEJr7JSMWJ2p-Ar/view?usp=drivesdk,9,"We conducted preregistered replications of 28 classic and contemporary published findings, with protocols that were peer reviewed in advance, to examine variation in effect magnitudes across samples and settings. Each protocol was administered to approximately half of 125 samples that comprised 15,305 participants from 36 countries and territories. Using the conventional criterion of statistical significance ( p < .05), we found that 15 (54%) of the replications provided evidence of a statistically significant effect in the same direction as the original finding. With a strict significance criterion ( p < .0001), 14 (50%) of the replications still provided such evidence, a reflection of the extremely high-powered design. Seven (25%) of the replications yielded effect sizes larger than the original ones, and 21 (75%) yielded effect sizes smaller than the original ones. The median comparable Cohen’s ds were 0.60 for the original findings and 0.15 for the replications. The effect sizes were small (< 0.20) in 16 of the replications (57%), and 9 effects (32%) were in the direction opposite the direction of the original effect. Across settings, the Q statistic indicated significant heterogeneity in 11 (39%) of the replication effects, and most of those were among the findings with the largest overall effect sizes; only 1 effect that was near zero in the aggregate showed significant heterogeneity according to this measure. Only 1 effect had a tau value greater than .20, an indication of moderate heterogeneity. Eight others had tau values near or slightly above .10, an indication of slight heterogeneity. Moderation tests indicated that very little heterogeneity was attributable to the order in which the tasks were performed or whether the tasks were administered in lab versus online. Exploratory comparisons revealed little heterogeneity between Western, educated, industrialized, rich, and democratic (WEIRD) cultures and less WEIRD cultures (i.e., cultures with relatively high and low WEIRDness scores, respectively). Cumulatively, variability in the observed effect sizes was attributable more to the effect being studied than to the sample or setting in which it was studied.",21,,,abstract,TRUE
Manylabs2_07_1,"Gray, K., & Wegner, D. M. (2009). Moral typecasting: Divergent perceptions of moral agents and moral patients. Journal of Personality and Social Psychology, 96, 505–520. Study 1a",10.1037/a0013748,"Klein, R. A., Vianello, M., Hasselman, F., Adams, B. G., Adams Jr, R. B., Alper, S., ... & Sowden, W. (2018). Many Labs 2: Investigating variation in replicability across samples and settings. Advances in Methods and Practices in Psychological Science, 1(4), 443-490.",10.1177/2515245918810225,NA,https://drive.google.com/file/d/1rGqHLpg3OEGQnWLvlAEJr7JSMWJ2p-Ar/view?usp=drivesdk,8,"We conducted preregistered replications of 28 classic and contemporary published findings, with protocols that were peer reviewed in advance, to examine variation in effect magnitudes across samples and settings. Each protocol was administered to approximately half of 125 samples that comprised 15,305 participants from 36 countries and territories. Using the conventional criterion of statistical significance ( p < .05), we found that 15 (54%) of the replications provided evidence of a statistically significant effect in the same direction as the original finding. With a strict significance criterion ( p < .0001), 14 (50%) of the replications still provided such evidence, a reflection of the extremely high-powered design. Seven (25%) of the replications yielded effect sizes larger than the original ones, and 21 (75%) yielded effect sizes smaller than the original ones. The median comparable Cohen’s ds were 0.60 for the original findings and 0.15 for the replications. The effect sizes were small (< 0.20) in 16 of the replications (57%), and 9 effects (32%) were in the direction opposite the direction of the original effect. Across settings, the Q statistic indicated significant heterogeneity in 11 (39%) of the replication effects, and most of those were among the findings with the largest overall effect sizes; only 1 effect that was near zero in the aggregate showed significant heterogeneity according to this measure. Only 1 effect had a tau value greater than .20, an indication of moderate heterogeneity. Eight others had tau values near or slightly above .10, an indication of slight heterogeneity. Moderation tests indicated that very little heterogeneity was attributable to the order in which the tasks were performed or whether the tasks were administered in lab versus online. Exploratory comparisons revealed little heterogeneity between Western, educated, industrialized, rich, and democratic (WEIRD) cultures and less WEIRD cultures (i.e., cultures with relatively high and low WEIRDness scores, respectively). Cumulatively, variability in the observed effect sizes was attributable more to the effect being studied than to the sample or setting in which it was studied.",21,,,abstract,FALSE
Manylabs2_13_1,"Hauser, M. D., Cushman, F. A., Young, L., Jin, R., & Mikhail, J. M. (2007). A dissociation between moral judgments and justifications. Mind & Language, 22, 1–21. Study 1, Scenarios 3 and 4",10.1111/j.1468-0017.2006.00297.x,"Klein, R. A., Vianello, M., Hasselman, F., Adams, B. G., Adams Jr, R. B., Alper, S., ... & Sowden, W. (2018). Many Labs 2: Investigating variation in replicability across samples and settings. Advances in Methods and Practices in Psychological Science, 1(4), 443-490.",10.1177/2515245918810225,NA,https://drive.google.com/file/d/1rGqHLpg3OEGQnWLvlAEJr7JSMWJ2p-Ar/view?usp=drivesdk,17,"We conducted preregistered replications of 28 classic and contemporary published findings, with protocols that were peer reviewed in advance, to examine variation in effect magnitudes across samples and settings. Each protocol was administered to approximately half of 125 samples that comprised 15,305 participants from 36 countries and territories. Using the conventional criterion of statistical significance ( p < .05), we found that 15 (54%) of the replications provided evidence of a statistically significant effect in the same direction as the original finding. With a strict significance criterion ( p < .0001), 14 (50%) of the replications still provided such evidence, a reflection of the extremely high-powered design. Seven (25%) of the replications yielded effect sizes larger than the original ones, and 21 (75%) yielded effect sizes smaller than the original ones. The median comparable Cohen’s ds were 0.60 for the original findings and 0.15 for the replications. The effect sizes were small (< 0.20) in 16 of the replications (57%), and 9 effects (32%) were in the direction opposite the direction of the original effect. Across settings, the Q statistic indicated significant heterogeneity in 11 (39%) of the replication effects, and most of those were among the findings with the largest overall effect sizes; only 1 effect that was near zero in the aggregate showed significant heterogeneity according to this measure. Only 1 effect had a tau value greater than .20, an indication of moderate heterogeneity. Eight others had tau values near or slightly above .10, an indication of slight heterogeneity. Moderation tests indicated that very little heterogeneity was attributable to the order in which the tasks were performed or whether the tasks were administered in lab versus online. Exploratory comparisons revealed little heterogeneity between Western, educated, industrialized, rich, and democratic (WEIRD) cultures and less WEIRD cultures (i.e., cultures with relatively high and low WEIRDness scores, respectively). Cumulatively, variability in the observed effect sizes was attributable more to the effect being studied than to the sample or setting in which it was studied.",21,,,abstract,FALSE
Manylabs2_14_1,"Risen, J. L., & Gilovich, T. (2008). Why people are reluctant to tempt fate. Journal of Personality and Social Psychology, 95, 293–307. Study 2",10.1037/0022-3514.95.2.293,"Klein, R. A., Vianello, M., Hasselman, F., Adams, B. G., Adams Jr, R. B., Alper, S., ... & Sowden, W. (2018). Many Labs 2: Investigating variation in replicability across samples and settings. Advances in Methods and Practices in Psychological Science, 1(4), 443-490.",10.1177/2515245918810225,NA,https://drive.google.com/file/d/1rGqHLpg3OEGQnWLvlAEJr7JSMWJ2p-Ar/view?usp=drivesdk,18,"We conducted preregistered replications of 28 classic and contemporary published findings, with protocols that were peer reviewed in advance, to examine variation in effect magnitudes across samples and settings. Each protocol was administered to approximately half of 125 samples that comprised 15,305 participants from 36 countries and territories. Using the conventional criterion of statistical significance ( p < .05), we found that 15 (54%) of the replications provided evidence of a statistically significant effect in the same direction as the original finding. With a strict significance criterion ( p < .0001), 14 (50%) of the replications still provided such evidence, a reflection of the extremely high-powered design. Seven (25%) of the replications yielded effect sizes larger than the original ones, and 21 (75%) yielded effect sizes smaller than the original ones. The median comparable Cohen’s ds were 0.60 for the original findings and 0.15 for the replications. The effect sizes were small (< 0.20) in 16 of the replications (57%), and 9 effects (32%) were in the direction opposite the direction of the original effect. Across settings, the Q statistic indicated significant heterogeneity in 11 (39%) of the replication effects, and most of those were among the findings with the largest overall effect sizes; only 1 effect that was near zero in the aggregate showed significant heterogeneity according to this measure. Only 1 effect had a tau value greater than .20, an indication of moderate heterogeneity. Eight others had tau values near or slightly above .10, an indication of slight heterogeneity. Moderation tests indicated that very little heterogeneity was attributable to the order in which the tasks were performed or whether the tasks were administered in lab versus online. Exploratory comparisons revealed little heterogeneity between Western, educated, industrialized, rich, and democratic (WEIRD) cultures and less WEIRD cultures (i.e., cultures with relatively high and low WEIRDness scores, respectively). Cumulatively, variability in the observed effect sizes was attributable more to the effect being studied than to the sample or setting in which it was studied.",21,,,abstract,FALSE
Manylabs2_15_1,"Bauer, M. A., Wilkie, J. E., Kim, J. K., & Bodenhausen, G. V. (2012). Cuing consumerism: Situational materialism undermines personal and social well-being. Psychological Science, 23, 517–523. Study 4",10.1177/0956797611429579,"Klein, R. A., Vianello, M., Hasselman, F., Adams, B. G., Adams Jr, R. B., Alper, S., ... & Sowden, W. (2018). Many Labs 2: Investigating variation in replicability across samples and settings. Advances in Methods and Practices in Psychological Science, 1(4), 443-490.",10.1177/2515245918810225,NA,https://drive.google.com/file/d/1rGqHLpg3OEGQnWLvlAEJr7JSMWJ2p-Ar/view?usp=drivesdk,19,"We conducted preregistered replications of 28 classic and contemporary published findings, with protocols that were peer reviewed in advance, to examine variation in effect magnitudes across samples and settings. Each protocol was administered to approximately half of 125 samples that comprised 15,305 participants from 36 countries and territories. Using the conventional criterion of statistical significance ( p < .05), we found that 15 (54%) of the replications provided evidence of a statistically significant effect in the same direction as the original finding. With a strict significance criterion ( p < .0001), 14 (50%) of the replications still provided such evidence, a reflection of the extremely high-powered design. Seven (25%) of the replications yielded effect sizes larger than the original ones, and 21 (75%) yielded effect sizes smaller than the original ones. The median comparable Cohen’s ds were 0.60 for the original findings and 0.15 for the replications. The effect sizes were small (< 0.20) in 16 of the replications (57%), and 9 effects (32%) were in the direction opposite the direction of the original effect. Across settings, the Q statistic indicated significant heterogeneity in 11 (39%) of the replication effects, and most of those were among the findings with the largest overall effect sizes; only 1 effect that was near zero in the aggregate showed significant heterogeneity according to this measure. Only 1 effect had a tau value greater than .20, an indication of moderate heterogeneity. Eight others had tau values near or slightly above .10, an indication of slight heterogeneity. Moderation tests indicated that very little heterogeneity was attributable to the order in which the tasks were performed or whether the tasks were administered in lab versus online. Exploratory comparisons revealed little heterogeneity between Western, educated, industrialized, rich, and democratic (WEIRD) cultures and less WEIRD cultures (i.e., cultures with relatively high and low WEIRDness scores, respectively). Cumulatively, variability in the observed effect sizes was attributable more to the effect being studied than to the sample or setting in which it was studied.",21,,,abstract,TRUE
Manylabs2_15_1,"Bauer, M. A., Wilkie, J. E., Kim, J. K., & Bodenhausen, G. V. (2012). Cuing consumerism: Situational materialism undermines personal and social well-being. Psychological Science, 23, 517–523. Study 4",10.1177/0956797611429579,"Klein, R. A., Vianello, M., Hasselman, F., Adams, B. G., Adams Jr, R. B., Alper, S., ... & Sowden, W. (2018). Many Labs 2: Investigating variation in replicability across samples and settings. Advances in Methods and Practices in Psychological Science, 1(4), 443-490.",10.1177/2515245918810225,NA,https://drive.google.com/file/d/1rGqHLpg3OEGQnWLvlAEJr7JSMWJ2p-Ar/view?usp=drivesdk,6,"We conducted preregistered replications of 28 classic and contemporary published findings, with protocols that were peer reviewed in advance, to examine variation in effect magnitudes across samples and settings. Each protocol was administered to approximately half of 125 samples that comprised 15,305 participants from 36 countries and territories. Using the conventional criterion of statistical significance ( p < .05), we found that 15 (54%) of the replications provided evidence of a statistically significant effect in the same direction as the original finding. With a strict significance criterion ( p < .0001), 14 (50%) of the replications still provided such evidence, a reflection of the extremely high-powered design. Seven (25%) of the replications yielded effect sizes larger than the original ones, and 21 (75%) yielded effect sizes smaller than the original ones. The median comparable Cohen’s ds were 0.60 for the original findings and 0.15 for the replications. The effect sizes were small (< 0.20) in 16 of the replications (57%), and 9 effects (32%) were in the direction opposite the direction of the original effect. Across settings, the Q statistic indicated significant heterogeneity in 11 (39%) of the replication effects, and most of those were among the findings with the largest overall effect sizes; only 1 effect that was near zero in the aggregate showed significant heterogeneity according to this measure. Only 1 effect had a tau value greater than .20, an indication of moderate heterogeneity. Eight others had tau values near or slightly above .10, an indication of slight heterogeneity. Moderation tests indicated that very little heterogeneity was attributable to the order in which the tasks were performed or whether the tasks were administered in lab versus online. Exploratory comparisons revealed little heterogeneity between Western, educated, industrialized, rich, and democratic (WEIRD) cultures and less WEIRD cultures (i.e., cultures with relatively high and low WEIRDness scores, respectively). Cumulatively, variability in the observed effect sizes was attributable more to the effect being studied than to the sample or setting in which it was studied.",21,,,abstract,TRUE
Manylabs2_16_1,"Critcher, C. R., & Gilovich, T. (2008). Incidental environmental anchors. Journal of Behavioral Decision Making, 21, 241–251. Study 2",10.1002/bdm.586,"Klein, R. A., Vianello, M., Hasselman, F., Adams, B. G., Adams Jr, R. B., Alper, S., ... & Sowden, W. (2018). Many Labs 2: Investigating variation in replicability across samples and settings. Advances in Methods and Practices in Psychological Science, 1(4), 443-490.",10.1177/2515245918810225,NA,https://drive.google.com/file/d/1rGqHLpg3OEGQnWLvlAEJr7JSMWJ2p-Ar/view?usp=drivesdk,20,"We conducted preregistered replications of 28 classic and contemporary published findings, with protocols that were peer reviewed in advance, to examine variation in effect magnitudes across samples and settings. Each protocol was administered to approximately half of 125 samples that comprised 15,305 participants from 36 countries and territories. Using the conventional criterion of statistical significance ( p < .05), we found that 15 (54%) of the replications provided evidence of a statistically significant effect in the same direction as the original finding. With a strict significance criterion ( p < .0001), 14 (50%) of the replications still provided such evidence, a reflection of the extremely high-powered design. Seven (25%) of the replications yielded effect sizes larger than the original ones, and 21 (75%) yielded effect sizes smaller than the original ones. The median comparable Cohen’s ds were 0.60 for the original findings and 0.15 for the replications. The effect sizes were small (< 0.20) in 16 of the replications (57%), and 9 effects (32%) were in the direction opposite the direction of the original effect. Across settings, the Q statistic indicated significant heterogeneity in 11 (39%) of the replication effects, and most of those were among the findings with the largest overall effect sizes; only 1 effect that was near zero in the aggregate showed significant heterogeneity according to this measure. Only 1 effect had a tau value greater than .20, an indication of moderate heterogeneity. Eight others had tau values near or slightly above .10, an indication of slight heterogeneity. Moderation tests indicated that very little heterogeneity was attributable to the order in which the tasks were performed or whether the tasks were administered in lab versus online. Exploratory comparisons revealed little heterogeneity between Western, educated, industrialized, rich, and democratic (WEIRD) cultures and less WEIRD cultures (i.e., cultures with relatively high and low WEIRDness scores, respectively). Cumulatively, variability in the observed effect sizes was attributable more to the effect being studied than to the sample or setting in which it was studied.",21,,,abstract,FALSE
Manylabs2_17_1,"Giessner, S. R., & Schubert, T. W. (2007). High in the hierarchy: How vertical location and judgments of leaders’ power are interrelated. Organizational Behavior and Human Decision Processes, 104, 30–44. .obhdp.2006.10.001 Study 1a",10.1016/j.obhdp.2006.10.001,"Klein, R. A., Vianello, M., Hasselman, F., Adams, B. G., Adams Jr, R. B., Alper, S., ... & Sowden, W. (2018). Many Labs 2: Investigating variation in replicability across samples and settings. Advances in Methods and Practices in Psychological Science, 1(4), 443-490.",10.1177/2515245918810225,NA,https://drive.google.com/file/d/1rGqHLpg3OEGQnWLvlAEJr7JSMWJ2p-Ar/view?usp=drivesdk,21,"We conducted preregistered replications of 28 classic and contemporary published findings, with protocols that were peer reviewed in advance, to examine variation in effect magnitudes across samples and settings. Each protocol was administered to approximately half of 125 samples that comprised 15,305 participants from 36 countries and territories. Using the conventional criterion of statistical significance ( p < .05), we found that 15 (54%) of the replications provided evidence of a statistically significant effect in the same direction as the original finding. With a strict significance criterion ( p < .0001), 14 (50%) of the replications still provided such evidence, a reflection of the extremely high-powered design. Seven (25%) of the replications yielded effect sizes larger than the original ones, and 21 (75%) yielded effect sizes smaller than the original ones. The median comparable Cohen’s ds were 0.60 for the original findings and 0.15 for the replications. The effect sizes were small (< 0.20) in 16 of the replications (57%), and 9 effects (32%) were in the direction opposite the direction of the original effect. Across settings, the Q statistic indicated significant heterogeneity in 11 (39%) of the replication effects, and most of those were among the findings with the largest overall effect sizes; only 1 effect that was near zero in the aggregate showed significant heterogeneity according to this measure. Only 1 effect had a tau value greater than .20, an indication of moderate heterogeneity. Eight others had tau values near or slightly above .10, an indication of slight heterogeneity. Moderation tests indicated that very little heterogeneity was attributable to the order in which the tasks were performed or whether the tasks were administered in lab versus online. Exploratory comparisons revealed little heterogeneity between Western, educated, industrialized, rich, and democratic (WEIRD) cultures and less WEIRD cultures (i.e., cultures with relatively high and low WEIRDness scores, respectively). Cumulatively, variability in the observed effect sizes was attributable more to the effect being studied than to the sample or setting in which it was studied.",21,,,abstract,TRUE
Manylabs2_19_1,"Zhong, C.-B., & Liljenquist, K. (2006). Washing away your sins: Threatened morality and physical cleansing. Science, 313, 1451–1452. Study 2",10.1126/science.1130726,"Klein, R. A., Vianello, M., Hasselman, F., Adams, B. G., Adams Jr, R. B., Alper, S., ... & Sowden, W. (2018). Many Labs 2: Investigating variation in replicability across samples and settings. Advances in Methods and Practices in Psychological Science, 1(4), 443-490.",10.1177/2515245918810225,NA,https://drive.google.com/file/d/1rGqHLpg3OEGQnWLvlAEJr7JSMWJ2p-Ar/view?usp=drivesdk,23,"We conducted preregistered replications of 28 classic and contemporary published findings, with protocols that were peer reviewed in advance, to examine variation in effect magnitudes across samples and settings. Each protocol was administered to approximately half of 125 samples that comprised 15,305 participants from 36 countries and territories. Using the conventional criterion of statistical significance ( p < .05), we found that 15 (54%) of the replications provided evidence of a statistically significant effect in the same direction as the original finding. With a strict significance criterion ( p < .0001), 14 (50%) of the replications still provided such evidence, a reflection of the extremely high-powered design. Seven (25%) of the replications yielded effect sizes larger than the original ones, and 21 (75%) yielded effect sizes smaller than the original ones. The median comparable Cohen’s ds were 0.60 for the original findings and 0.15 for the replications. The effect sizes were small (< 0.20) in 16 of the replications (57%), and 9 effects (32%) were in the direction opposite the direction of the original effect. Across settings, the Q statistic indicated significant heterogeneity in 11 (39%) of the replication effects, and most of those were among the findings with the largest overall effect sizes; only 1 effect that was near zero in the aggregate showed significant heterogeneity according to this measure. Only 1 effect had a tau value greater than .20, an indication of moderate heterogeneity. Eight others had tau values near or slightly above .10, an indication of slight heterogeneity. Moderation tests indicated that very little heterogeneity was attributable to the order in which the tasks were performed or whether the tasks were administered in lab versus online. Exploratory comparisons revealed little heterogeneity between Western, educated, industrialized, rich, and democratic (WEIRD) cultures and less WEIRD cultures (i.e., cultures with relatively high and low WEIRDness scores, respectively). Cumulatively, variability in the observed effect sizes was attributable more to the effect being studied than to the sample or setting in which it was studied.",21,,,abstract,TRUE
Manylabs2_20_1,"Kay, A. C., Laurin, K., Fitzsimons, G. M., & Landau, M. J. (2014). A functional basis for structure-seeking: Exposure to structure promotes willingness to engage in motivated action. Journal of Experimental Psychology: General, 143, 486–491. Study 2",10.1037/a0034462,"Klein, R. A., Vianello, M., Hasselman, F., Adams, B. G., Adams Jr, R. B., Alper, S., ... & Sowden, W. (2018). Many Labs 2: Investigating variation in replicability across samples and settings. Advances in Methods and Practices in Psychological Science, 1(4), 443-490.",10.1177/2515245918810225,NA,https://drive.google.com/file/d/1rGqHLpg3OEGQnWLvlAEJr7JSMWJ2p-Ar/view?usp=drivesdk,24,"We conducted preregistered replications of 28 classic and contemporary published findings, with protocols that were peer reviewed in advance, to examine variation in effect magnitudes across samples and settings. Each protocol was administered to approximately half of 125 samples that comprised 15,305 participants from 36 countries and territories. Using the conventional criterion of statistical significance ( p < .05), we found that 15 (54%) of the replications provided evidence of a statistically significant effect in the same direction as the original finding. With a strict significance criterion ( p < .0001), 14 (50%) of the replications still provided such evidence, a reflection of the extremely high-powered design. Seven (25%) of the replications yielded effect sizes larger than the original ones, and 21 (75%) yielded effect sizes smaller than the original ones. The median comparable Cohen’s ds were 0.60 for the original findings and 0.15 for the replications. The effect sizes were small (< 0.20) in 16 of the replications (57%), and 9 effects (32%) were in the direction opposite the direction of the original effect. Across settings, the Q statistic indicated significant heterogeneity in 11 (39%) of the replication effects, and most of those were among the findings with the largest overall effect sizes; only 1 effect that was near zero in the aggregate showed significant heterogeneity according to this measure. Only 1 effect had a tau value greater than .20, an indication of moderate heterogeneity. Eight others had tau values near or slightly above .10, an indication of slight heterogeneity. Moderation tests indicated that very little heterogeneity was attributable to the order in which the tasks were performed or whether the tasks were administered in lab versus online. Exploratory comparisons revealed little heterogeneity between Western, educated, industrialized, rich, and democratic (WEIRD) cultures and less WEIRD cultures (i.e., cultures with relatively high and low WEIRDness scores, respectively). Cumulatively, variability in the observed effect sizes was attributable more to the effect being studied than to the sample or setting in which it was studied.",21,,,abstract,FALSE
Manylabs2_21_1,"Van Lange, P. A. M., Otten, W., De Bruin, E. M. N., & Joireman, J. A. (1997). Development of prosocial, individualistic, and competitive orientations: Theory and preliminary evidence. Journal of Personality and Social Psychology, 73, 733–746. Study 3",10.1037/0022-3514.73.4.733,"Klein, R. A., Vianello, M., Hasselman, F., Adams, B. G., Adams Jr, R. B., Alper, S., ... & Sowden, W. (2018). Many Labs 2: Investigating variation in replicability across samples and settings. Advances in Methods and Practices in Psychological Science, 1(4), 443-490.",10.1177/2515245918810225,NA,https://drive.google.com/file/d/1rGqHLpg3OEGQnWLvlAEJr7JSMWJ2p-Ar/view?usp=drivesdk,25,"We conducted preregistered replications of 28 classic and contemporary published findings, with protocols that were peer reviewed in advance, to examine variation in effect magnitudes across samples and settings. Each protocol was administered to approximately half of 125 samples that comprised 15,305 participants from 36 countries and territories. Using the conventional criterion of statistical significance ( p < .05), we found that 15 (54%) of the replications provided evidence of a statistically significant effect in the same direction as the original finding. With a strict significance criterion ( p < .0001), 14 (50%) of the replications still provided such evidence, a reflection of the extremely high-powered design. Seven (25%) of the replications yielded effect sizes larger than the original ones, and 21 (75%) yielded effect sizes smaller than the original ones. The median comparable Cohen’s ds were 0.60 for the original findings and 0.15 for the replications. The effect sizes were small (< 0.20) in 16 of the replications (57%), and 9 effects (32%) were in the direction opposite the direction of the original effect. Across settings, the Q statistic indicated significant heterogeneity in 11 (39%) of the replication effects, and most of those were among the findings with the largest overall effect sizes; only 1 effect that was near zero in the aggregate showed significant heterogeneity according to this measure. Only 1 effect had a tau value greater than .20, an indication of moderate heterogeneity. Eight others had tau values near or slightly above .10, an indication of slight heterogeneity. Moderation tests indicated that very little heterogeneity was attributable to the order in which the tasks were performed or whether the tasks were administered in lab versus online. Exploratory comparisons revealed little heterogeneity between Western, educated, industrialized, rich, and democratic (WEIRD) cultures and less WEIRD cultures (i.e., cultures with relatively high and low WEIRDness scores, respectively). Cumulatively, variability in the observed effect sizes was attributable more to the effect being studied than to the sample or setting in which it was studied.",21,,,abstract,TRUE
Manylabs2_22_1,"Zaval, L., Keenan, E. A., Johnson, E. J., & Weber, E. U. (2014). How warm days increase belief in global warming. Nature Climate Change, 4, 143–147. Study 3a",10.1038/nclimate2093,"Klein, R. A., Vianello, M., Hasselman, F., Adams, B. G., Adams Jr, R. B., Alper, S., ... & Sowden, W. (2018). Many Labs 2: Investigating variation in replicability across samples and settings. Advances in Methods and Practices in Psychological Science, 1(4), 443-490.",10.1177/2515245918810225,NA,https://drive.google.com/file/d/1rGqHLpg3OEGQnWLvlAEJr7JSMWJ2p-Ar/view?usp=drivesdk,26,"We conducted preregistered replications of 28 classic and contemporary published findings, with protocols that were peer reviewed in advance, to examine variation in effect magnitudes across samples and settings. Each protocol was administered to approximately half of 125 samples that comprised 15,305 participants from 36 countries and territories. Using the conventional criterion of statistical significance ( p < .05), we found that 15 (54%) of the replications provided evidence of a statistically significant effect in the same direction as the original finding. With a strict significance criterion ( p < .0001), 14 (50%) of the replications still provided such evidence, a reflection of the extremely high-powered design. Seven (25%) of the replications yielded effect sizes larger than the original ones, and 21 (75%) yielded effect sizes smaller than the original ones. The median comparable Cohen’s ds were 0.60 for the original findings and 0.15 for the replications. The effect sizes were small (< 0.20) in 16 of the replications (57%), and 9 effects (32%) were in the direction opposite the direction of the original effect. Across settings, the Q statistic indicated significant heterogeneity in 11 (39%) of the replication effects, and most of those were among the findings with the largest overall effect sizes; only 1 effect that was near zero in the aggregate showed significant heterogeneity according to this measure. Only 1 effect had a tau value greater than .20, an indication of moderate heterogeneity. Eight others had tau values near or slightly above .10, an indication of slight heterogeneity. Moderation tests indicated that very little heterogeneity was attributable to the order in which the tasks were performed or whether the tasks were administered in lab versus online. Exploratory comparisons revealed little heterogeneity between Western, educated, industrialized, rich, and democratic (WEIRD) cultures and less WEIRD cultures (i.e., cultures with relatively high and low WEIRDness scores, respectively). Cumulatively, variability in the observed effect sizes was attributable more to the effect being studied than to the sample or setting in which it was studied.",21,,,abstract,FALSE
Manylabs2_23_1,"Alter, A. L., Oppenheimer, D. M., Epley, N., & Eyre, R. N. (2007). Overcoming intuition: Metacognitive difficulty activates analytic reasoning. Journal of Experimental Psychology: General, 136, 569–576. 3445.136.4.569 Study 4",10.1037/0096-3445.136.4.569,"Klein, R. A., Vianello, M., Hasselman, F., Adams, B. G., Adams Jr, R. B., Alper, S., ... & Sowden, W. (2018). Many Labs 2: Investigating variation in replicability across samples and settings. Advances in Methods and Practices in Psychological Science, 1(4), 443-490.",10.1177/2515245918810225,NA,https://drive.google.com/file/d/1rGqHLpg3OEGQnWLvlAEJr7JSMWJ2p-Ar/view?usp=drivesdk,27,"We conducted preregistered replications of 28 classic and contemporary published findings, with protocols that were peer reviewed in advance, to examine variation in effect magnitudes across samples and settings. Each protocol was administered to approximately half of 125 samples that comprised 15,305 participants from 36 countries and territories. Using the conventional criterion of statistical significance ( p < .05), we found that 15 (54%) of the replications provided evidence of a statistically significant effect in the same direction as the original finding. With a strict significance criterion ( p < .0001), 14 (50%) of the replications still provided such evidence, a reflection of the extremely high-powered design. Seven (25%) of the replications yielded effect sizes larger than the original ones, and 21 (75%) yielded effect sizes smaller than the original ones. The median comparable Cohen’s ds were 0.60 for the original findings and 0.15 for the replications. The effect sizes were small (< 0.20) in 16 of the replications (57%), and 9 effects (32%) were in the direction opposite the direction of the original effect. Across settings, the Q statistic indicated significant heterogeneity in 11 (39%) of the replication effects, and most of those were among the findings with the largest overall effect sizes; only 1 effect that was near zero in the aggregate showed significant heterogeneity according to this measure. Only 1 effect had a tau value greater than .20, an indication of moderate heterogeneity. Eight others had tau values near or slightly above .10, an indication of slight heterogeneity. Moderation tests indicated that very little heterogeneity was attributable to the order in which the tasks were performed or whether the tasks were administered in lab versus online. Exploratory comparisons revealed little heterogeneity between Western, educated, industrialized, rich, and democratic (WEIRD) cultures and less WEIRD cultures (i.e., cultures with relatively high and low WEIRDness scores, respectively). Cumulatively, variability in the observed effect sizes was attributable more to the effect being studied than to the sample or setting in which it was studied.",21,,,abstract,FALSE
Manylabs2_23_1,"Alter, A. L., Oppenheimer, D. M., Epley, N., & Eyre, R. N. (2007). Overcoming intuition: Metacognitive difficulty activates analytic reasoning. Journal of Experimental Psychology: General, 136, 569–576. 3445.136.4.569 Study 4",10.1037/0096-3445.136.4.569,"Klein, R. A., Vianello, M., Hasselman, F., Adams, B. G., Adams Jr, R. B., Alper, S., ... & Sowden, W. (2018). Many Labs 2: Investigating variation in replicability across samples and settings. Advances in Methods and Practices in Psychological Science, 1(4), 443-490.",10.1177/2515245918810225,NA,https://drive.google.com/file/d/1rGqHLpg3OEGQnWLvlAEJr7JSMWJ2p-Ar/view?usp=drivesdk,3,"We conducted preregistered replications of 28 classic and contemporary published findings, with protocols that were peer reviewed in advance, to examine variation in effect magnitudes across samples and settings. Each protocol was administered to approximately half of 125 samples that comprised 15,305 participants from 36 countries and territories. Using the conventional criterion of statistical significance ( p < .05), we found that 15 (54%) of the replications provided evidence of a statistically significant effect in the same direction as the original finding. With a strict significance criterion ( p < .0001), 14 (50%) of the replications still provided such evidence, a reflection of the extremely high-powered design. Seven (25%) of the replications yielded effect sizes larger than the original ones, and 21 (75%) yielded effect sizes smaller than the original ones. The median comparable Cohen’s ds were 0.60 for the original findings and 0.15 for the replications. The effect sizes were small (< 0.20) in 16 of the replications (57%), and 9 effects (32%) were in the direction opposite the direction of the original effect. Across settings, the Q statistic indicated significant heterogeneity in 11 (39%) of the replication effects, and most of those were among the findings with the largest overall effect sizes; only 1 effect that was near zero in the aggregate showed significant heterogeneity according to this measure. Only 1 effect had a tau value greater than .20, an indication of moderate heterogeneity. Eight others had tau values near or slightly above .10, an indication of slight heterogeneity. Moderation tests indicated that very little heterogeneity was attributable to the order in which the tasks were performed or whether the tasks were administered in lab versus online. Exploratory comparisons revealed little heterogeneity between Western, educated, industrialized, rich, and democratic (WEIRD) cultures and less WEIRD cultures (i.e., cultures with relatively high and low WEIRDness scores, respectively). Cumulatively, variability in the observed effect sizes was attributable more to the effect being studied than to the sample or setting in which it was studied.",21,,,abstract,FALSE
Manylabs2_24_1,"Anderson, C., Kraus, M. W., Galinsky, A. D., & Keltner, D. (2012). The local-ladder effect: Social status and subjective well-being. Psychological Science, 23, 764–771. Study 3",10.1177/0956797611434537,"Klein, R. A., Vianello, M., Hasselman, F., Adams, B. G., Adams Jr, R. B., Alper, S., ... & Sowden, W. (2018). Many Labs 2: Investigating variation in replicability across samples and settings. Advances in Methods and Practices in Psychological Science, 1(4), 443-490.",10.1177/2515245918810225,NA,https://drive.google.com/file/d/1rGqHLpg3OEGQnWLvlAEJr7JSMWJ2p-Ar/view?usp=drivesdk,28,"We conducted preregistered replications of 28 classic and contemporary published findings, with protocols that were peer reviewed in advance, to examine variation in effect magnitudes across samples and settings. Each protocol was administered to approximately half of 125 samples that comprised 15,305 participants from 36 countries and territories. Using the conventional criterion of statistical significance ( p < .05), we found that 15 (54%) of the replications provided evidence of a statistically significant effect in the same direction as the original finding. With a strict significance criterion ( p < .0001), 14 (50%) of the replications still provided such evidence, a reflection of the extremely high-powered design. Seven (25%) of the replications yielded effect sizes larger than the original ones, and 21 (75%) yielded effect sizes smaller than the original ones. The median comparable Cohen’s ds were 0.60 for the original findings and 0.15 for the replications. The effect sizes were small (< 0.20) in 16 of the replications (57%), and 9 effects (32%) were in the direction opposite the direction of the original effect. Across settings, the Q statistic indicated significant heterogeneity in 11 (39%) of the replication effects, and most of those were among the findings with the largest overall effect sizes; only 1 effect that was near zero in the aggregate showed significant heterogeneity according to this measure. Only 1 effect had a tau value greater than .20, an indication of moderate heterogeneity. Eight others had tau values near or slightly above .10, an indication of slight heterogeneity. Moderation tests indicated that very little heterogeneity was attributable to the order in which the tasks were performed or whether the tasks were administered in lab versus online. Exploratory comparisons revealed little heterogeneity between Western, educated, industrialized, rich, and democratic (WEIRD) cultures and less WEIRD cultures (i.e., cultures with relatively high and low WEIRDness scores, respectively). Cumulatively, variability in the observed effect sizes was attributable more to the effect being studied than to the sample or setting in which it was studied.",21,,,abstract,FALSE
Manylabs2_25_1,"Rottenstreich, Y., & Hsee, C. K. (2001). Money, kisses, and electric shocks: On the affective psychology of risk. Psychological Science, 12, 185–190. 9280.00334 Study 1",10.1111/1467-9280.00334,"Klein, R. A., Vianello, M., Hasselman, F., Adams, B. G., Adams Jr, R. B., Alper, S., ... & Sowden, W. (2018). Many Labs 2: Investigating variation in replicability across samples and settings. Advances in Methods and Practices in Psychological Science, 1(4), 443-490.",10.1177/2515245918810225,NA,https://drive.google.com/file/d/1rGqHLpg3OEGQnWLvlAEJr7JSMWJ2p-Ar/view?usp=drivesdk,29,"We conducted preregistered replications of 28 classic and contemporary published findings, with protocols that were peer reviewed in advance, to examine variation in effect magnitudes across samples and settings. Each protocol was administered to approximately half of 125 samples that comprised 15,305 participants from 36 countries and territories. Using the conventional criterion of statistical significance ( p < .05), we found that 15 (54%) of the replications provided evidence of a statistically significant effect in the same direction as the original finding. With a strict significance criterion ( p < .0001), 14 (50%) of the replications still provided such evidence, a reflection of the extremely high-powered design. Seven (25%) of the replications yielded effect sizes larger than the original ones, and 21 (75%) yielded effect sizes smaller than the original ones. The median comparable Cohen’s ds were 0.60 for the original findings and 0.15 for the replications. The effect sizes were small (< 0.20) in 16 of the replications (57%), and 9 effects (32%) were in the direction opposite the direction of the original effect. Across settings, the Q statistic indicated significant heterogeneity in 11 (39%) of the replication effects, and most of those were among the findings with the largest overall effect sizes; only 1 effect that was near zero in the aggregate showed significant heterogeneity according to this measure. Only 1 effect had a tau value greater than .20, an indication of moderate heterogeneity. Eight others had tau values near or slightly above .10, an indication of slight heterogeneity. Moderation tests indicated that very little heterogeneity was attributable to the order in which the tasks were performed or whether the tasks were administered in lab versus online. Exploratory comparisons revealed little heterogeneity between Western, educated, industrialized, rich, and democratic (WEIRD) cultures and less WEIRD cultures (i.e., cultures with relatively high and low WEIRDness scores, respectively). Cumulatively, variability in the observed effect sizes was attributable more to the effect being studied than to the sample or setting in which it was studied.",21,,,abstract,FALSE
Manylabs2_26_1,"Shafir, E. (1993). Choosing versus rejecting: Why some options are both better and worse than others. Memory & Cognition, 21, 546–556. Study 1",10.3758/BF03197186,"Klein, R. A., Vianello, M., Hasselman, F., Adams, B. G., Adams Jr, R. B., Alper, S., ... & Sowden, W. (2018). Many Labs 2: Investigating variation in replicability across samples and settings. Advances in Methods and Practices in Psychological Science, 1(4), 443-490.",10.1177/2515245918810225,NA,https://drive.google.com/file/d/1rGqHLpg3OEGQnWLvlAEJr7JSMWJ2p-Ar/view?usp=drivesdk,30,"We conducted preregistered replications of 28 classic and contemporary published findings, with protocols that were peer reviewed in advance, to examine variation in effect magnitudes across samples and settings. Each protocol was administered to approximately half of 125 samples that comprised 15,305 participants from 36 countries and territories. Using the conventional criterion of statistical significance ( p < .05), we found that 15 (54%) of the replications provided evidence of a statistically significant effect in the same direction as the original finding. With a strict significance criterion ( p < .0001), 14 (50%) of the replications still provided such evidence, a reflection of the extremely high-powered design. Seven (25%) of the replications yielded effect sizes larger than the original ones, and 21 (75%) yielded effect sizes smaller than the original ones. The median comparable Cohen’s ds were 0.60 for the original findings and 0.15 for the replications. The effect sizes were small (< 0.20) in 16 of the replications (57%), and 9 effects (32%) were in the direction opposite the direction of the original effect. Across settings, the Q statistic indicated significant heterogeneity in 11 (39%) of the replication effects, and most of those were among the findings with the largest overall effect sizes; only 1 effect that was near zero in the aggregate showed significant heterogeneity according to this measure. Only 1 effect had a tau value greater than .20, an indication of moderate heterogeneity. Eight others had tau values near or slightly above .10, an indication of slight heterogeneity. Moderation tests indicated that very little heterogeneity was attributable to the order in which the tasks were performed or whether the tasks were administered in lab versus online. Exploratory comparisons revealed little heterogeneity between Western, educated, industrialized, rich, and democratic (WEIRD) cultures and less WEIRD cultures (i.e., cultures with relatively high and low WEIRDness scores, respectively). Cumulatively, variability in the observed effect sizes was attributable more to the effect being studied than to the sample or setting in which it was studied.",21,,,abstract,FALSE
Manylabs2_9_1,"Hsee, C. K. (1998). Less is better: When low-value options are valued more highly than high-value options. Journal of Behavioral Decision Making, 11, 107–121. Study 1",10.1002/(SICI)1099-0771(199806)11:2%3C107::AID-BDM292%3E3.0.CO;2-Y,"Klein, R. A., Vianello, M., Hasselman, F., Adams, B. G., Adams Jr, R. B., Alper, S., ... & Sowden, W. (2018). Many Labs 2: Investigating variation in replicability across samples and settings. Advances in Methods and Practices in Psychological Science, 1(4), 443-490.",10.1177/2515245918810225,NA,https://drive.google.com/file/d/1rGqHLpg3OEGQnWLvlAEJr7JSMWJ2p-Ar/view?usp=drivesdk,12,"We conducted preregistered replications of 28 classic and contemporary published findings, with protocols that were peer reviewed in advance, to examine variation in effect magnitudes across samples and settings. Each protocol was administered to approximately half of 125 samples that comprised 15,305 participants from 36 countries and territories. Using the conventional criterion of statistical significance ( p < .05), we found that 15 (54%) of the replications provided evidence of a statistically significant effect in the same direction as the original finding. With a strict significance criterion ( p < .0001), 14 (50%) of the replications still provided such evidence, a reflection of the extremely high-powered design. Seven (25%) of the replications yielded effect sizes larger than the original ones, and 21 (75%) yielded effect sizes smaller than the original ones. The median comparable Cohen’s ds were 0.60 for the original findings and 0.15 for the replications. The effect sizes were small (< 0.20) in 16 of the replications (57%), and 9 effects (32%) were in the direction opposite the direction of the original effect. Across settings, the Q statistic indicated significant heterogeneity in 11 (39%) of the replication effects, and most of those were among the findings with the largest overall effect sizes; only 1 effect that was near zero in the aggregate showed significant heterogeneity according to this measure. Only 1 effect had a tau value greater than .20, an indication of moderate heterogeneity. Eight others had tau values near or slightly above .10, an indication of slight heterogeneity. Moderation tests indicated that very little heterogeneity was attributable to the order in which the tasks were performed or whether the tasks were administered in lab versus online. Exploratory comparisons revealed little heterogeneity between Western, educated, industrialized, rich, and democratic (WEIRD) cultures and less WEIRD cultures (i.e., cultures with relatively high and low WEIRDness scores, respectively). Cumulatively, variability in the observed effect sizes was attributable more to the effect being studied than to the sample or setting in which it was studied.",21,,,abstract,FALSE
OpenMKT1,"Klink, R. R. (2000). Creating brand names with meaning: the use of sound symbolism. Market. Lett. 11, 5–20. Study 1",10.1080/08911762.2012.744123,"Motoki, K., & Iseki, S. (2022). Evaluating replicability of ten influential research on sensory marketing. Frontiers in Communication, 7, 1048896.",10.3389/fcomm.2022.1048896,NA,NA,NA,"We attempted to evaluate the replicability and generalizability of ten influential research on sensory marketing by conducting a high-powered and pre-registered replication in online settings in non-WEIRD consumers. The results revealed that only 20% of findings could be successfully replicated, and their effect sizes are as half as the original ones. Two successful studies had relatively larger sample sizes, used sound symbolism, and employed within-participants manipulation of senses. No studies involving visual factors, between-participant manipulation of senses, or interactions between factors could be replicated. Our findings reveal an initial estimate of the replicability and generalizability of sensory marketing.",10,,,abstract,FALSE
OpenMKT10,"Madzharov, a V., and Block, L. G. (2010). Effects of product unit image on consumption of snack foods. J. Consum. Psychol. 20, 398–409. Study 1a",10.1016/j.jcps.2010.06.007,"Motoki, K., & Iseki, S. (2022). Evaluating replicability of ten influential research on sensory marketing. Frontiers in Communication, 7, 1048896.",10.3389/fcomm.2022.1048896,NA,NA,NA,"We attempted to evaluate the replicability and generalizability of ten influential research on sensory marketing by conducting a high-powered and pre-registered replication in online settings in non-WEIRD consumers. The results revealed that only 20% of findings could be successfully replicated, and their effect sizes are as half as the original ones. Two successful studies had relatively larger sample sizes, used sound symbolism, and employed within-participants manipulation of senses. No studies involving visual factors, between-participant manipulation of senses, or interactions between factors could be replicated. Our findings reveal an initial estimate of the replicability and generalizability of sensory marketing.",10,,,abstract,TRUE
OpenMKT12,"S. M. Tully, H. E. Hershfield, T. Meyvis, Seeking lasting enjoyment with limited money: Financial constraints increase preference for material goods over experiences. J. Consum. Res. 42, 59–75 Study 5",10.1093/jcr/ucv007,"O’Donnell, M., Dev, A. S., Antonoplis, S., Baum, S. M., Benedetti, A. H., Brown, N. D., Carrillo, B., Choi, A. L., Connor, P., Donnelly, K., Ellwood-Lowe, M. E., Foushee, R., Jansen, R., Jarvis, S. N., Lundell-Creagh, R., Ocampo, J. M., Okafor, G. N., Azad, Z. R., Rosenblum, M., … Nelson, L. D. (2021). Empirical audit and review and an assessment of evidentiary value in research on the psychological consequences of scarcity. Proceedings of the National Academy of Sciences, 118(44), e2103313118.",10.1073/pnas.2103313118,NA,https://drive.google.com/file/d/1Irbmig3rfLDvz-G09jDAVwJvv1drYEqO/view?usp=drivesdk,19,"Empirical audit and review is an approach to assessing the evidentiary value of a research area. It involves identifying a topic and selecting a cross-section of studies for replication. We apply the method to research on the psychological consequences of scarcity. Starting with the papers citing a seminal publication in the field, we conducted replications of 20 studies that evaluate the role of scarcity priming in pain sensitivity, resource allocation, materialism, and many other domains. There was considerable variability in the replicability, with some strong successes and other undeniable failures. Empirical audit and review does not attempt to assign an overall replication rate for a heterogeneous field, but rather facilitates researchers seeking to incorporate strength of evidence as they refine theories and plan new investigations in the research area. This method allows for an integration of qualitative and quantitative approaches to review and enables the growth of a cumulative science.",10,,,abstract,TRUE
OpenMKT14,"Roux, C., Goldsmith, K., & Bonezzi, A. (2015). On the psychology of scarcity: When reminders of resource scarcity promote selfish (and generous) behavior. Journal of consumer research, 42(4), 615-631. Study 4",10.1093/jcr/ucv048,"O’Donnell, M., Dev, A. S., Antonoplis, S., Baum, S. M., Benedetti, A. H., Brown, N. D., Carrillo, B., Choi, A. L., Connor, P., Donnelly, K., Ellwood-Lowe, M. E., Foushee, R., Jansen, R., Jarvis, S. N., Lundell-Creagh, R., Ocampo, J. M., Okafor, G. N., Azad, Z. R., Rosenblum, M., … Nelson, L. D. (2021). Empirical audit and review and an assessment of evidentiary value in research on the psychological consequences of scarcity. Proceedings of the National Academy of Sciences, 118(44), e2103313118.",10.1073/pnas.2103313118,NA,https://drive.google.com/file/d/1Irbmig3rfLDvz-G09jDAVwJvv1drYEqO/view?usp=drivesdk,15,"Empirical audit and review is an approach to assessing the evidentiary value of a research area. It involves identifying a topic and selecting a cross-section of studies for replication. We apply the method to research on the psychological consequences of scarcity. Starting with the papers citing a seminal publication in the field, we conducted replications of 20 studies that evaluate the role of scarcity priming in pain sensitivity, resource allocation, materialism, and many other domains. There was considerable variability in the replicability, with some strong successes and other undeniable failures. Empirical audit and review does not attempt to assign an overall replication rate for a heterogeneous field, but rather facilitates researchers seeking to incorporate strength of evidence as they refine theories and plan new investigations in the research area. This method allows for an integration of qualitative and quantitative approaches to review and enables the growth of a cumulative science.",10,,,abstract,TRUE
OpenMKT16,"Kristofferson, K., McFerran, B., Morales, A. C., & Dahl, D. W. (2017). The dark side of scarcity promotions: how exposure to limited-quantity promotions can induce aggression. Journal of Consumer Research, 43(5), 683-706. Study 5",10.1093/jcr/ucw056,"O’Donnell, M., Dev, A. S., Antonoplis, S., Baum, S. M., Benedetti, A. H., Brown, N. D., Carrillo, B., Choi, A. L., Connor, P., Donnelly, K., Ellwood-Lowe, M. E., Foushee, R., Jansen, R., Jarvis, S. N., Lundell-Creagh, R., Ocampo, J. M., Okafor, G. N., Azad, Z. R., Rosenblum, M., … Nelson, L. D. (2021). Empirical audit and review and an assessment of evidentiary value in research on the psychological consequences of scarcity. Proceedings of the National Academy of Sciences, 118(44), e2103313118.",10.1073/pnas.2103313118,NA,https://drive.google.com/file/d/1Irbmig3rfLDvz-G09jDAVwJvv1drYEqO/view?usp=drivesdk,9,"Empirical audit and review is an approach to assessing the evidentiary value of a research area. It involves identifying a topic and selecting a cross-section of studies for replication. We apply the method to research on the psychological consequences of scarcity. Starting with the papers citing a seminal publication in the field, we conducted replications of 20 studies that evaluate the role of scarcity priming in pain sensitivity, resource allocation, materialism, and many other domains. There was considerable variability in the replicability, with some strong successes and other undeniable failures. Empirical audit and review does not attempt to assign an overall replication rate for a heterogeneous field, but rather facilitates researchers seeking to incorporate strength of evidence as they refine theories and plan new investigations in the research area. This method allows for an integration of qualitative and quantitative approaches to review and enables the growth of a cumulative science.",10,,,abstract,TRUE
OpenMKT2,"Shrum, L. J., Lowrey, T. M., Luna, D., Lerman, D. B., and Liu, M. (2012). Sound symbolism effects across languages: implications for global brand names. Int. J. Res. Market. 29, 275–279. Study 1a-c",10.1016/j.ijresmar.2012.03.002,"Motoki, K., & Iseki, S. (2022). Evaluating replicability of ten influential research on sensory marketing. Frontiers in Communication, 7, 1048896.",10.3389/fcomm.2022.1048896,NA,NA,NA,"We attempted to evaluate the replicability and generalizability of ten influential research on sensory marketing by conducting a high-powered and pre-registered replication in online settings in non-WEIRD consumers. The results revealed that only 20% of findings could be successfully replicated, and their effect sizes are as half as the original ones. Two successful studies had relatively larger sample sizes, used sound symbolism, and employed within-participants manipulation of senses. No studies involving visual factors, between-participant manipulation of senses, or interactions between factors could be replicated. Our findings reveal an initial estimate of the replicability and generalizability of sensory marketing.",10,,,abstract,TRUE
OpenMKT3,"Hagtvedt, H., and Brasel, S. A. (2017). Color Saturation Increases Perceived Product Size. J. Consum. Res. 44, 396–413. Study 3",10.1093/jcr/ucx039,"Motoki, K., & Iseki, S. (2022). Evaluating replicability of ten influential research on sensory marketing. Frontiers in Communication, 7, 1048896.",10.3389/fcomm.2022.1048896,NA,NA,NA,"We attempted to evaluate the replicability and generalizability of ten influential research on sensory marketing by conducting a high-powered and pre-registered replication in online settings in non-WEIRD consumers. The results revealed that only 20% of findings could be successfully replicated, and their effect sizes are as half as the original ones. Two successful studies had relatively larger sample sizes, used sound symbolism, and employed within-participants manipulation of senses. No studies involving visual factors, between-participant manipulation of senses, or interactions between factors could be replicated. Our findings reveal an initial estimate of the replicability and generalizability of sensory marketing.",10,,,abstract,TRUE
OpenMKT4,"Romero, M., and Biswas, D. (2016). Healthy-left, unhealthy-right: can displaying healthy. items to the left (vs. right) of unhealthy items nudge healthier choices? J. Consum. Res. 43, 103–112. Study 1b",10.1093/jcr/ucw008,"Motoki, K., & Iseki, S. (2022). Evaluating replicability of ten influential research on sensory marketing. Frontiers in Communication, 7, 1048896.",10.3389/fcomm.2022.1048896,NA,NA,NA,"We attempted to evaluate the replicability and generalizability of ten influential research on sensory marketing by conducting a high-powered and pre-registered replication in online settings in non-WEIRD consumers. The results revealed that only 20% of findings could be successfully replicated, and their effect sizes are as half as the original ones. Two successful studies had relatively larger sample sizes, used sound symbolism, and employed within-participants manipulation of senses. No studies involving visual factors, between-participant manipulation of senses, or interactions between factors could be replicated. Our findings reveal an initial estimate of the replicability and generalizability of sensory marketing.",10,,,abstract,TRUE
OpenMKT5,"Yorkston, E., and Menon, G. (2004). A sound idea: phonetic effects of brand names on consumer judgments. J. Consum. Res. 31, 43–51. Study 1",10.1086/383422,"Motoki, K., & Iseki, S. (2022). Evaluating replicability of ten influential research on sensory marketing. Frontiers in Communication, 7, 1048896.",10.3389/fcomm.2022.1048896,NA,NA,NA,"We attempted to evaluate the replicability and generalizability of ten influential research on sensory marketing by conducting a high-powered and pre-registered replication in online settings in non-WEIRD consumers. The results revealed that only 20% of findings could be successfully replicated, and their effect sizes are as half as the original ones. Two successful studies had relatively larger sample sizes, used sound symbolism, and employed within-participants manipulation of senses. No studies involving visual factors, between-participant manipulation of senses, or interactions between factors could be replicated. Our findings reveal an initial estimate of the replicability and generalizability of sensory marketing.",10,,,abstract,TRUE
OpenMKT6,"Elder, R. S., and Krishna, A. (2011). The “visual depiction effect” in advertising: facilitating embodied mental simulation through product orientation. J. Consum. Res. 38, 988–1003. Study 4",10.1086/661531,"Motoki, K., & Iseki, S. (2022). Evaluating replicability of ten influential research on sensory marketing. Frontiers in Communication, 7, 1048896.",10.3389/fcomm.2022.1048896,NA,NA,NA,"We attempted to evaluate the replicability and generalizability of ten influential research on sensory marketing by conducting a high-powered and pre-registered replication in online settings in non-WEIRD consumers. The results revealed that only 20% of findings could be successfully replicated, and their effect sizes are as half as the original ones. Two successful studies had relatively larger sample sizes, used sound symbolism, and employed within-participants manipulation of senses. No studies involving visual factors, between-participant manipulation of senses, or interactions between factors could be replicated. Our findings reveal an initial estimate of the replicability and generalizability of sensory marketing.",10,,,abstract,TRUE
OpenMKT7_1,"Jiang, Y., Gorn, G. J., Galli, M., and Chattopadhyay, A. (2015). Does your company have the right logo? How and why circular- and angularlogo shapes influence brand attribute judgments. J. Consum. Res. 42, 709–726. Experiment 1",10.1093/jcr/ucv049,"Motoki, K., & Iseki, S. (2022). Evaluating replicability of ten influential research on sensory marketing. Frontiers in Communication, 7, 1048896.",10.3389/fcomm.2022.1048896,NA,NA,NA,"We attempted to evaluate the replicability and generalizability of ten influential research on sensory marketing by conducting a high-powered and pre-registered replication in online settings in non-WEIRD consumers. The results revealed that only 20% of findings could be successfully replicated, and their effect sizes are as half as the original ones. Two successful studies had relatively larger sample sizes, used sound symbolism, and employed within-participants manipulation of senses. No studies involving visual factors, between-participant manipulation of senses, or interactions between factors could be replicated. Our findings reveal an initial estimate of the replicability and generalizability of sensory marketing.",10,,,abstract,TRUE
OpenMKT8,"Chae, B., and Hoegg, J. (2013). The future looks “right”: effects of the horizontal location. of advertising images on product attitude. J. Consum. Res. 40, 223–238. Study 2",10.1086/669476,"Motoki, K., & Iseki, S. (2022). Evaluating replicability of ten influential research on sensory marketing. Frontiers in Communication, 7, 1048896.",10.3389/fcomm.2022.1048896,NA,NA,NA,"We attempted to evaluate the replicability and generalizability of ten influential research on sensory marketing by conducting a high-powered and pre-registered replication in online settings in non-WEIRD consumers. The results revealed that only 20% of findings could be successfully replicated, and their effect sizes are as half as the original ones. Two successful studies had relatively larger sample sizes, used sound symbolism, and employed within-participants manipulation of senses. No studies involving visual factors, between-participant manipulation of senses, or interactions between factors could be replicated. Our findings reveal an initial estimate of the replicability and generalizability of sensory marketing.",10,,,abstract,TRUE
OpenMKT9,"Cian, L., Krishna, A., and Elder, R. S. (2014). This logo moves me: dynamic imagery from static images. J. Market. Res. 51, 184–197. 13.0023 Study 1",10.1509/jmr.13.0023,"Motoki, K., & Iseki, S. (2022). Evaluating replicability of ten influential research on sensory marketing. Frontiers in Communication, 7, 1048896.",10.3389/fcomm.2022.1048896,NA,NA,NA,"We attempted to evaluate the replicability and generalizability of ten influential research on sensory marketing by conducting a high-powered and pre-registered replication in online settings in non-WEIRD consumers. The results revealed that only 20% of findings could be successfully replicated, and their effect sizes are as half as the original ones. Two successful studies had relatively larger sample sizes, used sound symbolism, and employed within-participants manipulation of senses. No studies involving visual factors, between-participant manipulation of senses, or interactions between factors could be replicated. Our findings reveal an initial estimate of the replicability and generalizability of sensory marketing.",10,,,abstract,TRUE
osc20151,"Roelofs, A. (2008). Tracing attention and the activation flow in spoken word planning using eye movements. Journal of Experimental Psychology: Learning, Memory, and Cognition, 34(2), 353-368.",10.1037/0278-7393.34.2.353,"Van Rijn, H., & Scholz, S. (2023, September 28). Replication of A Roelofs (2008, JEPLMC 34(2), Exp 3). Retrieved from osf.io/qwkum",10.1126/science.aac4716,https://osf.io/janu3,https://drive.google.com/file/d/1UMAh9VGta6ExS2-Lb6GkDF4fmnI2EMeM/view?usp=drivesdk,1,"Empirically analyzing empirical evidence
                    One of the central goals in any scientific endeavor is to understand causality. Experiments that seek to demonstrate a cause/effect relation most often manipulate the postulated causal factor. Aarts
                    et al.
                    describe the replication of 100 experiments reported in papers published in 2008 in three high-ranking psychology journals. Assessing whether the replication and the original experiment yielded the same result according to several criteria, they find that about one-third to one-half of the original findings were also observed in the replication study.
                  Science
                    , this issue
                    10.1126/science.aac4716
                  ",91,,,abstract,TRUE
osc201510,"Ganor-Stern, D., & Tzelgov, J. (2008). Across-notation automatic numerical processing. Journal of Experimental Psychology: Learning, Memory, and Cognition, 34(2), 430-437.",10.1037/0278-7393.34.2.430,"Shaki, S. (2023, September 28). Replication of D Ganor-Stern, J Tzelgov (2008, JEPLMC 34(2), Exp. 2). Retrieved from osf.io/vmipw",10.1126/science.aac4716,https://osf.io/7mgwh,https://drive.google.com/file/d/1UMAh9VGta6ExS2-Lb6GkDF4fmnI2EMeM/view?usp=drivesdk,1,"Empirically analyzing empirical evidence
                    One of the central goals in any scientific endeavor is to understand causality. Experiments that seek to demonstrate a cause/effect relation most often manipulate the postulated causal factor. Aarts
                    et al.
                    describe the replication of 100 experiments reported in papers published in 2008 in three high-ranking psychology journals. Assessing whether the replication and the original experiment yielded the same result according to several criteria, they find that about one-third to one-half of the original findings were also observed in the replication study.
                  Science
                    , this issue
                    10.1126/science.aac4716
                  ",91,,,abstract,TRUE
osc2015104,"Alter, A.A., & Oppenheimer, D.M. (2008). Effects of fluency on psychological distance and mental construal (or why New York is a large city, but New York is a civilized jungle). Psychological Science, 19, 161-167.",10.1111/j.1467-9280.2008.02062.x,"Foster, J. D. (2023, September 28). Replication of Alter & Oppenheimmer (2008, PS, Study 2B). Retrieved from osf.io/kegmc",10.1126/science.aac4716,https://osf.io/jym7h,https://drive.google.com/file/d/1UMAh9VGta6ExS2-Lb6GkDF4fmnI2EMeM/view?usp=drivesdk,1,"Empirically analyzing empirical evidence
                    One of the central goals in any scientific endeavor is to understand causality. Experiments that seek to demonstrate a cause/effect relation most often manipulate the postulated causal factor. Aarts
                    et al.
                    describe the replication of 100 experiments reported in papers published in 2008 in three high-ranking psychology journals. Assessing whether the replication and the original experiment yielded the same result according to several criteria, they find that about one-third to one-half of the original findings were also observed in the replication study.
                  Science
                    , this issue
                    10.1126/science.aac4716
                  ",91,,,abstract,FALSE
osc2015106,"Dessalegn, B. & Landau, B. (2008). More than meets the eye: The role of language in binding visual properties. Psychological Science, 19(2), 189-195.",10.1111/j.1467-9280.2008.02066.x,"Fitneva, S. A. (2023, September 28). Replication of Dessalegn & Landau (2008, PS, Study 4). Retrieved from osf.io/iajp5",10.1126/science.aac4716,https://osf.io/83n4z,https://drive.google.com/file/d/1UMAh9VGta6ExS2-Lb6GkDF4fmnI2EMeM/view?usp=drivesdk,1,"Empirically analyzing empirical evidence
                    One of the central goals in any scientific endeavor is to understand causality. Experiments that seek to demonstrate a cause/effect relation most often manipulate the postulated causal factor. Aarts
                    et al.
                    describe the replication of 100 experiments reported in papers published in 2008 in three high-ranking psychology journals. Assessing whether the replication and the original experiment yielded the same result according to several criteria, they find that about one-third to one-half of the original findings were also observed in the replication study.
                  Science
                    , this issue
                    10.1126/science.aac4716
                  ",91,,,abstract,FALSE
osc2015107,"Eitam, B., Hassin, R. R., & Schul, Y. (2008). Nonconscious goal pursuit in novel environments: The case of implicit learning. Psychological Science, 19, 261-267.",10.1111/j.1467-9280.2008.02078.x,"Prenoveau, J. M., & Kirkhart, M. W. (2023, September 28). Replication of Eitam, Hassin, & Schul (2008, PS, Study 2). Retrieved from osf.io/edcr7",10.1126/science.aac4716,https://osf.io/x75fq,https://drive.google.com/file/d/1UMAh9VGta6ExS2-Lb6GkDF4fmnI2EMeM/view?usp=drivesdk,1,"Empirically analyzing empirical evidence
                    One of the central goals in any scientific endeavor is to understand causality. Experiments that seek to demonstrate a cause/effect relation most often manipulate the postulated causal factor. Aarts
                    et al.
                    describe the replication of 100 experiments reported in papers published in 2008 in three high-ranking psychology journals. Assessing whether the replication and the original experiment yielded the same result according to several criteria, they find that about one-third to one-half of the original findings were also observed in the replication study.
                  Science
                    , this issue
                    10.1126/science.aac4716
                  ",91,,,abstract,TRUE
osc201511,"Mirman, D., & Magnuson, J. S. (2008). Attractor dynamics and semantic neighborhood density: Processing is slowed by near neighbors and speeded by distant neighbors. Journal of Experimental Psychology: Learning, Memory, and Cognition, 34, 65-79.",10.1037/0278-7393.34.1.65,"Bosco, F., & Field, J. G. (2016, August 19). Replication of Mirman & Magnuson (2008, JEP:LMC, Study 2). Retrieved from osf.io/rvkc5",10.1126/science.aac4716,https://osf.io/r57hu,https://drive.google.com/file/d/1UMAh9VGta6ExS2-Lb6GkDF4fmnI2EMeM/view?usp=drivesdk,1,"Empirically analyzing empirical evidence
                    One of the central goals in any scientific endeavor is to understand causality. Experiments that seek to demonstrate a cause/effect relation most often manipulate the postulated causal factor. Aarts
                    et al.
                    describe the replication of 100 experiments reported in papers published in 2008 in three high-ranking psychology journals. Assessing whether the replication and the original experiment yielded the same result according to several criteria, they find that about one-third to one-half of the original findings were also observed in the replication study.
                  Science
                    , this issue
                    10.1126/science.aac4716
                  ",91,,,abstract,TRUE
osc2015110,"Farris, C., Treat, T.A., Viken, R.J., & McFall, R.M. (2008). Perceptual mechanisms that characterize gender differences in decoding women's sexual intent. Psychological Science, 19(4), 348-354.",10.1111/j.1467-9280.2008.02092.x,"Attwood, A. S., Andy, Easey, K., Penton-Voak, I., & Munafo, M. R. (2016, August 19). Replication of C Farris, TA Treat, RJ Viken, and RM McFall (2008, PS 19(4)). Retrieved from osf.io/7dyp5",10.1126/science.aac4716,https://osf.io/5u4km/,https://drive.google.com/file/d/1UMAh9VGta6ExS2-Lb6GkDF4fmnI2EMeM/view?usp=drivesdk,NA,"Empirically analyzing empirical evidence
                    One of the central goals in any scientific endeavor is to understand causality. Experiments that seek to demonstrate a cause/effect relation most often manipulate the postulated causal factor. Aarts
                    et al.
                    describe the replication of 100 experiments reported in papers published in 2008 in three high-ranking psychology journals. Assessing whether the replication and the original experiment yielded the same result according to several criteria, they find that about one-third to one-half of the original findings were also observed in the replication study.
                  Science
                    , this issue
                    10.1126/science.aac4716
                  ",91,,,abstract,TRUE
osc2015111,"Janiszewski, C., D. Uy. 2008. Anchor precision influences the amount of adjustment. Psychological Science, 19,121–127.",10.1111/j.1467-9280.2008.02057.x,"Chandler, J. J. (2016, August 19). Replication of Janiszewski & Uy (2008, PS, Study 4b). Retrieved from osf.io/aaudl",10.17605/OSF.IO/ehjdm,https://osf.io/aaudl,https://drive.google.com/file/d/1GV4zWU9q5kR-RIu3cmHk_E669d6rWRsW/view?usp=drivesdk,1,NA,1,,,abstract,TRUE
osc2015112,"C McKinstry, R Dale, MJ Spivey (2008). Action dynamics reveal parallel competition in decision making. Psychological Science, 19.1: 22-24.",10.1111/j.1467-9280.2008.02041.x,"Saxe, R., Vélez, N., & Feather, J. (2016, August 19). Replication of McKinstry, Dale, & Spivey (2008, PS). Retrieved from osf.io/d0n81",10.1126/science.aac4716,https://osf.io/d0n81,https://drive.google.com/file/d/1UMAh9VGta6ExS2-Lb6GkDF4fmnI2EMeM/view?usp=drivesdk,1,"Empirically analyzing empirical evidence
                    One of the central goals in any scientific endeavor is to understand causality. Experiments that seek to demonstrate a cause/effect relation most often manipulate the postulated causal factor. Aarts
                    et al.
                    describe the replication of 100 experiments reported in papers published in 2008 in three high-ranking psychology journals. Assessing whether the replication and the original experiment yielded the same result according to several criteria, they find that about one-third to one-half of the original findings were also observed in the replication study.
                  Science
                    , this issue
                    10.1126/science.aac4716
                  ",91,,,abstract,FALSE
osc2015113,"Armor, D.A., Massey, C., & Sackett, A.M. 2008. Prescribed optimism: Is it right to be wrong about the future? Psychological Science, 19, 329-331.",10.1111/j.1467-9280.2008.02089.x,"Lassetter, B., Brandt, M. J., van ’t Veer, A. E., & Mehta, P. (2023, September 28). Replication of Armor, Massey & Sackett (2008, PS, Study 1). Retrieved from osf.io/qlzap",10.1126/science.aac4716,https://osf.io/qlzap,https://drive.google.com/file/d/1UMAh9VGta6ExS2-Lb6GkDF4fmnI2EMeM/view?usp=drivesdk,1,"Empirically analyzing empirical evidence
                    One of the central goals in any scientific endeavor is to understand causality. Experiments that seek to demonstrate a cause/effect relation most often manipulate the postulated causal factor. Aarts
                    et al.
                    describe the replication of 100 experiments reported in papers published in 2008 in three high-ranking psychology journals. Assessing whether the replication and the original experiment yielded the same result according to several criteria, they find that about one-third to one-half of the original findings were also observed in the replication study.
                  Science
                    , this issue
                    10.1126/science.aac4716
                  ",91,,,abstract,TRUE
osc2015114,"Addis, D.R., Wong, A.T., & Schacter, D.L. (2008). Age-related changes in the episodic simulation of future events. Psychological Science, 19(1), 33-41.",10.1111/j.1467-9280.2008.02043.x,"Vásquez-Echeverría, A. (2023, September 28). Replication of DR Addis, AT Wong, DL Schacter (2008, PS 19(1)). Retrieved from osf.io/yaeu7",10.1126/science.aac4716,https://osf.io/yaeu7,https://drive.google.com/file/d/1UMAh9VGta6ExS2-Lb6GkDF4fmnI2EMeM/view?usp=drivesdk,1,"Empirically analyzing empirical evidence
                    One of the central goals in any scientific endeavor is to understand causality. Experiments that seek to demonstrate a cause/effect relation most often manipulate the postulated causal factor. Aarts
                    et al.
                    describe the replication of 100 experiments reported in papers published in 2008 in three high-ranking psychology journals. Assessing whether the replication and the original experiment yielded the same result according to several criteria, they find that about one-third to one-half of the original findings were also observed in the replication study.
                  Science
                    , this issue
                    10.1126/science.aac4716
                  ",91,,,abstract,TRUE
osc2015115,"Nurmsoo, E., & Bloom, P. (2008). Preschoolers' Perspective Taking in Word Learning Do They Blindly Follow Eye Gaze?. Psychological Science, 19(3), 211-215.",10.1111/j.1467-9280.2008.02069.x,"Brown, B. T., Kleinberg, B., Hicks, G., Bentley, H., Attridge, P. R., Eboigbe, S., … Brown, K. (2023, September 28). Replication of Nurmsoo & Bloom (2008, PS, Study 1). Retrieved from osf.io/aczvt",10.17605/osf.io/ictp5,https://osf.io/aczvt,https://drive.google.com/file/d/1aZbByDdOVHRhBNFrVHpONghJoQFgQzen/view?usp=drivesdk,NA,NA,1,,,abstract,TRUE
osc2015116,"Vul, E., & Pashler, H. (2008). Measuring the crowd within: Probabilistic representations within individuals. Psychological Science, 19, 645-647.",10.1111/j.1467-9280.2008.02136.x,"steegen, sara, vanpaemel, wolf, tuerlinckx, francis, & Dewitte, L. (2023, September 28). Replication of Vul & Pashler (Psych Science, 2008). Retrieved from osf.io/ivfu6",10.3389/fpsyg.2014.00786,https://osf.io/ivfu6,https://drive.google.com/file/d/1X8xl-ktO34rqHxXEr72Dhva7VBCdkSZl/view?usp=drivesdk,NA,NA,1,,,abstract,FALSE
osc2015117,"Vul, E., Nieuwenstein, M., & Kanwisher, N. (2008). Temporal selection is suppressed, delayed, and diffused during the attentional blink. Psychological Science, 19(1), 55-61.",10.1111/j.1467-9280.2008.02046.x,"Barnett-Cowan, M. (2023, September 28). Replication of Vul et al (2008, PS, Study 1). Retrieved from osf.io/rzjvn",10.1126/science.aac4716,https://osf.io/rzjvn,https://drive.google.com/file/d/1UMAh9VGta6ExS2-Lb6GkDF4fmnI2EMeM/view?usp=drivesdk,1,"Empirically analyzing empirical evidence
                    One of the central goals in any scientific endeavor is to understand causality. Experiments that seek to demonstrate a cause/effect relation most often manipulate the postulated causal factor. Aarts
                    et al.
                    describe the replication of 100 experiments reported in papers published in 2008 in three high-ranking psychology journals. Assessing whether the replication and the original experiment yielded the same result according to several criteria, they find that about one-third to one-half of the original findings were also observed in the replication study.
                  Science
                    , this issue
                    10.1126/science.aac4716
                  ",91,,,abstract,TRUE
osc2015118,"Masicampo, E.J., & Baumeister, R.F. (2008). Toward a physiology of dual-process reasoning and judgment: Lemonade, willpower, and expensive rule-based analysis. Psychological Science, 19(3), 255-260.",10.1111/j.1467-9280.2008.02077.x,"Osborne, C., Vuu, G., & Henninger, F. (2023, September 28). Replication of EJ Masicampo, RF Baumeister (2008, PS 19(3)). Retrieved from osf.io/3h29d",10.1126/science.aac4716,https://osf.io/3h29d,https://drive.google.com/file/d/1UMAh9VGta6ExS2-Lb6GkDF4fmnI2EMeM/view?usp=drivesdk,1,"Empirically analyzing empirical evidence
                    One of the central goals in any scientific endeavor is to understand causality. Experiments that seek to demonstrate a cause/effect relation most often manipulate the postulated causal factor. Aarts
                    et al.
                    describe the replication of 100 experiments reported in papers published in 2008 in three high-ranking psychology journals. Assessing whether the replication and the original experiment yielded the same result according to several criteria, they find that about one-third to one-half of the original findings were also observed in the replication study.
                  Science
                    , this issue
                    10.1126/science.aac4716
                  ",91,,,abstract,TRUE
osc201512,"Marsh, J.E., Vachon, F., & Jones, D.M. (2008). When does between-sequence phonological similarity promote irrelevant sound disruption? Journal of Experimental Psychology: Learning, Memory, and Cognition, 34(1), 243-248.",10.1037/0278-7393.34.1.243,"Ricker, A. A., & Saide, A. (2023, September 28). Replication of JI Campbell, ND Robert (2008, JEPLMC 34(3), Exp 3). Retrieved from osf.io/gxvd3",10.1126/science.aac4716,https://osf.io/gxvd3,https://drive.google.com/file/d/1UMAh9VGta6ExS2-Lb6GkDF4fmnI2EMeM/view?usp=drivesdk,NA,"Empirically analyzing empirical evidence
                    One of the central goals in any scientific endeavor is to understand causality. Experiments that seek to demonstrate a cause/effect relation most often manipulate the postulated causal factor. Aarts
                    et al.
                    describe the replication of 100 experiments reported in papers published in 2008 in three high-ranking psychology journals. Assessing whether the replication and the original experiment yielded the same result according to several criteria, they find that about one-third to one-half of the original findings were also observed in the replication study.
                  Science
                    , this issue
                    10.1126/science.aac4716
                  ",91,,,abstract,TRUE
osc2015120,"Hajcak, G., & Foti, D. (2008). Errors are aversive: Defensive motivation and the error-related negativity. Psychological science, 19(2), 103-108.",10.1111/j.1467-9280.2008.02053.x,"Lewis, M., & Pitts, M. (2023, September 28). Replication of Hajcak & Foti (2008, PS, Study 1).",10.17605/osf.io/82bwv,https://osf.io/82bwv,NA,NA,NA,1,,,abstract,FALSE
osc2015121,"Tabibnia, G., Satpute, A.B., Lieberman, M.D. (2008). The sunny side of fairness: Preference for fairness activates reward circuitry (and disregarding unfairness activates self-control circuitry). Psychological Science, 19(4), 339-347.",10.1111/j.1467-9280.2008.02091.x,"Beer, J. S., Rigney, A. E., & Flagan, T. (2016, August 19). Replication of G Tabibnia, AB Satpute, MD Lieberman (2008, PS 19(4)). Retrieved from osf.io/94j6h",10.17605/osf.io/nxp9w,https://osf.io/94j6h,https://drive.google.com/file/d/1yS8koYLoBzTIOnY0Iveg0atwD_kYj-_v/view?usp=drivesdk,NA,NA,1,,,abstract,TRUE
osc2015122,"Alvarez, G.A. & Oliva, A. (2008). The representation of simple ensemble visual features outside the focus of attention. Psychological Science, 19(4), 392-398.",10.1111/j.1467-9280.2008.02098.x,"Schlegelmilch, R., & van den Bergh, D. (2023, September 28). Replication of GA Alvarez, A Oliva (2008, PS 19(4), Exp. 3). Retrieved from osf.io/dnaxe",10.1126/science.aac4716,https://osf.io/dnaxe,https://drive.google.com/file/d/1UMAh9VGta6ExS2-Lb6GkDF4fmnI2EMeM/view?usp=drivesdk,NA,"Empirically analyzing empirical evidence
                    One of the central goals in any scientific endeavor is to understand causality. Experiments that seek to demonstrate a cause/effect relation most often manipulate the postulated causal factor. Aarts
                    et al.
                    describe the replication of 100 experiments reported in papers published in 2008 in three high-ranking psychology journals. Assessing whether the replication and the original experiment yielded the same result according to several criteria, they find that about one-third to one-half of the original findings were also observed in the replication study.
                  Science
                    , this issue
                    10.1126/science.aac4716
                  ",91,,,abstract,FALSE
osc2015124,"Lau, G.P., Kay, A.C., & Spencer, S.J. (2008). Loving those who justify inequality: The effects of system threat on attraction to women who embody benevolent sexist ideals. Psychological Science, 19, 20-21.",10.1111/j.1467-9280.2008.02040.x,"Stieger, S., & Kuhlmann, T. (2023, September 28). Replication of GP Lau, AC Kay, SJ Spencer (2008, PS 19(1)). Retrieved from osf.io/fxqsk",10.1126/science.aac4716,https://osf.io/fxqsk,https://drive.google.com/file/d/1UMAh9VGta6ExS2-Lb6GkDF4fmnI2EMeM/view?usp=drivesdk,NA,"Empirically analyzing empirical evidence
                    One of the central goals in any scientific endeavor is to understand causality. Experiments that seek to demonstrate a cause/effect relation most often manipulate the postulated causal factor. Aarts
                    et al.
                    describe the replication of 100 experiments reported in papers published in 2008 in three high-ranking psychology journals. Assessing whether the replication and the original experiment yielded the same result according to several criteria, they find that about one-third to one-half of the original findings were also observed in the replication study.
                  Science
                    , this issue
                    10.1126/science.aac4716
                  ",91,,,abstract,TRUE
osc2015127,"Winawer, Huk, and Boroditsky (2008). A Motion aftereffect from still photographs depicting motion. Psychological Science, 19, 276-283.",10.1111/j.1467-9280.2008.02080.x,"Levitan, C., Errington, T. M., & Gampa, A. (2023, September 28). Replication of Winawer, Huk, & Boroditsky (Psychological Science, 2008). Retrieved from osf.io/mjasz",10.1126/science.aac4716,https://osf.io/ertbg,https://drive.google.com/file/d/1UMAh9VGta6ExS2-Lb6GkDF4fmnI2EMeM/view?usp=drivesdk,NA,"Empirically analyzing empirical evidence
                    One of the central goals in any scientific endeavor is to understand causality. Experiments that seek to demonstrate a cause/effect relation most often manipulate the postulated causal factor. Aarts
                    et al.
                    describe the replication of 100 experiments reported in papers published in 2008 in three high-ranking psychology journals. Assessing whether the replication and the original experiment yielded the same result according to several criteria, they find that about one-third to one-half of the original findings were also observed in the replication study.
                  Science
                    , this issue
                    10.1126/science.aac4716
                  ",91,,,abstract,FALSE
osc2015129,"Richeson, J. A., & Trawalter, S. (2008). The threat of appearing prejudiced and race-based attentional biases. Psychological Science, 19(2), 98-102.",10.1111/j.1467-9280.2008.02052.x,"Lai, C. K. (2023). Replication of Richeson & Trawalter (2008, PS, Study 1). Retrieved from osf.io/c5fza",10.1126/science.aac4716,https://osf.io/c5fza,https://drive.google.com/file/d/1UMAh9VGta6ExS2-Lb6GkDF4fmnI2EMeM/view?usp=drivesdk,1,"Empirically analyzing empirical evidence
                    One of the central goals in any scientific endeavor is to understand causality. Experiments that seek to demonstrate a cause/effect relation most often manipulate the postulated causal factor. Aarts
                    et al.
                    describe the replication of 100 experiments reported in papers published in 2008 in three high-ranking psychology journals. Assessing whether the replication and the original experiment yielded the same result according to several criteria, they find that about one-third to one-half of the original findings were also observed in the replication study.
                  Science
                    , this issue
                    10.1126/science.aac4716
                  ",91,,,abstract,TRUE
osc201513,"Campbell, J.I., & Robert, N.D. (2008). Bidirectional associations in multiplication memory: Conditions of negative and positive transfer. Journal of Experimental Psychology: Learning, Memory, and Cognition, 34(3), 546-555.",10.1037/0278-7393.34.3.546,"Ricker, A. A., & Saide, A. (2023, September 28). Replication of JI Campbell, ND Robert (2008, JEPLMC 34(3), Exp 3). Retrieved from osf.io/gxvd3",10.1126/science.aac4716,https://osf.io/gxvd3,https://drive.google.com/file/d/1UMAh9VGta6ExS2-Lb6GkDF4fmnI2EMeM/view?usp=drivesdk,NA,"Empirically analyzing empirical evidence
                    One of the central goals in any scientific endeavor is to understand causality. Experiments that seek to demonstrate a cause/effect relation most often manipulate the postulated causal factor. Aarts
                    et al.
                    describe the replication of 100 experiments reported in papers published in 2008 in three high-ranking psychology journals. Assessing whether the replication and the original experiment yielded the same result according to several criteria, they find that about one-third to one-half of the original findings were also observed in the replication study.
                  Science
                    , this issue
                    10.1126/science.aac4716
                  ",91,,,abstract,FALSE
osc2015132,"Crosby, J.R., Monin, B., & Richardson, D. (2008). Where do we look during potentially offensive behavior? Psychological Science, 19(3), 226-228.",10.1111/j.1467-9280.2008.02072.x,"Jonas, K., & Skorinko, J. (2023, September 28). Replication of JR Crosby, B Monin, D Richardson (2008, PS 19(3)). Retrieved from osf.io/b98zw",10.1126/science.aac4716,https://osf.io/b98zw,https://drive.google.com/file/d/1UMAh9VGta6ExS2-Lb6GkDF4fmnI2EMeM/view?usp=drivesdk,1,"Empirically analyzing empirical evidence
                    One of the central goals in any scientific endeavor is to understand causality. Experiments that seek to demonstrate a cause/effect relation most often manipulate the postulated causal factor. Aarts
                    et al.
                    describe the replication of 100 experiments reported in papers published in 2008 in three high-ranking psychology journals. Assessing whether the replication and the original experiment yielded the same result according to several criteria, they find that about one-third to one-half of the original findings were also observed in the replication study.
                  Science
                    , this issue
                    10.1126/science.aac4716
                  ",91,,,abstract,TRUE
osc2015133,"Nairne, J.S., Pandeirada, J.N.S., & Thompson, S.R. (2008). Adaptive memory: The comparative value of survival processing. Psychological Science, 19(2), 176–180.",10.1111/j.1467-9280.2008.02064.x,"Renkewitz, F., & Müller, S. M. (2023, September 28). Replication of Nairne, Pandeirada, & Thompson (2008, PS, Study 2). Retrieved from osf.io/jhkpe",10.1126/science.aac4716,https://osf.io/jhkpe,https://drive.google.com/file/d/1UMAh9VGta6ExS2-Lb6GkDF4fmnI2EMeM/view?usp=drivesdk,1,"Empirically analyzing empirical evidence
                    One of the central goals in any scientific endeavor is to understand causality. Experiments that seek to demonstrate a cause/effect relation most often manipulate the postulated causal factor. Aarts
                    et al.
                    describe the replication of 100 experiments reported in papers published in 2008 in three high-ranking psychology journals. Assessing whether the replication and the original experiment yielded the same result according to several criteria, they find that about one-third to one-half of the original findings were also observed in the replication study.
                  Science
                    , this issue
                    10.1126/science.aac4716
                  ",91,,,abstract,TRUE
osc2015134,"Larsen, J.T., & McKibban, A.R. (2008). Is happiness having what you want, wanting what you have, or both? Psychological Science, 19, 371-377.",10.1111/j.1467-9280.2008.02095.x,"Seibel, L., Vermue, M., van Dooren, R., Kolorz, F. M., Cillessen, L., & Krause, R. W. (2023, September 28). Replication of Larsen & McKibban (Psych Science, 2008, Exp. 2). Retrieved from osf.io/5dx4v",10.1126/science.aac4716,https://osf.io/5dx4v,https://drive.google.com/file/d/1UMAh9VGta6ExS2-Lb6GkDF4fmnI2EMeM/view?usp=drivesdk,1,"Empirically analyzing empirical evidence
                    One of the central goals in any scientific endeavor is to understand causality. Experiments that seek to demonstrate a cause/effect relation most often manipulate the postulated causal factor. Aarts
                    et al.
                    describe the replication of 100 experiments reported in papers published in 2008 in three high-ranking psychology journals. Assessing whether the replication and the original experiment yielded the same result according to several criteria, they find that about one-third to one-half of the original findings were also observed in the replication study.
                  Science
                    , this issue
                    10.1126/science.aac4716
                  ",91,,,abstract,TRUE
osc2015135,"Ranganath, K. A., & Nosek, B. A. (2008). Implicit attitude generalization occurs immediately; explicit attitude generalization takes time. Psychological Science, 19(3), 249-254.",10.1111/j.1467-9280.2008.02076.x,"Cohn, M. (2023, September 28). Replication of Ratliff (Ranganath) & Nosek, 2008, Psych Science. Retrieved from osf.io/2gkjt",10.1126/science.aac4716,https://osf.io/2gkjt,https://drive.google.com/file/d/1UMAh9VGta6ExS2-Lb6GkDF4fmnI2EMeM/view?usp=drivesdk,1,"Empirically analyzing empirical evidence
                    One of the central goals in any scientific endeavor is to understand causality. Experiments that seek to demonstrate a cause/effect relation most often manipulate the postulated causal factor. Aarts
                    et al.
                    describe the replication of 100 experiments reported in papers published in 2008 in three high-ranking psychology journals. Assessing whether the replication and the original experiment yielded the same result according to several criteria, they find that about one-third to one-half of the original findings were also observed in the replication study.
                  Science
                    , this issue
                    10.1126/science.aac4716
                  ",91,,,abstract,TRUE
osc2015136,"KD Vohs, JW Schooler (2008). The value of believing in free will: encouraging a belief in determinism increases cheating. Psychological Science, 19.1: 49-54.",10.1111/j.1467-9280.2008.02045.x,"Giner-Sorolla, R., Embley, J., & Johnson, L. (2023, September 28). Replication of Vohs & Schooler (2008, PS, Study 1). Retrieved from osf.io/i29mh",10.1126/science.aac4716,https://osf.io/i29mh,https://drive.google.com/file/d/1UMAh9VGta6ExS2-Lb6GkDF4fmnI2EMeM/view?usp=drivesdk,1,"Empirically analyzing empirical evidence
                    One of the central goals in any scientific endeavor is to understand causality. Experiments that seek to demonstrate a cause/effect relation most often manipulate the postulated causal factor. Aarts
                    et al.
                    describe the replication of 100 experiments reported in papers published in 2008 in three high-ranking psychology journals. Assessing whether the replication and the original experiment yielded the same result according to several criteria, they find that about one-third to one-half of the original findings were also observed in the replication study.
                  Science
                    , this issue
                    10.1126/science.aac4716
                  ",91,,,abstract,FALSE
osc2015139,"Demany, L., Trost, W., Serman, M., & Semal, C. (2008). Auditory change detection: simple sounds are not memorized better than complex sounds. Psychological Science, 19(1), 85-91.",10.1111/j.1467-9280.2008.02050.x,"Snyder, J. S., & Irsik, V. C. (2023, September 28). Replication of L Demany, W Trost, M Serman, C Semal (2008, PS 19(1), Exp. 5). Retrieved from osf.io/ta3j8",10.1126/science.aac4716,https://osf.io/ta3j8,https://drive.google.com/file/d/1UMAh9VGta6ExS2-Lb6GkDF4fmnI2EMeM/view?usp=drivesdk,1,"Empirically analyzing empirical evidence
                    One of the central goals in any scientific endeavor is to understand causality. Experiments that seek to demonstrate a cause/effect relation most often manipulate the postulated causal factor. Aarts
                    et al.
                    describe the replication of 100 experiments reported in papers published in 2008 in three high-ranking psychology journals. Assessing whether the replication and the original experiment yielded the same result according to several criteria, they find that about one-third to one-half of the original findings were also observed in the replication study.
                  Science
                    , this issue
                    10.1126/science.aac4716
                  ",91,,,abstract,TRUE
osc2015140,"Williams, L. E. & Bargh, J. A. (2008). Keeping one’s distance: The influence of spatial distance cues on affect and evaluation. Psychological Science, 19, 302 – 308.",10.1111/j.1467-9280.2008.02084.x,"Joy-Gaba, J. A., Clay, R., & Cleary, H. (2023, September 28). Replication of Williams & Bargh (2008, PS, Study 4). Retrieved from osf.io/vnsqg",10.1126/science.aac4716,https://osf.io/vnsqg,https://drive.google.com/file/d/1UMAh9VGta6ExS2-Lb6GkDF4fmnI2EMeM/view?usp=drivesdk,1,"Empirically analyzing empirical evidence
                    One of the central goals in any scientific endeavor is to understand causality. Experiments that seek to demonstrate a cause/effect relation most often manipulate the postulated causal factor. Aarts
                    et al.
                    describe the replication of 100 experiments reported in papers published in 2008 in three high-ranking psychology journals. Assessing whether the replication and the original experiment yielded the same result according to several criteria, they find that about one-third to one-half of the original findings were also observed in the replication study.
                  Science
                    , this issue
                    10.1126/science.aac4716
                  ",91,,,abstract,TRUE
osc2015142,"Tamir, M., Mitchell, C., & Gross, J.J. (2008). Hedonic and instrumental motives in anger regulation. Psychological Science, 19(4). 324-328.",10.1111/j.1467-9280.2008.02088.x,"Masicampo, E. J. (2016, August 19). Replication of M Tamir, C Mitchell, JJ Gross (2008, PS 19(4)). Retrieved from osf.io/k4y9i",10.1126/science.aac4716,https://osf.io/k4y9i,https://drive.google.com/file/d/1UMAh9VGta6ExS2-Lb6GkDF4fmnI2EMeM/view?usp=drivesdk,1,"Empirically analyzing empirical evidence
                    One of the central goals in any scientific endeavor is to understand causality. Experiments that seek to demonstrate a cause/effect relation most often manipulate the postulated causal factor. Aarts
                    et al.
                    describe the replication of 100 experiments reported in papers published in 2008 in three high-ranking psychology journals. Assessing whether the replication and the original experiment yielded the same result according to several criteria, they find that about one-third to one-half of the original findings were also observed in the replication study.
                  Science
                    , this issue
                    10.1126/science.aac4716
                  ",91,,,abstract,TRUE
osc2015143,"Epley, N., Akalis, S., Waytz, A., & Cacioppo, J.T. (2008). Creating social connection through inferential reproduction: Loneliness and perceived agency in gadgets, Gods and greyhounds. Psychological Science, 19(2), 114–120.",10.1111/j.1467-9280.2008.02056.x,"Dunn, E. W., & Sandstrom, G. M. (2023, September 28). Replication of Epley, Akalis, Waytz & Cacioppo (2008, PS, Study 3). Retrieved from osf.io/yuybh",10.1126/science.aac4716,https://osf.io/yuybh,https://drive.google.com/file/d/1UMAh9VGta6ExS2-Lb6GkDF4fmnI2EMeM/view?usp=drivesdk,1,"Empirically analyzing empirical evidence
                    One of the central goals in any scientific endeavor is to understand causality. Experiments that seek to demonstrate a cause/effect relation most often manipulate the postulated causal factor. Aarts
                    et al.
                    describe the replication of 100 experiments reported in papers published in 2008 in three high-ranking psychology journals. Assessing whether the replication and the original experiment yielded the same result according to several criteria, they find that about one-third to one-half of the original findings were also observed in the replication study.
                  Science
                    , this issue
                    10.1126/science.aac4716
                  ",91,,,abstract,TRUE
osc2015145,"Halevy, N., Bornstein, G., & Sagiv, L. (2008). “In-group love” and “out-group hate” as motives for individual participation in intergroup conflict: A new game paradigm. Psychological science, 19(4), 405-411.",10.1111/j.1467-9280.2008.02100.x,"Thomae, M., Wood, M. J., & Immelman, N. (2023, September 28). Replication of N Halevy, G Bornstein, L Sagiv (2008, PS 19(4)). Retrieved from osf.io/76qc5",10.1126/science.aac4716,https://osf.io/76qc5,https://drive.google.com/file/d/1UMAh9VGta6ExS2-Lb6GkDF4fmnI2EMeM/view?usp=drivesdk,1,"Empirically analyzing empirical evidence
                    One of the central goals in any scientific endeavor is to understand causality. Experiments that seek to demonstrate a cause/effect relation most often manipulate the postulated causal factor. Aarts
                    et al.
                    describe the replication of 100 experiments reported in papers published in 2008 in three high-ranking psychology journals. Assessing whether the replication and the original experiment yielded the same result according to several criteria, they find that about one-third to one-half of the original findings were also observed in the replication study.
                  Science
                    , this issue
                    10.1126/science.aac4716
                  ",91,,,abstract,TRUE
osc2015146,"Janssen, N., Alario, F.X., & Caramazza, A. (2008). A word-order constraint on phonological activation. Psychological Science, 19(3), 216-220.",10.1111/j.1467-9280.2008.02070.x,"Melinger, A. (2023, September 28). Replication of N Janssen, FX Alario, A Caramazza (2008, PS 19(3), Exp. 2). Retrieved from osf.io/dncxa",10.1126/science.aac4716,https://osf.io/dncxa,https://drive.google.com/file/d/1UMAh9VGta6ExS2-Lb6GkDF4fmnI2EMeM/view?usp=drivesdk,1,"Empirically analyzing empirical evidence
                    One of the central goals in any scientific endeavor is to understand causality. Experiments that seek to demonstrate a cause/effect relation most often manipulate the postulated causal factor. Aarts
                    et al.
                    describe the replication of 100 experiments reported in papers published in 2008 in three high-ranking psychology journals. Assessing whether the replication and the original experiment yielded the same result according to several criteria, they find that about one-third to one-half of the original findings were also observed in the replication study.
                  Science
                    , this issue
                    10.1126/science.aac4716
                  ",91,,,abstract,FALSE
osc2015148,"Bressan, P. & Stranieri, D. (2008). The best men are (not always) already taken: Female preference for single versus attached males depends on conception risk. Psychological Science, 19, 145-151.",10.1111/j.1467-9280.2008.02060.x,"Frazier, R. S., & Hasselman, F. (2023, September 28). Replication of Bressan & Stranieri (2008, PS, Study 2). Retrieved from osf.io/blcj6",10.1126/science.aac4716,https://osf.io/blcj6,https://drive.google.com/file/d/1UMAh9VGta6ExS2-Lb6GkDF4fmnI2EMeM/view?usp=drivesdk,1,"Empirically analyzing empirical evidence
                    One of the central goals in any scientific endeavor is to understand causality. Experiments that seek to demonstrate a cause/effect relation most often manipulate the postulated causal factor. Aarts
                    et al.
                    describe the replication of 100 experiments reported in papers published in 2008 in three high-ranking psychology journals. Assessing whether the replication and the original experiment yielded the same result according to several criteria, they find that about one-third to one-half of the original findings were also observed in the replication study.
                  Science
                    , this issue
                    10.1126/science.aac4716
                  ",91,,,abstract,TRUE
osc201515,"Schmidt, J. R., & Besner, D. (2008). The Stroop effect: why proportion congruent has nothing to do with congruency and everything to do with contingency. Journal of Experimental Psychology: Learning, Memory, and Cognition, 34(3), 514.",10.1037/0278-7393.34.3.514,"Cloud, M. D., & Kyc, M. (2023, September 28). Replication of Schmidt and Besner (2008, JEPLMC, Exp 2). Retrieved from osf.io/bscfe",10.1126/science.aac4716,https://osf.io/bscfe,https://drive.google.com/file/d/1UMAh9VGta6ExS2-Lb6GkDF4fmnI2EMeM/view?usp=drivesdk,1,"Empirically analyzing empirical evidence
                    One of the central goals in any scientific endeavor is to understand causality. Experiments that seek to demonstrate a cause/effect relation most often manipulate the postulated causal factor. Aarts
                    et al.
                    describe the replication of 100 experiments reported in papers published in 2008 in three high-ranking psychology journals. Assessing whether the replication and the original experiment yielded the same result according to several criteria, they find that about one-third to one-half of the original findings were also observed in the replication study.
                  Science
                    , this issue
                    10.1126/science.aac4716
                  ",91,,,abstract,TRUE
osc2015150,"Forti, S., & Humphreys, G.W. (2008). Sensitivity to object viewpoint and action instructions during search for targets in the lower visual field. Psychological Science, 19(1), 42-48.",10.1111/j.1467-9280.2008.02044.x,"Dorrough, A. R., & Fiedler, S. (2023, September 28). Replication of S Forti, GW Humphreys (2008, PS 19(1)). Retrieved from osf.io/tf8ky",10.1126/science.aac4716,https://osf.io/tf8ky,https://drive.google.com/file/d/1UMAh9VGta6ExS2-Lb6GkDF4fmnI2EMeM/view?usp=drivesdk,1,"Empirically analyzing empirical evidence
                    One of the central goals in any scientific endeavor is to understand causality. Experiments that seek to demonstrate a cause/effect relation most often manipulate the postulated causal factor. Aarts
                    et al.
                    describe the replication of 100 experiments reported in papers published in 2008 in three high-ranking psychology journals. Assessing whether the replication and the original experiment yielded the same result according to several criteria, they find that about one-third to one-half of the original findings were also observed in the replication study.
                  Science
                    , this issue
                    10.1126/science.aac4716
                  ",91,,,abstract,TRUE
osc2015151,"Schnall S., Benton J., & Harvey S. (2008). With a clean conscience: Cleanliness reduces the severity of moral judgments. <i>Psychological Science</i>, 19, 1219-1222.",10.1111/j.1467-9280.2008.02227.x,"Cheung, F., Donnellan, B., & Johnson, D. J. (2023, September 28). Replication of Schnall, Benton, & Harvey (2008, PS). Retrieved from osf.io/apidb",10.1027/1864-9335/a000186,http://dx.doi.org/10.1027/1864-9335/a000186,https://drive.google.com/file/d/1tKM1PILFcJ_p1wV0Jul0zI6ZVlWSKpjf/view?usp=drivesdk,1,"Schnall, Benton, and Harvey (2008) hypothesized that physical cleanliness reduces the severity of moral judgments. In support of this idea, they found that individuals make less severe judgments when they are primed with the concept of cleanliness (Exp. 1) and when they wash their hands after experiencing disgust (Exp. 2). We conducted direct replications of both studies using materials supplied by the original authors. We did not find evidence that physical cleanliness reduced the severity of moral judgments using samples sizes that provided over .99 power to detect the original effect sizes. Our estimates of the overall effect size were much smaller than estimates from Experiment 1 (original d = −0.60, 95% CI [−1.23, 0.04], N = 40; replication d = −0.01, 95% CI [−0.28, 0.26], N = 208) and Experiment 2 (original d = −0.85, 95% CI [−1.47, −0.22], N = 43; replication d = 0.01, 95% CI [−.34, 0.36], N = 126). These findings suggest that the population effect sizes are probably substantially smaller than the original estimates. Researchers investigating the connections between cleanliness and morality should therefore use large sample sizes to have the necessary power to detect subtle effects.",1,,,abstract,TRUE
osc2015153,"SE Palmer, T Ghose (2008). Extremal edges: a powerful cue to depth perception and figure-ground organization. Psychological Science, 19.1: 77-84.",10.1111/j.1467-9280.2008.02049.x,"Saxe, R., Vélez, N., & Johnston, W. (2023, September 28). Replication of Palmer & Ghose (2008, PS). Retrieved from osf.io/0aifq",10.1126/science.aac4716,https://osf.io/0aifq,https://drive.google.com/file/d/1UMAh9VGta6ExS2-Lb6GkDF4fmnI2EMeM/view?usp=drivesdk,1,"Empirically analyzing empirical evidence
                    One of the central goals in any scientific endeavor is to understand causality. Experiments that seek to demonstrate a cause/effect relation most often manipulate the postulated causal factor. Aarts
                    et al.
                    describe the replication of 100 experiments reported in papers published in 2008 in three high-ranking psychology journals. Assessing whether the replication and the original experiment yielded the same result according to several criteria, they find that about one-third to one-half of the original findings were also observed in the replication study.
                  Science
                    , this issue
                    10.1126/science.aac4716
                  ",91,,,abstract,FALSE
osc2015154,"Heine, S.J., Buchtel, E.E., & Norenzayan, A. (2008). What do cross‐national comparisons of personality traits tell us? The case of conscientiousness. Psychological Science, 19(4), 309-313.",10.1111/j.1467-9280.2008.02085.x,"Lazarevic, L. B., & Knezevic, G. (2023, September 28). Replication of SJ Heine, EE Buchtel, A Norenzayan (2008, PS 19(4), exp 1). Retrieved from osf.io/siaqe",10.1126/science.aac4716,https://osf.io/siaqe,https://drive.google.com/file/d/1UMAh9VGta6ExS2-Lb6GkDF4fmnI2EMeM/view?usp=drivesdk,1,"Empirically analyzing empirical evidence
                    One of the central goals in any scientific endeavor is to understand causality. Experiments that seek to demonstrate a cause/effect relation most often manipulate the postulated causal factor. Aarts
                    et al.
                    describe the replication of 100 experiments reported in papers published in 2008 in three high-ranking psychology journals. Assessing whether the replication and the original experiment yielded the same result according to several criteria, they find that about one-third to one-half of the original findings were also observed in the replication study.
                  Science
                    , this issue
                    10.1126/science.aac4716
                  ",91,,,abstract,TRUE
osc2015155,"Moeller, S.K., Robinson, M.D., Zabelina, D.L. (2008). Personality dominance and preferential use of the vertical dimension of space. Psychological Science, 19, 355-361.",10.1111/j.1467-9280.2008.02093.x,"Levitan, C., & Fernández, B. (2023, September 28). Replication of SK Moeller, MD Robinson, DL Zabelina (2008, Psychological Science, Experiment 2). Retrieved from osf.io/tg2wd",10.1126/science.aac4716,https://osf.io/tg2wd,https://drive.google.com/file/d/1UMAh9VGta6ExS2-Lb6GkDF4fmnI2EMeM/view?usp=drivesdk,1,"Empirically analyzing empirical evidence
                    One of the central goals in any scientific endeavor is to understand causality. Experiments that seek to demonstrate a cause/effect relation most often manipulate the postulated causal factor. Aarts
                    et al.
                    describe the replication of 100 experiments reported in papers published in 2008 in three high-ranking psychology journals. Assessing whether the replication and the original experiment yielded the same result according to several criteria, they find that about one-third to one-half of the original findings were also observed in the replication study.
                  Science
                    , this issue
                    10.1126/science.aac4716
                  ",91,,,abstract,FALSE
osc2015158,"Goschke, T., & Dreisbach, G. (2008). Conflict-triggered goal shielding: response conflicts attenuate background monitoring for prospective memory cues. Psychological science, 19(1), 25–32.",10.1111/j.1467-9280.2008.02042.x,"Costantini, G., & Perugini, M. (2023, September 28). Replication of Goschke & Dreisbach (2008, PS). Retrieved from osf.io/bk53t",10.1126/science.aac4716,https://osf.io/bk53t,https://drive.google.com/file/d/1UMAh9VGta6ExS2-Lb6GkDF4fmnI2EMeM/view?usp=drivesdk,1,"Empirically analyzing empirical evidence
                    One of the central goals in any scientific endeavor is to understand causality. Experiments that seek to demonstrate a cause/effect relation most often manipulate the postulated causal factor. Aarts
                    et al.
                    describe the replication of 100 experiments reported in papers published in 2008 in three high-ranking psychology journals. Assessing whether the replication and the original experiment yielded the same result according to several criteria, they find that about one-third to one-half of the original findings were also observed in the replication study.
                  Science
                    , this issue
                    10.1126/science.aac4716
                  ",91,,,abstract,TRUE
osc2015161,"LoBue,V., & DeLoache, J.S. (2008). Detecting the snake in the grass: Attention to fear-relevant stimuli by adults and children. Psychological Science, 19, 284-289.",10.1111/j.1467-9280.2008.02081.x,"Cramblet Alvarez, L. D., Martinez, T., Zuni, K., Tapia, M., & Pipitone, R. N. (2023, September 28). Replication of LoBue & DeLoache (2008, PS, Study 3). Retrieved from osf.io/sd7kg",10.1126/science.aac4716,https://osf.io/sd7kg,https://drive.google.com/file/d/1UMAh9VGta6ExS2-Lb6GkDF4fmnI2EMeM/view?usp=drivesdk,1,"Empirically analyzing empirical evidence
                    One of the central goals in any scientific endeavor is to understand causality. Experiments that seek to demonstrate a cause/effect relation most often manipulate the postulated causal factor. Aarts
                    et al.
                    describe the replication of 100 experiments reported in papers published in 2008 in three high-ranking psychology journals. Assessing whether the replication and the original experiment yielded the same result according to several criteria, they find that about one-third to one-half of the original findings were also observed in the replication study.
                  Science
                    , this issue
                    10.1126/science.aac4716
                  ",91,,,abstract,TRUE
osc2015165,"Dai, X., Wertenbroch, K., & Brendl, C. M. (2008). The value heuristic in judgments of relative frequency. Psychological Science, 19, 18–19.",10.1111/j.1467-9280.2008.02039.x,"Fuchs, H., Estel, V., & Goellner, L. (2016, August 19). Replication of Dai, Wertenbroch, & Brendl (2008, PS, Study 1). Retrieved from osf.io/q7f6w",10.1126/science.aac4716,https://osf.io/q7f6w,https://drive.google.com/file/d/1UMAh9VGta6ExS2-Lb6GkDF4fmnI2EMeM/view?usp=drivesdk,1,"Empirically analyzing empirical evidence
                    One of the central goals in any scientific endeavor is to understand causality. Experiments that seek to demonstrate a cause/effect relation most often manipulate the postulated causal factor. Aarts
                    et al.
                    describe the replication of 100 experiments reported in papers published in 2008 in three high-ranking psychology journals. Assessing whether the replication and the original experiment yielded the same result according to several criteria, they find that about one-third to one-half of the original findings were also observed in the replication study.
                  Science
                    , this issue
                    10.1126/science.aac4716
                  ",91,,,abstract,TRUE
osc2015167,"Estes, Z., Verges, M., & Barsalou, L.W. (2008). Head up, foot down. Object words orient attention to the objects’ typical location. Psychological Science, 19(2), 93–97.",10.1111/j.1467-9280.2008.02051.x,"Renkewitz, F., & Müller, S. M. (2023, September 28). Replication of Estes, Verges, & Barsalou (2008, PS, Study 1). Retrieved from osf.io/vwnit",10.1126/science.aac4716,https://osf.io/vwnit,https://drive.google.com/file/d/1UMAh9VGta6ExS2-Lb6GkDF4fmnI2EMeM/view?usp=drivesdk,1,"Empirically analyzing empirical evidence
                    One of the central goals in any scientific endeavor is to understand causality. Experiments that seek to demonstrate a cause/effect relation most often manipulate the postulated causal factor. Aarts
                    et al.
                    describe the replication of 100 experiments reported in papers published in 2008 in three high-ranking psychology journals. Assessing whether the replication and the original experiment yielded the same result according to several criteria, they find that about one-third to one-half of the original findings were also observed in the replication study.
                  Science
                    , this issue
                    10.1126/science.aac4716
                  ",91,,,abstract,TRUE
osc201517,"Fiedler, K. (2008). The ultimate sampling dilemma in experience-based decision making. Journal of Experimental Psychology: Learning, Memory, and Cognition, 34(1), 186.",10.1037/0278-7393.34.1.186,"Glöckner, A., & Jekel, M. (2023, September 28). Replication of K Fiedler (2008, JEPLMC, Exp 2). Retrieved from osf.io/hp27x",10.1126/science.aac4716,https://osf.io/hp27x,https://drive.google.com/file/d/1UMAh9VGta6ExS2-Lb6GkDF4fmnI2EMeM/view?usp=drivesdk,1,"Empirically analyzing empirical evidence
                    One of the central goals in any scientific endeavor is to understand causality. Experiments that seek to demonstrate a cause/effect relation most often manipulate the postulated causal factor. Aarts
                    et al.
                    describe the replication of 100 experiments reported in papers published in 2008 in three high-ranking psychology journals. Assessing whether the replication and the original experiment yielded the same result according to several criteria, they find that about one-third to one-half of the original findings were also observed in the replication study.
                  Science
                    , this issue
                    10.1126/science.aac4716
                  ",91,,,abstract,TRUE
osc201519,"Oberauer, Klaus. ""How to say no: Single-and dual-process theories of short-term recognition tested on negative probes."" Journal of Experimental Psychology: Learning, Memory, and Cognition 34.3 (2008): 439",10.1037/0278-7393.34.3.439,"Neijenhuijs, K. I., Luteijn, I., Bosch, A., van der Hulst, M., Dorsthorst, A. t, van de Ven, M., & Weerdmeester, J. W. (2023, September 28). Replication of K Oberauer (2008, JEPLMC 34(3), Exp 3). Retrieved from osf.io/gcj7x",10.1126/science.aac4716,https://osf.io/gcj7x,https://drive.google.com/file/d/1UMAh9VGta6ExS2-Lb6GkDF4fmnI2EMeM/view?usp=drivesdk,1,"Empirically analyzing empirical evidence
                    One of the central goals in any scientific endeavor is to understand causality. Experiments that seek to demonstrate a cause/effect relation most often manipulate the postulated causal factor. Aarts
                    et al.
                    describe the replication of 100 experiments reported in papers published in 2008 in three high-ranking psychology journals. Assessing whether the replication and the original experiment yielded the same result according to several criteria, they find that about one-third to one-half of the original findings were also observed in the replication study.
                  Science
                    , this issue
                    10.1126/science.aac4716
                  ",91,,,abstract,TRUE
osc20152,"Morris, A.L., Still, M.L. (2008). Now you see it, now you don't: Repetition blindness for nonwords. Journal of Experimental Psychology: Learning Memory and Cognition, 34(1), 146–166.",10.1037/0278-7393.34.1.146,"Goodbourn, P. T. (2023, September 28). Replication of Morris and Still (2008). Retrieved from osf.io/rmvk5",10.1126/science.aac4716,https://osf.io/rmvk5,https://drive.google.com/file/d/1UMAh9VGta6ExS2-Lb6GkDF4fmnI2EMeM/view?usp=drivesdk,1,"Empirically analyzing empirical evidence
                    One of the central goals in any scientific endeavor is to understand causality. Experiments that seek to demonstrate a cause/effect relation most often manipulate the postulated causal factor. Aarts
                    et al.
                    describe the replication of 100 experiments reported in papers published in 2008 in three high-ranking psychology journals. Assessing whether the replication and the original experiment yielded the same result according to several criteria, they find that about one-third to one-half of the original findings were also observed in the replication study.
                  Science
                    , this issue
                    10.1126/science.aac4716
                  ",91,,,abstract,TRUE
osc201520,"Sahakyan, L., Delaney, P. F., & Waldum, E. R. (2008). Intentional forgetting is easier after two"" shots"" than one. Journal of Experimental Psychology: Learning, Memory, and Cognition, 34(2), 408.",10.1037/0278-7393.34.2.408,"Fiedler, S., & May, M. (2023, September 28). Replication of Sahakyan et al. (2008, JEP:LMC, Study 3). Retrieved from osf.io/bzdr2",10.1126/science.aac4716,https://osf.io/bzdr2,https://drive.google.com/file/d/1UMAh9VGta6ExS2-Lb6GkDF4fmnI2EMeM/view?usp=drivesdk,1,"Empirically analyzing empirical evidence
                    One of the central goals in any scientific endeavor is to understand causality. Experiments that seek to demonstrate a cause/effect relation most often manipulate the postulated causal factor. Aarts
                    et al.
                    describe the replication of 100 experiments reported in papers published in 2008 in three high-ranking psychology journals. Assessing whether the replication and the original experiment yielded the same result according to several criteria, they find that about one-third to one-half of the original findings were also observed in the replication study.
                  Science
                    , this issue
                    10.1126/science.aac4716
                  ",91,,,abstract,TRUE
osc201522,"Colzato, L. S., Bajo, M. T., Van den Wildenberg, W., Paolieri, D., Nieuwenhuis, S., La Heij, W., & Hommel, B. (2008). How does bilingualism improve executive control? A comparison of active and reactive inhibition mechanisms. Journal of Experimental Psychology: Learning, Memory, and Cognition, 34(2), 302.",10.1037/0278-7393.34.2.302,"Kappes, H. B. (2023, September 28). Replication of LS Colzato, MT Bajo, W van den Wildenberg, D Paolieri, S Nieuwenhuis, W La Heij, B Hommel (2008, JEPLMC 34(2), Exp. 3). Retrieved from osf.io/p9thw",10.1126/science.aac4716,https://osf.io/p9thw,https://drive.google.com/file/d/1UMAh9VGta6ExS2-Lb6GkDF4fmnI2EMeM/view?usp=drivesdk,1,"Empirically analyzing empirical evidence
                    One of the central goals in any scientific endeavor is to understand causality. Experiments that seek to demonstrate a cause/effect relation most often manipulate the postulated causal factor. Aarts
                    et al.
                    describe the replication of 100 experiments reported in papers published in 2008 in three high-ranking psychology journals. Assessing whether the replication and the original experiment yielded the same result according to several criteria, they find that about one-third to one-half of the original findings were also observed in the replication study.
                  Science
                    , this issue
                    10.1126/science.aac4716
                  ",91,,,abstract,TRUE
osc201524,"Bassok, M., Pedigo, S.F., & Oskarsson, A.T (2008). Priming Addition Facts with Semantic Relations. Journal of Experimental Psychology: Learning, Memory, and Cognition, 34, 343-352.",10.1037/0278-7393.34.2.343,"Hung, C. O., Lin, L., & Tsang, S. (2023, September 28). Replication of M Bassok, SF Pedigo, AT Oskarsson (2008, JEPLMC, Study 1). Retrieved from osf.io/sqim7",10.1126/science.aac4716,https://osf.io/sqim7,https://drive.google.com/file/d/1UMAh9VGta6ExS2-Lb6GkDF4fmnI2EMeM/view?usp=drivesdk,1,"Empirically analyzing empirical evidence
                    One of the central goals in any scientific endeavor is to understand causality. Experiments that seek to demonstrate a cause/effect relation most often manipulate the postulated causal factor. Aarts
                    et al.
                    describe the replication of 100 experiments reported in papers published in 2008 in three high-ranking psychology journals. Assessing whether the replication and the original experiment yielded the same result according to several criteria, they find that about one-third to one-half of the original findings were also observed in the replication study.
                  Science
                    , this issue
                    10.1126/science.aac4716
                  ",91,,,abstract,TRUE
osc201525,"Couture, M., Lafond, D., & Tremblay, S. (2008). Learning correct responses and errors in the hebb repetition effect: Two faces of the same coin. Journal of Experimental Psychology: Learning, Memory, and Cognition, 34(3), 524-532.",10.1037/0278-7393.34.3.524,"Roebke, M. A., & Della Penna, N. (2023, September 28). Replication of Couture, Lafond, and Tremblay (2008, JEPLMC 34(3)). Retrieved from osf.io/k9gp6",10.1126/science.aac4716,https://osf.io/k9gp6,https://drive.google.com/file/d/1UMAh9VGta6ExS2-Lb6GkDF4fmnI2EMeM/view?usp=drivesdk,1,"Empirically analyzing empirical evidence
                    One of the central goals in any scientific endeavor is to understand causality. Experiments that seek to demonstrate a cause/effect relation most often manipulate the postulated causal factor. Aarts
                    et al.
                    describe the replication of 100 experiments reported in papers published in 2008 in three high-ranking psychology journals. Assessing whether the replication and the original experiment yielded the same result according to several criteria, they find that about one-third to one-half of the original findings were also observed in the replication study.
                  Science
                    , this issue
                    10.1126/science.aac4716
                  ",91,,,abstract,TRUE
osc201526,"Reynolds, M., & Besner, D. (2008). Contextual effects on reading aloud: Evidence for pathway control. Journal of Experimental Psychology: Learning, Memory, and Cognition, 34(1), 50.",10.1037/0278-7393.34.1.50,"Lai, C. K., & Simpson, W. B. (2023, September 28). Replication of Reynolds & Besner (2008, JEP:LMC, Study 5). Retrieved from osf.io/hasfu",10.1126/science.aac4716,https://osf.io/hasfu,https://drive.google.com/file/d/1UMAh9VGta6ExS2-Lb6GkDF4fmnI2EMeM/view?usp=drivesdk,1,"Empirically analyzing empirical evidence
                    One of the central goals in any scientific endeavor is to understand causality. Experiments that seek to demonstrate a cause/effect relation most often manipulate the postulated causal factor. Aarts
                    et al.
                    describe the replication of 100 experiments reported in papers published in 2008 in three high-ranking psychology journals. Assessing whether the replication and the original experiment yielded the same result according to several criteria, they find that about one-third to one-half of the original findings were also observed in the replication study.
                  Science
                    , this issue
                    10.1126/science.aac4716
                  ",91,,,abstract,TRUE
osc201527,"MJ Yap, DA Balota, CS Tse, D Besner. (2008) On the additive effects of stimulus quality and word frequency in lexical decision: evidence for opposing interactive influences revealed by RT distributional analyses. Journal of Experimental Psychology: Learning, Memory, and Cognition, 34(3), 495-513.",10.1037/0278-7393.34.3.495,"Chartier, C. R., & Nervi, T. (2023, September 28). Replication of MJ Yap, DA Balota, CS Tse, D Besner (2008, JEPLMC 34(3), Exp 4). Retrieved from osf.io/ahpik",10.1126/science.aac4716,https://osf.io/ahpik,https://drive.google.com/file/d/1UMAh9VGta6ExS2-Lb6GkDF4fmnI2EMeM/view?usp=drivesdk,1,"Empirically analyzing empirical evidence
                    One of the central goals in any scientific endeavor is to understand causality. Experiments that seek to demonstrate a cause/effect relation most often manipulate the postulated causal factor. Aarts
                    et al.
                    describe the replication of 100 experiments reported in papers published in 2008 in three high-ranking psychology journals. Assessing whether the replication and the original experiment yielded the same result according to several criteria, they find that about one-third to one-half of the original findings were also observed in the replication study.
                  Science
                    , this issue
                    10.1126/science.aac4716
                  ",91,,,abstract,TRUE
osc201528,"N Janssen, W Schirm, BZ Mahon, A Caramazza (2008).“Semantic Interference in a Delayed Naming Task: Evidence for the Response Exclusion Hypothesis.” Journal of Experimental Psychology: Learning Memory and Cognition, 34(1), 249-256.",10.1037/0278-7393.34.1.249,"Galak, J. (2023, September 28). Replication of Janssen and colleagues (2008, JEP:LMC, Study 1). Retrieved from osf.io/uhpyr",10.1126/science.aac4716,https://osf.io/uhpyr,https://drive.google.com/file/d/1UMAh9VGta6ExS2-Lb6GkDF4fmnI2EMeM/view?usp=drivesdk,1,"Empirically analyzing empirical evidence
                    One of the central goals in any scientific endeavor is to understand causality. Experiments that seek to demonstrate a cause/effect relation most often manipulate the postulated causal factor. Aarts
                    et al.
                    describe the replication of 100 experiments reported in papers published in 2008 in three high-ranking psychology journals. Assessing whether the replication and the original experiment yielded the same result according to several criteria, they find that about one-third to one-half of the original findings were also observed in the replication study.
                  Science
                    , this issue
                    10.1126/science.aac4716
                  ",91,,,abstract,TRUE
osc201529,"Turk-Browne, N. B., Isola, P. J., Scholl, B. J., & Treat, T. A. (2008). Multidimensional Visual Statistical Learning. Journal of Experimental Psychology: Learning, Memory, and Cognition, 34(2), 399–407.",10.1037/0278-7393.34.2.399,"Ostkamp, L., & Jäkel, F. (2023, September 28). Replication of Turk-Browne, Isola, Scholl, Treat (2008, JEP:LMC, Study 4b). Retrieved from osf.io/ujhlw",10.1126/science.aac4716,https://osf.io/ujhlw,https://drive.google.com/file/d/1UMAh9VGta6ExS2-Lb6GkDF4fmnI2EMeM/view?usp=drivesdk,1,"Empirically analyzing empirical evidence
                    One of the central goals in any scientific endeavor is to understand causality. Experiments that seek to demonstrate a cause/effect relation most often manipulate the postulated causal factor. Aarts
                    et al.
                    describe the replication of 100 experiments reported in papers published in 2008 in three high-ranking psychology journals. Assessing whether the replication and the original experiment yielded the same result according to several criteria, they find that about one-third to one-half of the original findings were also observed in the replication study.
                  Science
                    , this issue
                    10.1126/science.aac4716
                  ",91,,,abstract,FALSE
osc20153,"Liefooghe, B., Barrouillet, P., Vandierendonck, A., & Camos, V. (2008). Working memory costs of task switching. Journal of Experimental Psychology: Learning, Memory, and Cognition, 34(3), 478-494.",10.1037/0278-7393.34.3.478,"Plessow, F., Möschl, M., & Pavel, M. (2023, September 28). Replication of Liefooghe, Barrouillet, Vandierendonck, & Camos (2008, JEPLMC, Experiment 4). Retrieved from osf.io/4dvzb",10.1126/science.aac4716,https://osf.io/4dvzb,https://drive.google.com/file/d/1UMAh9VGta6ExS2-Lb6GkDF4fmnI2EMeM/view?usp=drivesdk,1,"Empirically analyzing empirical evidence
                    One of the central goals in any scientific endeavor is to understand causality. Experiments that seek to demonstrate a cause/effect relation most often manipulate the postulated causal factor. Aarts
                    et al.
                    describe the replication of 100 experiments reported in papers published in 2008 in three high-ranking psychology journals. Assessing whether the replication and the original experiment yielded the same result according to several criteria, they find that about one-third to one-half of the original findings were also observed in the replication study.
                  Science
                    , this issue
                    10.1126/science.aac4716
                  ",91,,,abstract,TRUE
osc201532,"White, P.A. (2008). Accounting for Occurrences: A New View of the Use of Contingency Information in Causal Judgment. Journal of Experimental Psychology: Learning, Memory, and Cognition, 34(1), 204–218.",10.1037/0278-7393.34.1.204,"Müller, S. M., & Renkewitz, F. (2023, September 28). Replication of White (2008, JEP:LMC, Study 3). Retrieved from osf.io/rhbqj",10.1126/science.aac4716,https://osf.io/rhbqj,https://drive.google.com/file/d/1UMAh9VGta6ExS2-Lb6GkDF4fmnI2EMeM/view?usp=drivesdk,1,"Empirically analyzing empirical evidence
                    One of the central goals in any scientific endeavor is to understand causality. Experiments that seek to demonstrate a cause/effect relation most often manipulate the postulated causal factor. Aarts
                    et al.
                    describe the replication of 100 experiments reported in papers published in 2008 in three high-ranking psychology journals. Assessing whether the replication and the original experiment yielded the same result according to several criteria, they find that about one-third to one-half of the original findings were also observed in the replication study.
                  Science
                    , this issue
                    10.1126/science.aac4716
                  ",91,,,abstract,TRUE
osc201533,"Farrell, S. (2008). Multiple roles for time in short-term memory: Evidence from serial recall of order and timing. Journal of Experimental Psychology: Learning, Memory, and Cognition, 34(1), 128.",10.1037/0278-7393.34.1.128,"Olsson, C., & Saxe, R. (2023, September 28). Replication of Farrell (2008, JEP:LMC, Study 2). Retrieved from osf.io/swrhy",10.1126/science.aac4716,https://osf.io/swrhy,https://drive.google.com/file/d/1UMAh9VGta6ExS2-Lb6GkDF4fmnI2EMeM/view?usp=drivesdk,1,"Empirically analyzing empirical evidence
                    One of the central goals in any scientific endeavor is to understand causality. Experiments that seek to demonstrate a cause/effect relation most often manipulate the postulated causal factor. Aarts
                    et al.
                    describe the replication of 100 experiments reported in papers published in 2008 in three high-ranking psychology journals. Assessing whether the replication and the original experiment yielded the same result according to several criteria, they find that about one-third to one-half of the original findings were also observed in the replication study.
                  Science
                    , this issue
                    10.1126/science.aac4716
                  ",91,,,abstract,FALSE
osc201536,"Pacton, S., & Perruchet, P. (2008). An attention-based associative account of adjacent and nonadjacent dependency learning. Journal of Experimental Psychology: Learning, Memory, and Cognition, 34, 80-96.",10.1037/0278-7393.34.1.80,"Jahn, G. (2023, September 28). Replication of Pacton & Perruchet (2008, JEP:LMC, Study 4b). Retrieved from osf.io/vmz2e",10.1126/science.aac4716,https://osf.io/vmz2e,https://drive.google.com/file/d/1UMAh9VGta6ExS2-Lb6GkDF4fmnI2EMeM/view?usp=drivesdk,1,"Empirically analyzing empirical evidence
                    One of the central goals in any scientific endeavor is to understand causality. Experiments that seek to demonstrate a cause/effect relation most often manipulate the postulated causal factor. Aarts
                    et al.
                    describe the replication of 100 experiments reported in papers published in 2008 in three high-ranking psychology journals. Assessing whether the replication and the original experiment yielded the same result according to several criteria, they find that about one-third to one-half of the original findings were also observed in the replication study.
                  Science
                    , this issue
                    10.1126/science.aac4716
                  ",91,,,abstract,TRUE
osc201537,"Makovski, Tal; Sussman, Rachel; Jiang, Yuhong V. (2008). Orienting attention in visual working memory reduces interference from memory probes. Journal of Experimental Psychology: Learning, Memory, and Cognition, 34.2: 369-380.",10.1037/0278-7393.34.2.369,"Moore, K. (2023, September 28). Replication of Makovski, Sussman, & Jiang (2008, JEP:LMC). Retrieved from osf.io/0pxro",10.1126/science.aac4716,https://osf.io/0pxro,https://drive.google.com/file/d/1UMAh9VGta6ExS2-Lb6GkDF4fmnI2EMeM/view?usp=drivesdk,1,"Empirically analyzing empirical evidence
                    One of the central goals in any scientific endeavor is to understand causality. Experiments that seek to demonstrate a cause/effect relation most often manipulate the postulated causal factor. Aarts
                    et al.
                    describe the replication of 100 experiments reported in papers published in 2008 in three high-ranking psychology journals. Assessing whether the replication and the original experiment yielded the same result according to several criteria, they find that about one-third to one-half of the original findings were also observed in the replication study.
                  Science
                    , this issue
                    10.1126/science.aac4716
                  ",91,,,abstract,TRUE
osc201539,"Decision making and learning while taking sequential risks. Journal of Experimental Psychology: Learning, Memory, and Cognition, 34(1), 167-185.",10.1037/0278-7393.34.1.167,"Forsell, E., Heikensten, E. K., Dreber, A., & Johannesson, M. (2023, September 28). Replication of TJ Pleskac (2008, JEPLMC 34(1)). Retrieved from osf.io/38ges",10.1126/science.aac4716,https://osf.io/38ges,https://drive.google.com/file/d/1UMAh9VGta6ExS2-Lb6GkDF4fmnI2EMeM/view?usp=drivesdk,1,"Empirically analyzing empirical evidence
                    One of the central goals in any scientific endeavor is to understand causality. Experiments that seek to demonstrate a cause/effect relation most often manipulate the postulated causal factor. Aarts
                    et al.
                    describe the replication of 100 experiments reported in papers published in 2008 in three high-ranking psychology journals. Assessing whether the replication and the original experiment yielded the same result according to several criteria, they find that about one-third to one-half of the original findings were also observed in the replication study.
                  Science
                    , this issue
                    10.1126/science.aac4716
                  ",91,,,abstract,FALSE
osc20154,"Storm, B.C., Bjork, E.L., & Bjork, R.A. 2008. Accelerated relearning after retrieval-induced forgetting: The benefit of being forgotten. Journal of Experimental Psychology: Learning, Memory, and Cognition, 34, 230-236.",10.1037/0278-7393.34.1.230,"Callahan, S. P. (2023, September 28). Replication of BC Storm, EL Bjork, RA Bjork (2008, JEPLMC 34(1), Exp 1). Retrieved from osf.io/8j9cg",10.1126/science.aac4716,https://osf.io/8j9cg,https://drive.google.com/file/d/1UMAh9VGta6ExS2-Lb6GkDF4fmnI2EMeM/view?usp=drivesdk,1,"Empirically analyzing empirical evidence
                    One of the central goals in any scientific endeavor is to understand causality. Experiments that seek to demonstrate a cause/effect relation most often manipulate the postulated causal factor. Aarts
                    et al.
                    describe the replication of 100 experiments reported in papers published in 2008 in three high-ranking psychology journals. Assessing whether the replication and the original experiment yielded the same result according to several criteria, they find that about one-third to one-half of the original findings were also observed in the replication study.
                  Science
                    , this issue
                    10.1126/science.aac4716
                  ",91,,,abstract,TRUE
osc201543,"B Monin, PJ Sawyer, MJ Marquez (2008). The rejection of moral rebels: resenting those who do the right thing. Journal of Personality and Social Psychology, 95.1: 76-93.",10.1037/0022-3514.95.1.76,"Frank, M. C., & Holubar, T. (2023, September 28). Replication of Monin, Sawyer, & Marquez (2008, JPSP 95(1), Exp. 4). Retrieved from osf.io/pz0my",10.1126/science.aac4716,https://osf.io/pz0my,https://drive.google.com/file/d/1UMAh9VGta6ExS2-Lb6GkDF4fmnI2EMeM/view?usp=drivesdk,NA,"Empirically analyzing empirical evidence
                    One of the central goals in any scientific endeavor is to understand causality. Experiments that seek to demonstrate a cause/effect relation most often manipulate the postulated causal factor. Aarts
                    et al.
                    describe the replication of 100 experiments reported in papers published in 2008 in three high-ranking psychology journals. Assessing whether the replication and the original experiment yielded the same result according to several criteria, they find that about one-third to one-half of the original findings were also observed in the replication study.
                  Science
                    , this issue
                    10.1126/science.aac4716
                  ",91,,,abstract,FALSE
osc201544,"Payne, B. K. Burkley, M. A. Stokes, M. B. (2008). Why Do Implicit and Explicit Attitude Tests Diverge? The Role of Structural Fit. Journal of Personality and Social Psychology, 94, 16–31.",10.1037/0022-3514.94.1.16,"Vianello, M. (2023, September 28). Replication of Payne, Burkley & Stokes (2008, JPSP, Study 4). Retrieved from osf.io/rc6mv",10.1126/science.aac4716,https://osf.io/rc6mv,https://drive.google.com/file/d/1UMAh9VGta6ExS2-Lb6GkDF4fmnI2EMeM/view?usp=drivesdk,1,"Empirically analyzing empirical evidence
                    One of the central goals in any scientific endeavor is to understand causality. Experiments that seek to demonstrate a cause/effect relation most often manipulate the postulated causal factor. Aarts
                    et al.
                    describe the replication of 100 experiments reported in papers published in 2008 in three high-ranking psychology journals. Assessing whether the replication and the original experiment yielded the same result according to several criteria, they find that about one-third to one-half of the original findings were also observed in the replication study.
                  Science
                    , this issue
                    10.1126/science.aac4716
                  ",91,,,abstract,TRUE
osc201546,"Soto, C.J., John, O.P., Gosling, S.D., & Potter, J. (2008). The developmental psychometrics of big five self-reports: Acquiescence, factor structure, coherence, and differentiation from ages 10 to 20. Journal of Personality and Social Psychology, 94(4), 718-737.",10.1037/0022-3514.94.4.718,"Soderberg, C. K. (2023, September 28). Replication of CJ Soto, OP John, SD Gosling, J Potter (2008, JPSP 94(4)). Retrieved from osf.io/kez47",10.1126/science.aac4716,https://osf.io/kez47,https://drive.google.com/file/d/1UMAh9VGta6ExS2-Lb6GkDF4fmnI2EMeM/view?usp=drivesdk,1,"Empirically analyzing empirical evidence
                    One of the central goals in any scientific endeavor is to understand causality. Experiments that seek to demonstrate a cause/effect relation most often manipulate the postulated causal factor. Aarts
                    et al.
                    describe the replication of 100 experiments reported in papers published in 2008 in three high-ranking psychology journals. Assessing whether the replication and the original experiment yielded the same result according to several criteria, they find that about one-third to one-half of the original findings were also observed in the replication study.
                  Science
                    , this issue
                    10.1126/science.aac4716
                  ",91,,,abstract,FALSE
osc201548,"Cox, C.R., Arndt, J., Pyszczynski, T., Greenberg, J., Abdollahi, A., & Solomon, S. (2008). Terror management and adults' attachment to their parents: The safe haven remains. Journal of Personality and Social Psychology, 94(4), 696-717.",10.1037/0022-3514.94.4.696,"Wissink, J., Hoogendoorn, G. E. A. M., Brohmer, H., Verschoor, M., Zeelenberg, M., & Krijnen, J. M. T. (2016, August 19). Replication of CR Cox, J Arndt, T Pyszczynski, J Greenberg, A Abdollahi, S Solomon (2008, JPSP 94(4), Exp. 6). Retrieved from osf.io/5tbxf",10.1126/science.aac4716,https://osf.io/5tbxf,https://drive.google.com/file/d/1UMAh9VGta6ExS2-Lb6GkDF4fmnI2EMeM/view?usp=drivesdk,1,"Empirically analyzing empirical evidence
                    One of the central goals in any scientific endeavor is to understand causality. Experiments that seek to demonstrate a cause/effect relation most often manipulate the postulated causal factor. Aarts
                    et al.
                    describe the replication of 100 experiments reported in papers published in 2008 in three high-ranking psychology journals. Assessing whether the replication and the original experiment yielded the same result according to several criteria, they find that about one-third to one-half of the original findings were also observed in the replication study.
                  Science
                    , this issue
                    10.1126/science.aac4716
                  ",91,,,abstract,TRUE
osc201549,"D Albarracín, IM Handley, K Noguchi, KC McCulloch, H Li, J Leeper, RD Brown, A Earl, WP Hart (2008). Increasing and decreasing motor and cognitive output: a model of general action and inaction goals. Journal of Personality and Social Psychology, 95.3: 510-523.",10.1037/a0012833,"Frank, M. C., Kim, S. K., & Lee, K. J. (2023, September 28). Replication of Albarracín et al. (2008, JPSP). Retrieved from osf.io/vy1bc",10.1126/science.aac4716,https://osf.io/vy1bc,https://drive.google.com/file/d/1UMAh9VGta6ExS2-Lb6GkDF4fmnI2EMeM/view?usp=drivesdk,NA,"Empirically analyzing empirical evidence
                    One of the central goals in any scientific endeavor is to understand causality. Experiments that seek to demonstrate a cause/effect relation most often manipulate the postulated causal factor. Aarts
                    et al.
                    describe the replication of 100 experiments reported in papers published in 2008 in three high-ranking psychology journals. Assessing whether the replication and the original experiment yielded the same result according to several criteria, they find that about one-third to one-half of the original findings were also observed in the replication study.
                  Science
                    , this issue
                    10.1126/science.aac4716
                  ",91,,,abstract,TRUE
osc20155,"C Mitchell, S Nash, G Hall (2008). The intermixed-blocked effect in human perceptual learning is not the consequence of trial spacing. Journal of Experimental Psychology: Learning, Memory, and Cognition, 34.1 (2008): 237-242.",10.1037/0278-7393.34.1.237,"Lakens, D. (2023, September 28). Replication of Mitchell, Nash, & Hall (2008, JEP:LMC). Retrieved from osf.io/4xdkk",10.1126/science.aac4716,https://osf.io/4xdkk,https://drive.google.com/file/d/1UMAh9VGta6ExS2-Lb6GkDF4fmnI2EMeM/view?usp=drivesdk,NA,"Empirically analyzing empirical evidence
                    One of the central goals in any scientific endeavor is to understand causality. Experiments that seek to demonstrate a cause/effect relation most often manipulate the postulated causal factor. Aarts
                    et al.
                    describe the replication of 100 experiments reported in papers published in 2008 in three high-ranking psychology journals. Assessing whether the replication and the original experiment yielded the same result according to several criteria, they find that about one-third to one-half of the original findings were also observed in the replication study.
                  Science
                    , this issue
                    10.1126/science.aac4716
                  ",91,,,abstract,TRUE
osc201552,"Centerbar, D.B., Schnall, S., Clore, G.L., & Garvin, E.D. (2008). Affective incoherence: When affective concepts and embodied reactions clash. Journal of Personality and Social Psychology, 94(4), 560-578.",10.1037/0022-3514.94.4.560,"Humphries, D., Brown, K., DeGaetano, M., Mainard, H., Attridge, P. R., Brown, B. T., & Hicks, G. (2023, September 28). Replication of Centerbar, Schnall, Clore, & Garvin (2008, JPSP, Study 5). Retrieved from osf.io/l8srm",10.1126/science.aac4716,https://osf.io/l8srm,https://drive.google.com/file/d/1UMAh9VGta6ExS2-Lb6GkDF4fmnI2EMeM/view?usp=drivesdk,1,"Empirically analyzing empirical evidence
                    One of the central goals in any scientific endeavor is to understand causality. Experiments that seek to demonstrate a cause/effect relation most often manipulate the postulated causal factor. Aarts
                    et al.
                    describe the replication of 100 experiments reported in papers published in 2008 in three high-ranking psychology journals. Assessing whether the replication and the original experiment yielded the same result according to several criteria, they find that about one-third to one-half of the original findings were also observed in the replication study.
                  Science
                    , this issue
                    10.1126/science.aac4716
                  ",91,,,abstract,TRUE
osc201553,"Amodio, D. M., Devine, P. G., & Harmon-Jones, E. (2008). Individual differences in the regulation of intergroup bias: The role of conflict monitoring and neural signals for control. Journal of Personality and Social Psychology, 94(1), 60-74.",10.1037/0022-3514.94.3.545,"Johnson-Grey, K. M., Hayes, T. B., & Graham, J. (2023, September 28). Replication of Amodio, Devine, & Harmon-Jones (2008, JPSP, Study 2). Retrieved from osf.io/wkgpq",10.1126/science.aac4716,https://osf.io/wkgpq,https://drive.google.com/file/d/1UMAh9VGta6ExS2-Lb6GkDF4fmnI2EMeM/view?usp=drivesdk,1,"Empirically analyzing empirical evidence
                    One of the central goals in any scientific endeavor is to understand causality. Experiments that seek to demonstrate a cause/effect relation most often manipulate the postulated causal factor. Aarts
                    et al.
                    describe the replication of 100 experiments reported in papers published in 2008 in three high-ranking psychology journals. Assessing whether the replication and the original experiment yielded the same result according to several criteria, they find that about one-third to one-half of the original findings were also observed in the replication study.
                  Science
                    , this issue
                    10.1126/science.aac4716
                  ",91,,,abstract,TRUE
osc201555,"Harmon-Jones, E., Harmon-Jones, C., Fearn, M., Sigelman, J.D., & Johnson, P. (2008). Left frontal cortical activation and spreading of alternatives: Test of the action-based model of dissonance. Journal of Personality and Social Psychology, 94(1), 1-15.",10.1037/0022-3514.94.1.1,"Gable, P. A., & Mechin, N. (2023, September 28). Replication of E Harmon-Jones, C Harmon-Jones, M Fearn, JD Sigelman, P Johnson (2008, JPSP 94(1), Exp. 2). Retrieved from osf.io/su6bm",10.1126/science.aac4716,https://osf.io/su6bm,https://drive.google.com/file/d/1UMAh9VGta6ExS2-Lb6GkDF4fmnI2EMeM/view?usp=drivesdk,1,"Empirically analyzing empirical evidence
                    One of the central goals in any scientific endeavor is to understand causality. Experiments that seek to demonstrate a cause/effect relation most often manipulate the postulated causal factor. Aarts
                    et al.
                    describe the replication of 100 experiments reported in papers published in 2008 in three high-ranking psychology journals. Assessing whether the replication and the original experiment yielded the same result according to several criteria, they find that about one-third to one-half of the original findings were also observed in the replication study.
                  Science
                    , this issue
                    10.1126/science.aac4716
                  ",91,,,abstract,TRUE
osc201556,"van Dijk, E., van Kleef, G.A., Steinel, W., & van Beest, I. (2008). A social functional approach to emotions in bargaining: When communicating anger pays and when it backfires. Journal of Personality and Social Psychology, 94(4), 600-614.",10.1037/0022-3514.94.4.600,"Voracek, M., & Slowik, A. (2023, September 28). Replication of E van Dijk, GA van Kleef, W Steinel, I van Beest (2008, JPSP 94(4), Exp. 3). Retrieved from osf.io/xtsq6",10.1126/science.aac4716,.,https://drive.google.com/file/d/1UMAh9VGta6ExS2-Lb6GkDF4fmnI2EMeM/view?usp=drivesdk,1,"Empirically analyzing empirical evidence
                    One of the central goals in any scientific endeavor is to understand causality. Experiments that seek to demonstrate a cause/effect relation most often manipulate the postulated causal factor. Aarts
                    et al.
                    describe the replication of 100 experiments reported in papers published in 2008 in three high-ranking psychology journals. Assessing whether the replication and the original experiment yielded the same result according to several criteria, they find that about one-third to one-half of the original findings were also observed in the replication study.
                  Science
                    , this issue
                    10.1126/science.aac4716
                  ",91,,,abstract,TRUE
osc201558,"Lemay, E.P., & Clark, M.S. Walking on eggshells: How expressing relationship insecurities perpetuates them. Journal of Personality and Social Psychology, 95(2), 420-441.",10.1037/0022-3514.95.2.420,"Baranski, E. (2023, September 28). Replication of Lemay and Clark (2008, JPSP 95(2), Exp 5). Retrieved from osf.io/ke43j",10.1126/science.aac4716,https://osf.io/ke43j,https://drive.google.com/file/d/1UMAh9VGta6ExS2-Lb6GkDF4fmnI2EMeM/view?usp=drivesdk,1,"Empirically analyzing empirical evidence
                    One of the central goals in any scientific endeavor is to understand causality. Experiments that seek to demonstrate a cause/effect relation most often manipulate the postulated causal factor. Aarts
                    et al.
                    describe the replication of 100 experiments reported in papers published in 2008 in three high-ranking psychology journals. Assessing whether the replication and the original experiment yielded the same result according to several criteria, they find that about one-third to one-half of the original findings were also observed in the replication study.
                  Science
                    , this issue
                    10.1126/science.aac4716
                  ",91,,,abstract,TRUE
osc201559,"How the head liberates the heart: projection of communal responsiveness guides relationship promotion. Journal of Personality and Social Psychology, 95(4), 647-671.",10.1037/0022-3514.94.4.647,"Marigold, D. C., Forest, A. L., & Anderson, J. (2023, September 28). Replication of Lemay and Clark (2008, JPSP 95(4), Exp 5). Retrieved from osf.io/h84qd",10.1126/science.aac4716,https://osf.io/h84qd,https://drive.google.com/file/d/1UMAh9VGta6ExS2-Lb6GkDF4fmnI2EMeM/view?usp=drivesdk,1,"Empirically analyzing empirical evidence
                    One of the central goals in any scientific endeavor is to understand causality. Experiments that seek to demonstrate a cause/effect relation most often manipulate the postulated causal factor. Aarts
                    et al.
                    describe the replication of 100 experiments reported in papers published in 2008 in three high-ranking psychology journals. Assessing whether the replication and the original experiment yielded the same result according to several criteria, they find that about one-third to one-half of the original findings were also observed in the replication study.
                  Science
                    , this issue
                    10.1126/science.aac4716
                  ",91,,,abstract,FALSE
osc20156,"Berry, C.J., Shanks, D.R., & Henson, R.N. A single-system account of the relationship between priming, recognition, and fluency. Journal of Experimental Psychology: Learning, Memory, and Cognition, 34(1), 97-111.",10.1037/0278-7393.34.1.97,"Meixner, J. M., & Brüning, J. (2023, September 28). Replication of CJ Berry, DR Shanks, RN Henson (2008, JEPLMC 34(1), Exp 1). Retrieved from osf.io/atgp5",10.1126/science.aac4716,https://osf.io/atgp5,https://drive.google.com/file/d/1UMAh9VGta6ExS2-Lb6GkDF4fmnI2EMeM/view?usp=drivesdk,1,"Empirically analyzing empirical evidence
                    One of the central goals in any scientific endeavor is to understand causality. Experiments that seek to demonstrate a cause/effect relation most often manipulate the postulated causal factor. Aarts
                    et al.
                    describe the replication of 100 experiments reported in papers published in 2008 in three high-ranking psychology journals. Assessing whether the replication and the original experiment yielded the same result according to several criteria, they find that about one-third to one-half of the original findings were also observed in the replication study.
                  Science
                    , this issue
                    10.1126/science.aac4716
                  ",91,,,abstract,FALSE
osc201561,"Ersner-Hershfield, H. H., Mikels, J. A., Sullivan, S. J., & Carstensen, L. L. (2008). Poignancy: mixed emotional experience in the face of meaningful endings. Journal of Personality and Social Psychology, 94(1), 158-167.",10.1037/0022-3514.94.1.158,"Talhelm, T., Eggleston, C., & Lee, M. (2023, September 28). Replication of Ersner-Hershfield et al. (2008, JPSP, Study 2). Retrieved from osf.io/sq8k9",10.1126/science.aac4716,https://osf.io/sq8k9,https://drive.google.com/file/d/1UMAh9VGta6ExS2-Lb6GkDF4fmnI2EMeM/view?usp=drivesdk,1,"Empirically analyzing empirical evidence
                    One of the central goals in any scientific endeavor is to understand causality. Experiments that seek to demonstrate a cause/effect relation most often manipulate the postulated causal factor. Aarts
                    et al.
                    describe the replication of 100 experiments reported in papers published in 2008 in three high-ranking psychology journals. Assessing whether the replication and the original experiment yielded the same result according to several criteria, they find that about one-third to one-half of the original findings were also observed in the replication study.
                  Science
                    , this issue
                    10.1126/science.aac4716
                  ",91,,,abstract,FALSE
osc201563,"Correll, J. (2008). 1/f noise and effort on implicit measures of bias. Journal of Personality and Social Psychology, 94, 48-59.",10.1037/0022-3514.94.1.48,"LeBel, E. P. (2023, September 28). Replication of Correll (2008, JPSP, Study 2). Retrieved from osf.io/fejxb",10.1126/science.aac4716,https://osf.io/fejxb,https://drive.google.com/file/d/1UMAh9VGta6ExS2-Lb6GkDF4fmnI2EMeM/view?usp=drivesdk,1,"Empirically analyzing empirical evidence
                    One of the central goals in any scientific endeavor is to understand causality. Experiments that seek to demonstrate a cause/effect relation most often manipulate the postulated causal factor. Aarts
                    et al.
                    describe the replication of 100 experiments reported in papers published in 2008 in three high-ranking psychology journals. Assessing whether the replication and the original experiment yielded the same result according to several criteria, they find that about one-third to one-half of the original findings were also observed in the replication study.
                  Science
                    , this issue
                    10.1126/science.aac4716
                  ",91,,,abstract,TRUE
osc201564,"Förster, J., Liberman, N., & Kuschel, S. (2008). The effect of global versus local processing styles on assimilation versus contrast in social judgment. Journal of Personality and Social Psychology, 94, 579-599.",10.1037/0022-3514.94.4.579,"Reinhard, D. A. (2023, September 28). Replication of J Förster, N Liberman, & S Kuschel (2008, JPSP, Study 1). Retrieved from osf.io/mxryb",10.1126/science.aac4716,https://osf.io/mxryb,https://drive.google.com/file/d/1UMAh9VGta6ExS2-Lb6GkDF4fmnI2EMeM/view?usp=drivesdk,1,"Empirically analyzing empirical evidence
                    One of the central goals in any scientific endeavor is to understand causality. Experiments that seek to demonstrate a cause/effect relation most often manipulate the postulated causal factor. Aarts
                    et al.
                    describe the replication of 100 experiments reported in papers published in 2008 in three high-ranking psychology journals. Assessing whether the replication and the original experiment yielded the same result according to several criteria, they find that about one-third to one-half of the original findings were also observed in the replication study.
                  Science
                    , this issue
                    10.1126/science.aac4716
                  ",91,,,abstract,TRUE
osc201565,"JJ Exline, RF Baumeister, AL Zell, AJ Kraft, CV Witvliet (2008). Not so innocent: does seeing one's own capacity for wrongdoing predict forgiveness? Journal of Personality and Social Psychology: 94.3: 495-515.",10.1037/0022-3514.94.3.495,"Lin, S. C., & Frank, M. C. (2023, September 28). Replication of Exline et al. (2008, JPSP, Study 7). Retrieved from osf.io/imrx2",10.1126/science.aac4716,https://osf.io/imrx2,https://drive.google.com/file/d/1UMAh9VGta6ExS2-Lb6GkDF4fmnI2EMeM/view?usp=drivesdk,1,"Empirically analyzing empirical evidence
                    One of the central goals in any scientific endeavor is to understand causality. Experiments that seek to demonstrate a cause/effect relation most often manipulate the postulated causal factor. Aarts
                    et al.
                    describe the replication of 100 experiments reported in papers published in 2008 in three high-ranking psychology journals. Assessing whether the replication and the original experiment yielded the same result according to several criteria, they find that about one-third to one-half of the original findings were also observed in the replication study.
                  Science
                    , this issue
                    10.1126/science.aac4716
                  ",91,,,abstract,TRUE
osc201568,"JL Risen, T Gilovich (2008). Why people are reluctant to tempt fate. Journal of Personality and Social Psychology, 95.2: 293-307.",10.1037/0022-3514.95.2.293,"Frank, M. C., & Mathur, M. B. (2023, September 28). Replication of Risen & Gilovich (2008, JPSP). Retrieved from osf.io/sg3su",10.1126/science.aac4716,https://osf.io/sg3su,https://drive.google.com/file/d/1UMAh9VGta6ExS2-Lb6GkDF4fmnI2EMeM/view?usp=drivesdk,1,"Empirically analyzing empirical evidence
                    One of the central goals in any scientific endeavor is to understand causality. Experiments that seek to demonstrate a cause/effect relation most often manipulate the postulated causal factor. Aarts
                    et al.
                    describe the replication of 100 experiments reported in papers published in 2008 in three high-ranking psychology journals. Assessing whether the replication and the original experiment yielded the same result according to several criteria, they find that about one-third to one-half of the original findings were also observed in the replication study.
                  Science
                    , this issue
                    10.1126/science.aac4716
                  ",91,,,abstract,TRUE
osc201569,"Tracy, J.L., & Robins, R.W. (2008). The nonverbal expression of pride: Evidence for cross-cultural recognition. Journal of Personality and Social Psychology, 94(3), 516-530.",10.1037/0022-3514.94.3.516,"Sullivan, G. B. (2023, September 28). Replication of Tracy and Robins (2008, JPSP, Exp 4). Retrieved from osf.io/qthf2",10.1126/science.aac4716,https://osf.io/qthf2,https://drive.google.com/file/d/1UMAh9VGta6ExS2-Lb6GkDF4fmnI2EMeM/view?usp=drivesdk,NA,"Empirically analyzing empirical evidence
                    One of the central goals in any scientific endeavor is to understand causality. Experiments that seek to demonstrate a cause/effect relation most often manipulate the postulated causal factor. Aarts
                    et al.
                    describe the replication of 100 experiments reported in papers published in 2008 in three high-ranking psychology journals. Assessing whether the replication and the original experiment yielded the same result according to several criteria, they find that about one-third to one-half of the original findings were also observed in the replication study.
                  Science
                    , this issue
                    10.1126/science.aac4716
                  ",91,,,abstract,TRUE
osc20157,"Beaman, C.P., Neath, I., & Suprenant, A.M. (2008). Modeling Distributions of Immediate Memory Effects: No Strategies Needed? Journal of Experimental Psychology: LMC, 34 (1), 219 - 239.",10.1037/0278-7393.34.1.219,"Kleinberg, B., & Kunkels, Y. K. (2023, September 28). Replication of Beaman, Neath, & Suprenant (2008, JEP:LMC, Experiment 2). Retrieved from osf.io/6n3bm",10.1126/science.aac4716,https://osf.io/6n3bm,https://drive.google.com/file/d/1UMAh9VGta6ExS2-Lb6GkDF4fmnI2EMeM/view?usp=drivesdk,1,"Empirically analyzing empirical evidence
                    One of the central goals in any scientific endeavor is to understand causality. Experiments that seek to demonstrate a cause/effect relation most often manipulate the postulated causal factor. Aarts
                    et al.
                    describe the replication of 100 experiments reported in papers published in 2008 in three high-ranking psychology journals. Assessing whether the replication and the original experiment yielded the same result according to several criteria, they find that about one-third to one-half of the original findings were also observed in the replication study.
                  Science
                    , this issue
                    10.1126/science.aac4716
                  ",91,,,abstract,TRUE
osc201571,"KE Stanovich, RF West (2008). On the relative independence of thinking biases and cognitive ability. Journal of Personality and Social Psychology, 94(4):672-95.",10.1037/0022-3514.94.4.672,"Baranski, E. (2023, September 28). Replication of Stanovich and West (2008, JPSP 94(4), Exp. 8). Retrieved from osf.io/7ux8p",10.1126/science.aac4716,https://osf.io/7ux8p,https://drive.google.com/file/d/1UMAh9VGta6ExS2-Lb6GkDF4fmnI2EMeM/view?usp=drivesdk,1,"Empirically analyzing empirical evidence
                    One of the central goals in any scientific endeavor is to understand causality. Experiments that seek to demonstrate a cause/effect relation most often manipulate the postulated causal factor. Aarts
                    et al.
                    describe the replication of 100 experiments reported in papers published in 2008 in three high-ranking psychology journals. Assessing whether the replication and the original experiment yielded the same result according to several criteria, they find that about one-third to one-half of the original findings were also observed in the replication study.
                  Science
                    , this issue
                    10.1126/science.aac4716
                  ",91,,,abstract,FALSE
osc201572,"Blankenship, K. L., & Wegener, D. T. (2008). Opening the mind to close it: Considering a message in light of important values increases message processing and later resistance to change. Journal of Personality and Social Psychology, 94, 196-213.",10.1037/0022-3514.94.2.94.2.196,"Lemm, K. M. (2023, September 28). Replication of Blankenship & Wegener (2008, JPSP, Study 5A). Retrieved from osf.io/2gx4k",10.1126/science.aac4716,https://osf.io/2gx4k,https://drive.google.com/file/d/1UMAh9VGta6ExS2-Lb6GkDF4fmnI2EMeM/view?usp=drivesdk,1,"Empirically analyzing empirical evidence
                    One of the central goals in any scientific endeavor is to understand causality. Experiments that seek to demonstrate a cause/effect relation most often manipulate the postulated causal factor. Aarts
                    et al.
                    describe the replication of 100 experiments reported in papers published in 2008 in three high-ranking psychology journals. Assessing whether the replication and the original experiment yielded the same result according to several criteria, they find that about one-third to one-half of the original findings were also observed in the replication study.
                  Science
                    , this issue
                    10.1126/science.aac4716
                  ",91,,,abstract,TRUE
osc201573,"Morrison, Kimberly Rios, and Dale T. Miller. ""Distinguishing between silent and vocal minorities: Not all deviants feel marginal."" Journal of Personality and Social Psychology 94.5 (2008): 871",10.1037/0022-3514.94.5.871,"Motyl, M., & Nosek, B. A. (2023, September 28). Replication of Morrison & Miller (2008, JPSP, Study 3). Retrieved from osf.io/nhwv5",10.1126/science.aac4716,https://osf.io/nhwv5,https://drive.google.com/file/d/1UMAh9VGta6ExS2-Lb6GkDF4fmnI2EMeM/view?usp=drivesdk,1,"Empirically analyzing empirical evidence
                    One of the central goals in any scientific endeavor is to understand causality. Experiments that seek to demonstrate a cause/effect relation most often manipulate the postulated causal factor. Aarts
                    et al.
                    describe the replication of 100 experiments reported in papers published in 2008 in three high-ranking psychology journals. Assessing whether the replication and the original experiment yielded the same result according to several criteria, they find that about one-third to one-half of the original findings were also observed in the replication study.
                  Science
                    , this issue
                    10.1126/science.aac4716
                  ",91,,,abstract,TRUE
osc201577,"Koo, M., & Fishbach, A. (2008). Dynamics of self-regulation: How (un)accomplished goal actions affect motivation. Journal of Personality and Social Psychology, 94(2), 183-195.",10.1037/0022-3514.94.2.183,"Kidwell, M., & Dodson, G. T. (2016, August 19). Replication of M Koo, A Fishbach (2008, JPSP 94(2), Exp. 4). Retrieved from osf.io/nr7d9",10.1126/science.aac4716,https://osf.io/nr7d9,https://drive.google.com/file/d/1fXdEI1kl0lQt_4qWiP91lWgenOEsMrKg/view?usp=drivesdk,NA,"Empirically analyzing empirical evidence
                    One of the central goals in any scientific endeavor is to understand causality. Experiments that seek to demonstrate a cause/effect relation most often manipulate the postulated causal factor. Aarts
                    et al.
                    describe the replication of 100 experiments reported in papers published in 2008 in three high-ranking psychology journals. Assessing whether the replication and the original experiment yielded the same result according to several criteria, they find that about one-third to one-half of the original findings were also observed in the replication study.
                  Science
                    , this issue
                    10.1126/science.aac4716
                  ",91,,,abstract,TRUE
osc20158,"Dodson, C.S., Darragh, J., & Williams, A. (2008). Stereotypes and retrieval-provoked illusory source recollections. Journal of Experimental Psychology: Learning, Memory, and Cognition, 34(3), 460-477.",10.1037/0278-7393.34.3.460,"Calhoun-Sauls, A. (2023, September 28). Replication of CS Dodson, J Darragh, A Williams (2008, JEPLMC 34(3), Exp. 3). Retrieved from osf.io/c5pbg",10.1126/science.aac4716,https://osf.io/c5pbg,https://drive.google.com/file/d/1UMAh9VGta6ExS2-Lb6GkDF4fmnI2EMeM/view?usp=drivesdk,1,"Empirically analyzing empirical evidence
                    One of the central goals in any scientific endeavor is to understand causality. Experiments that seek to demonstrate a cause/effect relation most often manipulate the postulated causal factor. Aarts
                    et al.
                    describe the replication of 100 experiments reported in papers published in 2008 in three high-ranking psychology journals. Assessing whether the replication and the original experiment yielded the same result according to several criteria, they find that about one-third to one-half of the original findings were also observed in the replication study.
                  Science
                    , this issue
                    10.1126/science.aac4716
                  ",91,,,abstract,TRUE
osc201580,"MD Henderson, Y de Liver, PM Gollwitzer (2008). The effects of an implemental mind-set on attitude strength. Journal of Personality and Social Psychology, 94.3: 396-411.",10.1037/0022-3514.94.3.396,"Lane, K. A., & Gazarian, D. (2016, August 19). Replication of Henderson, de Liver, & Gollwitzer (2008, JPSP, Expt. 5). Retrieved from osf.io/79dey",10.1126/science.aac4716,https://osf.io/79dey,https://drive.google.com/file/d/1UMAh9VGta6ExS2-Lb6GkDF4fmnI2EMeM/view?usp=drivesdk,NA,"Empirically analyzing empirical evidence
                    One of the central goals in any scientific endeavor is to understand causality. Experiments that seek to demonstrate a cause/effect relation most often manipulate the postulated causal factor. Aarts
                    et al.
                    describe the replication of 100 experiments reported in papers published in 2008 in three high-ranking psychology journals. Assessing whether the replication and the original experiment yielded the same result according to several criteria, they find that about one-third to one-half of the original findings were also observed in the replication study.
                  Science
                    , this issue
                    10.1126/science.aac4716
                  ",91,,,abstract,FALSE
osc201581,"Shnabel, Nurit, and Arie Nadler. ""A needs-based model of reconciliation: satisfying the differential emotional needs of victim and perpetrator as a key to promoting reconciliation."" Journal of personality and social psychology 94.1 (2008): 116.",10.1037/0022-3514.94.1.116,"Gilbert, E. A. (2023, September 28). Replication of Shnabel & Nadler (2008, JPSP, Study 4). Retrieved from osf.io/xse7q",10.1126/science.aac4716,https://osf.io/xse7q,https://drive.google.com/file/d/1UMAh9VGta6ExS2-Lb6GkDF4fmnI2EMeM/view?usp=drivesdk,1,"Empirically analyzing empirical evidence
                    One of the central goals in any scientific endeavor is to understand causality. Experiments that seek to demonstrate a cause/effect relation most often manipulate the postulated causal factor. Aarts
                    et al.
                    describe the replication of 100 experiments reported in papers published in 2008 in three high-ranking psychology journals. Assessing whether the replication and the original experiment yielded the same result according to several criteria, they find that about one-third to one-half of the original findings were also observed in the replication study.
                  Science
                    , this issue
                    10.1126/science.aac4716
                  ",91,,,abstract,TRUE
osc201582,"Rule, N., & Ambady, N. (2008). The face of success: Inferences from chief executive officers' appearance predict company profits. Psychological Science 19(2), 109-111.",10.1111/j.1467-9280.2008.02054.x,"Talhelm, T., Eggleston, C., & Lee, M. (2023, September 28). Replication of Rule & Ambady (2008, PS, Study 1). Retrieved from osf.io/r5gpv",10.1126/science.aac4716,https://osf.io/r5gpv,https://drive.google.com/file/d/1UMAh9VGta6ExS2-Lb6GkDF4fmnI2EMeM/view?usp=drivesdk,NA,"Empirically analyzing empirical evidence
                    One of the central goals in any scientific endeavor is to understand causality. Experiments that seek to demonstrate a cause/effect relation most often manipulate the postulated causal factor. Aarts
                    et al.
                    describe the replication of 100 experiments reported in papers published in 2008 in three high-ranking psychology journals. Assessing whether the replication and the original experiment yielded the same result according to several criteria, they find that about one-third to one-half of the original findings were also observed in the replication study.
                  Science
                    , this issue
                    10.1126/science.aac4716
                  ",91,,,abstract,FALSE
osc201584,"P Fischer, S Schulz-Hardt, D Frey (2008). Selective exposure and information quantity: how different information quantities moderate decision makers' preference for consistent and inconsistent information. Journal of Personality and Social Psychology, 94.2: 231-244.",10.1037/0022-3514.94.2.94.2.231,"Ratliff, K. A. (2023, September 28). Replication of Fischer et al. (2008, JPSP, Study 4). Retrieved from osf.io/v8vft",10.1126/science.aac4716,https://osf.io/v8vft,https://drive.google.com/file/d/1UMAh9VGta6ExS2-Lb6GkDF4fmnI2EMeM/view?usp=drivesdk,1,"Empirically analyzing empirical evidence
                    One of the central goals in any scientific endeavor is to understand causality. Experiments that seek to demonstrate a cause/effect relation most often manipulate the postulated causal factor. Aarts
                    et al.
                    describe the replication of 100 experiments reported in papers published in 2008 in three high-ranking psychology journals. Assessing whether the replication and the original experiment yielded the same result according to several criteria, they find that about one-third to one-half of the original findings were also observed in the replication study.
                  Science
                    , this issue
                    10.1126/science.aac4716
                  ",91,,,abstract,TRUE
osc201586,"Fischer, P., Greitemeyer, T., & Frey, D. (2008). Self-regulation and selective exposure: The impact of depleted self-regulation resources on confirmatory information processing. Journal of Personality and Social Psychology, 94(3), 382-395.",10.1037/0022-3514.94.3.382,"Galliani, E. M. (2023, September 28). Replication of Fischer, Greitemeyer, & Frey (2008, JPSP, Study 2). Retrieved from osf.io/j8bpa",10.1126/science.aac4716,https://osf.io/j8bpa,https://drive.google.com/file/d/1UMAh9VGta6ExS2-Lb6GkDF4fmnI2EMeM/view?usp=drivesdk,1,"Empirically analyzing empirical evidence
                    One of the central goals in any scientific endeavor is to understand causality. Experiments that seek to demonstrate a cause/effect relation most often manipulate the postulated causal factor. Aarts
                    et al.
                    describe the replication of 100 experiments reported in papers published in 2008 in three high-ranking psychology journals. Assessing whether the replication and the original experiment yielded the same result according to several criteria, they find that about one-third to one-half of the original findings were also observed in the replication study.
                  Science
                    , this issue
                    10.1126/science.aac4716
                  ",91,,,abstract,TRUE
osc201587,"P.A. Goff, C.M. Steele, & P.G. Davies, 2008. The space between us: Stereotype threat and distance in interracial contexts. Journal of Personality and Social Psychology, 94, 91-107.",10.1037/0022-3514.94.1.91,"Kelso, K., Gampa, A., Wright, E. C., Spencer, N. B., & Welsh, A. (2023, September 28). Replication of Goff, Steele, and Davies (JPSP, 2008, Study 4). Retrieved from osf.io/abxcj",10.1126/science.aac4716,https://osf.io/abxcj,https://drive.google.com/file/d/1UMAh9VGta6ExS2-Lb6GkDF4fmnI2EMeM/view?usp=drivesdk,1,"Empirically analyzing empirical evidence
                    One of the central goals in any scientific endeavor is to understand causality. Experiments that seek to demonstrate a cause/effect relation most often manipulate the postulated causal factor. Aarts
                    et al.
                    describe the replication of 100 experiments reported in papers published in 2008 in three high-ranking psychology journals. Assessing whether the replication and the original experiment yielded the same result according to several criteria, they find that about one-third to one-half of the original findings were also observed in the replication study.
                  Science
                    , this issue
                    10.1126/science.aac4716
                  ",91,,,abstract,TRUE
osc201589,"Eastwick, P. W., & Finkel, E. J. (2008). Sex differences in mate preferences revisited: Do people know what they initially desire in a romantic partner?. Journal Of Personality And Social Psychology, 94(2), 245-264.",10.1037/0022-3514.94.2.245,"Selterman, D. F., Chagnon, E., & Mackinnon, S. P. (2023, September 28). Replication of Eastwick & Finkel (2008, JPSP). Retrieved from osf.io/ng6cc",10.1126/science.aac4716,https://osf.io/ng6cc,https://drive.google.com/file/d/1UMAh9VGta6ExS2-Lb6GkDF4fmnI2EMeM/view?usp=drivesdk,1,"Empirically analyzing empirical evidence
                    One of the central goals in any scientific endeavor is to understand causality. Experiments that seek to demonstrate a cause/effect relation most often manipulate the postulated causal factor. Aarts
                    et al.
                    describe the replication of 100 experiments reported in papers published in 2008 in three high-ranking psychology journals. Assessing whether the replication and the original experiment yielded the same result according to several criteria, they find that about one-third to one-half of the original findings were also observed in the replication study.
                  Science
                    , this issue
                    10.1126/science.aac4716
                  ",91,,,abstract,FALSE
osc201593,"Murray, S.L., Derrick, J.L., Leder, S., & Holmes, J.G. (2008). Balancing connectedness and self-protection goals in close relationships: A levels-of-processing perspective on risk regulation. Journal of Personality and Social Psychology, 94(3), 429-459.",10.1037/0022-3514.94.3.429,"Sinclair, H. C., Goldberg, R. M., Wu, S., & Smith, M. M. (2016, August 19). Replication of SL Murray, JL Derrick, S Leder, JG Holmes (2008, JPSP 94(3), Exp. 8). Retrieved from osf.io/cxmf6",10.1126/science.aac4716,https://osf.io/cxmf6,https://drive.google.com/file/d/1UMAh9VGta6ExS2-Lb6GkDF4fmnI2EMeM/view?usp=drivesdk,NA,"Empirically analyzing empirical evidence
                    One of the central goals in any scientific endeavor is to understand causality. Experiments that seek to demonstrate a cause/effect relation most often manipulate the postulated causal factor. Aarts
                    et al.
                    describe the replication of 100 experiments reported in papers published in 2008 in three high-ranking psychology journals. Assessing whether the replication and the original experiment yielded the same result according to several criteria, they find that about one-third to one-half of the original findings were also observed in the replication study.
                  Science
                    , this issue
                    10.1126/science.aac4716
                  ",91,,,abstract,TRUE
osc201594,"McCrea, SM. (2008). Self-handicapping, excuse making, and counterfactual thinking: Consequences for self-esteem and future motivation. Journal of Personality and Social Psychology, 95(2), 274-292",10.1037/0022-3514.95.2.274,"Chartier, C. R., & Perna, O. K. (2023, September 28). Replication of SM McCrea (2008, JPSP 95(2), Exp. 5). Retrieved from osf.io/mua6d",10.1126/science.aac4716,https://osf.io/mua6d,https://drive.google.com/file/d/1UMAh9VGta6ExS2-Lb6GkDF4fmnI2EMeM/view?usp=drivesdk,NA,"Empirically analyzing empirical evidence
                    One of the central goals in any scientific endeavor is to understand causality. Experiments that seek to demonstrate a cause/effect relation most often manipulate the postulated causal factor. Aarts
                    et al.
                    describe the replication of 100 experiments reported in papers published in 2008 in three high-ranking psychology journals. Assessing whether the replication and the original experiment yielded the same result according to several criteria, they find that about one-third to one-half of the original findings were also observed in the replication study.
                  Science
                    , this issue
                    10.1126/science.aac4716
                  ",91,,,abstract,TRUE
osc201597,"Purdie-Vaughns, V., Steele, C.M., Davies, P.G., Ditlmann, R., & Crosby, J.R. (2008). Social identity contingencies: How diversity cues signal threat or safety for african americans in mainstream institutions. Journal of Personality and Social Psychology, 94(4), 615-630.",10.1037/0022-3514.94.4.615,"Schmidt, K. (2023, September 28). Secondary Replication of V Purdie-Vaughns, CM Steele, PG Davies, R Ditlmann, JR Crosby (2008, JPSP 94(4), Exp. 3).",10.17605/OSF.IO/ETG7C,https://osf.io/3rxvs,https://drive.google.com/file/d/1LNTqrRGiajQW8AmTfTYGS-EuhKSBbzXe/view?usp=drivesdk,1,NA,1,,,abstract,TRUE
q6tv8,"Epley, N., & Gilovich, T. (2006). The anchoring-and-adjustment heuristic: Why the adjustments are insufficient. Psychological science, 17(4), 311-318.",10.1111/j.1467-9280.2006.01704.x,"Röseler, L., Bögler, H. L., Koßmann, L., Krueger, S., Bickenbach, S., Bühler, R., … Ponader, S. (2023, July 11). Results Report: Replication of Epley and Gilovich (2006, Study 2c).",10.31234/osf.io/bgp3m,https://doi.org/10.31234/osf.io/bgp3m,https://drive.google.com/file/d/1hVwbIyW3epWRQsMMft62XMBr_6n68gLn/view?usp=drivesdk,2,NA,1,,,abstract,TRUE
rtn9s,"Jostmann, N. B., Lakens, D., & Schubert, T. W. (2009). Weight as an embodiment of importance. Psychological science, 20(9), 1169-1174.",10.1111/j.1467-9280.2009.02426.x,"Djordjević, S., & IJzerman, H. (2015). Weight as an Embodiment of Importance: Replications and Extensions.",10.2139/ssrn.2586261,NA,https://drive.google.com/file/d/1H4h52o-2l4VeH6zifkEQWasrzj-Pi8k3/view?usp=drivesdk,3,NA,1,,,abstract,TRUE
soscisubmission1_2,"Redden, J. P., & Hoch, S. J. (2009). The presence of variety reduces perceived quantity. Journal of Consumer Research, 36(3), 406-417., Study 3",10.1086/598971,"Röseler, L., Felser, G., Asberger, J., & Schütz, A. (2020, October 23). No effect of variety on perceived quantity: Evidence from six studies. (Study 3)",10.31234/osf.io/v643q,NA,https://drive.google.com/file/d/1FM8L4aEO4RUDs49kJAJIdOCQaOMgYN0P/view?usp=drivesdk,3,NA,3,,,abstract,TRUE
soscisubmission10,"Lichtenfeld, S. ,Maier, M. A., Elliot, A. J., & Pekrun, R. (2009 ).The semantic red effect: Processing the word red undermines intellectual performance . Journal of Experimental Social Psychology , 45 ,1273 –1276 . Experiment 2",10.1016/j.jesp.2009.06.003,"Gnambs, T., Kovacs, C., & Stiglbauer, B. (2020). Processing the word red and Intellectual Performance: Four replication attempts. Collabra, 6(1). (Experiment 2)",10.1525/collabra.277,NA,https://drive.google.com/file/d/1gqkCLQ8YLn27JACJIv51ycR1U6cUfNAJ/view?usp=drivesdk,2,"Colors convey meaning and can impair intellectual performance in achievement situations. Even the processing of color words can exert similar detrimental effects. In four experiments, we tried to replicate previous findings regarding the processing of the word “red” (as compared to a control color) on cognitive test scores. Experiments 1 and 2 (Ns = 69 and 104) are direct replications of Lichtenfeld, Maier, Elliot, and Pekrun (2009). Both experiments failed to uncover a red color effect on verbal reasoning scores among high school students and undergraduates (Cohen’s d = 0.04 and –0.23). Experiments 3 and 4 (N = 103 and 1,149) failed to identify an effect of processing red on general knowledge test scores (Cohen’sd = 0.19) and 0.01) among undergraduates and adults. Together, these results do not corroborate the assumption that processing the word red impairs intellectual performance.",2,,,abstract,TRUE
soscisubmission13,"Cialdini, R. B., Vincent, J. E., Lewis, S. K., Catalan, J., Wheeler, D., & Darby, B. L. (1975). Reciprocal concessions procedure for inducing compliance: The door-in-the-face technique. Journal of Personality and Social Psychology, 31(2), 206–215.",10.1037/h0076284,"Genschow, O., Westfal, M., Crusius, J., Bartosch, L., Feikes, K. I., Pallasch, N., & Wozniak, M. (2021). Does social psychology persist over half a century? A direct replication of Cialdini et al.’s (1975) classic door-in-the-face technique. Journal of Personality and Social Psychology, 120(2), e1–e7.",10.1037/pspa0000261,NA,https://drive.google.com/file/d/1yu5hD1Fq1gaQ5iAk9Sy1oujO3qnlBxsm/view?usp=drivesdk,1,NA,1,,,abstract,TRUE
soscisubmission14a,"Duke, A. A., & Bègue, L. (2015). The drunk utilitarian: Blood alcohol concentration predicts utilitarian responses in moral dilemmas. Cognition, 134, 121–127.",10.1016/j.cognition.2014.09.006,"Duke, A. A., & Bègue, L. (2015). The drunk utilitarian: Blood alcohol concentration predicts utilitarian responses in moral dilemmas. Cognition, 134, 121–127.",10.1016/j.cognition.2014.09.006,NA,https://drive.google.com/file/d/1kMj9bYJrk8644y4gPjpgYXSikwfmuYTS/view?usp=drivesdk,2,NA,1,,,abstract,FALSE
soscisubmission14b,"Duke, A. A., & Bègue, L. (2015). The drunk utilitarian: Blood alcohol concentration predicts utilitarian responses in moral dilemmas. Cognition, 134, 121–127.",10.1016/j.cognition.2014.09.006,"Francis, K. B., Gummerum, M., Ganis, G., Howard, I. S., & Terbeck, S. (2019). Alcohol, empathy, and morality: Acute effects of alcohol consumption on affective empathy and moral decision-making. Psychopharmacology, 236, 3477–3496.",10.1007/s00213-019-05314-z,NA,https://drive.google.com/file/d/1gdDOOMTIigM-6Ed3enxRZxDW_ycizIYq/view?usp=drivesdk,1,NA,1,,,abstract,TRUE
soscisubmission14c,"Duke, A. A., & Bègue, L. (2015). The drunk utilitarian: Blood alcohol concentration predicts utilitarian responses in moral dilemmas. Cognition, 134, 121–127.",10.1016/j.cognition.2014.09.006,"Paruzel-Czachura, M., Pypno, K., Everett, J.A., Białek, M.J., & Gawronski, B. (2023). The Drunk Utilitarian Revisited: Does Alcohol Really Increase Utilitarianism in Moral Judgment? Personality and Social Psychology Bulletin, 49, 20–31.",10.1177/01461672211052120,NA,https://drive.google.com/file/d/1qykbPSroz40PGKkag9WEI54L9tC55d5r/view?usp=drivesdk,1,"The “drunk utilitarian” phenomenon suggests that people are more likely to accept harm for the greater good when they are under the influence of alcohol. This phenomenon conflicts with the ideas that (a) acceptance of pro-sacrificial harm requires inhibitory control of automatic emotional responses to the idea of causing harm and (b) alcohol impairs inhibitory control. This preregistered experiment aimed to provide deeper insights into the effects of alcohol on moral judgments by using a formal modeling approach to disentangle three factors in moral dilemma judgments and by distinguishing between instrumental harm and impartial beneficence as two distinct dimensions of utilitarian psychology. Despite the use of a substantially larger sample and higher doses of alcohol compared with the ones in prior studies, alcohol had no significant effect on moral judgments. The results pose a challenge to the idea that alcohol increases utilitarianism in moral judgments.",1,,,abstract,TRUE
soscisubmission15,"Marcora, S. M., Staiano, W., & Manning, V. (2009). Mental fatigue impairs physical performance in humans. Journal of applied physiology.",10.1152/japplphysiol.91324.2008,"Holgado, D., Troya, E., Perales, J. C., Vadillo, M. A., & Sanabria, D. (2019). Does mental fatigue impair physical performance? A replication study. European Journal of Sport Science, 2020.",10.31236/osf.io/tzn6d,NA,https://drive.google.com/file/d/1M6Ltzqhoq6i38u_uKwWyzNhrrtQbazWq/view?usp=drivesdk,1,NA,1,,,abstract,TRUE
soscisubmission15,"Marcora, S. M., Staiano, W., & Manning, V. (2009). Mental fatigue impairs physical performance in humans. Journal of applied physiology.",10.1152/japplphysiol.91324.2008,"Holgado, D., Troya, E., Perales, J. C., Vadillo, M. A., & Sanabria, D. (2019). Does mental fatigue impair physical performance? A replication study. European Journal of Sport Science, 2020.",10.31236/osf.io/tzn6d,NA,https://drive.google.com/file/d/1M6Ltzqhoq6i38u_uKwWyzNhrrtQbazWq/view?usp=drivesdk,NA,NA,1,,,abstract,TRUE
soscisubmission18,"Granow, V. C., Reinecke, L., & Ziegele, M. (2018). Binge-Watching and Psychological Well-Being: Media Use Between Lack of Control and Perceived Autonomy. Communication Research Reports, 35(5), 392–401.",10.1080/08824096.2018.1525347,"Erdmann, E., & Dienlin, T. (2022). Binge-watching, self-determination, and well-being: A partially successful direct replication and extension of Granow et al. (2018). Journal of Media Psychology, 1864-1105/a000334.",10.1027/1864-1105/a000334,NA,https://drive.google.com/file/d/15PNrZmOOUmljg2u3ulDQT64Zk426YNiM/view?usp=drivesdk,1,"Abstract. Binge-watching is a highly relevant new media phenomenon. An increasing number of people watch multiple episodes of their favorite series online, a process often spanning several hours. Granow et al. (2018) showed that binge-watching is accompanied by both positive as well as negative psychological experiences. Because it is one of the most important studies on the topic, we conducted a direct replication of Granow et al. (2018) . We also extended the original study by including additional variables derived from self-determination theory. We conducted an online questionnaire with 668 respondents. Results showed that we could not reproduce the exact model that was reported. We also needed to adapt several of the originally tested measures to achieve satisfactory model fit. After introducing these changes, results showed that we replicated 67% of all effects in terms of significance (i.e., originally significant effects were also significant in the replication, and vice versa). When looking at effect size (i.e., originally reported effects fell into the replication’s 95% confidence interval), we replicated 42%. Our study represents a partial replication of Granow et al. (2018) . In our extension, we found two further positive links between binge-watching and well-being: Binge-watching was associated not only with greater autonomy, but also with increased feelings of competence and relatedness. Competence and relatedness were related to increased well-being, which included vitality, recovery experience, and media enjoyment. In line with Granow et al. (2018) , we found that binge-watching is related to self-determined media use and improved psychological well-being.",1,,,abstract,TRUE
soscisubmission2_2,"Redden, J. P., & Hoch, S. J. (2009). The presence of variety reduces perceived quantity. Journal of Consumer Research, 36(3), 406-417., Study 1",10.1086/598971,"Röseler, L., Felser, G., Asberger, J., & Schütz, A. (2020, October 23). No effect of variety on perceived quantity: Evidence from six studies. (Study 4)",10.31234/osf.io/v643q,NA,https://drive.google.com/file/d/1FM8L4aEO4RUDs49kJAJIdOCQaOMgYN0P/view?usp=drivesdk,4,NA,3,,,abstract,TRUE
soscisubmission3_1,"Redden, J. P., & Hoch, S. J. (2009). The presence of variety reduces perceived quantity. Journal of Consumer Research, 36(3), 406-417., Study 1",10.1086/598971,"Röseler, L., Felser, G., Asberger, J., & Schütz, A. (2020, October 23). No effect of variety on perceived quantity: Evidence from six studies. (Study 5)",10.31234/osf.io/v643q,NA,https://drive.google.com/file/d/1FM8L4aEO4RUDs49kJAJIdOCQaOMgYN0P/view?usp=drivesdk,5,NA,3,,,abstract,TRUE
soscisubmission34,"Schaffner, B. F., & Luks, S. (2018). Misinformation or expressive responding? What an inauguration crowd can tell us about the source of political misinformation in surveys. Public Opinion Quarterly, 82(1), 135–147.",10.1093/poq/nfx042,"Ross, R. M., & Levy, N. (2023). Expressive responding in support of Donald Trump: An Extended Replication of Schaffner and Luks (2018). Collabra, 9(1).",10.1525/collabra.68054,NA,https://drive.google.com/file/d/1rBJAGWTtBimqdJkF-7AeLyVrGIG8EBnW/view?usp=drivesdk,1,"There is considerable debate about whether survey respondents regularly engage in “expressive responding” – professing to believe something that they do not sincerely believe to show support for their in-group or hostility to an out-group. Nonetheless, there is widespread agreement that one study provides compelling evidence for a consequential level of expressive responding in a particular context. In the immediate aftermath of Donald Trump’s 2017 presidential inauguration rally there was considerable controversy about whether this inauguration crowd was the largest ever. At this time, a study was conducted which found that Donald Trump voters were more likely than Hillary Clinton voters or non-voters to indicate that an unlabeled photo of Donald Trump’s 2017 presidential inauguration rally showed more people than an unlabeled photo of Barack Obama’s 2009 presidential inauguration rally, despite the latter photo clearly showing more people. However, this study was not pre-registered, suggesting that a replication is needed to establish the robustness of this important result. In the present study, we conducted an extended replication over two years after Donald Trump’s presidential inauguration rally. We found that despite this delay the original result replicated, albeit with a smaller magnitude. In addition, we extended the earlier study by testing several hypotheses about the characteristics of Republicans who selected the incorrect photo.",2,,,abstract,TRUE
soscisubmission34_2_1,"Schaffner, B. F., & Luks, S. (2018). Misinformation or expressive responding? What an inauguration crowd can tell us about the source of political misinformation in surveys. Public Opinion Quarterly, 82(1), 135–147.",10.1093/poq/nfx042,"Ross, R. M., & Levy, N. (2023). Expressive responding in support of Donald Trump: An Extended Replication of Schaffner and Luks (2018). Collabra, 9(1).",10.1525/collabra.68054,NA,https://drive.google.com/file/d/1rBJAGWTtBimqdJkF-7AeLyVrGIG8EBnW/view?usp=drivesdk,NA,"There is considerable debate about whether survey respondents regularly engage in “expressive responding” – professing to believe something that they do not sincerely believe to show support for their in-group or hostility to an out-group. Nonetheless, there is widespread agreement that one study provides compelling evidence for a consequential level of expressive responding in a particular context. In the immediate aftermath of Donald Trump’s 2017 presidential inauguration rally there was considerable controversy about whether this inauguration crowd was the largest ever. At this time, a study was conducted which found that Donald Trump voters were more likely than Hillary Clinton voters or non-voters to indicate that an unlabeled photo of Donald Trump’s 2017 presidential inauguration rally showed more people than an unlabeled photo of Barack Obama’s 2009 presidential inauguration rally, despite the latter photo clearly showing more people. However, this study was not pre-registered, suggesting that a replication is needed to establish the robustness of this important result. In the present study, we conducted an extended replication over two years after Donald Trump’s presidential inauguration rally. We found that despite this delay the original result replicated, albeit with a smaller magnitude. In addition, we extended the earlier study by testing several hypotheses about the characteristics of Republicans who selected the incorrect photo.",2,,,abstract,TRUE
soscisubmission38_1_1,"Olson, M. A., & Fazio, R. H. (2001). Implicit attitude formation through classical conditioning. Psychological Science, 12(5), 413-417, Study 2",10.1111/1467-9280.00376,"Yorovich, T. M., Hughes, S., Hussey, I., Vadillo, M. A., Olson, M. A., Aust, F., Bading, K. C., Balas, R., Benedict, T., Corneille, O., Douglas, S. B., Ferguson, M. J., Fritzlen, K. A., Gast, A., Gawronski, B., Giménez‐Fernández, T., Hanusz, K., Heycke, T., Högden, F., . . . De Houwer, J. (2020). Incidental Attitude Formation via the Surveillance Task: A Registered Replication Report of Olson and Fazio (2001). Psychological Science, 32 (1), 120-131.",10.31234/osf.io/kavx4,NA,https://drive.google.com/file/d/1tBea1xcrmrgSGVymZfDDDZH7SLB5aF-6/view?usp=drivesdk,1,NA,1,,,abstract,FALSE
soscisubmission39,"Payne BK, Brown-Iannuzzi J, Burkley M, Arbuckle NL, Cooley E, Cameron CD, Lundberg KB. Intention invention and the affect misattribution procedure: reply to Bar-Anan and Nosek (2012). Personality and Social Psychology Bulletin, 39(3), 375-86.",10.1177/0146167212475225,"Hughes, S., Cummins, J., & Hussey, I. (2022). Effects on the affect Misattribution procedure are strongly moderated by influence awareness. Behavior Research Methods, 55(4), 1558-1586.",10.3758/s13428-022-01879-4,NA,https://drive.google.com/file/d/1yMYVS-DUlP_U3zcoWL7wKPwZrYzyiImV/view?usp=drivesdk,1,NA,1,,,abstract,FALSE
soscisubmission41,"Vaughn, L. A. (2017b). Foundational tests of the need support model: A framework for bridging regulatory focus theory and self-determination theory. Personality and Social Psychology Bulletin, 43, 313–328. Combined sample of Studies 1a-1c",10.1177/0146167216684132,"Vaughn, L. A. (2019). Distinguishing Between Need Support and Regulatory Focus with LIWC. Collabra, 5(1). (Analyses of Study 2 reported in Footnote 4)",10.1525/collabra.185,NA,https://drive.google.com/file/d/1Xoam7f13E5M2EddKf56QMnzGorZg_Rlu/view?usp=drivesdk,2,"The need-support model bridges regulatory focus theory and self-determination theory. Research on this model has shown that support of needs for autonomy, competence, and relatedness (key constructs in self-determination theory) is higher in experiences of pursuing hopes versus duties (key constructs in regulatory focus theory). The current research used LIWC 2015’s standard dictionary to examine differences between descriptions of high and low support of these needs (N = 941), descriptions of pursuing hopes and duties (N = 1,047), high need support and hopes, and low need support and duties. As expected, descriptions of high need support and hopes were more emotionally positive than low need support and duties, whereas high need support and duties showed more attention to social relationships than low need support and hopes. These and additional findings of this research support the need-support model’s proposal that regulatory focus and need support do not reduce to each other.",1,,,abstract,FALSE
soscisubmission41,"Vaughn, L. A. (2017b). Foundational tests of the need support model: A framework for bridging regulatory focus theory and self-determination theory. Personality and Social Psychology Bulletin, 43, 313–328. Combined sample of Studies 1a-1c",10.1177/0146167216684132,"Vaughn, L. A. (2019). Distinguishing Between Need Support and Regulatory Focus with LIWC. Collabra, 5(1). (Analyses of Study 2 reported in Footnote 4)",10.1525/collabra.185,NA,https://drive.google.com/file/d/1Xoam7f13E5M2EddKf56QMnzGorZg_Rlu/view?usp=drivesdk,1,"The need-support model bridges regulatory focus theory and self-determination theory. Research on this model has shown that support of needs for autonomy, competence, and relatedness (key constructs in self-determination theory) is higher in experiences of pursuing hopes versus duties (key constructs in regulatory focus theory). The current research used LIWC 2015’s standard dictionary to examine differences between descriptions of high and low support of these needs (N = 941), descriptions of pursuing hopes and duties (N = 1,047), high need support and hopes, and low need support and duties. As expected, descriptions of high need support and hopes were more emotionally positive than low need support and duties, whereas high need support and duties showed more attention to social relationships than low need support and hopes. These and additional findings of this research support the need-support model’s proposal that regulatory focus and need support do not reduce to each other.",1,,,abstract,FALSE
soscisubmission45,"Thürmer, J. L., & McCrea, S. M. (2018). Beyond motivated reasoning: Hostile reactions to critical comments from the outgroup. Motivation Science, 4(4), 333-346.",10.1037/mot0000097,"Thürmer, J. L., & McCrea, S. M. (2021). Disentangling the Intergroup Sensitivity Effect: Defending the ingroup or enforcing general norms? European Journal of Social Psychology, 51(7), 1061-1072.",10.1002/ejsp.2748,NA,https://drive.google.com/file/d/1d6qI-QqNlpjQgx9Vwa0NjPkDpYx45iMg/view?usp=drivesdk,NA,"Abstract
                    Group members reject threatening outgroup criticism compared to the same criticism from the ingroup (
                    intergroup sensitivity effect
                    [ISE]). Uninvolved bystanders (i.e., members of third groups) also view intergroup criticism as inappropriate. Classic ISE studies were largely underpowered, used inconsequential self‐reports, and no study has observed behavioural responses of bystanders versus ingroup members. We argued that norms may elicit self‐report responses but only social identity concerns of highly identified ingroup members should motivate costly behaviour. Contrary to our prediction, a high‐powered and pre‐registered 2 (Source: same‐group vs. outgroup) × 2 (Target: ingroup vs. uninvolved outgroup) experiment revealed a classic ISE and an even larger bystander ISE in self‐reports and behaviour, favouring a norm account. Moreover, a target effect emerged such that people were more sensitive to criticism targeting an outgroup than their ingroup. Identity thus had an impact, but not in line with social identity theory, highlighting the need for theoretical integration.
                  ",1,,,abstract,FALSE
soscisubmission46,"Ulrich, R., Prislan, L., & Miller, J. (2020). A bimodal extension of the Eriksen flanker task. Attention, Perception, & Psychophysics. Experiment 2",10.3758/s13414-020-02150-8,"Papenmeier, F., & Rebholz, T. R. (2023, September). Bimodal Flanker: Audio vs. Visual. Retrieved from https://osf.io/8nzfm/",NA,https://osf.io/8nzfm/,NA,NA,NA,17,,,abstract,TRUE
soscisubmission47,"Reiter, A. M. F., Kanske, P., Eppinger, B., & Li, S. C. (2017). The Aging of the Social Mind - Differential Effects on Components of Social Understanding. Scientific reports, 7(1), 11046.",10.1038/s41598-017-10669-4,"Stietz, J., Pollerhoff, L., Kurtz, M., Li, S. C., Reiter, A. M. F., & Kanske, P. (2021). The ageing of the social mind: replicating the preservation of socio-affective and the decline of socio-cognitive processes in old age. Royal Society open science, 8(8), 210641.",10.1098/rsos.210641,NA,https://drive.google.com/file/d/1YzEqH7QTG95vm-E-CJt-CI-rq6sFA3bV/view?usp=drivesdk,NA,"
                    Anticipating population ageing to reach a historically unprecedented level in this century and considering the public goal of promoting well-being until old age, research in many fields has started to focus on processes and factors that contribute to healthy ageing. Since human interactions have a tremendous impact on our mental and physical well-being, scientists are increasingly investigating the basic processes that enable successful social interactions such as social affect (empathy, compassion) and social cognition (Theory of Mind). However, regarding the replication crisis in psychological science it is crucial to probe the reproducibility of findings revealed by each specific method. To this end, we aimed to replicate the effect of age on empathy, compassion and Theory of Mind observed in Reiter and colleagues' study (Reiter
                    et al.
                    2017
                    Sci. Rep.
                    7
                    , 11046 (
                    doi:10.1038/s41598-017-10669-4
                    )) by using the same ecologically valid paradigm in an independent sample with similar age ranges. We were able to replicate the previously observed results of a preservation or even enhancement in socio-affective processes, but a decline in socio-cognitive processes for older adults. Our findings add to the understanding of how social affect and cognition change across the adult lifespan and may suggest targets for intervention studies aiming to foster successful social interactions and well-being until advanced old age.
                  ",1,,,abstract,TRUE
soscisubmission6,"Lambon Ralph, M.A., & Ehsan, S. (2006). Age of acquisition effects depend on the mapping between representations and the frequency of occurrence: Empirical and computational evidence, Visual Cognition, 13:7-8, 928-948.",10.1080/13506280544000110,"Catling, J., & Elsherif, M. (2020). The hunt for the age of acquisition effect: It’s in the links! Acta Psychologica, 209, 103138. (Supplementary to compare Study 1 and Study 3)",10.1016/j.actpsy.2020.103138,NA,NA,1A,NA,2,,,abstract,TRUE
soscisubmission6_1_2_1,"Lambon Ralph, M.A., & Ehsan, S. (2006). Age of acquisition effects depend on the mapping between representations and the frequency of occurrence: Empirical and computational evidence, Visual Cognition, 13:7-8, 928-948.",10.1080/13506280544000110,"Catling, J., & Elsherif, M. (2020). The hunt for the age of acquisition effect: It’s in the links! Acta Psychologica, 209, 103138. (Supplementary to compare Study 1 and Study 3)",10.1016/j.actpsy.2020.103138,1b,NA,Supplementary to compare Study 1 and Study 3 (Experiment 1B),NA,2,,,abstract,TRUE
soscisubmission6,"Lambon Ralph, M.A., & Ehsan, S. (2006). Age of acquisition effects depend on the mapping between representations and the frequency of occurrence: Empirical and computational evidence, Visual Cognition, 13:7-8, 928-948.",10.1080/13506280544000110,"Catling, J., & Elsherif, M. (2020). The hunt for the age of acquisition effect: It’s in the links! Acta Psychologica, 209, 103138. (Supplementary to compare Study 1 and Study 3)",10.1016/j.actpsy.2020.103138,NA,NA,2A,NA,2,,,abstract,TRUE
soscisubmission6_1_2_1,"Lambon Ralph, M.A., & Ehsan, S. (2006). Age of acquisition effects depend on the mapping between representations and the frequency of occurrence: Empirical and computational evidence, Visual Cognition, 13:7-8, 928-948.",10.1080/13506280544000110,"Catling, J., & Elsherif, M. (2020). The hunt for the age of acquisition effect: It’s in the links! Acta Psychologica, 209, 103138. (Supplementary to compare Study 1 and Study 3)",10.1016/j.actpsy.2020.103138,NA,NA,Supplementary to compare Study 1 and Study 3 (Experiment 2B),NA,2,,,abstract,TRUE
soscisubmission7_1_2_1,"Southgate, V., Senju, A., & Csibra, G. (2007). Action anticipation through attribution of false belief by 2-year-olds. Psychological science, 18(7), 587-592.",10.1111/j.1467-9280.2007.01944.x,"Kulke, L., Von Duhn, B., Schneider, D., & Rakoczy, H. (2018). Is implicit theory of mind a real and robust phenomenon? results from a systematic replication study. Psychological Science, 29(6), 888–900.",10.1177/0956797617747090,NA,https://drive.google.com/file/d/1CVrT0V-MeqSfZShwoRY6MMjJJXISWk02/view?usp=drivesdk,1,"Recently, theory-of-mind research has been revolutionized by findings from novel implicit tasks suggesting that at least some aspects of false-belief reasoning develop earlier in ontogeny than previously assumed and operate automatically throughout adulthood. Although these findings are the empirical basis for far-reaching theories, systematic replications are still missing. This article reports a preregistered large-scale attempt to replicate four influential anticipatory-looking implicit theory-of-mind tasks using original stimuli and procedures. Results showed that only one of the four paradigms was reliably replicated. A second set of studies revealed, further, that this one paradigm was no longer replicated once confounds were removed, which calls its validity into question. There were also no correlations between paradigms, and thus, no evidence for their convergent validity. In conclusion, findings from anticipatory-looking false-belief paradigms seem less reliable and valid than previously assumed, thus limiting the conclusions that can be drawn from them.",1,,,abstract,TRUE
soscisubmission8,"Blackwell, L. S., Trzesniewski, K. H., & Dweck, C. S. (2007). Implicit theories of intelligence predict achievement across an adolescent transition: A longitudinal study and an intervention. Child development, 78(1), 246-263. Study 1",10.1111/j.1467-8624.2007.00995.x,"Li, Y., & Bates, T. C. (2020). Testing the association of growth mindset and grades across a challenging transition: Is growth mindset associated with grades? Intelligence, 81, 101471. (Study 2)",10.1016/j.intell.2020.101471,NA,https://drive.google.com/file/d/12vr4IdpuKGHum4clozdFiyxIbQP3jx5f/view?usp=drivesdk,2,NA,1,,,abstract,FALSE
soscisubmission9,"Lichtenfeld, S. ,Maier, M. A., Elliot, A. J., & Pekrun, R. (2009 ).The semantic red effect: Processing the word red undermines intellectual performance . Journal of Experimental Social Psychology , 45 ,1273 –1276 . Experiment 2",10.1016/j.jesp.2009.06.003,"Gnambs, T., Kovacs, C., & Stiglbauer, B. (2020). Processing the word red and Intellectual Performance: Four replication attempts. Collabra, 6(1).",10.1525/collabra.277,NA,https://drive.google.com/file/d/1gqkCLQ8YLn27JACJIv51ycR1U6cUfNAJ/view?usp=drivesdk,1,"Colors convey meaning and can impair intellectual performance in achievement situations. Even the processing of color words can exert similar detrimental effects. In four experiments, we tried to replicate previous findings regarding the processing of the word “red” (as compared to a control color) on cognitive test scores. Experiments 1 and 2 (Ns = 69 and 104) are direct replications of Lichtenfeld, Maier, Elliot, and Pekrun (2009). Both experiments failed to uncover a red color effect on verbal reasoning scores among high school students and undergraduates (Cohen’s d = 0.04 and –0.23). Experiments 3 and 4 (N = 103 and 1,149) failed to identify an effect of processing red on general knowledge test scores (Cohen’sd = 0.19) and 0.01) among undergraduates and adults. Together, these results do not corroborate the assumption that processing the word red impairs intellectual performance.",2,,,abstract,TRUE
svodevelopment,"Van Lange, P. A. M., De Bruin, E., Otten, W., & Joireman, J. A. (1997). Development of prosocial, individualistic, and competitive orientations: Theory and preliminary evidence. Journal of Personality and Social Psychology, 73(4), 733–746. Study 1",10.1037/0022-3514.73.4.733,"Liu, Y., Wang, B., & Van Lange, P. a. M. (2022). The development of social value orientation: Attachment styles, number of siblings, age, and a comparison of measures. European Journal of Personality, 37(4), 402–417.",10.1177/08902070221094216,NA,https://drive.google.com/file/d/1hYNUJrx3yjyMoTgcG7Qz4pix-8ruWFMC/view?usp=drivesdk,1,"Nearly 25 years ago, four studies examined the development of social value orientation (SVO) and uncovered that SVO was related to specific and general adult attachment, the number of siblings, and age. However, some of these findings have been challenged by two recent replication studies. The present (pre-registered) research extends these replication studies and the original research by using multiple measurements of both SVO and adult attachment on two large samples that allowed us to detect small effect sizes. With online samples ( N = 1446 and 2644) from MTurk and Prolific, we replicated earlier findings that prosociality was associated with a greater level of secure attachment and a lower level of avoidant attachment. Moreover, prosociality was positively related to the number of siblings, especially sisters, as discovered by Study 3 of the original study. However, we failed to replicate the significant relation between SVO and age. Generally, we conclude that prosocial orientation is associated—even if modestly—with secure and avoidant attachment and the number of siblings, but the link with age is a question open to future investigation.",1,,,abstract,TRUE
uxajg,"Huang, J. L. (2014). Does cleanliness influence moral judgments? Response effort moderates the effect of cleanliness priming on moral judgments. Frontiers in Psychology, 5, 1276.",10.3389/fpsyg.2014.01276,"Adams, D., Koenig, B., Sanders, C., Jackson, D., & Davis, C. (2018, December 4). Response Effort on Cleanliness Priming for Moral Judgements.",10.17605/OSF.IO/UXAJG,NA,NA,1,NA,1,,,abstract,FALSE
XPHI12,"Nichols, S. (2006). Folk intuitions on free will. Journal of Cognition and Culture, 6(1), 57-86.",10.1163/156853706776931385,"Cova, F., Strickland, B., Abatista, A., Allard, A., Andow, J., Attie, M., Beebe, J., Berniūnas, R., Boudesseul, J., Colombo, M., Cushman, F., Diaz, R., N'Djaye Nikolai van Dongen, N., Dranseika, V., Earp, B. D., Torres, A. G., Hannikainen, I., Hernández-Conde, J. V., Hu, W., . . . Zhou, X. (2021). Estimating the reproducibility of experimental philosophy. Review of Philosophy and Psychology, 12(1), 9–44.",10.1007/s13164-018-0400-9,https://osf.io/4a7v6,https://drive.google.com/file/d/1hjI3aqifdfXjWhQAlvKCKKtvjuncAn5M/view?usp=drivesdk,12,NA,31,,,abstract,TRUE
XPHI15,"Nahmias, E., Coates, D. J., & Kvaran, T. (2007). Free will, moral responsibility, and mechanism: Experiments on folk intuitions. Midwest studies in Philosophy, 31(1), 214-242.",10.1111/j.1475-4975.2007.00158.x,"Cova, F., Strickland, B., Abatista, A., Allard, A., Andow, J., Attie, M., Beebe, J., Berniūnas, R., Boudesseul, J., Colombo, M., Cushman, F., Diaz, R., N'Djaye Nikolai van Dongen, N., Dranseika, V., Earp, B. D., Torres, A. G., Hannikainen, I., Hernández-Conde, J. V., Hu, W., . . . Zhou, X. (2021). Estimating the reproducibility of experimental philosophy. Review of Philosophy and Psychology, 12(1), 9–44.",10.1007/s13164-018-0400-9,https://osf.io/dgc9w,https://drive.google.com/file/d/1hjI3aqifdfXjWhQAlvKCKKtvjuncAn5M/view?usp=drivesdk,15,NA,31,,,abstract,TRUE
XPHI16,"Livengood, J., & Machery, E. (2007). The folk probably don't think what you think they think: Experiments on causation by absence. Midwest Studies in Philosophy, 31(1), 107-127.",10.1111/j.1475-4975.2007.00150.x,"Cova, F., Strickland, B., Abatista, A., Allard, A., Andow, J., Attie, M., Beebe, J., Berniūnas, R., Boudesseul, J., Colombo, M., Cushman, F., Diaz, R., N'Djaye Nikolai van Dongen, N., Dranseika, V., Earp, B. D., Torres, A. G., Hannikainen, I., Hernández-Conde, J. V., Hu, W., . . . Zhou, X. (2021). Estimating the reproducibility of experimental philosophy. Review of Philosophy and Psychology, 12(1), 9–44.",10.1007/s13164-018-0400-9,https://osf.io/fdjns,https://drive.google.com/file/d/1hjI3aqifdfXjWhQAlvKCKKtvjuncAn5M/view?usp=drivesdk,16,NA,31,,,abstract,FALSE
XPHI17,"Greene, J. D., Morelli, S. A., Lowenberg, K., Nystrom, L. E., & Cohen, J. D. (2008). Cognitive load selectively interferes with utilitarian moral judgment. Cognition, 107(3), 1144-1154.",10.1016/j.cognition.2007.11.004,"Cova, F., Strickland, B., Abatista, A., Allard, A., Andow, J., Attie, M., Beebe, J., Berniūnas, R., Boudesseul, J., Colombo, M., Cushman, F., Diaz, R., N'Djaye Nikolai van Dongen, N., Dranseika, V., Earp, B. D., Torres, A. G., Hannikainen, I., Hernández-Conde, J. V., Hu, W., . . . Zhou, X. (2021). Estimating the reproducibility of experimental philosophy. Review of Philosophy and Psychology, 12(1), 9–44.",10.1007/s13164-018-0400-9,https://osf.io/4ewkh,https://drive.google.com/file/d/1hjI3aqifdfXjWhQAlvKCKKtvjuncAn5M/view?usp=drivesdk,17,NA,31,,,abstract,TRUE
XPHI18,"Gonnerman, C. (2008). Reading conflicted minds: An empirical follow-up to Knobe and Roedder. Philosophical Psychology, 21(2), 193-205.",10.1080/09515080801978777,"Cova, F., Strickland, B., Abatista, A., Allard, A., Andow, J., Attie, M., Beebe, J., Berniūnas, R., Boudesseul, J., Colombo, M., Cushman, F., Diaz, R., N'Djaye Nikolai van Dongen, N., Dranseika, V., Earp, B. D., Torres, A. G., Hannikainen, I., Hernández-Conde, J. V., Hu, W., . . . Zhou, X. (2021). Estimating the reproducibility of experimental philosophy. Review of Philosophy and Psychology, 12(1), 9–44.",10.1007/s13164-018-0400-9,https://osf.io/4ewkh,https://drive.google.com/file/d/1hjI3aqifdfXjWhQAlvKCKKtvjuncAn5M/view?usp=drivesdk,18,NA,31,,,abstract,FALSE
XPHI20,"Hitchcock, C., & Knobe, J. (2009). Cause and norm. The Journal of Philosophy, 106(11), 587-612.",10.5840/jphil20091061128,"Cova, F., Strickland, B., Abatista, A., Allard, A., Andow, J., Attie, M., Beebe, J., Berniūnas, R., Boudesseul, J., Colombo, M., Cushman, F., Diaz, R., N'Djaye Nikolai van Dongen, N., Dranseika, V., Earp, B. D., Torres, A. G., Hannikainen, I., Hernández-Conde, J. V., Hu, W., . . . Zhou, X. (2021). Estimating the reproducibility of experimental philosophy. Review of Philosophy and Psychology, 12(1), 9–44.",10.1007/s13164-018-0400-9,https://osf.io/4ewkh,https://drive.google.com/file/d/1hjI3aqifdfXjWhQAlvKCKKtvjuncAn5M/view?usp=drivesdk,20,NA,31,,,abstract,FALSE
XPHI21,"Roxborough, C., & Cumby, J. (2009). Folk psychological concepts: Causation. Philosophical Psychology, 22(2), 205-213.",10.1080/09515080902802769,"Cova, F., Strickland, B., Abatista, A., Allard, A., Andow, J., Attie, M., Beebe, J., Berniūnas, R., Boudesseul, J., Colombo, M., Cushman, F., Diaz, R., N'Djaye Nikolai van Dongen, N., Dranseika, V., Earp, B. D., Torres, A. G., Hannikainen, I., Hernández-Conde, J. V., Hu, W., . . . Zhou, X. (2021). Estimating the reproducibility of experimental philosophy. Review of Philosophy and Psychology, 12(1), 9–44.",10.1007/s13164-018-0400-9,https://osf.io/4ewkh,https://drive.google.com/file/d/1hjI3aqifdfXjWhQAlvKCKKtvjuncAn5M/view?usp=drivesdk,21,NA,31,,,abstract,FALSE
XPHI22,"Nadelhoffer, T., Kvaran, T., & Nahmias, E. (2009). Temperament and intuition: A commentary on Feltz and Cokely. Consciousness and cognition, 18(1), 351-355.",10.1016/j.concog.2008.11.006,"Cova, F., Strickland, B., Abatista, A., Allard, A., Andow, J., Attie, M., Beebe, J., Berniūnas, R., Boudesseul, J., Colombo, M., Cushman, F., Diaz, R., N'Djaye Nikolai van Dongen, N., Dranseika, V., Earp, B. D., Torres, A. G., Hannikainen, I., Hernández-Conde, J. V., Hu, W., . . . Zhou, X. (2021). Estimating the reproducibility of experimental philosophy. Review of Philosophy and Psychology, 12(1), 9–44.",10.1007/s13164-018-0400-9,https://osf.io/4ewkh,https://drive.google.com/file/d/1hjI3aqifdfXjWhQAlvKCKKtvjuncAn5M/view?usp=drivesdk,NA,NA,31,,,abstract,TRUE
XPHI24,"Beebe, J. R., & Buckwalter, W. (2010). The epistemic side‐effect effect. Mind & Language, 25(4), 474-498.",10.1111/j.1468-0017.2010.01398.x,"Cova, F., Strickland, B., Abatista, A., Allard, A., Andow, J., Attie, M., Beebe, J., Berniūnas, R., Boudesseul, J., Colombo, M., Cushman, F., Diaz, R., N'Djaye Nikolai van Dongen, N., Dranseika, V., Earp, B. D., Torres, A. G., Hannikainen, I., Hernández-Conde, J. V., Hu, W., . . . Zhou, X. (2021). Estimating the reproducibility of experimental philosophy. Review of Philosophy and Psychology, 12(1), 9–44.",10.1007/s13164-018-0400-9,https://osf.io/4ewkh,https://drive.google.com/file/d/1hjI3aqifdfXjWhQAlvKCKKtvjuncAn5M/view?usp=drivesdk,NA,NA,31,,,abstract,FALSE
XPHI25,"Sytsma, J., & Machery, E. (2010). Two conceptions of subjective experience. Philosophical studies, 151, 299-327.",10.1007/s11098-009-9439-x,"Cova, F., Strickland, B., Abatista, A., Allard, A., Andow, J., Attie, M., Beebe, J., Berniūnas, R., Boudesseul, J., Colombo, M., Cushman, F., Diaz, R., N'Djaye Nikolai van Dongen, N., Dranseika, V., Earp, B. D., Torres, A. G., Hannikainen, I., Hernández-Conde, J. V., Hu, W., . . . Zhou, X. (2021). Estimating the reproducibility of experimental philosophy. Review of Philosophy and Psychology, 12(1), 9–44.",10.1007/s13164-018-0400-9,https://osf.io/4ewkh,https://drive.google.com/file/d/1hjI3aqifdfXjWhQAlvKCKKtvjuncAn5M/view?usp=drivesdk,NA,NA,31,,,abstract,FALSE
XPHI26,"Alicke, M. D., Rose, D., & Bloom, D. (2011). Causation, norm violation, and culpable control. The Journal of Philosophy, 108(12), 670-696.",10.5840/jphil20111081238,"Cova, F., Strickland, B., Abatista, A., Allard, A., Andow, J., Attie, M., Beebe, J., Berniūnas, R., Boudesseul, J., Colombo, M., Cushman, F., Diaz, R., N'Djaye Nikolai van Dongen, N., Dranseika, V., Earp, B. D., Torres, A. G., Hannikainen, I., Hernández-Conde, J. V., Hu, W., . . . Zhou, X. (2021). Estimating the reproducibility of experimental philosophy. Review of Philosophy and Psychology, 12(1), 9–44.",10.1007/s13164-018-0400-9,https://osf.io/4ewkh,https://drive.google.com/file/d/1hjI3aqifdfXjWhQAlvKCKKtvjuncAn5M/view?usp=drivesdk,26,NA,31,,,abstract,TRUE
XPHI27,"Reuter, K. (2011). Distinguishing the appearance from the reality of pain. Journal of Consciousness Studies, 18(9-10), 94-109.",art00005,"Cova, F., Strickland, B., Abatista, A., Allard, A., Andow, J., Attie, M., Beebe, J., Berniūnas, R., Boudesseul, J., Colombo, M., Cushman, F., Diaz, R., N'Djaye Nikolai van Dongen, N., Dranseika, V., Earp, B. D., Torres, A. G., Hannikainen, I., Hernández-Conde, J. V., Hu, W., . . . Zhou, X. (2021). Estimating the reproducibility of experimental philosophy. Review of Philosophy and Psychology, 12(1), 9–44.",10.1007/s13164-018-0400-9,https://osf.io/4ewkh,https://drive.google.com/file/d/1hjI3aqifdfXjWhQAlvKCKKtvjuncAn5M/view?usp=drivesdk,27,NA,31,,,abstract,TRUE
XPHI29,"Paxton, J. M., Ungar, L., & Greene, J. D. (2012). Reflection and reasoning in moral judgment. Cognitive science, 36(1), 163-177.",10.1111/j.1551-6709.2011.01210.x,"Cova, F., Strickland, B., Abatista, A., Allard, A., Andow, J., Attie, M., Beebe, J., Berniūnas, R., Boudesseul, J., Colombo, M., Cushman, F., Diaz, R., N'Djaye Nikolai van Dongen, N., Dranseika, V., Earp, B. D., Torres, A. G., Hannikainen, I., Hernández-Conde, J. V., Hu, W., . . . Zhou, X. (2021). Estimating the reproducibility of experimental philosophy. Review of Philosophy and Psychology, 12(1), 9–44.",10.1007/s13164-018-0400-9,https://osf.io/4ewkh,https://drive.google.com/file/d/1hjI3aqifdfXjWhQAlvKCKKtvjuncAn5M/view?usp=drivesdk,29,NA,31,,,abstract,FALSE
XPHI3,"Machery, E., Mallon, R., Nichols, S., & Stich, S. P. (2004). Semantics, cross-cultural style. Cognition, 92(3), B1-B12.",10.1016/j.cognition.2003.10.003,"Cova, F., Strickland, B., Abatista, A., Allard, A., Andow, J., Attie, M., Beebe, J., Berniūnas, R., Boudesseul, J., Colombo, M., Cushman, F., Diaz, R., N'Djaye Nikolai van Dongen, N., Dranseika, V., Earp, B. D., Torres, A. G., Hannikainen, I., Hernández-Conde, J. V., Hu, W., . . . Zhou, X. (2021). Estimating the reproducibility of experimental philosophy. Review of Philosophy and Psychology, 12(1), 9–44.",10.1007/s13164-018-0400-9,NA,https://drive.google.com/file/d/1hjI3aqifdfXjWhQAlvKCKKtvjuncAn5M/view?usp=drivesdk,3,NA,31,,,abstract,FALSE
XPHI31,"May, J., & Holton, R. (2012). What in the world is weakness of will?. Philosophical Studies, 157, 341-360.",10.1007/s11098-010-9651-8,"Cova, F., Strickland, B., Abatista, A., Allard, A., Andow, J., Attie, M., Beebe, J., Berniūnas, R., Boudesseul, J., Colombo, M., Cushman, F., Diaz, R., N'Djaye Nikolai van Dongen, N., Dranseika, V., Earp, B. D., Torres, A. G., Hannikainen, I., Hernández-Conde, J. V., Hu, W., . . . Zhou, X. (2021). Estimating the reproducibility of experimental philosophy. Review of Philosophy and Psychology, 12(1), 9–44.",10.1007/s13164-018-0400-9,https://osf.io/pvem4,https://drive.google.com/file/d/1hjI3aqifdfXjWhQAlvKCKKtvjuncAn5M/view?usp=drivesdk,31,NA,31,,,abstract,TRUE
XPHI32,"Nagel, J., San Juan, V., & Mar, R. A. (2013). Lay denial of knowledge for justified true beliefs. Cognition, 129(3), 652-661.",10.1016/j.cognition.2013.02.008,"Cova, F., Strickland, B., Abatista, A., Allard, A., Andow, J., Attie, M., Beebe, J., Berniūnas, R., Boudesseul, J., Colombo, M., Cushman, F., Diaz, R., N'Djaye Nikolai van Dongen, N., Dranseika, V., Earp, B. D., Torres, A. G., Hannikainen, I., Hernández-Conde, J. V., Hu, W., . . . Zhou, X. (2021). Estimating the reproducibility of experimental philosophy. Review of Philosophy and Psychology, 12(1), 9–44.",10.1007/s13164-018-0400-9,https://osf.io/skw9u,https://drive.google.com/file/d/1hjI3aqifdfXjWhQAlvKCKKtvjuncAn5M/view?usp=drivesdk,32,NA,31,,,abstract,TRUE
XPHI32,"Nagel, J., San Juan, V., & Mar, R. A. (2013). Lay denial of knowledge for justified true beliefs. Cognition, 129(3), 652-661.",10.1016/j.cognition.2013.02.008,"Cova, F., Strickland, B., Abatista, A., Allard, A., Andow, J., Attie, M., Beebe, J., Berniūnas, R., Boudesseul, J., Colombo, M., Cushman, F., Diaz, R., N'Djaye Nikolai van Dongen, N., Dranseika, V., Earp, B. D., Torres, A. G., Hannikainen, I., Hernández-Conde, J. V., Hu, W., . . . Zhou, X. (2021). Estimating the reproducibility of experimental philosophy. Review of Philosophy and Psychology, 12(1), 9–44.",10.1007/s13164-018-0400-9,https://osf.io/4ewkh,https://drive.google.com/file/d/1hjI3aqifdfXjWhQAlvKCKKtvjuncAn5M/view?usp=drivesdk,NA,NA,31,,,abstract,TRUE
XPHI33,"Beebe, J. R., & Shea, J. (2013). Gettierized Knobe effects. Episteme, 10(3), 219-240.",10.1017/epi.2013.23,"Cova, F., Strickland, B., Abatista, A., Allard, A., Andow, J., Attie, M., Beebe, J., Berniūnas, R., Boudesseul, J., Colombo, M., Cushman, F., Diaz, R., N'Djaye Nikolai van Dongen, N., Dranseika, V., Earp, B. D., Torres, A. G., Hannikainen, I., Hernández-Conde, J. V., Hu, W., . . . Zhou, X. (2021). Estimating the reproducibility of experimental philosophy. Review of Philosophy and Psychology, 12(1), 9–44.",10.1007/s13164-018-0400-9,https://osf.io/gme8f,https://drive.google.com/file/d/1hjI3aqifdfXjWhQAlvKCKKtvjuncAn5M/view?usp=drivesdk,33,NA,31,,,abstract,TRUE
XPHI34,"Rose, D., & Nichols, S. (2013). The lesson of bypassing. Review of Philosophy and Psychology, 4, 599-619.",10.1007/s13164-013-0154-3,"Cova, F., Strickland, B., Abatista, A., Allard, A., Andow, J., Attie, M., Beebe, J., Berniūnas, R., Boudesseul, J., Colombo, M., Cushman, F., Diaz, R., N'Djaye Nikolai van Dongen, N., Dranseika, V., Earp, B. D., Torres, A. G., Hannikainen, I., Hernández-Conde, J. V., Hu, W., . . . Zhou, X. (2021). Estimating the reproducibility of experimental philosophy. Review of Philosophy and Psychology, 12(1), 9–44.",10.1007/s13164-018-0400-9,https://osf.io/qju6y,https://drive.google.com/file/d/1hjI3aqifdfXjWhQAlvKCKKtvjuncAn5M/view?usp=drivesdk,34,NA,31,,,abstract,TRUE
XPHI35,"Murray, D., & Nahmias, E. (2014). Explaining away incompatibilist intuitions. Philosophy and Phenomenological Research, 88(2), 434-467.",10.1111/j.1933-1592.2012.00609.x,"Cova, F., Strickland, B., Abatista, A., Allard, A., Andow, J., Attie, M., Beebe, J., Berniūnas, R., Boudesseul, J., Colombo, M., Cushman, F., Diaz, R., N'Djaye Nikolai van Dongen, N., Dranseika, V., Earp, B. D., Torres, A. G., Hannikainen, I., Hernández-Conde, J. V., Hu, W., . . . Zhou, X. (2021). Estimating the reproducibility of experimental philosophy. Review of Philosophy and Psychology, 12(1), 9–44.",10.1007/s13164-018-0400-9,https://osf.io/q267x,https://drive.google.com/file/d/1hjI3aqifdfXjWhQAlvKCKKtvjuncAn5M/view?usp=drivesdk,35,NA,31,,,abstract,TRUE
XPHI36,"Grau, C., & Pury, C. L. (2014). Attitudes towards reference and replaceability. Review of Philosophy and Psychology, 5(2), 155-168",10.1007/s13164-013-0162-3,"Cova, F., Strickland, B., Abatista, A., Allard, A., Andow, J., Attie, M., Beebe, J., Berniūnas, R., Boudesseul, J., Colombo, M., Cushman, F., Diaz, R., N'Djaye Nikolai van Dongen, N., Dranseika, V., Earp, B. D., Torres, A. G., Hannikainen, I., Hernández-Conde, J. V., Hu, W., . . . Zhou, X. (2021). Estimating the reproducibility of experimental philosophy. Review of Philosophy and Psychology, 12(1), 9–44.",10.1007/s13164-018-0400-9,https://osf.io/spwxg,https://drive.google.com/file/d/1hjI3aqifdfXjWhQAlvKCKKtvjuncAn5M/view?usp=drivesdk,36,NA,31,,,abstract,TRUE
XPHI37,"Liao, S. Y., Strohminger, N., & Sripada, C. S. (2014). Empirically investigating imaginative resistance. British Journal of Aesthetics, 54(3), 339-355.",10.1093/aesthj/ayu027,"Cova, F., Strickland, B., Abatista, A., Allard, A., Andow, J., Attie, M., Beebe, J., Berniūnas, R., Boudesseul, J., Colombo, M., Cushman, F., Diaz, R., N'Djaye Nikolai van Dongen, N., Dranseika, V., Earp, B. D., Torres, A. G., Hannikainen, I., Hernández-Conde, J. V., Hu, W., . . . Zhou, X. (2021). Estimating the reproducibility of experimental philosophy. Review of Philosophy and Psychology, 12(1), 9–44.",10.1007/s13164-018-0400-9,https://osf.io/9ahkt,https://drive.google.com/file/d/1hjI3aqifdfXjWhQAlvKCKKtvjuncAn5M/view?usp=drivesdk,37,NA,31,,,abstract,FALSE
XPHI38,"Björnsson, G., Eriksson, J., Strandberg, C., Olinder, R. F., & Björklund, F. (2015). Motivational internalism and folk intuitions. Philosophical Psychology, 28(5), 715–734.",10.1080/09515089.2014.894431,"Cova, F., Strickland, B., Abatista, A., Allard, A., Andow, J., Attie, M., Beebe, J., Berniūnas, R., Boudesseul, J., Colombo, M., Cushman, F., Diaz, R., N'Djaye Nikolai van Dongen, N., Dranseika, V., Earp, B. D., Torres, A. G., Hannikainen, I., Hernández-Conde, J. V., Hu, W., . . . Zhou, X. (2021). Estimating the reproducibility of experimental philosophy. Review of Philosophy and Psychology, 12(1), 9–44.",10.1007/s13164-018-0400-9,https://osf.io/2yuq3,https://drive.google.com/file/d/1hjI3aqifdfXjWhQAlvKCKKtvjuncAn5M/view?usp=drivesdk,38,NA,31,,,abstract,TRUE
XPHI39,"Buckwalter, W., & Schaffer, J. (2015). Knowledge, stakes, and mistakes. Noûs, 49(2), 201-234.",10.1111/nous.12017,"Cova, F., Strickland, B., Abatista, A., Allard, A., Andow, J., Attie, M., Beebe, J., Berniūnas, R., Boudesseul, J., Colombo, M., Cushman, F., Diaz, R., N'Djaye Nikolai van Dongen, N., Dranseika, V., Earp, B. D., Torres, A. G., Hannikainen, I., Hernández-Conde, J. V., Hu, W., . . . Zhou, X. (2021). Estimating the reproducibility of experimental philosophy. Review of Philosophy and Psychology, 12(1), 9–44.",10.1007/s13164-018-0400-9,https://osf.io/pq7eb,https://drive.google.com/file/d/1hjI3aqifdfXjWhQAlvKCKKtvjuncAn5M/view?usp=drivesdk,39,NA,31,,,abstract,TRUE
XPHI4,"Knobe, J. (2004). Intention, intentional action and moral considerations. Analysis, 64(282), 181-187.",10.1111/j.1467-8284.2004.00481.x,"Cova, F., Strickland, B., Abatista, A., Allard, A., Andow, J., Attie, M., Beebe, J., Berniūnas, R., Boudesseul, J., Colombo, M., Cushman, F., Diaz, R., N'Djaye Nikolai van Dongen, N., Dranseika, V., Earp, B. D., Torres, A. G., Hannikainen, I., Hernández-Conde, J. V., Hu, W., . . . Zhou, X. (2021). Estimating the reproducibility of experimental philosophy. Review of Philosophy and Psychology, 12(1), 9–44.",10.1007/s13164-018-0400-9,https://osf.io/juxpq,https://drive.google.com/file/d/1hjI3aqifdfXjWhQAlvKCKKtvjuncAn5M/view?usp=drivesdk,4,NA,31,,,abstract,FALSE
XPHI40,"Kominsky, J. F., Phillips, J., Gerstenberg, T., Lagnado, D., & Knobe, J. (2015). Causal superseding. Cognition, 137, 196-209.",10.1016/j.cognition.2015.01.013,"Cova, F., Strickland, B., Abatista, A., Allard, A., Andow, J., Attie, M., Beebe, J., Berniūnas, R., Boudesseul, J., Colombo, M., Cushman, F., Diaz, R., N'Djaye Nikolai van Dongen, N., Dranseika, V., Earp, B. D., Torres, A. G., Hannikainen, I., Hernández-Conde, J. V., Hu, W., . . . Zhou, X. (2021). Estimating the reproducibility of experimental philosophy. Review of Philosophy and Psychology, 12(1), 9–44.",10.1007/s13164-018-0400-9,https://osf.io/xv3uz,https://drive.google.com/file/d/1hjI3aqifdfXjWhQAlvKCKKtvjuncAn5M/view?usp=drivesdk,40,NA,31,,,abstract,FALSE
XPHI5,"Nichols, S. (2004). After objectivity: An empirical study of moral judgment. Philosophical Psychology, 17(1), 3-26. Chicago.",10.1080/0951508042000202354,"Cova, F., Strickland, B., Abatista, A., Allard, A., Andow, J., Attie, M., Beebe, J., Berniūnas, R., Boudesseul, J., Colombo, M., Cushman, F., Diaz, R., N'Djaye Nikolai van Dongen, N., Dranseika, V., Earp, B. D., Torres, A. G., Hannikainen, I., Hernández-Conde, J. V., Hu, W., . . . Zhou, X. (2021). Estimating the reproducibility of experimental philosophy. Review of Philosophy and Psychology, 12(1), 9–44.",10.1007/s13164-018-0400-9,https://osf.io/s8mrz,https://drive.google.com/file/d/1hjI3aqifdfXjWhQAlvKCKKtvjuncAn5M/view?usp=drivesdk,5,NA,31,,,abstract,TRUE
XPHI6,"Nadelhoffer, T. (2004). Blame, badness, andintentional action: A reply to Knobe and Mendlow. Journal of Theoretical and Philosophical Psychology, 24, 259–269.",10.1037/h0091247,"Cova, F., Strickland, B., Abatista, A., Allard, A., Andow, J., Attie, M., Beebe, J., Berniūnas, R., Boudesseul, J., Colombo, M., Cushman, F., Diaz, R., N'Djaye Nikolai van Dongen, N., Dranseika, V., Earp, B. D., Torres, A. G., Hannikainen, I., Hernández-Conde, J. V., Hu, W., . . . Zhou, X. (2021). Estimating the reproducibility of experimental philosophy. Review of Philosophy and Psychology, 12(1), 9–44.",10.1007/s13164-018-0400-9,https://osf.io/d478r,https://drive.google.com/file/d/1hjI3aqifdfXjWhQAlvKCKKtvjuncAn5M/view?usp=drivesdk,6,NA,31,,,abstract,TRUE
XPHI7,"Nahmias, E., Morris, S., Nadelhoffer, T., and Turner, J. (2005). Surveying Freedom: Folk Intuitions About Free Will and Moral Responsibility. Philosophical Psychology, 18(5), 561-584.",10.1080/09515080500264180,"Cova, F., Strickland, B., Abatista, A., Allard, A., Andow, J., Attie, M., Beebe, J., Berniūnas, R., Boudesseul, J., Colombo, M., Cushman, F., Diaz, R., N'Djaye Nikolai van Dongen, N., Dranseika, V., Earp, B. D., Torres, A. G., Hannikainen, I., Hernández-Conde, J. V., Hu, W., . . . Zhou, X. (2021). Estimating the reproducibility of experimental philosophy. Review of Philosophy and Psychology, 12(1), 9–44.",10.1007/s13164-018-0400-9,https://osf.io/jge2k,https://drive.google.com/file/d/1hjI3aqifdfXjWhQAlvKCKKtvjuncAn5M/view?usp=drivesdk,7,NA,31,,,abstract,TRUE
XPHI9,"Nadelhoffer, T. (2005). Skill, luck, control, and intentional action. Philosophical Psychology, 18(3), 341-352.",10.1080/09515080500177309,"Cova, F., Strickland, B., Abatista, A., Allard, A., Andow, J., Attie, M., Beebe, J., Berniūnas, R., Boudesseul, J., Colombo, M., Cushman, F., Diaz, R., N'Djaye Nikolai van Dongen, N., Dranseika, V., Earp, B. D., Torres, A. G., Hannikainen, I., Hernández-Conde, J. V., Hu, W., . . . Zhou, X. (2021). Estimating the reproducibility of experimental philosophy. Review of Philosophy and Psychology, 12(1), 9–44.",10.1007/s13164-018-0400-9,https://osf.io/4ewkh,https://drive.google.com/file/d/1hjI3aqifdfXjWhQAlvKCKKtvjuncAn5M/view?usp=drivesdk,9,NA,31,,,abstract,TRUE
resciencex_01,"Croninger, R.G., Rice, J.K., Rathbun, A., & Nishio, M.(2007).Teacher qualifications and early learning: Effects of certification, degree, and experience on first-grade student achievement.Economics of Education Review, 26(3), 312–324.",10.1016/j.econedurev.2005.05.008,"Renbarger, R., Sulak, T., & Morgan, G. (2022). The Importance of Teacher Credentials for Early Achievement: A Replication of Croninger et al. (2007) Econ. Edu. Rev. ReScience X, 1(1).",10.5281/zenodo.6426882,NA,https://drive.google.com/file/d/1jvhXrkXP500Hc10PhmlgwF_pIcWK0diq/view?usp=drivesdk,1,NA,1,,,abstract,TRUE
Soto,"Thrash, T. M., & Elliot, A. J. (2003). Inspiration as a psychological construct. Journal of Personality and Social Psychology, 84(4), 871–889.",10.1037/0022-3514.84.4.871,"Soto, C. J. (2019). How Replicable Are Links Between Personality Traits and Consequential Life Outcomes? The Life Outcomes of Personality Replication Project. Psychological Science, 30(5), 711-727.",10.1177/0956797619831612,NA,https://drive.google.com/file/d/17mZvRs3ue7pXwqu8bmIDvgNdc95PGEcV/view?usp=drivesdk,1,"The Big Five personality traits have been linked to dozens of life outcomes. However, metascientific research has raised questions about the replicability of behavioral science. The Life Outcomes of Personality Replication (LOOPR) Project was therefore conducted to estimate the replicability of the personality-outcome literature. Specifically, I conducted preregistered, high-powered (median N = 1,504) replications of 78 previously published trait–outcome associations. Overall, 87% of the replication attempts were statistically significant in the expected direction. The replication effects were typically 77% as strong as the corresponding original effects, which represents a significant decline in effect size. The replicability of individual effects was predicted by the effect size and design of the original study, as well as the sample size and statistical power of the replication. These results indicate that the personality-outcome literature provides a reasonably accurate map of trait–outcome associations but also that it stands to benefit from efforts to improve replicability.",1,,,abstract,TRUE
Soto,"Clark, L. A., Vorhies, L., & McEwen, J. L. (2002). Personality disorder symptomatology from the five-factor model perspective. In P. T. Costa, Jr. & T. A. Widiger (Eds.), Personality disorders and the five-factor model of personality (pp. 125–147). American Psychological Association.",10.1037/10423-008,"Soto, C. J. (2019). How Replicable Are Links Between Personality Traits and Consequential Life Outcomes? The Life Outcomes of Personality Replication Project. Psychological Science, 30(5), 711-727.",10.1177/0956797619831612,NA,https://drive.google.com/file/d/17mZvRs3ue7pXwqu8bmIDvgNdc95PGEcV/view?usp=drivesdk,1,"The Big Five personality traits have been linked to dozens of life outcomes. However, metascientific research has raised questions about the replicability of behavioral science. The Life Outcomes of Personality Replication (LOOPR) Project was therefore conducted to estimate the replicability of the personality-outcome literature. Specifically, I conducted preregistered, high-powered (median N = 1,504) replications of 78 previously published trait–outcome associations. Overall, 87% of the replication attempts were statistically significant in the expected direction. The replication effects were typically 77% as strong as the corresponding original effects, which represents a significant decline in effect size. The replicability of individual effects was predicted by the effect size and design of the original study, as well as the sample size and statistical power of the replication. These results indicate that the personality-outcome literature provides a reasonably accurate map of trait–outcome associations but also that it stands to benefit from efforts to improve replicability.",1,,,abstract,TRUE
Soto,"Breen, W. E., Kashdan, T. B., Lenser, M. L., & Fincham, F. D. (2010). Gratitude and forgiveness: Convergence and divergence on self-report and informant ratings. Personality and Individual Differences, 49, 932-937.",10.1016/j.paid.2010.07.033,"Soto, C. J. (2019). How Replicable Are Links Between Personality Traits and Consequential Life Outcomes? The Life Outcomes of Personality Replication Project. Psychological Science, 30(5), 711-727.",10.1177/0956797619831612,NA,https://drive.google.com/file/d/17mZvRs3ue7pXwqu8bmIDvgNdc95PGEcV/view?usp=drivesdk,1,"The Big Five personality traits have been linked to dozens of life outcomes. However, metascientific research has raised questions about the replicability of behavioral science. The Life Outcomes of Personality Replication (LOOPR) Project was therefore conducted to estimate the replicability of the personality-outcome literature. Specifically, I conducted preregistered, high-powered (median N = 1,504) replications of 78 previously published trait–outcome associations. Overall, 87% of the replication attempts were statistically significant in the expected direction. The replication effects were typically 77% as strong as the corresponding original effects, which represents a significant decline in effect size. The replicability of individual effects was predicted by the effect size and design of the original study, as well as the sample size and statistical power of the replication. These results indicate that the personality-outcome literature provides a reasonably accurate map of trait–outcome associations but also that it stands to benefit from efforts to improve replicability.",1,,,abstract,TRUE
Soto,"Fredrickson, B. L., & Joiner, T. (2002). Positive emotions trigger upward spirals toward emotional well-being. Psychological Science, 13, 172-175.",10.1111/1467-9280.00431,"Soto, C. J. (2019). How Replicable Are Links Between Personality Traits and Consequential Life Outcomes? The Life Outcomes of Personality Replication Project. Psychological Science, 30(5), 711-727.",10.1177/0956797619831612,NA,https://drive.google.com/file/d/17mZvRs3ue7pXwqu8bmIDvgNdc95PGEcV/view?usp=drivesdk,1,"The Big Five personality traits have been linked to dozens of life outcomes. However, metascientific research has raised questions about the replicability of behavioral science. The Life Outcomes of Personality Replication (LOOPR) Project was therefore conducted to estimate the replicability of the personality-outcome literature. Specifically, I conducted preregistered, high-powered (median N = 1,504) replications of 78 previously published trait–outcome associations. Overall, 87% of the replication attempts were statistically significant in the expected direction. The replication effects were typically 77% as strong as the corresponding original effects, which represents a significant decline in effect size. The replicability of individual effects was predicted by the effect size and design of the original study, as well as the sample size and statistical power of the replication. These results indicate that the personality-outcome literature provides a reasonably accurate map of trait–outcome associations but also that it stands to benefit from efforts to improve replicability.",1,,,abstract,TRUE
Soto,"Anderson, C., John, O. P., Keltner, D., & Kring, A. M. (2001). Who attains social status? Effects of personality and physical attractiveness in social groups. Journal of Personality and Social Psychology, 81, 116-132.",10.1037/0022-3514.81.1.116,"Soto, C. J. (2019). How Replicable Are Links Between Personality Traits and Consequential Life Outcomes? The Life Outcomes of Personality Replication Project. Psychological Science, 30(5), 711-727.",10.1177/0956797619831612,NA,https://drive.google.com/file/d/17mZvRs3ue7pXwqu8bmIDvgNdc95PGEcV/view?usp=drivesdk,1,"The Big Five personality traits have been linked to dozens of life outcomes. However, metascientific research has raised questions about the replicability of behavioral science. The Life Outcomes of Personality Replication (LOOPR) Project was therefore conducted to estimate the replicability of the personality-outcome literature. Specifically, I conducted preregistered, high-powered (median N = 1,504) replications of 78 previously published trait–outcome associations. Overall, 87% of the replication attempts were statistically significant in the expected direction. The replication effects were typically 77% as strong as the corresponding original effects, which represents a significant decline in effect size. The replicability of individual effects was predicted by the effect size and design of the original study, as well as the sample size and statistical power of the replication. These results indicate that the personality-outcome literature provides a reasonably accurate map of trait–outcome associations but also that it stands to benefit from efforts to improve replicability.",1,,,abstract,TRUE
Soto,"Gottfredson, G. D., Jones, E. M., & Holland, J. L. (1993). Personality and vocational interests: The relation of Holland’s six interest dimensions to five robust dimensions of personality. Journal of Counseling Psychology, 40, 518-524.",10.1037/0022-0167.40.4.518,"Soto, C. J. (2019). How Replicable Are Links Between Personality Traits and Consequential Life Outcomes? The Life Outcomes of Personality Replication Project. Psychological Science, 30(5), 711-727.",10.1177/0956797619831612,NA,https://drive.google.com/file/d/17mZvRs3ue7pXwqu8bmIDvgNdc95PGEcV/view?usp=drivesdk,1,"The Big Five personality traits have been linked to dozens of life outcomes. However, metascientific research has raised questions about the replicability of behavioral science. The Life Outcomes of Personality Replication (LOOPR) Project was therefore conducted to estimate the replicability of the personality-outcome literature. Specifically, I conducted preregistered, high-powered (median N = 1,504) replications of 78 previously published trait–outcome associations. Overall, 87% of the replication attempts were statistically significant in the expected direction. The replication effects were typically 77% as strong as the corresponding original effects, which represents a significant decline in effect size. The replicability of individual effects was predicted by the effect size and design of the original study, as well as the sample size and statistical power of the replication. These results indicate that the personality-outcome literature provides a reasonably accurate map of trait–outcome associations but also that it stands to benefit from efforts to improve replicability.",1,,,abstract,TRUE
Soto,"Paunonen, S. V. (2003). Big Five factors of personality and replicated predictions of behavior. Journal of Personality and Social Psychology, 84, 411-422.",10.1037/0022-3514.84.2.411,"Soto, C. J. (2019). How Replicable Are Links Between Personality Traits and Consequential Life Outcomes? The Life Outcomes of Personality Replication Project. Psychological Science, 30(5), 711-727.",10.1177/0956797619831612,NA,https://drive.google.com/file/d/17mZvRs3ue7pXwqu8bmIDvgNdc95PGEcV/view?usp=drivesdk,1,"The Big Five personality traits have been linked to dozens of life outcomes. However, metascientific research has raised questions about the replicability of behavioral science. The Life Outcomes of Personality Replication (LOOPR) Project was therefore conducted to estimate the replicability of the personality-outcome literature. Specifically, I conducted preregistered, high-powered (median N = 1,504) replications of 78 previously published trait–outcome associations. Overall, 87% of the replication attempts were statistically significant in the expected direction. The replication effects were typically 77% as strong as the corresponding original effects, which represents a significant decline in effect size. The replicability of individual effects was predicted by the effect size and design of the original study, as well as the sample size and statistical power of the replication. These results indicate that the personality-outcome literature provides a reasonably accurate map of trait–outcome associations but also that it stands to benefit from efforts to improve replicability.",1,,,abstract,TRUE
Soto,"Watson, D., Hubbard, B., & Wiese, D. (2000). General traits of personality and affectivity as predictors of satisfaction in intimate relationships: Evidence from self‐and partner‐ratings. Journal of Personality, 68, 413-449.",10.1111/1467-6494.00102,"Soto, C. J. (2019). How Replicable Are Links Between Personality Traits and Consequential Life Outcomes? The Life Outcomes of Personality Replication Project. Psychological Science, 30(5), 711-727.",10.1177/0956797619831612,NA,https://drive.google.com/file/d/17mZvRs3ue7pXwqu8bmIDvgNdc95PGEcV/view?usp=drivesdk,1,"The Big Five personality traits have been linked to dozens of life outcomes. However, metascientific research has raised questions about the replicability of behavioral science. The Life Outcomes of Personality Replication (LOOPR) Project was therefore conducted to estimate the replicability of the personality-outcome literature. Specifically, I conducted preregistered, high-powered (median N = 1,504) replications of 78 previously published trait–outcome associations. Overall, 87% of the replication attempts were statistically significant in the expected direction. The replication effects were typically 77% as strong as the corresponding original effects, which represents a significant decline in effect size. The replicability of individual effects was predicted by the effect size and design of the original study, as well as the sample size and statistical power of the replication. These results indicate that the personality-outcome literature provides a reasonably accurate map of trait–outcome associations but also that it stands to benefit from efforts to improve replicability.",1,,,abstract,TRUE
Soto,"Robins, R. W., Caspi, A., & Moffitt, T. E. (2002). It's not just who you're with, it's who you are: Personality and relationship experiences across multiple relationships. Journal of Personality, 70, 925-964.",10.1111/1467-6494.05028,"Soto, C. J. (2019). How Replicable Are Links Between Personality Traits and Consequential Life Outcomes? The Life Outcomes of Personality Replication Project. Psychological Science, 30(5), 711-727.",10.1177/0956797619831612,NA,https://drive.google.com/file/d/17mZvRs3ue7pXwqu8bmIDvgNdc95PGEcV/view?usp=drivesdk,1,"The Big Five personality traits have been linked to dozens of life outcomes. However, metascientific research has raised questions about the replicability of behavioral science. The Life Outcomes of Personality Replication (LOOPR) Project was therefore conducted to estimate the replicability of the personality-outcome literature. Specifically, I conducted preregistered, high-powered (median N = 1,504) replications of 78 previously published trait–outcome associations. Overall, 87% of the replication attempts were statistically significant in the expected direction. The replication effects were typically 77% as strong as the corresponding original effects, which represents a significant decline in effect size. The replicability of individual effects was predicted by the effect size and design of the original study, as well as the sample size and statistical power of the replication. These results indicate that the personality-outcome literature provides a reasonably accurate map of trait–outcome associations but also that it stands to benefit from efforts to improve replicability.",1,,,abstract,TRUE
Soto,"Karney, B. R., & Bradbury, T. N. (1995). The longitudinal course of marital quality and stability: A review of theory, methods, and research. Psychological Bulletin, 118, 3-34.",10.1037/0033-2909.118.1.3,"Soto, C. J. (2019). How Replicable Are Links Between Personality Traits and Consequential Life Outcomes? The Life Outcomes of Personality Replication Project. Psychological Science, 30(5), 711-727.",10.1177/0956797619831612,NA,https://drive.google.com/file/d/17mZvRs3ue7pXwqu8bmIDvgNdc95PGEcV/view?usp=drivesdk,1,"The Big Five personality traits have been linked to dozens of life outcomes. However, metascientific research has raised questions about the replicability of behavioral science. The Life Outcomes of Personality Replication (LOOPR) Project was therefore conducted to estimate the replicability of the personality-outcome literature. Specifically, I conducted preregistered, high-powered (median N = 1,504) replications of 78 previously published trait–outcome associations. Overall, 87% of the replication attempts were statistically significant in the expected direction. The replication effects were typically 77% as strong as the corresponding original effects, which represents a significant decline in effect size. The replicability of individual effects was predicted by the effect size and design of the original study, as well as the sample size and statistical power of the replication. These results indicate that the personality-outcome literature provides a reasonably accurate map of trait–outcome associations but also that it stands to benefit from efforts to improve replicability.",1,,,abstract,TRUE
Soto,"Thoresen, C. J., Kaplan, S. A., Barsky, A. P., Warren, C. R., & de Chermont (2003). The affective underpinnings of job perceptions and attitudes: A Meta-analytic review and integration. Psychological Bulletin, 129, 914-945.",10.1037/0033-2909.129.6.914,"Soto, C. J. (2019). How Replicable Are Links Between Personality Traits and Consequential Life Outcomes? The Life Outcomes of Personality Replication Project. Psychological Science, 30(5), 711-727.",10.1177/0956797619831612,NA,https://drive.google.com/file/d/17mZvRs3ue7pXwqu8bmIDvgNdc95PGEcV/view?usp=drivesdk,1,"The Big Five personality traits have been linked to dozens of life outcomes. However, metascientific research has raised questions about the replicability of behavioral science. The Life Outcomes of Personality Replication (LOOPR) Project was therefore conducted to estimate the replicability of the personality-outcome literature. Specifically, I conducted preregistered, high-powered (median N = 1,504) replications of 78 previously published trait–outcome associations. Overall, 87% of the replication attempts were statistically significant in the expected direction. The replication effects were typically 77% as strong as the corresponding original effects, which represents a significant decline in effect size. The replicability of individual effects was predicted by the effect size and design of the original study, as well as the sample size and statistical power of the replication. These results indicate that the personality-outcome literature provides a reasonably accurate map of trait–outcome associations but also that it stands to benefit from efforts to improve replicability.",1,,,abstract,TRUE
Soto,"Judge, T. A., Higgins, C. A., Thoresen, C. J., & Barrick, M. R. (1999). The Big Five personality traits, general mental ability, and career success across the life span. Personnel Psychology, 52, 621-652.",10.1111/j.1744-6570.1999.tb00174.x,"Soto, C. J. (2019). How Replicable Are Links Between Personality Traits and Consequential Life Outcomes? The Life Outcomes of Personality Replication Project. Psychological Science, 30(5), 711-727.",10.1177/0956797619831612,NA,https://drive.google.com/file/d/17mZvRs3ue7pXwqu8bmIDvgNdc95PGEcV/view?usp=drivesdk,1,"The Big Five personality traits have been linked to dozens of life outcomes. However, metascientific research has raised questions about the replicability of behavioral science. The Life Outcomes of Personality Replication (LOOPR) Project was therefore conducted to estimate the replicability of the personality-outcome literature. Specifically, I conducted preregistered, high-powered (median N = 1,504) replications of 78 previously published trait–outcome associations. Overall, 87% of the replication attempts were statistically significant in the expected direction. The replication effects were typically 77% as strong as the corresponding original effects, which represents a significant decline in effect size. The replicability of individual effects was predicted by the effect size and design of the original study, as well as the sample size and statistical power of the replication. These results indicate that the personality-outcome literature provides a reasonably accurate map of trait–outcome associations but also that it stands to benefit from efforts to improve replicability.",1,,,abstract,TRUE
Soto,"Roberts, B. W., Caspi, A., & Moffitt, T. E. (2003). Work experiences and personality development in young adulthood. Journal of Personality and Social Psychology, 84, 582-593.",10.1037/0022-3514.84.3.582,"Soto, C. J. (2019). How Replicable Are Links Between Personality Traits and Consequential Life Outcomes? The Life Outcomes of Personality Replication Project. Psychological Science, 30(5), 711-727.",10.1177/0956797619831612,NA,https://drive.google.com/file/d/17mZvRs3ue7pXwqu8bmIDvgNdc95PGEcV/view?usp=drivesdk,1,"The Big Five personality traits have been linked to dozens of life outcomes. However, metascientific research has raised questions about the replicability of behavioral science. The Life Outcomes of Personality Replication (LOOPR) Project was therefore conducted to estimate the replicability of the personality-outcome literature. Specifically, I conducted preregistered, high-powered (median N = 1,504) replications of 78 previously published trait–outcome associations. Overall, 87% of the replication attempts were statistically significant in the expected direction. The replication effects were typically 77% as strong as the corresponding original effects, which represents a significant decline in effect size. The replicability of individual effects was predicted by the effect size and design of the original study, as well as the sample size and statistical power of the replication. These results indicate that the personality-outcome literature provides a reasonably accurate map of trait–outcome associations but also that it stands to benefit from efforts to improve replicability.",1,,,abstract,TRUE
Soto,"Jost, J. T., Glaser, J., Kruglanski, A. W., & Sulloway, F. J. (2003). Political conservatism as motivated social cognition. Psychological Bulletin, 129, 339-375.",10.1037/0033-2909.129.3.339,"Soto, C. J. (2019). How Replicable Are Links Between Personality Traits and Consequential Life Outcomes? The Life Outcomes of Personality Replication Project. Psychological Science, 30(5), 711-727.",10.1177/0956797619831612,NA,https://drive.google.com/file/d/17mZvRs3ue7pXwqu8bmIDvgNdc95PGEcV/view?usp=drivesdk,1,"The Big Five personality traits have been linked to dozens of life outcomes. However, metascientific research has raised questions about the replicability of behavioral science. The Life Outcomes of Personality Replication (LOOPR) Project was therefore conducted to estimate the replicability of the personality-outcome literature. Specifically, I conducted preregistered, high-powered (median N = 1,504) replications of 78 previously published trait–outcome associations. Overall, 87% of the replication attempts were statistically significant in the expected direction. The replication effects were typically 77% as strong as the corresponding original effects, which represents a significant decline in effect size. The replicability of individual effects was predicted by the effect size and design of the original study, as well as the sample size and statistical power of the replication. These results indicate that the personality-outcome literature provides a reasonably accurate map of trait–outcome associations but also that it stands to benefit from efforts to improve replicability.",1,,,abstract,TRUE
Soto,"Carlo, G., Okun, M. A., Knight, G. P., & de Guzman, M. R. T. (2005). The interplay of traits and motives on volunteering: Agreeableness, extraversion and prosocial value motivation. Personality and Individual Differences, 38, 1293-1305.",10.1016/j.paid.2004.08.012,"Soto, C. J. (2019). How Replicable Are Links Between Personality Traits and Consequential Life Outcomes? The Life Outcomes of Personality Replication Project. Psychological Science, 30(5), 711-727.",10.1177/0956797619831612,NA,https://drive.google.com/file/d/17mZvRs3ue7pXwqu8bmIDvgNdc95PGEcV/view?usp=drivesdk,1,"The Big Five personality traits have been linked to dozens of life outcomes. However, metascientific research has raised questions about the replicability of behavioral science. The Life Outcomes of Personality Replication (LOOPR) Project was therefore conducted to estimate the replicability of the personality-outcome literature. Specifically, I conducted preregistered, high-powered (median N = 1,504) replications of 78 previously published trait–outcome associations. Overall, 87% of the replication attempts were statistically significant in the expected direction. The replication effects were typically 77% as strong as the corresponding original effects, which represents a significant decline in effect size. The replicability of individual effects was predicted by the effect size and design of the original study, as well as the sample size and statistical power of the replication. These results indicate that the personality-outcome literature provides a reasonably accurate map of trait–outcome associations but also that it stands to benefit from efforts to improve replicability.",1,,,abstract,TRUE
Soto,"Judge, T. A., & Bono, J. E. (2000). Five-factor model of personality and transformational leadership. Journal of Applied Psychology, 85, 751-765.",10.1037/0021-9010.85.5.751,"Soto, C. J. (2019). How Replicable Are Links Between Personality Traits and Consequential Life Outcomes? The Life Outcomes of Personality Replication Project. Psychological Science, 30(5), 711-727.",10.1177/0956797619831612,NA,https://drive.google.com/file/d/17mZvRs3ue7pXwqu8bmIDvgNdc95PGEcV/view?usp=drivesdk,1,"The Big Five personality traits have been linked to dozens of life outcomes. However, metascientific research has raised questions about the replicability of behavioral science. The Life Outcomes of Personality Replication (LOOPR) Project was therefore conducted to estimate the replicability of the personality-outcome literature. Specifically, I conducted preregistered, high-powered (median N = 1,504) replications of 78 previously published trait–outcome associations. Overall, 87% of the replication attempts were statistically significant in the expected direction. The replication effects were typically 77% as strong as the corresponding original effects, which represents a significant decline in effect size. The replicability of individual effects was predicted by the effect size and design of the original study, as well as the sample size and statistical power of the replication. These results indicate that the personality-outcome literature provides a reasonably accurate map of trait–outcome associations but also that it stands to benefit from efforts to improve replicability.",1,,,abstract,TRUE
Soto,"Shiner, R. L., Masten, A. S., & Tellegen, A. (2002). A developmental perspective on personality in Young adulthood: Childhood antecedents and concurrent adaptation. Journal of Personality and Social Psychology, 83, 1165-1177.",10.1037/0022-3514.83.5.1165,"Soto, C. J. (2019). How Replicable Are Links Between Personality Traits and Consequential Life Outcomes? The Life Outcomes of Personality Replication Project. Psychological Science, 30(5), 711-727.",10.1177/0956797619831612,NA,https://drive.google.com/file/d/17mZvRs3ue7pXwqu8bmIDvgNdc95PGEcV/view?usp=drivesdk,1,"The Big Five personality traits have been linked to dozens of life outcomes. However, metascientific research has raised questions about the replicability of behavioral science. The Life Outcomes of Personality Replication (LOOPR) Project was therefore conducted to estimate the replicability of the personality-outcome literature. Specifically, I conducted preregistered, high-powered (median N = 1,504) replications of 78 previously published trait–outcome associations. Overall, 87% of the replication attempts were statistically significant in the expected direction. The replication effects were typically 77% as strong as the corresponding original effects, which represents a significant decline in effect size. The replicability of individual effects was predicted by the effect size and design of the original study, as well as the sample size and statistical power of the replication. These results indicate that the personality-outcome literature provides a reasonably accurate map of trait–outcome associations but also that it stands to benefit from efforts to improve replicability.",1,,,abstract,TRUE
Soto,"Wiebe, R. P. (2004). Delinquent behavior and the Five-Factor Model: Hiding in the adaptive landscape. Individual Differences Research, 2, 38-62.",wiebe_2004,"Soto, C. J. (2019). How Replicable Are Links Between Personality Traits and Consequential Life Outcomes? The Life Outcomes of Personality Replication Project. Psychological Science, 30(5), 711-727.",10.1177/0956797619831612,NA,https://drive.google.com/file/d/17mZvRs3ue7pXwqu8bmIDvgNdc95PGEcV/view?usp=drivesdk,1,"The Big Five personality traits have been linked to dozens of life outcomes. However, metascientific research has raised questions about the replicability of behavioral science. The Life Outcomes of Personality Replication (LOOPR) Project was therefore conducted to estimate the replicability of the personality-outcome literature. Specifically, I conducted preregistered, high-powered (median N = 1,504) replications of 78 previously published trait–outcome associations. Overall, 87% of the replication attempts were statistically significant in the expected direction. The replication effects were typically 77% as strong as the corresponding original effects, which represents a significant decline in effect size. The replicability of individual effects was predicted by the effect size and design of the original study, as well as the sample size and statistical power of the replication. These results indicate that the personality-outcome literature provides a reasonably accurate map of trait–outcome associations but also that it stands to benefit from efforts to improve replicability.",1,,,abstract,TRUE
datareplicada8a,"Sokolova, T., Seenivasan, S., & Thomas, M. (2020). The left-digit bias: when and why are consumers penny wise and pound foolish?. Journal of Marketing Research, 57(4), 771-788. Study 1",10.1177/0022243720932532,"Simmons, J. &. Nelson, L.D. (2020). [92] Data Replicada #8: Is The Left-Digit Bias Stronger When Prices Are Presented Side-By-Side? Data Colada. https://datacolada.org/92 Replication1",NA,https://datacolada.org/92,NA,Replication 1,NA,17,,,abstract,FALSE
datareplicada8b,"Sokolova, T., Seenivasan, S., & Thomas, M. (2020). The left-digit bias: when and why are consumers penny wise and pound foolish?. Journal of Marketing Research, 57(4), 771-788. Study 1",10.1177/0022243720932532,"Simmons, J. &. Nelson, L.D. (2020). [92] Data Replicada #8: Is The Left-Digit Bias Stronger When Prices Are Presented Side-By-Side? Data Colada. https://datacolada.org/92 Replication2",NA,https://datacolada.org/92,NA,Replication 2,NA,17,,,abstract,FALSE
soscisubmission53,"Mueller, E. M., Panitz, C., Hermann, C., & Pizzagalli, D. A. (2014). Prefrontal oscillations during recall of conditioned and extinguished fear in humans. Journal of Neuroscience, 34, 7059–7066.",10.1523/JNEUROSCI.3427-13.2014,"Sperl, M. F. J., Panitz, C., Rosso, I. M., Dillon, D. G., Kumar, P., Hermann, A., Whitton, A. E., Hermann, C., Pizzagalli, D. A., & Mueller, E. M. (2019). Fear extinction recall modulates human frontomedial theta and amygdala activity. Cerebral Cortex, 29, 701-715.",10.1093/cercor/bhx353,NA,https://drive.google.com/file/d/14aPtuimCBHuACTR6Ysm7rhuUdNnhNt3M/view?usp=drivesdk,1,"AbstractHuman functional magnetic resonance imaging (fMRI) and electroencephalography (EEG) studies, as well as animal studies, indicate that the amygdala and frontomedial brain regions are critically involved in conditioned fear and that frontomedial oscillations in the theta range (4–8 Hz) may support communication between these brain regions. However, few studies have used a multimodal approach to probe interactions among these key regions in humans. Here, our goal was to bridge the gap between prior human fMRI, EEG, and animal findings. Using simultaneous EEG–fMRI recordings 24 h after fear conditioning and extinction, conditioned stimuli presented (CS+E, CS−E) and not presented during extinction (CS+N, CS−N) were compared to identify effects specific to extinction versus fear recall. Differential (CS+ vs. CS−) electrodermal, frontomedial theta (EEG) and amygdala responses (fMRI) were reduced for extinguished versus nonextinguished stimuli. Importantly, effects on theta power covaried with effects on amygdala activation. Fear and extinction recall as indicated by theta explained 60% of the variance for the analogous effect in the right amygdala. Our findings show for the first time the interplay of amygdala and frontomedial theta activity during fear and extinction recall in humans and provide insight into neural circuits consistently linked with top-down amygdala modulation in rodents.",1,,,abstract,TRUE
soscisubmission93,"Perez, M., Jaundoo, R., Hilton, K., Del Alamo, A., Gemayel, K., Klimas, N. G., ... & Nathanson, L. (2019). Genetic predisposition for immune system, hormone, and metabolic dysfunction in myalgic encephalomyelitis/chronic fatigue syndrome: a pilot study. Frontiers in Pediatrics, 7, 423831.",10.3389/fped.2019.00206,"Bedford, F. L., & Greshake Tzovaras, B. (2021). Re-analysis of genetic risks for Chronic Fatigue Syndrome from 23andMe data finds few remain. Frontiers in Pediatrics, 9, 590040.",10.3389/fped.2021.590040,NA,https://drive.google.com/file/d/1xaH1AdTN7K_tpV_fPvFUmkfl3Wi38a_0/view?usp=drivesdk,NA,NA,1,,,abstract,TRUE
soscisubmission84,"Smith, K.C., Davoli, C.C., Knapp, W.H., & Abrams, R.A. (2019) Standing enhances cognitive control and alters visual search. Attention, Perception, and Psychophysics, 81, 2320–2329.",10.3758/s13414-019-01723-6,"Caron, E. E., Marusich, L. R., Bakdash, J. Z., Ballotti, R. J., Tague, A. M., Carriere, J. S., Smilek, D., Harter, D., Lu, S., & Reynolds, M. G. (2023). The Influence of Posture on Attention. Experimental Psychology, 69(6), 295-307.",10.1027/1618-3169/a000567,NA,https://drive.google.com/file/d/1M_QRPQwfBMR3RZaCJW-QHGxqNlm5L1OL/view?usp=drivesdk,Experiment 2,"Abstract. Smith et al. (2019) found standing resulted in better performance than sitting in three different cognitive control paradigms: a Stroop task, a task-switching, and a visual search paradigm. Here, we conducted close replications of the authors’ three experiments using larger sample sizes than the original work. Our sample sizes had essentially perfect power to detect the key postural effects reported by Smith et al. The results from our experiments revealed that, in contrast to Smith et al., the postural interactions were quite limited in magnitude in addition to being only a fraction of the size of the original effects. Moreover, our results from Experiment 1 are consistent with two recent replications ( Caron et al., 2020 ; Straub et al., 2022 ), which reported no meaningful influences of posture on the Stroop effect. In all, the current research provides further converging evidence that postural influences on cognition do not appear to be as robust, as was initially reported in prior work.",2,,,abstract,TRUE
soscisubmission54,"Makhanova, A., Miller, S. L., & Maner, J. K. (2015). Germs and the out-group: Chronic and situational disease concerns affect intergroup categorization. Evolutionary Behavioral Sciences, 9(1), 8–19.",10.1037/ebs0000028,"Makhanova, A., Eubanks, A. D., & Maner, J. K. (2023). Does pathogen avoidance affect intergroup categorization? Replication of Makhanova, Miller, and Maner (2015). Evolutionary Behavioral Sciences, 17(2), 171–186.",10.1037/ebs0000279,NA,https://drive.google.com/file/d/1wcNLyGRa4gXByWTxj5jatSzrFvsBvEOa/view?usp=drivesdk,Study 2,NA,1,,,abstract,TRUE
soscisubmission55,"Marcus, G. F., Vijayan, S., Bandi Rao, S., & Vishton, P. M. (1999). Rule learning by seven-month-old infants. Science (New York, N.Y.), 283(5398), 77–80.",10.1126/science.283.5398.77,"Geambașu, A., Spit, S., van Renswoude, D., Blom, E., Fikkert, P. J. P. M., Hunnius, S., Junge, C. C. M. M., Verhagen, J., Visser, I., Wijnen, F., & Levelt, C. C. (2023). Robustness of the rule-learning effect in 7-month-old infants: A close, multicenter replication of Marcus et al. (1999). Developmental science, 26(1), e13244.",10.1111/desc.13244,NA,https://drive.google.com/file/d/1p6gI2cN5UJ165JXGw5A-NDRQ1yEvL2O-/view?usp=drivesdk,Experiment 2,"Abstract
                    We conducted a close replication of the seminal work by Marcus and colleagues from 1999, which showed that after a brief auditory exposure phase, 7‐month‐old infants were able to learn and generalize a rule to novel syllables not previously present in the exposure phase. This work became the foundation for the theoretical framework by which we assume that infants are able to learn abstract representations and generalize linguistic rules. While some extensions on the original work have shown evidence of rule learning, the outcomes are mixed, and an exact replication of Marcus et al.'s study has thus far not been reported. A
recent meta‐analysis by Rabagliati and colleagues brings to light that the rule‐learning effect depends on stimulus type (e.g., meaningfulness, speech vs. nonspeech) and is not as robust as often assumed. In light of the theoretical importance of the issue at stake, it is appropriate and necessary to assess the replicability and robustness of Marcus et al.'s findings. Here we have undertaken a replication across four labs with a large sample of 7‐month‐old infants (
                    N 
                    = 96), using the same exposure patterns (ABA and ABB), methodology (Headturn Preference Paradigm), and original stimuli. As in the original study, we tested the hypothesis that infants are able to learn abstract “algebraic” rules and apply them to novel input. Our results did not replicate the original findings: infants showed no difference in looking time between test patterns consistent or inconsistent with the familiarization pattern they were exposed to.
                  ",1,,,abstract,TRUE
soscisubmission12a,"Abel, E. L., & Kruger, M. L. (2010). Smile intensity in photographs predicts longevity. Psychological Science, 21, 542-544.",10.1177/0956797610363775,"Dufner, M., Brümmer, M., Chung, J. M., Drewke, P. M., Blaison, C., & Schmukle, S. C. (2018). Does smile intensity in photographs really predict longevity? A replication and extension of Abel and Kruger (2010). Psychological Science, 29(1), 147-153.",10.1177/0956797617734315,NA,https://drive.google.com/file/d/1qIFGf5ktWSXh7rQfL1KhTAj0tN-Q92hY/view?usp=drivesdk,NA,"Abel and Kruger (2010) found that the smile intensity of professional baseball players who were active in 1952, as coded from photographs, predicted these players’ longevity. In the current investigation, we sought to replicate this result and to extend the initial analyses. We analyzed (a) a sample that was almost identical to the one from Abel and Kruger’s study using the same database and inclusion criteria ( N = 224), (b) a considerably larger nonoverlapping sample consisting of other players from the same cohort ( N = 527), and (c) all players in the database ( N = 13,530 valid cases). Like Abel and Kruger, we relied on categorical smile codings as indicators of positive affectivity, yet we supplemented these codings with subjective ratings of joy intensity and automatic codings of positive affectivity made by computer programs. In both samples and for all three indicators, we found that positive affectivity did not predict mortality once birth year was controlled as a covariate.",1,,,abstract,FALSE
OpenMKT18,"Zhu, M., & Ratner, R. K. (2015). Scarcity polarizes preferences: The impact on choice among multiple items in a product class. Journal of Marketing Research, 52(1), 13-26. Study 2",10.1509/jmr.13.0451,"O’Donnell, M., Dev, A. S., Antonoplis, S., Baum, S. M., Benedetti, A. H., Brown, N. D., Carrillo, B., Choi, A. L., Connor, P., Donnelly, K., Ellwood-Lowe, M. E., Foushee, R., Jansen, R., Jarvis, S. N., Lundell-Creagh, R., Ocampo, J. M., Okafor, G. N., Azad, Z. R., Rosenblum, M., … Nelson, L. D. (2021). Empirical audit and review and an assessment of evidentiary value in research on the psychological consequences of scarcity. Proceedings of the National Academy of Sciences, 118(44), e2103313118.",10.1073/pnas.2103313118,NA,https://drive.google.com/file/d/1Irbmig3rfLDvz-G09jDAVwJvv1drYEqO/view?usp=drivesdk,31,"Empirical audit and review is an approach to assessing the evidentiary value of a research area. It involves identifying a topic and selecting a cross-section of studies for replication. We apply the method to research on the psychological consequences of scarcity. Starting with the papers citing a seminal publication in the field, we conducted replications of 20 studies that evaluate the role of scarcity priming in pain sensitivity, resource allocation, materialism, and many other domains. There was considerable variability in the replicability, with some strong successes and other undeniable failures. Empirical audit and review does not attempt to assign an overall replication rate for a heterogeneous field, but rather facilitates researchers seeking to incorporate strength of evidence as they refine theories and plan new investigations in the research area. This method allows for an integration of qualitative and quantitative approaches to review and enables the growth of a cumulative science.",10,,,abstract,TRUE
OpenMKT19,"Cook, L. A., & Sadeghein, R. (2018). Effects of perceived scarcity on financial decision making. Journal of Public Policy & Marketing, 37(1), 68-87. Study 3",10.1509/jppm.16.157,"O’Donnell, M., Dev, A. S., Antonoplis, S., Baum, S. M., Benedetti, A. H., Brown, N. D., Carrillo, B., Choi, A. L., Connor, P., Donnelly, K., Ellwood-Lowe, M. E., Foushee, R., Jansen, R., Jarvis, S. N., Lundell-Creagh, R., Ocampo, J. M., Okafor, G. N., Azad, Z. R., Rosenblum, M., … Nelson, L. D. (2021). Empirical audit and review and an assessment of evidentiary value in research on the psychological consequences of scarcity. Proceedings of the National Academy of Sciences, 118(44), e2103313118.",10.1073/pnas.2103313118,NA,https://drive.google.com/file/d/1Irbmig3rfLDvz-G09jDAVwJvv1drYEqO/view?usp=drivesdk,5,"Empirical audit and review is an approach to assessing the evidentiary value of a research area. It involves identifying a topic and selecting a cross-section of studies for replication. We apply the method to research on the psychological consequences of scarcity. Starting with the papers citing a seminal publication in the field, we conducted replications of 20 studies that evaluate the role of scarcity priming in pain sensitivity, resource allocation, materialism, and many other domains. There was considerable variability in the replicability, with some strong successes and other undeniable failures. Empirical audit and review does not attempt to assign an overall replication rate for a heterogeneous field, but rather facilitates researchers seeking to incorporate strength of evidence as they refine theories and plan new investigations in the research area. This method allows for an integration of qualitative and quantitative approaches to review and enables the growth of a cumulative science.",10,,,abstract,TRUE
OpenMKT21,"Ward, A. F., Duke, K., Gneezy, A., & Bos, M. W. (2017). Brain drain: The mere presence of one’s own smartphone reduces available cognitive capacity. Journal of the Association for Consumer Research, 2(2), 140-154. Study 2",10.1086/691462,"Pardo, A. C. R., & Minda, J. P. (2022). Reexamining the “brain drain” effect: A replication of Ward et al.(2017). Acta Psychologica, 230, 103717.",10.1016/j.actpsy.2022.103717,NA,https://drive.google.com/file/d/1JqR213ecE6dYmcQzX1WidGxm2UimuKxl/view?usp=drivesdk,1,NA,1,,,abstract,TRUE
OpenMKT13,"Monga, A., May, F., & Bagchi, R. (2017). Eliciting time versus money: time scarcity underlies asymmetric wage rates. Journal of consumer research, 44(4), 833-852. Study 4",10.1093/jcr/ucx066,"O’Donnell, M., Dev, A. S., Antonoplis, S., Baum, S. M., Benedetti, A. H., Brown, N. D., Carrillo, B., Choi, A. L., Connor, P., Donnelly, K., Ellwood-Lowe, M. E., Foushee, R., Jansen, R., Jarvis, S. N., Lundell-Creagh, R., Ocampo, J. M., Okafor, G. N., Azad, Z. R., Rosenblum, M., … Nelson, L. D. (2021). Empirical audit and review and an assessment of evidentiary value in research on the psychological consequences of scarcity. Proceedings of the National Academy of Sciences, 118(44), e2103313118.",10.1073/pnas.2103313118,https://drive.google.com/file/d/1Oyf6phoxDUGiryzACmCI2gdTcVIQO0rE/view?usp=drive_link,https://drive.google.com/file/d/1Irbmig3rfLDvz-G09jDAVwJvv1drYEqO/view?usp=drivesdk,13,"Empirical audit and review is an approach to assessing the evidentiary value of a research area. It involves identifying a topic and selecting a cross-section of studies for replication. We apply the method to research on the psychological consequences of scarcity. Starting with the papers citing a seminal publication in the field, we conducted replications of 20 studies that evaluate the role of scarcity priming in pain sensitivity, resource allocation, materialism, and many other domains. There was considerable variability in the replicability, with some strong successes and other undeniable failures. Empirical audit and review does not attempt to assign an overall replication rate for a heterogeneous field, but rather facilitates researchers seeking to incorporate strength of evidence as they refine theories and plan new investigations in the research area. This method allows for an integration of qualitative and quantitative approaches to review and enables the growth of a cumulative science.",10,,,abstract,TRUE
OpenMKT11,"Lee, S., Baumgartner, H., & Winterich, K. P. (2018). Did they earn it? Observing unearned luxury consumption decreases brand attitude when observers value fairness. Journal of Consumer Psychology, 28(3), 412-436. Study 4",10.1002/jcpy.1028,"O’Donnell, M., Dev, A. S., Antonoplis, S., Baum, S. M., Benedetti, A. H., Brown, N. D., Carrillo, B., Choi, A. L., Connor, P., Donnelly, K., Ellwood-Lowe, M. E., Foushee, R., Jansen, R., Jarvis, S. N., Lundell-Creagh, R., Ocampo, J. M., Okafor, G. N., Azad, Z. R., Rosenblum, M., … Nelson, L. D. (2021). Empirical audit and review and an assessment of evidentiary value in research on the psychological consequences of scarcity. Proceedings of the National Academy of Sciences, 118(44), e2103313118.",10.1073/pnas.2103313118,https://drive.google.com/file/d/1Oyf6phoxDUGiryzACmCI2gdTcVIQO0rE/view?usp=drive_link,https://drive.google.com/file/d/1Irbmig3rfLDvz-G09jDAVwJvv1drYEqO/view?usp=drivesdk,11,"Empirical audit and review is an approach to assessing the evidentiary value of a research area. It involves identifying a topic and selecting a cross-section of studies for replication. We apply the method to research on the psychological consequences of scarcity. Starting with the papers citing a seminal publication in the field, we conducted replications of 20 studies that evaluate the role of scarcity priming in pain sensitivity, resource allocation, materialism, and many other domains. There was considerable variability in the replicability, with some strong successes and other undeniable failures. Empirical audit and review does not attempt to assign an overall replication rate for a heterogeneous field, but rather facilitates researchers seeking to incorporate strength of evidence as they refine theories and plan new investigations in the research area. This method allows for an integration of qualitative and quantitative approaches to review and enables the growth of a cumulative science.",10,,,abstract,TRUE
OpenMKT15,"Mehta, R., & Zhu, M. (2016). Creating when you have less: The impact of resource scarcity on product use creativity. Journal of Consumer Research, 42(5), 767-782. Study 2",10.1093/jcr/ucv051,"O’Donnell, M., Dev, A. S., Antonoplis, S., Baum, S. M., Benedetti, A. H., Brown, N. D., Carrillo, B., Choi, A. L., Connor, P., Donnelly, K., Ellwood-Lowe, M. E., Foushee, R., Jansen, R., Jarvis, S. N., Lundell-Creagh, R., Ocampo, J. M., Okafor, G. N., Azad, Z. R., Rosenblum, M., … Nelson, L. D. (2021). Empirical audit and review and an assessment of evidentiary value in research on the psychological consequences of scarcity. Proceedings of the National Academy of Sciences, 118(44), e2103313118.",10.1073/pnas.2103313118,https://drive.google.com/file/d/1Oyf6phoxDUGiryzACmCI2gdTcVIQO0rE/view?usp=drive_link,https://drive.google.com/file/d/1Irbmig3rfLDvz-G09jDAVwJvv1drYEqO/view?usp=drivesdk,13,"Empirical audit and review is an approach to assessing the evidentiary value of a research area. It involves identifying a topic and selecting a cross-section of studies for replication. We apply the method to research on the psychological consequences of scarcity. Starting with the papers citing a seminal publication in the field, we conducted replications of 20 studies that evaluate the role of scarcity priming in pain sensitivity, resource allocation, materialism, and many other domains. There was considerable variability in the replicability, with some strong successes and other undeniable failures. Empirical audit and review does not attempt to assign an overall replication rate for a heterogeneous field, but rather facilitates researchers seeking to incorporate strength of evidence as they refine theories and plan new investigations in the research area. This method allows for an integration of qualitative and quantitative approaches to review and enables the growth of a cumulative science.",10,,,abstract,FALSE
OpenMKT17,"Durante, K. M., Griskevicius, V., Redden, J. P., & Edward White, A. (2015). Spending on daughters versus sons in economic recessions. Journal of Consumer Research, 42(3), 435-457. Study 4",10.1093/jcr/ucv023,"O’Donnell, M., Dev, A. S., Antonoplis, S., Baum, S. M., Benedetti, A. H., Brown, N. D., Carrillo, B., Choi, A. L., Connor, P., Donnelly, K., Ellwood-Lowe, M. E., Foushee, R., Jansen, R., Jarvis, S. N., Lundell-Creagh, R., Ocampo, J. M., Okafor, G. N., Azad, Z. R., Rosenblum, M., … Nelson, L. D. (2021). Empirical audit and review and an assessment of evidentiary value in research on the psychological consequences of scarcity. Proceedings of the National Academy of Sciences, 118(44), e2103313118.",10.1073/pnas.2103313118,https://drive.google.com/file/d/1Oyf6phoxDUGiryzACmCI2gdTcVIQO0rE/view?usp=drive_link,https://drive.google.com/file/d/1Irbmig3rfLDvz-G09jDAVwJvv1drYEqO/view?usp=drivesdk,17,"Empirical audit and review is an approach to assessing the evidentiary value of a research area. It involves identifying a topic and selecting a cross-section of studies for replication. We apply the method to research on the psychological consequences of scarcity. Starting with the papers citing a seminal publication in the field, we conducted replications of 20 studies that evaluate the role of scarcity priming in pain sensitivity, resource allocation, materialism, and many other domains. There was considerable variability in the replicability, with some strong successes and other undeniable failures. Empirical audit and review does not attempt to assign an overall replication rate for a heterogeneous field, but rather facilitates researchers seeking to incorporate strength of evidence as they refine theories and plan new investigations in the research area. This method allows for an integration of qualitative and quantitative approaches to review and enables the growth of a cumulative science.",10,,,abstract,TRUE
OpenMKT20,"Chou, E. Y., Parmar, B. L., & Galinsky, A. D. (2016). Economic Insecurity Increases Physical Pain. Psychological science, 27(4), 443–454. Study 3",10.1177/0956797615625640,"O’Donnell, M., Dev, A. S., Antonoplis, S., Baum, S. M., Benedetti, A. H., Brown, N. D., Carrillo, B., Choi, A. L., Connor, P., Donnelly, K., Ellwood-Lowe, M. E., Foushee, R., Jansen, R., Jarvis, S. N., Lundell-Creagh, R., Ocampo, J. M., Okafor, G. N., Azad, Z. R., Rosenblum, M., … Nelson, L. D. (2021). Empirical audit and review and an assessment of evidentiary value in research on the psychological consequences of scarcity. Proceedings of the National Academy of Sciences, 118(44), e2103313118.",10.1073/pnas.2103313118,https://drive.google.com/file/d/1Oyf6phoxDUGiryzACmCI2gdTcVIQO0rE/view?usp=drive_link,https://drive.google.com/file/d/1Irbmig3rfLDvz-G09jDAVwJvv1drYEqO/view?usp=drivesdk,4,"Empirical audit and review is an approach to assessing the evidentiary value of a research area. It involves identifying a topic and selecting a cross-section of studies for replication. We apply the method to research on the psychological consequences of scarcity. Starting with the papers citing a seminal publication in the field, we conducted replications of 20 studies that evaluate the role of scarcity priming in pain sensitivity, resource allocation, materialism, and many other domains. There was considerable variability in the replicability, with some strong successes and other undeniable failures. Empirical audit and review does not attempt to assign an overall replication rate for a heterogeneous field, but rather facilitates researchers seeking to incorporate strength of evidence as they refine theories and plan new investigations in the research area. This method allows for an integration of qualitative and quantitative approaches to review and enables the growth of a cumulative science.",10,,,abstract,FALSE
soscisubmission83,"Smith, K.C., Davoli, C.C., Knapp, W.H., & Abrams, R.A. (2019) Standing enhances cognitive control and alters visual search. Attention, Perception, and Psychophysics, 81, 2320–2329.",10.3758/s13414-019-01723-6,"Caron, E. E., Marusich, L. R., Bakdash, J. Z., Ballotti, R. J., Tague, A. M., Carriere, J. S., Smilek, D., Harter, D., Lu, S., & Reynolds, M. G. (2023). The Influence of Posture on Attention. Experimental Psychology, 69(6), 295-307.",10.1027/1618-3169/a000567,NA,https://drive.google.com/file/d/1M_QRPQwfBMR3RZaCJW-QHGxqNlm5L1OL/view?usp=drivesdk,Experiment 1,"Abstract. Smith et al. (2019) found standing resulted in better performance than sitting in three different cognitive control paradigms: a Stroop task, a task-switching, and a visual search paradigm. Here, we conducted close replications of the authors’ three experiments using larger sample sizes than the original work. Our sample sizes had essentially perfect power to detect the key postural effects reported by Smith et al. The results from our experiments revealed that, in contrast to Smith et al., the postural interactions were quite limited in magnitude in addition to being only a fraction of the size of the original effects. Moreover, our results from Experiment 1 are consistent with two recent replications ( Caron et al., 2020 ; Straub et al., 2022 ), which reported no meaningful influences of posture on the Stroop effect. In all, the current research provides further converging evidence that postural influences on cognition do not appear to be as robust, as was initially reported in prior work.",2,,,abstract,TRUE
soscisubmission83,"Smith, K.C., Davoli, C.C., Knapp, W.H., & Abrams, R.A. (2019) Standing enhances cognitive control and alters visual search. Attention, Perception, and Psychophysics, 81, 2320–2329.",10.3758/s13414-019-01723-6,"Caron, E. E., Marusich, L. R., Bakdash, J. Z., Ballotti, R. J., Tague, A. M., Carriere, J. S., Smilek, D., Harter, D., Lu, S., & Reynolds, M. G. (2023). The Influence of Posture on Attention. Experimental Psychology, 69(6), 295-307.",10.1027/1618-3169/a000567,NA,https://drive.google.com/file/d/1M_QRPQwfBMR3RZaCJW-QHGxqNlm5L1OL/view?usp=drivesdk,Experiment 3,"Abstract. Smith et al. (2019) found standing resulted in better performance than sitting in three different cognitive control paradigms: a Stroop task, a task-switching, and a visual search paradigm. Here, we conducted close replications of the authors’ three experiments using larger sample sizes than the original work. Our sample sizes had essentially perfect power to detect the key postural effects reported by Smith et al. The results from our experiments revealed that, in contrast to Smith et al., the postural interactions were quite limited in magnitude in addition to being only a fraction of the size of the original effects. Moreover, our results from Experiment 1 are consistent with two recent replications ( Caron et al., 2020 ; Straub et al., 2022 ), which reported no meaningful influences of posture on the Stroop effect. In all, the current research provides further converging evidence that postural influences on cognition do not appear to be as robust, as was initially reported in prior work.",2,,,abstract,TRUE
datareplicada9b,"Cian, L., Longoni, C., & Krishna, A. (2020). Advertising a Desired Change: When Process Simulation Fosters (vs. Hinders) Credibility and Persuasion. Journal of Marketing Research, 57(3), 489-508. Study 2",10.1177/0022243720904758,"Simmons, J. &. Nelson, L.D. (2020). [94] Data Replicada #9: Are Progression Ads More Credible? Data Colada. https://datacolada.org/94 Replication 2",NA,https://datacolada.org/94,NA,Replication 2,NA,17,,,abstract,TRUE
datareplicada9a,"Cian, L., Longoni, C., & Krishna, A. (2020). Advertising a Desired Change: When Process Simulation Fosters (vs. Hinders) Credibility and Persuasion. Journal of Marketing Research, 57(3), 489-508. Study 2",10.1177/0022243720904758,"Simmons, J. &. Nelson, L.D. (2020). [94] Data Replicada #9: Are Progression Ads More Credible? Replication 1 Data Colada. https://datacolada.org/94",NA,https://datacolada.org/94,NA,Replication 1,NA,17,,,abstract,TRUE
CORE_9,"Heyman, J., & Ariely, D. (2004). Effort for payment: A tale of two markets. Psychological science, 15(11), 787-793.",10.1111/j.0956-7976.2004.00757.x,"Imada, H., Chan, W. F., Ng, Y. K., Man, L. H., Wong, M. S., Cheng, B. L., & Feldman, G. (2022). Rewarding more is better for soliciting help, yet more so for cash than for goods: Revisiting and reframing the Tale of Two Markets with replications and extensions of Heyman and Ariely (2004). Collabra: Psychology, 8(1), 32572.",10.1525/collabra.32572,NA,https://drive.google.com/file/d/1i0bCNvCfo6OSjU80G4ILg4LMaQt55loT/view?usp=drivesdk,1,"Heyman and Ariely (2004) demonstrated that the expected effectiveness of soliciting help varied depending on the “market”, a money market represented by cash rewards versus a social market represented by goods as rewards. They showed that, as cash rewards increase, individuals expected others to be more willing to help, yet, when offering social goods as rewards such as candy, expected willingness to help was insensitive to rewards’ monetary worth. We conducted two pre-registered replication studies (total: N = 3302, MTurk/Prolific) of Study 1 in Heyman and Ariely (2004) and found support for one of their main claims that people are more sensitive to worth when the reward is cash than goods. However, the rewards’ monetary worth impacted expected willingness to help even in social markets, deviating from the original findings. Extensions further compared between-subject and within-subject designs, examined perceived affect (joy and regret), and added a new control condition. We concluded that higher compensation is generally perceived as better when soliciting help, yet more so for the money market cash rewards than for the social market goods rewards. All materials, data, and code are provided on https://osf.io/y9p7u/",1,,,abstract,TRUE
CORE_17,"Johnson, E. J., & Goldstein, D. (2003). Do defaults save lives?. Science, 302(5649), 1338-1339.",10.1126/science.1091721,"Chandrashekar, S. P., Adelina, N., Zeng, S., Chiu, Y. Y. E., Leung, Y., Henne, P., ... & Feldman, G. (2022). Defaults versus framing: Revisiting Default Effect and Framing Effect with replications and extensions of Johnson and Goldstein (2003) and Johnson, Bellman, and Lohse (2002). https://osf.io/pqt82",10.15/626/mp.2022.3108,https://osf.io/pqt82,https://drive.google.com/file/d/1f4b7CUsFcwOX-Klgh9LjeLzeZWCh9wRO/view?usp=drivesdk,1,NA,2,,,abstract,FALSE
CORE_27,"Gilovich, T., Medvec, V. H. (1994). The temporal pattern to the experience of regret. Journal of Personality and Social Psychology, 67(3), 357–365.",10.1037/0022-3514.67.3.357,"Yeung, S. & ^Feldman, G. (2022). Revisiting the Temporal Pattern of Regret: Replication of Gilovich and Medvec (1994) with extensions examining responsibility. Collabra:Psychology, 8 (1): 37122.",10.1525/collabra.37122,NA,https://drive.google.com/file/d/1eoWS9jdc53wyHszo4c8Ge2gzlwq30DvI/view?usp=drivesdk,4,"The temporal pattern of regret is the phenomenon that people perceive or experience stronger regret over action compared to inaction in the short-term, yet stronger regret over inaction compared to action in the long term. Following mixed and null findings in the literature, we conducted replications and extension of Studies 1, 3, 4, and 5 in the classic Gilovich and Medvec (1994) which first demonstrated this phenomenon, with a single combined data collection in randomized display order with an online sample of Americans on MTurk (N = 988). We found support for the original findings using different designs in Studies 1, 3, and 4, yet with weaker effects. We failed to find support for such a pattern in Study 5. We discuss possible interpretations for these differences: our replication adjustments, the change in the meaning of action and inaction, or change in hypothetical versus real-life personal experiences. Extending the replications, we found support for stronger responsibility for action compared to inaction both in the short-term and the long-term. We conclude overall support for the effects, yet with follow-up work necessary to resolve the inconsistencies in the findings of the Study 5 replication. Pre-registration, materials, data, and code were made available on: https://osf.io/7m3q2/",1,,,abstract,TRUE
soscisubmission72,"Wansink, B., Painter, J. E., & North, J. (2005). Bottomless bowls: why visual cues of portion size may influence intake. Obesity research, 13(1), 93-100.",10.1038/oby.2005.12,"Lopez, A., Choi, A. K., Dellawar, N. C., Cullen, B. C., Avila Contreras, S., Rosenfeld, D. L., & Tomiyama, A. J. (2023). Visual cues and food intake: A preregistered replication of Wansink et al.(2005). Journal of Experimental Psychology: General. Advance online publication.",10.1037/xge0001503,NA,https://drive.google.com/file/d/1enJo63drmDH3LiCKXFS8g3-psbOxwDuR/view?usp=drivesdk,1,NA,1,,,abstract,TRUE
soscisubmission78,"Nicholls, M. E. R., Churches, O. & Loetscher, T. (2018). Perception of an ambiguous figure is affected by own-age social biases. Scientific Reports, 8, 12661.",10.1038/s41598-018-31129-7,"Brouwer, A., Jin, X., Waldi, A. H., & Verheyen, S. (2021). Age biases the judgment rather than the perception of an ambiguous figure. Scientific Reports, 11, 8627.",10.1038/s41598-021-88139-1,NA,https://drive.google.com/file/d/19dKp0Bt_y9wu5nwD0ND7qjkbddLPOjCy/view?usp=drivesdk,1,"AbstractOlder participants who are briefly presented with the ‘my wife/mother-in-law’ ambiguous figure estimate its age to be higher than young participants do. This finding is thought to be the result of a subconscious social group bias that influences participants’ perception of the figure. Because people are better able to recognize similarly aged individuals, young participants are expected to perceive the ambiguous figure as a young woman, while older participants are more likely to recognize an older lady. We replicate the difference in age estimates, but find no relationship between participants’ age and their perception of the ambiguous figure. This leads us to conclude that the positive relationship between participants’ age and their age estimates of the ambiguous ‘my wife/mother-in-law’ figure is better explained by the own-age anchor effect, which holds that people use their own age as a yard stick to judge the age of the figure, regardless of whether the young woman or the older lady is perceived. Our results disqualify the original finding as an example of cognitive penetrability: the participants’ age biases their judgment of the ambiguous figure, not its perception.",1,,,abstract,FALSE
soscisubmission90a,"Southgate V, Senju A, Csibra G. Action anticipation through attribution of false belief by 2-year-olds. Psychol Sci. 2007 Jul;18(7):587-92. PMID: 17614866.",10.1111/j.1467-9280.2007.01944.x,"Kulke, L., & Rakoczy, H. (2019). Testing the role of verbal narration in implicit theory of mind tasks. Journal of Cognition and Development, 20(1), 1-14.",10.1080/15248372.2018.1544140,NA,https://drive.google.com/file/d/10Ld1Nivm3OIC43nW0JIiWZhrLO6OXhBr/view?usp=drivesdk,1,NA,1,,,abstract,TRUE
Data (editable)_1,"Roelofs, K., Hagenaars, M. A., & Stins, J. (2010). Facing freeze: Social threat induces bodily freeze in humans. Psychological Science, 21, 1575–1581.",10.1177/0956797610384746,"Noordewier, M. K., Scheepers, D. T., & Hilbert, L. P. (2020). Freezing in response to social threat: a replication. Psychological Research, 84, 1890-1896.",10.1007/s00426-019-01203-4,NA,https://drive.google.com/file/d/1F_nuyD_n047nlKR4UNCi4EOBqH27odbQ/view?usp=drivesdk,1,"AbstractFreezing is an adaptive defensive response to a stressful event. Recent research suggests that freezing not only occurs in response to physical threats but also in response to social threats (e.g., angry faces; Roelofs et al. in Psychol Sci 21:1575–1581, 2010). Given the practical and theoretical importance of this finding, the current study aimed to replicate and extend it. Following the original study, we measured heart rate while participants viewed emotional faces (angry, happy, neutral). Extending the original study, we included a baseline measure and performed additional, more fine-grained analyses. Our results support the hypothesis that participants show physiological signs of freezing when looking at angry faces. Importantly, we also find this effect when comparing heart rate in the angry block to baseline levels. Interestingly, the heart rate effects are explained by deceleration in the first 30 s of the 1-min angry block, but not in the second 30 s. Like Roelofs et al., we find evidence that the effects are modulated by state anxiety, but our effects are only marginal and we do not replicate the negative correlation between heart rate and state anxiety in the angry block. In general, we thus find evidence for physiological signs of freezing in response to social threat. We discuss implications and venues for future research.",1,,,abstract,TRUE
Soto,"MacDonald, D. A. (2000). Spirituality: Description, measurement, and relation to the five factor model of personality. Journal of Personality, 68, 153-197.",10.1111/1467-6494.t01-1-00094,"Soto, C. J. (2019). How Replicable Are Links Between Personality Traits and Consequential Life Outcomes? The Life Outcomes of Personality Replication Project. Psychological Science, 30(5), 711-727.",10.1177/0956797619831612,https://drive.google.com/file/d/17mZvRs3ue7pXwqu8bmIDvgNdc95PGEcV/view,https://drive.google.com/file/d/17mZvRs3ue7pXwqu8bmIDvgNdc95PGEcV/view?usp=drivesdk,1,"The Big Five personality traits have been linked to dozens of life outcomes. However, metascientific research has raised questions about the replicability of behavioral science. The Life Outcomes of Personality Replication (LOOPR) Project was therefore conducted to estimate the replicability of the personality-outcome literature. Specifically, I conducted preregistered, high-powered (median N = 1,504) replications of 78 previously published trait–outcome associations. Overall, 87% of the replication attempts were statistically significant in the expected direction. The replication effects were typically 77% as strong as the corresponding original effects, which represents a significant decline in effect size. The replicability of individual effects was predicted by the effect size and design of the original study, as well as the sample size and statistical power of the replication. These results indicate that the personality-outcome literature provides a reasonably accurate map of trait–outcome associations but also that it stands to benefit from efforts to improve replicability.",1,,,abstract,TRUE
Soto,"Cann, A., & Calhoun, L. G. (2001). Perceived personality associations with differences in sense of humor: Stereotypes of hypothetical others with high or low senses of humor. Humor: International Journal of Humor Research, 14(2), 117–130. Study 2",10.1515/humr.14.2.117,"Soto, C. J. (2019). How Replicable Are Links Between Personality Traits and Consequential Life Outcomes? The Life Outcomes of Personality Replication Project. Psychological Science, 30(5), 711-727.",10.1177/0956797619831612,https://drive.google.com/file/d/17mZvRs3ue7pXwqu8bmIDvgNdc95PGEcV/view,https://drive.google.com/file/d/17mZvRs3ue7pXwqu8bmIDvgNdc95PGEcV/view?usp=drivesdk,NA,"The Big Five personality traits have been linked to dozens of life outcomes. However, metascientific research has raised questions about the replicability of behavioral science. The Life Outcomes of Personality Replication (LOOPR) Project was therefore conducted to estimate the replicability of the personality-outcome literature. Specifically, I conducted preregistered, high-powered (median N = 1,504) replications of 78 previously published trait–outcome associations. Overall, 87% of the replication attempts were statistically significant in the expected direction. The replication effects were typically 77% as strong as the corresponding original effects, which represents a significant decline in effect size. The replicability of individual effects was predicted by the effect size and design of the original study, as well as the sample size and statistical power of the replication. These results indicate that the personality-outcome literature provides a reasonably accurate map of trait–outcome associations but also that it stands to benefit from efforts to improve replicability.",1,,,abstract,TRUE
Soto,"Aspinwall, L. G., & Taylor, S. E. (1992). Modeling cognitive adaptation: A longitudinal investigation of the impact of individual differences and coping on college adjustment and performance. Journal of Personality and Social Psychology, 63(6), 989–1003.",10.1037/0022-3514.63.6.989,"Soto, C. J. (2019). How Replicable Are Links Between Personality Traits and Consequential Life Outcomes? The Life Outcomes of Personality Replication Project. Psychological Science, 30(5), 711-727.",10.1177/0956797619831612,https://drive.google.com/file/d/17mZvRs3ue7pXwqu8bmIDvgNdc95PGEcV/view,https://drive.google.com/file/d/17mZvRs3ue7pXwqu8bmIDvgNdc95PGEcV/view?usp=drivesdk,1,"The Big Five personality traits have been linked to dozens of life outcomes. However, metascientific research has raised questions about the replicability of behavioral science. The Life Outcomes of Personality Replication (LOOPR) Project was therefore conducted to estimate the replicability of the personality-outcome literature. Specifically, I conducted preregistered, high-powered (median N = 1,504) replications of 78 previously published trait–outcome associations. Overall, 87% of the replication attempts were statistically significant in the expected direction. The replication effects were typically 77% as strong as the corresponding original effects, which represents a significant decline in effect size. The replicability of individual effects was predicted by the effect size and design of the original study, as well as the sample size and statistical power of the replication. These results indicate that the personality-outcome literature provides a reasonably accurate map of trait–outcome associations but also that it stands to benefit from efforts to improve replicability.",1,,,abstract,TRUE
Soto,"McCullough, M. E., Emmons, R. A., & Tsang, J. A. (2002). The grateful disposition: A conceptual and empirical topography. Journal of Personality and Social Psychology, 82, 112-127. Study 2",10.1037/0022-3514.82.1.112,"Soto, C. J. (2019). How Replicable Are Links Between Personality Traits and Consequential Life Outcomes? The Life Outcomes of Personality Replication Project. Psychological Science, 30(5), 711-727.",10.1177/0956797619831612,https://drive.google.com/file/d/17mZvRs3ue7pXwqu8bmIDvgNdc95PGEcV/view,https://drive.google.com/file/d/17mZvRs3ue7pXwqu8bmIDvgNdc95PGEcV/view?usp=drivesdk,1,"The Big Five personality traits have been linked to dozens of life outcomes. However, metascientific research has raised questions about the replicability of behavioral science. The Life Outcomes of Personality Replication (LOOPR) Project was therefore conducted to estimate the replicability of the personality-outcome literature. Specifically, I conducted preregistered, high-powered (median N = 1,504) replications of 78 previously published trait–outcome associations. Overall, 87% of the replication attempts were statistically significant in the expected direction. The replication effects were typically 77% as strong as the corresponding original effects, which represents a significant decline in effect size. The replicability of individual effects was predicted by the effect size and design of the original study, as well as the sample size and statistical power of the replication. These results indicate that the personality-outcome literature provides a reasonably accurate map of trait–outcome associations but also that it stands to benefit from efforts to improve replicability.",1,,,abstract,TRUE
Soto,"DeNeve, K. M., & Cooper, H. (1998). The happy personality: A meta-analysis of 137 personality traits and subjective well-being. Psychological Bulletin, 124, 197-229.",10.1037/0033-2909.124.2.197,"Soto, C. J. (2019). How Replicable Are Links Between Personality Traits and Consequential Life Outcomes? The Life Outcomes of Personality Replication Project. Psychological Science, 30(5), 711-727.",10.1177/0956797619831612,https://drive.google.com/file/d/17mZvRs3ue7pXwqu8bmIDvgNdc95PGEcV/view,https://drive.google.com/file/d/17mZvRs3ue7pXwqu8bmIDvgNdc95PGEcV/view?usp=drivesdk,1,"The Big Five personality traits have been linked to dozens of life outcomes. However, metascientific research has raised questions about the replicability of behavioral science. The Life Outcomes of Personality Replication (LOOPR) Project was therefore conducted to estimate the replicability of the personality-outcome literature. Specifically, I conducted preregistered, high-powered (median N = 1,504) replications of 78 previously published trait–outcome associations. Overall, 87% of the replication attempts were statistically significant in the expected direction. The replication effects were typically 77% as strong as the corresponding original effects, which represents a significant decline in effect size. The replicability of individual effects was predicted by the effect size and design of the original study, as well as the sample size and statistical power of the replication. These results indicate that the personality-outcome literature provides a reasonably accurate map of trait–outcome associations but also that it stands to benefit from efforts to improve replicability.",1,,,abstract,TRUE
Soto,"Lichtenstein, P., Pedersen, N. L., Plomin, R., de Faire, U., & McClearn, G. E. (1989). Type A behavior pattern, related personality traits and self-reported coronary heart disease. Personality and Individual Differences, 10, 419-426.",10.1016/0191-8869(89)90005-6,"Soto, C. J. (2019). How Replicable Are Links Between Personality Traits and Consequential Life Outcomes? The Life Outcomes of Personality Replication Project. Psychological Science, 30(5), 711-727.",10.1177/0956797619831612,NA,https://drive.google.com/file/d/17mZvRs3ue7pXwqu8bmIDvgNdc95PGEcV/view?usp=drivesdk,NA,"The Big Five personality traits have been linked to dozens of life outcomes. However, metascientific research has raised questions about the replicability of behavioral science. The Life Outcomes of Personality Replication (LOOPR) Project was therefore conducted to estimate the replicability of the personality-outcome literature. Specifically, I conducted preregistered, high-powered (median N = 1,504) replications of 78 previously published trait–outcome associations. Overall, 87% of the replication attempts were statistically significant in the expected direction. The replication effects were typically 77% as strong as the corresponding original effects, which represents a significant decline in effect size. The replicability of individual effects was predicted by the effect size and design of the original study, as well as the sample size and statistical power of the replication. These results indicate that the personality-outcome literature provides a reasonably accurate map of trait–outcome associations but also that it stands to benefit from efforts to improve replicability.",1,,,abstract,TRUE
Soto,"Trull, T. J., & Sher, K. J. (1994). Relationship between the five-factor model of personality and Axis I disorders in a nonclinical sample. Journal of Abnormal Psychology, 103, 350-360.",10.1037/0021-843X.103.2.350,"Soto, C. J. (2019). How Replicable Are Links Between Personality Traits and Consequential Life Outcomes? The Life Outcomes of Personality Replication Project. Psychological Science, 30(5), 711-727.",10.1177/0956797619831612,https://drive.google.com/file/d/17mZvRs3ue7pXwqu8bmIDvgNdc95PGEcV/view,https://drive.google.com/file/d/17mZvRs3ue7pXwqu8bmIDvgNdc95PGEcV/view?usp=drivesdk,1,"The Big Five personality traits have been linked to dozens of life outcomes. However, metascientific research has raised questions about the replicability of behavioral science. The Life Outcomes of Personality Replication (LOOPR) Project was therefore conducted to estimate the replicability of the personality-outcome literature. Specifically, I conducted preregistered, high-powered (median N = 1,504) replications of 78 previously published trait–outcome associations. Overall, 87% of the replication attempts were statistically significant in the expected direction. The replication effects were typically 77% as strong as the corresponding original effects, which represents a significant decline in effect size. The replicability of individual effects was predicted by the effect size and design of the original study, as well as the sample size and statistical power of the replication. These results indicate that the personality-outcome literature provides a reasonably accurate map of trait–outcome associations but also that it stands to benefit from efforts to improve replicability.",1,,,abstract,TRUE
Soto,"Clancy, S. M., & Dollinger, S. J. (1993). Identity, self, and personality: I. Identity status and the five-factor model of personality. Journal of Research on Adolescence, 3, 227-245.",10.1207/s15327795jra0303_2,"Soto, C. J. (2019). How Replicable Are Links Between Personality Traits and Consequential Life Outcomes? The Life Outcomes of Personality Replication Project. Psychological Science, 30(5), 711-727.",10.1177/0956797619831612,https://drive.google.com/file/d/17mZvRs3ue7pXwqu8bmIDvgNdc95PGEcV/view,https://drive.google.com/file/d/17mZvRs3ue7pXwqu8bmIDvgNdc95PGEcV/view?usp=drivesdk,1,"The Big Five personality traits have been linked to dozens of life outcomes. However, metascientific research has raised questions about the replicability of behavioral science. The Life Outcomes of Personality Replication (LOOPR) Project was therefore conducted to estimate the replicability of the personality-outcome literature. Specifically, I conducted preregistered, high-powered (median N = 1,504) replications of 78 previously published trait–outcome associations. Overall, 87% of the replication attempts were statistically significant in the expected direction. The replication effects were typically 77% as strong as the corresponding original effects, which represents a significant decline in effect size. The replicability of individual effects was predicted by the effect size and design of the original study, as well as the sample size and statistical power of the replication. These results indicate that the personality-outcome literature provides a reasonably accurate map of trait–outcome associations but also that it stands to benefit from efforts to improve replicability.",1,,,abstract,TRUE
Soto,"Helson, R., & Srivastava, S. (2001). Three paths of adult development: Conservers, seekers, and achievers. Journal of Personality and Social psychology, 80, 995-1010.",10.1037/0022-3514.80.6.995,"Soto, C. J. (2019). How Replicable Are Links Between Personality Traits and Consequential Life Outcomes? The Life Outcomes of Personality Replication Project. Psychological Science, 30(5), 711-727.",10.1177/0956797619831612,https://drive.google.com/file/d/17mZvRs3ue7pXwqu8bmIDvgNdc95PGEcV/view,https://drive.google.com/file/d/17mZvRs3ue7pXwqu8bmIDvgNdc95PGEcV/view?usp=drivesdk,1,"The Big Five personality traits have been linked to dozens of life outcomes. However, metascientific research has raised questions about the replicability of behavioral science. The Life Outcomes of Personality Replication (LOOPR) Project was therefore conducted to estimate the replicability of the personality-outcome literature. Specifically, I conducted preregistered, high-powered (median N = 1,504) replications of 78 previously published trait–outcome associations. Overall, 87% of the replication attempts were statistically significant in the expected direction. The replication effects were typically 77% as strong as the corresponding original effects, which represents a significant decline in effect size. The replicability of individual effects was predicted by the effect size and design of the original study, as well as the sample size and statistical power of the replication. These results indicate that the personality-outcome literature provides a reasonably accurate map of trait–outcome associations but also that it stands to benefit from efforts to improve replicability.",1,,,abstract,TRUE
Soto,"Ryder, A. G., Alden, L. E., & Paulhus, D. L. (2000). Is acculturation unidimensional or bidimensional? A head-to-head comparison in the prediction of personality, self-identity, and adjustment. Journal of Personality and Social Psychology, 79, 49-65.",10.1037//0022-3514.79.1.49,"Soto, C. J. (2019). How Replicable Are Links Between Personality Traits and Consequential Life Outcomes? The Life Outcomes of Personality Replication Project. Psychological Science, 30(5), 711-727.",10.1177/0956797619831612,https://drive.google.com/file/d/17mZvRs3ue7pXwqu8bmIDvgNdc95PGEcV/view,https://drive.google.com/file/d/17mZvRs3ue7pXwqu8bmIDvgNdc95PGEcV/view?usp=drivesdk,1,"The Big Five personality traits have been linked to dozens of life outcomes. However, metascientific research has raised questions about the replicability of behavioral science. The Life Outcomes of Personality Replication (LOOPR) Project was therefore conducted to estimate the replicability of the personality-outcome literature. Specifically, I conducted preregistered, high-powered (median N = 1,504) replications of 78 previously published trait–outcome associations. Overall, 87% of the replication attempts were statistically significant in the expected direction. The replication effects were typically 77% as strong as the corresponding original effects, which represents a significant decline in effect size. The replicability of individual effects was predicted by the effect size and design of the original study, as well as the sample size and statistical power of the replication. These results indicate that the personality-outcome literature provides a reasonably accurate map of trait–outcome associations but also that it stands to benefit from efforts to improve replicability.",1,,,abstract,TRUE
Soto,"Belsky, J., Jaffee, S. R., Caspi, A., Moffitt, T., & Silva, P. A. (2003). Intergenerational relationships in young adulthood and their life course, mental health, and personality correlates. Journal of Family Psychology, 17, 460-471.",10.1037/0893-3200.17.4.460,"Soto, C. J. (2019). How Replicable Are Links Between Personality Traits and Consequential Life Outcomes? The Life Outcomes of Personality Replication Project. Psychological Science, 30(5), 711-727.",10.1177/0956797619831612,NA,https://drive.google.com/file/d/17mZvRs3ue7pXwqu8bmIDvgNdc95PGEcV/view?usp=drivesdk,NA,"The Big Five personality traits have been linked to dozens of life outcomes. However, metascientific research has raised questions about the replicability of behavioral science. The Life Outcomes of Personality Replication (LOOPR) Project was therefore conducted to estimate the replicability of the personality-outcome literature. Specifically, I conducted preregistered, high-powered (median N = 1,504) replications of 78 previously published trait–outcome associations. Overall, 87% of the replication attempts were statistically significant in the expected direction. The replication effects were typically 77% as strong as the corresponding original effects, which represents a significant decline in effect size. The replicability of individual effects was predicted by the effect size and design of the original study, as well as the sample size and statistical power of the replication. These results indicate that the personality-outcome literature provides a reasonably accurate map of trait–outcome associations but also that it stands to benefit from efforts to improve replicability.",1,,,abstract,TRUE
Soto,"Belsky, J., Jaffee, S. R., Caspi, A., Moffitt, T., & Silva, P. A. (2003). Intergenerational relationships in young adulthood and their life course, mental health, and personality correlates. Journal of Family Psychology, 17, 460-471.",10.1037/0893-3200.17.4.460,"Soto, C. J. (2019). How Replicable Are Links Between Personality Traits and Consequential Life Outcomes? The Life Outcomes of Personality Replication Project. Psychological Science, 30(5), 711-727.",10.1177/0956797619831612,https://drive.google.com/file/d/17mZvRs3ue7pXwqu8bmIDvgNdc95PGEcV/view,https://drive.google.com/file/d/17mZvRs3ue7pXwqu8bmIDvgNdc95PGEcV/view?usp=drivesdk,1,"The Big Five personality traits have been linked to dozens of life outcomes. However, metascientific research has raised questions about the replicability of behavioral science. The Life Outcomes of Personality Replication (LOOPR) Project was therefore conducted to estimate the replicability of the personality-outcome literature. Specifically, I conducted preregistered, high-powered (median N = 1,504) replications of 78 previously published trait–outcome associations. Overall, 87% of the replication attempts were statistically significant in the expected direction. The replication effects were typically 77% as strong as the corresponding original effects, which represents a significant decline in effect size. The replicability of individual effects was predicted by the effect size and design of the original study, as well as the sample size and statistical power of the replication. These results indicate that the personality-outcome literature provides a reasonably accurate map of trait–outcome associations but also that it stands to benefit from efforts to improve replicability.",1,,,abstract,TRUE
CORE_19,"Johnson, E. J., Bellman, S., & Lohse, G. L. (2002). Defaults, framing and privacy: Why opting in-opting out. Marketing letters, 13, 5-15.",10.1023/A:1015044207315,"Chandrashekar, S. P., Adelina, N., Zeng, S., Chiu, Y. Y. E., Leung, Y., Henne, P., ... & Feldman, G. (2022). Defaults versus framing: Revisiting Default Effect and Framing Effect with replications and extensions of Johnson and Goldstein (2003) and Johnson, Bellman, and Lohse (2002). https://osf.io/pqt82",10.15/626/mp.2022.3108,https://osf.io/pqt82,https://drive.google.com/file/d/1f4b7CUsFcwOX-Klgh9LjeLzeZWCh9wRO/view?usp=drivesdk,2,NA,2,,,abstract,FALSE
CORE_27,"Gilovich, T., Medvec, V. H. (1994). The temporal pattern to the experience of regret. Journal of Personality and Social Psychology, 67(3), 357–365.",10.1037/0022-3514.67.3.357,"Yeung, S. & ^Feldman, G. (2022). Revisiting the Temporal Pattern of Regret: Replication of Gilovich and Medvec (1994) with extensions examining responsibility. Collabra:Psychology, 8 (1): 37122.",10.1525/collabra.37122,NA,https://drive.google.com/file/d/1eoWS9jdc53wyHszo4c8Ge2gzlwq30DvI/view?usp=drivesdk,1,"The temporal pattern of regret is the phenomenon that people perceive or experience stronger regret over action compared to inaction in the short-term, yet stronger regret over inaction compared to action in the long term. Following mixed and null findings in the literature, we conducted replications and extension of Studies 1, 3, 4, and 5 in the classic Gilovich and Medvec (1994) which first demonstrated this phenomenon, with a single combined data collection in randomized display order with an online sample of Americans on MTurk (N = 988). We found support for the original findings using different designs in Studies 1, 3, and 4, yet with weaker effects. We failed to find support for such a pattern in Study 5. We discuss possible interpretations for these differences: our replication adjustments, the change in the meaning of action and inaction, or change in hypothetical versus real-life personal experiences. Extending the replications, we found support for stronger responsibility for action compared to inaction both in the short-term and the long-term. We conclude overall support for the effects, yet with follow-up work necessary to resolve the inconsistencies in the findings of the Study 5 replication. Pre-registration, materials, data, and code were made available on: https://osf.io/7m3q2/",1,,,abstract,TRUE
CORE_27,"Gilovich, T., Medvec, V. H. (1994). The temporal pattern to the experience of regret. Journal of Personality and Social Psychology, 67(3), 357–365.",10.1037/0022-3514.67.3.357,"Yeung, S. & ^Feldman, G. (2022). Revisiting the Temporal Pattern of Regret: Replication of Gilovich and Medvec (1994) with extensions examining responsibility. Collabra:Psychology, 8 (1): 37122.",10.1525/collabra.37122,NA,https://drive.google.com/file/d/1eoWS9jdc53wyHszo4c8Ge2gzlwq30DvI/view?usp=drivesdk,3,"The temporal pattern of regret is the phenomenon that people perceive or experience stronger regret over action compared to inaction in the short-term, yet stronger regret over inaction compared to action in the long term. Following mixed and null findings in the literature, we conducted replications and extension of Studies 1, 3, 4, and 5 in the classic Gilovich and Medvec (1994) which first demonstrated this phenomenon, with a single combined data collection in randomized display order with an online sample of Americans on MTurk (N = 988). We found support for the original findings using different designs in Studies 1, 3, and 4, yet with weaker effects. We failed to find support for such a pattern in Study 5. We discuss possible interpretations for these differences: our replication adjustments, the change in the meaning of action and inaction, or change in hypothetical versus real-life personal experiences. Extending the replications, we found support for stronger responsibility for action compared to inaction both in the short-term and the long-term. We conclude overall support for the effects, yet with follow-up work necessary to resolve the inconsistencies in the findings of the Study 5 replication. Pre-registration, materials, data, and code were made available on: https://osf.io/7m3q2/",1,,,abstract,TRUE
CORE_27,"Gilovich, T., Medvec, V. H. (1994). The temporal pattern to the experience of regret. Journal of Personality and Social Psychology, 67(3), 357–365.",10.1037/0022-3514.67.3.357,"Yeung, S. & ^Feldman, G. (2022). Revisiting the Temporal Pattern of Regret: Replication of Gilovich and Medvec (1994) with extensions examining responsibility. Collabra:Psychology, 8 (1): 37122.",10.1525/collabra.37122,NA,https://drive.google.com/file/d/1eoWS9jdc53wyHszo4c8Ge2gzlwq30DvI/view?usp=drivesdk,5,"The temporal pattern of regret is the phenomenon that people perceive or experience stronger regret over action compared to inaction in the short-term, yet stronger regret over inaction compared to action in the long term. Following mixed and null findings in the literature, we conducted replications and extension of Studies 1, 3, 4, and 5 in the classic Gilovich and Medvec (1994) which first demonstrated this phenomenon, with a single combined data collection in randomized display order with an online sample of Americans on MTurk (N = 988). We found support for the original findings using different designs in Studies 1, 3, and 4, yet with weaker effects. We failed to find support for such a pattern in Study 5. We discuss possible interpretations for these differences: our replication adjustments, the change in the meaning of action and inaction, or change in hypothetical versus real-life personal experiences. Extending the replications, we found support for stronger responsibility for action compared to inaction both in the short-term and the long-term. We conclude overall support for the effects, yet with follow-up work necessary to resolve the inconsistencies in the findings of the Study 5 replication. Pre-registration, materials, data, and code were made available on: https://osf.io/7m3q2/",1,,,abstract,TRUE
CORE_37,"Alicke, M. D. (1985). Global self-evaluation as determined by the desirability and controllability of trait adjectives. Journal of personality and social psychology, 49(6), 1621.",10.1037/0022-3514.49.6.1621,"Ziano, I., Mok, P. Y. (Cora), & Feldman, G. (2021). Replication and Extension of Alicke (1985) Better-Than-Average Effect for Desirable and Controllable Traits. Social Psychological and Personality Science, 12(6), 1005–1017.",10.1177/1948550620948973,NA,https://drive.google.com/file/d/1Pvsc-C-C29zmoFMIKpIOITEdpRvM4BqL/view?usp=drivesdk,1,"
                    People tend to regard themselves as better than average. We conducted a replication and extension of Alicke’s classic study on trait dimensions in evaluations of self versus others with U.S. American Mechanical Turk workers in two waves (total N = 1,573; 149 total traits). We successfully replicated the trait desirability effect, such that participants rated more desirable traits as being more descriptive of themselves than of others (original: [Formula: see text] = .78, 95% confidence interval [CI] [.73, .81]; replication: sr
                    2
                    = .54, 95% CI [.43, .65]). The effect of desirability was stronger for more controllable traits (effect of Desirability × Controllability interaction on self–other-ratings difference; original: [Formula: see text] = .21, 95% CI [.12, .28]; replication: sr
                    2
                    = .07, 95% CI [.02, .12]). In an extension, we found that desirable traits were rated as more common for others, but not for the self. Thirty-five years later, the better-than-average effect appears to remain robust. All materials, data, and code are available at https://osf.io/2y6wj/ .
                  ",1,,,abstract,TRUE
curatescience39,"Zhong, C. B., & Liljenquist, K. (2006). Washing away your sins: Threatened morality and physical cleansing. Science, 313(5792), 1451-1452.",10.1126/science.1130726,"Gámez, E., Díaz, J. a. Á., & Marrero, H. (2011). The Uncertain Universality of the Macbeth Effect with a Spanish Sample. The Spanish Journal of Psychology, 14(1), 156–162. (Study 2)",10.5209/rev_sjop.2011.v14.n1.13,NA,https://drive.google.com/file/d/1G4tP3z0FT61HHKi1B51ImyPr28TywEAv/view?usp=drivesdk,2,"Recently a psychological mechanism has been proposed between bodily purity and moral purity: the “Macbeth effect”. The act of washing their hands seems to free individuals of their guilt. However, the universality of this psychological mechanism is an empirical question that should be studied. In four studies we replicated the original Zhong & Liljenquist's experiments with Spanish samples. We were unsuccessful in replicating the Zhong & Liljenquist's results that supported cleansing as a psychological mechanism for compensating guilty: results couldn't confirm an increased mental accessibility of cleansing-related concepts or even a greater desire for cleansing products, neither a greater likelihood of taking antiseptic wipes. In addition we didn't find that physical cleansing alleviates the upsetting consequences of unethical behaviour. Spanish samples showed sensibility to morality and helping behaviour but not with cleansing as a way to reduce their threatened morality.",3,,,abstract,TRUE
curatescience41,"Zhong, C. B., & Liljenquist, K. (2006). Washing away your sins: Threatened morality and physical cleansing. Science, 313(5792), 1451-1452.",10.1126/science.1130726,Siev (2012) Study 2,NA,https://web.archive.org/web/20220128104303mp_/https://curatescience.org/app/replications,NA,2,NA,17,,,abstract,TRUE
RRR_BrohmerHofer_etal_2024_Bauch,"Stahlberg, D., Sczesny, S., & Braun, F. (2001). Name your favorite musician: Effects of masculine generics and of their alternatives in German. Journal of Language and Social Psychology, 20(4), 464–469.",10.1177/0261927X01020004004,"Brohmer, H., Hofer, G., Bauch, S. A., Beitner, J., Berkessel, J., Corcoran, K., … Athenstaedt, U. (2024). Effects of the Generic Masculine and its Alternatives in Germanophone countries - A Multi-lab Replication and Extension of Stahlberg, Sczesny, and Braun, 2001. OSF PREPRINTS.",10.31219/osf.io/q56rk,NA,https://drive.google.com/file/d/1yocFVBuv9XJU51vARnUZQsxKqupCbK_0/view?usp=drivesdk,1,NA,1,,,abstract,TRUE
soscisubmission73,"Glikson, E., Cheshin, A., & Kleef, G. A. V. (2018). The dark side of a smiley: Effects of smiling emoticons on virtual first impressions. Social Psychological and Personality Science, 9(5), 614-625.",10.1177/1948550617720269,"Lai, L., & Mayiwar, L. (2023). The Dark Versus Bright Side of a Smiley: A Preregistered Replication of Experiment 3 in Glikson et al. (2018) “The Dark Side of a Smiley.” Collabra: Psychology, 9(1).",10.1525/collabra.90195,https://drive.google.com/file/d/1zJ3IIX26CyEcHOzgjGdLzzyONBKjM3Eo/view,https://drive.google.com/file/d/1zJ3IIX26CyEcHOzgjGdLzzyONBKjM3Eo/view?usp=drivesdk,1,"The present paper reports an independent and better powered (N = 847 vs. N = 85) replication of Experiment 3 in Glikson et al. (2018). The authors of the original study reported support for their proposition that due to perceptions of (in)appropriateness, the use of smileys may backfire and produce less favorable perceptions of competence in a formal work-related setting, yet more favorable perceptions of warmth in an informal work-related setting. Our results, in contrast, indicated that smileys produce a negative effect on perceptions of competence and a positive effect on perceptions of warmth, regardless of the level of formality. Moreover, our results did not support the reported moderated mediation model involving perceptions of appropriateness. Potential explanations for the discrepancies in results are discussed. We provide data, code, and materials on https://osf.io/n7yc4/.",1,,,abstract,FALSE
soscisubmission_reddenhoch2009,"Geers, A. L., & Lassiter, G. D. (2003). Need for cognition and expectations as determinants of affective experience. Basic and Applied Social Psychology, 25(4), 313-325. Study 1",10.1207/s15324834basp2504_5,"Röseler, L., Doetsch, C. A., Förster, N., Bruzsa, A., Deublein, M., Rieger, E., Schmidt, C., Seitz, A., & Wild, A. (2024). No Evidence for the Affective Expectation Model: Replication of Geers and Lassiter (2003).",10.17605/OSF.IO/RGE23,NA,https://drive.google.com/file/d/1MU_8Il0xQzGs1_f54NK-Zrd4eZW93ir0/view?usp=drivesdk,1,NA,1,,,abstract,TRUE
soscisubmission44,"Kotchoubey, B., & Pavlov, Y. G. (2017). Name conditioning in event-related brain potentials. Neurobiology of Learning and Memory, 145, 129–134. Experiment 4",10.1016/j.nlm.2017.09.009,"Pavlov, Y. G. (2023, June 20). Replication of Kotchoubey & Pavlov, 2017. (Experiment 4)",osf.io/y2emk,https://osf.io/y2emk/,https://drive.google.com/file/d/1ggKrnyXVCp5QeHOFppoj-cawSQrJMuJs/view?usp=drivesdk,4,NA,1,,,abstract,TRUE
xszk6,"DeWall, C. N., & Bushman, B. J. (2009). Hot under the collar in a lukewarm environment: Words associated with hot temperature increase aggressive thoughts and hostile perceptions. Journal of Experimental Social Psychology, 45(4), 1045-1047.",10.1016/j.jesp.2009.05.003,"McCarthy, R. J. (2014, March 8). The Effect of ""Heat-Priming"" on Hostile Perceptions.",10.17605/OSF.IO/XSZK6,NA,https://drive.google.com/file/d/1guI1nGSynzf6fvHwOnJ5YyyE5CaX1-QJ/view?usp=drivesdk,1,NA,2,,,abstract,FALSE
soscisubmission86,"Rosenbaum, D., Mama, Y., & Algom, D. (2017). Stand by your Stroop: Standing up enhances selective attention and cognitive control. Psychological Science, 28, 1864–1867.",10.1177/0956797617721270,"Straub, E. R., Dames, H., Kiesel, A., & Dignath, D. (2022). Does body posture reduce the Stroop effect? Evidence from two conceptual replications and a meta-analysis. Acta Psychologica, 224, 103497.",10.1016/j.actpsy.2022.103497,NA,https://drive.google.com/file/d/16jKwdpMjv9iC7Mu_8eP1ZQM-NCwIIMLR/view?usp=drivesdk,3,NA,2,,,abstract,TRUE
soscisubmission87,"Rosenbaum, D., Mama, Y., & Algom, D. (2017). Stand by your Stroop: Standing up enhances selective attention and cognitive control. Psychological Science, 28, 1864–1867.",10.1177/0956797617721270,"Caron, E. E., Reynolds, M. G., Ralph, B. C., Carriere, J. S., Besner, D., & Smilek, D. (2020). Does posture influence the Stroop effect?. Psychological Science, 31(11), 1452-1460.",10.1177/0956797620953842,NA,https://drive.google.com/file/d/1K3OKZrTIktD_b-8XBnmOYsspWQGFGk0Q/view?usp=drivesdk,NA,"Rosenbaum, Mama, and Algom (2017) reported that participants who completed the Stroop task (i.e., name the hue of a color word when the hue and word meaning are congruent or incongruent) showed a smaller Stroop effect (i.e., the difference in response times between congruent and incongruent trials) when they performed the task standing than when sitting. We report five attempted replications (analyzed sample sizes: N = 108, N = 108, N = 98, N = 78, and N = 51, respectively) of Rosenbaum et al.’s findings, which were conducted in two institutions. All experiments yielded the standard Stroop effect, but we failed to detect any consistent effect of posture (sitting vs. standing) on the magnitude of the Stroop effect. Taken together, the results suggest that posture does not influence the magnitude of the Stroop effect to the extent that was previously suggested.",1,,,abstract,TRUE
soscisubmission88,"Rosenbaum, D., Mama, Y., & Algom, D. (2017). Stand by your Stroop: Standing up enhances selective attention and cognitive control. Psychological Science, 28, 1864–1867.",10.1177/0956797617721270,"Smith, K.C., Davoli, C.C., Knapp, W.H., Abrams, R.A.A. (2019). Standing enhances cognitive control and alters visual search. Attention, Perception, & Psychophysics, 81, 2320–2329",10.3758/s13414-019-01723-6,NA,https://drive.google.com/file/d/1tdE0c4oVWthHVrM1fRU9Hx8d8vQz1-mn/view?usp=drivesdk,NA,NA,1,,,abstract,TRUE
w4dip,"DeWall, C. N., & Bushman, B. J. (2009). Hot under the collar in a lukewarm environment: Words associated with hot temperature increase aggressive thoughts and hostile perceptions. Journal of Experimental Social Psychology, 45(4), 1045-1047.",10.1016/j.jesp.2009.05.003,"McCarthy, R. J. (2014, March 8). The Effect of ""Heat-Priming"" on Hostile Perceptions.",10.17605/OSF.IO/XSZK6,NA,https://drive.google.com/file/d/1guI1nGSynzf6fvHwOnJ5YyyE5CaX1-QJ/view?usp=drivesdk,2,NA,2,,,abstract,FALSE
soscisubmission95,"Greene, J.D., Cushman, F.A., Stewart, L E., Lowenberg, K., Nystrom, L.E., & Cohen, J.D. (2009). Pushing moral buttons: The interaction between personal force and intention in moral judgment. Cognition, 111(3), 364–371.",10.1016/j.cognition.2009.02.001,"Lynds, T. M., & Mackinnon, S. P. (2024, August 11). Effects of personal force and physical contact on moral decision-making: A replication.",10.31234/osf.io/dca65,NA,https://drive.google.com/file/d/13k-6W5oZ6U3WQkZoEKezu_MnW0QMPGsr/view?usp=drivesdk,1,NA,1,,,abstract,FALSE
soscisubmission98,"Wakslak, C. J., Trope, Y., Liberman, N., & Alony, R. (2006). Seeing the forest when entry is unlikely: Probability and the mental representation of events. Journal of Experimental Psychology: General, 135(4), 641–653.",10.1037/0096-3445.135.4.641,"Calderon, S., Mac Giolla, E., Ask, K., & Granhag, P. A. (2020). Subjective likelihood and the construal level of future events: A replication study of Wakslak, Trope, Liberman, and Alony (2006). Journal of Personality and Social Psychology, 119(5), e27–e37.",10.1037/pspa0000214,NA,https://drive.google.com/file/d/1LpMZFwLmgIKPjzXBB9rbhzfaZHzARaIZ/view?usp=drivesdk,2,NA,2,,,abstract,TRUE
RRR_cognitivedissonance,"Croyle R. T., Cooper J. (1983). Dissonance arousal: Physiological evidence. Journal of Personality and Social Psychology, 45(4), 782–791. Study 1",10.1037/0022-3514.45.4.782,"Vaidis DC, Sleegers WWA, van Leeuwen F, et al. A Multilab Replication of the Induced-Compliance Paradigm of Cognitive Dissonance. Advances in Methods and Practices in Psychological Science. 2024;7(1).",10.1177/25152459231213375,NA,https://drive.google.com/file/d/1xI2-EVnvclddhMWBb87TC_aCajttiAtt/view?usp=drivesdk,1,"According to cognitive-dissonance theory, performing counterattitudinal behavior produces a state of dissonance that people are motivated to resolve, usually by changing their attitude to be in line with their behavior. One of the most popular experimental paradigms used to produce such attitude change is the induced-compliance paradigm. Despite its popularity, the replication crisis in social psychology and other fields, as well as methodological limitations associated with the paradigm, raise concerns about the robustness of classic studies in this literature. We therefore conducted a multilab constructive replication of the induced-compliance paradigm based on Croyle and Cooper (Experiment 1). In a total of 39 labs from 19 countries and 14 languages, participants ( N = 4,898) were assigned to one of three conditions: writing a counterattitudinal essay under high choice, writing a counterattitudinal essay under low choice, or writing a neutral essay under high choice. The primary analyses failed to support the core hypothesis: No significant difference in attitude was observed after writing a counterattitudinal essay under high choice compared with low choice. However, we did observe a significant difference in attitude after writing a counterattitudinal essay compared with writing a neutral essay. Secondary analyses revealed the pattern of results to be robust to data exclusions, lab variability, and attitude assessment. Additional exploratory analyses were conducted to test predictions from cognitive-dissonance theory. Overall, the results call into question whether the induced-compliance paradigm provides robust evidence for cognitive dissonance.",1,,,abstract,TRUE
additional_studies255,"Wälchli, M., Ruffieux, J., Bourquin, Y., Keller, M., & Taube, W. (2016). Maximizing performance: augmented feedback, focus of attention, and/or reward?. Medicine and science in sports and exercise, 48(4), 714.",10.1249/MSS.0000000000000818,"Bakhshinejad, J., Hutchinson, J. C., Murphy, J., Trainor, L., Friedman, S., & Coker, N. The Effects of Augmented Feedback, Focus of Attention, and Monetary Reward on Vertical Jump Height: A Replication Study. International Journal of Exercise Science, 18(7), 13-26.",10.70252/NKKY8370,NA,https://drive.google.com/file/d/19o32dUXbxyEodcifYHl2eff55yANpVbY/view?usp=drivesdk,1,"Reproducibility and replicability of published empirical scientific evidence are fundamental for verifying key findings, identifying errors and/or boundary conditions, and upholding rigorous research standards. For this replication study, the primary goal was to assess the replicability of the findings from Wälchli et al. (2016), which investigated the role of augmented feedback (AF), external focus of attention (EF), and reward (RE), as well as a combination of these conditions on countermovement jump height. The original study sample included 18 resistance-trained male and female participants, while this replication included 38 (19 male, 19 female). Participants performed maximal countermovement jumps in six different conditions: neutral (NE), aF, RE, aF + EF, aF + RE, and aF + EF + RE. Results showed a non-significant effect of condition on jump height (p = 0.612, ηp2 = 0.015) which was in contrast to the original study.  Furthermore, the replication effect size was not compatible with the original effect size estimate as it was significantly smaller. There was also no significant effect of condition on muscle excitation or kinetic variables. The present study demonstrated that each combination of AF, EF, and RE did not affect vertical jump performance. Therefore, we were unable to replicate the findings from the original study in this close replication.",1,,,abstract,TRUE
additional_studies256,"Zarkadi, T., & Schnall, S. (2013). “Black and White” thinking : Visual contrast polarizes moral judgment. Journal of Experimental Social Psychology, 49(3), 355‑359.",10.1016/j.jesp.2012.11.012,"Vezirian, K., Sarda, E., Bègue, L., Laine, P.-J., & IJzerman, H. (2025). “Black-and-White” thinking : Does visual contrast polarize moral judgment? Independent replications and extension of Study 1. Journal of Experimental Social Psychology, 117, 104712.",10.1016/j.jesp.2024.104712,NA,https://drive.google.com/file/d/1iv9JTpntlFhMXwLYV4LTNwMx0MZlg-K-/view?usp=drivesdk,1,NA,1,,,abstract,TRUE
additional_studies257,"Bradley, B. P., Mogg, K., Falla, S. J., & Hamilton, L. R. (1998). Attentional bias for threatening facial expressions in anxiety: Manipulation of stimulus duration. Cognition & emotion, 12(6), 737-753.",10.1080/026999398379411,"Mogg, K., & Bradley, B. P. (1999). Some methodological issues in assessing attentional biases for threatening faces in anxiety: A replication study using a modified version of the probe detection task. Behaviour research and therapy, 37(6), 595-604.",10.1016/S0005-7967(98)00158-2,NA,https://drive.google.com/file/d/173wjPB-w4227Qt_2AeTSJnpxH3XOJnPD/view?usp=drivesdk,1,NA,1,,,abstract,TRUE
additional_studies259,"Owen, J., Reese, R. J., Quirk, K., & Rodolfa, E. (2013). Alliance in Action: A new measure of clients' perceptions of therapists' alliance activity. Psychotherapy Research, 23(1), 67–77.",10.1080/10503307.2012.731088,"Katz, M., Hilsenroth, M., Rokah, N., Wolster, O., & Ziv‐Beiman, S. (2025). The Interaction Between Alliance and Technique Use in the Prediction of Client Change: Replication and Extension of Owen et al.(2013) in a Different Cultural Context. Clinical Psychology & Psychotherapy, 32(2), e70057.",10.1002/cpp.70057,NA,https://drive.google.com/file/d/1wPwOH5E4CwdZoDiN5YiWFKr2SNldtQuX/view?usp=drivesdk,1,"ABSTRACT
                    Although the relationship between alliance and outcome is well established, the relationship between technique and outcome seems to be more complex. Accordingly, interest has been rising in the
                    interaction
                    between alliance and technique. In this study, using the new Hebrew version of the Comparative Psychotherapy Process Scale (CPPS), we set out to replicate and extend Owen et al.'s findings regarding the interaction between psychodynamic‐interpersonal (PI) technique, cognitive‐behavioural (CB) technique and the alliance with patient rated change, 10 years later, and in a different cultural context (Israel vs. United States). A sample of 112 clients completed an online survey including three measures to rate their most recent session: the CPPS, the Working Alliance Inventory (WAI‐SF‐P) and the Client Task Specific Change Measure Revised (CTSC‐R). We found a significant positive relationship between both PI and CB technique with patient rated change, as well as a significant positive relationship between PI technique and the working alliance. We also found interactions between both PI and CB technique use with alliance, in predicting patient rated change. A PROCESS moderation analysis was utilized to better understand these interactions. Whereas amplified PI technique use was most effective in low alliance levels; CB technique was most effective in the context of a strong alliance. The findings support the notion that the technique–alliance interaction may be related to whether the technique a therapist is considering amplifying is adherent or non‐adherent to their primary model.
                  ",1,,,abstract,FALSE
additional_studies260,"Anderson, C., Brion, S., Moore, D. A., & Kennedy, J. A. (2012). A status-enhancement account of overconfidence. Journal of Personality and Social Psychology, 103(4), 718–735.",110.1037/a0029395,"Mayiwar, L., Løhre, E., Chandrashekar, S. P., & Hærem, T. (2025). Desire for status is positively associated with overconfidence: A replication and extension of study 5 in C. Anderson, Brion, et al. (2012). Journal of Personality and Social Psychology. Advance online publication.",10.1037/pspa0000444,NA,https://drive.google.com/file/d/1zi55xKNg0XlQ-gw-ZWTYe-f5qZhyuGbp/view?usp=drivesdk,1,NA,1,,,abstract,FALSE
additional_studies262,"McCann B. T., Bahl M. (2017). The influence of competition from informal firms on new product development. Strategic Management Journal, 38, 1518–1535.",110.1002/smj.2585,"Skiadopoulou, A., Mortal, S., & Gupta, V. K. (2025). Does competition from informal firms impact new product development? Systematic replication and extension of McCann and Bahl (2017). Journal of Management Scientific Reports, 0(0).",10.1177/27550311251323281,NA,https://drive.google.com/file/d/1y3sRTJwFZvZWkaak_jBiIRn-heMkKgGW/view?usp=drivesdk,1,"The strategic consequences of informal rivalry have attracted little systematic academic scrutiny. McCann and Bahl is one of the first studies to examine the link between the threat of informal competition and new product development by formal firms in developing economies. Grounding their logic in attention-based view, McCann and Bahl find a positive association between informal competition and development of new products, which is weakened by the presence of formal firms, prevalence of irregular payments, and optimism about the regulatory environment. Our investigation examines the reproducibility of McCann and Bahl with the same data and its replication in a different time-period and across different country sub-samples. To address potential endogeneity concerns, we conduct instrumental variable regression and control function analysis, using two distinct instrumental variables. Building on the framework of the original investigation, we emphasize the importance of addressing endogeneity across different country samples both theoretically and empirically. Our findings provide novel empirical evidence on the significance of time and space as boundary conditions in understanding the positive externalities of informal competition.",1,,,abstract,FALSE
soscisubmission58,"Nguyen, T., Togawa, T., Scholer, A. A., Miele, D. B., & Fujita, K. (2021). A cross-cultural investigation of metamotivational beliefs about regulatory focus task-motivation fit. Personality and Social Psychology Bulletin, 48(5), 807-820. Study 2, main effect for recall activity",10.1177/01461672211025423,"Vaughn, L., Chun, D., & Ruddy, G. (2023, December 19). Beliefs about the Usefulness of Promotion and Prevention Focus: Replications of the American-Independent Conditions of Nguyen et al.’s (2021) Studies 2 and 3. Retrieved from osf.io/preprints/psyarxiv/fmdqe",10.31234/osf.io/fmdqe,NA,https://drive.google.com/file/d/1E8ftV9CM3P94L7a22AIu7lnoeVPVf27T/view?usp=drivesdk,2,NA,2,,,abstract,FALSE
soscisubmission64,"Nguyen, T., Togawa, T., Scholer, A. A., Miele, D. B., & Fujita, K. (2021). A cross-cultural investigation of metamotivational beliefs about regulatory focus task-motivation fit. Personality and Social Psychology Bulletin, 48(5), 807-820. Study 3, main effect for incentive structure (gain-framed vs. loss-framed)",10.1177/01461672211025423,"Vaughn, L., Chun, D., & Ruddy, G. (2023, December 19). Beliefs about the Usefulness of Promotion and Prevention Focus: Replications of the American-Independent Conditions of Nguyen et al.’s (2021) Studies 2 and 3. Retrieved from osf.io/preprints/psyarxiv/fmdqe",10.31234/osf.io/fmdqe,NA,https://drive.google.com/file/d/1E8ftV9CM3P94L7a22AIu7lnoeVPVf27T/view?usp=drivesdk,3,NA,2,,,abstract,FALSE
CORE_50,"Kahneman, D., & Miller, D. T. (1986). Norm theory: Comparing reality to its alternatives. Psychological review, 93(2), 136.",10.1037/0033-295X.93.2.136,"Kutscher, L., & Feldman, G. (2019). The impact of past behaviour normality on regret: replication and extension of three experiments of the exceptionality effect. Cognition & Emotion, 33(5), 901–914.",10.1080/02699931.2018.1504747,NA,https://drive.google.com/file/d/17_e2y6T62ZS1d75D_vEqe2Fq-GHz40dH/view?usp=drivesdk,2,NA,1,,,abstract,TRUE
CORE_54,"Nuttin Jr, J. M. (1987). Affective consequences of mere ownership: The name letter effect in twelve European languages. European journal of social psychology, 17(4), 381-402.",10.1002/ejsp.2420170402,"Ziano, I., Yao, J., Gao, Y., & Feldman, G. (2020). Impact of ownership on liking and value: Replications and extensions of three ownership effect experiments. Journal of Experimental Social Psychology, 89, 103972.",10.1016/j.jesp.2020.103972,NA,https://drive.google.com/file/d/1uNRS_PKR04NJqpfF8RT8TGjnZf5pWTW7/view?usp=drivesdk,1,NA,3,,,abstract,FALSE
CORE_63,"Peters, E., Västfjäll, D., Slovic, P., Mertz, C. K., Mazzocco, K., & Dickert, S. (2006). Numeracy and decision making. Psychological science, 17(5), 407-413.",10.1111/j.1467-9280.2006.01720.x,"Zhu, M., & Feldman, G. (2023). Revisiting the Links Between Numeracy and Decision Making: Replication Registered Report of Peters et al.(2006) With an Extension Examining Confidence. Collabra: Psychology, 9(1).Open Science Framework.",10.17605/OSF.IO/4HJCK,NA,https://drive.google.com/file/d/1MxLG3K_pacLhCrOW7msCJcgwusz4dOsU/view?usp=drivesdk,1,NA,1,,,abstract,TRUE
CORE_76,"Royzman, E. B., & Baron, J. (2002). The preference for indirect harm. Social justice research, 15, 165-184.",10.1023/A:1019923923537,"Ziano, I., Wang, Y. J., Sany, S. S., Ngai ‎, L. H., Lau, Y. K., Bhattal‎, I. K., Keung, P. S., Wong, Y. T., Tong, W. Z., Cheng, B. L., Chan, H. Y., & Feldman, G. (2021). Perceived morality of direct versus indirect harm: Replications of the preference for indirect harm effect. In Meta-Psychology (Vol. 5). Linnaeus University.",10.15626/mp.2019.2134,NA,https://drive.google.com/file/d/1d2fLvnplh_NO2a1uAGhqpM65R0uTLv82/view?usp=drivesdk,Study 2,"Royzman and Baron (2002) demonstrated that people prefer indirect harm to direct harm: they judge actions that produce harm as a by-product to be more moral than actions that produce harm directly. In two preregistered studies, we successfully replicated Study 2 of Royzman and Baron (2002) with a Hong Kong student sample (N = 46) and an online American Mechanical Turk sample (N = 314). We found con- sistent evidential support for the preference for indirect harm phenomenon (d = 0.46 [0.26, 0.65] to 0.47 [0.18, 0.75]), weaker than effects reported in the original findings of the target article (d = 0.70 [0.40, 0.99]). We also successfully replicated findings regarding reasons underlying a preference for indirect harm (di- rectness, intent, omission, probability of harm, and appearance of harm). All materials, data, and code are available at osf.io/ewq8g.",1,,,abstract,TRUE
CORE_79,"Seta et al., 2001",10.1037/0022-3514.80.6.861,"Feldman, G., Kutscher, L., & Yay, T. (2020). Omission and commission in judgment and decision making: Understanding and linking action‐inaction effects using the concept of normality. In Social and Personality Psychology Compass (Vol. 14, Issue 8). Wiley.",10.1111/spc3.12557,NA,https://drive.google.com/file/d/1EpEjTLrdBVZGDIrD2HvyE-VeuCqCQJDX/view?usp=drivesdk,NA,"AbstractResearch on action and inaction in judgment and decision making now spans over 35 years, with ever‐growing interest. Accumulating evidence suggests that action and inaction are perceived and evaluated differently, affecting a wide array of psychological factors from emotions to morality. These asymmetries have been shown to have real impact on choice behavior in both personal and interpersonal contexts, with implications for individuals and society. We review impactful action‐inaction related phenomena, with a summary and comparison of key findings and insights, reinterpreting these effects and mapping links between effects using norm theory's (Kahneman & Miller, 1986) concept of normality. Together, these aim to contribute towards an integrated understanding of the human psyche regarding action and inaction.",1,,,abstract,TRUE
CORE_85,"Slovic, P., & Fischhoff, B. (1977). On the psychology of experimental surprises. Journal of Experimental Psychology: Human Perception and Performance, 3(4), 544.",10.1037/0096-1523.3.4.544,"Chen, J., Kwan, L. Y. A., Yeung, W. L., Choi, H., Lo, Y., Au, S. Y., Tsang, C., Cheng, B., & Feldman, G. (2021). Retrospective and prospective hindsight bias: Replications and extensions of Fischhoff (1975) and Slovic and Fischhoff (1977). Journal of Experimental Social Psychology, 96, 104154.",10.1016/j.jesp.2021.104154,NA,https://drive.google.com/file/d/1nh5VP9Rb5MKotf2eusMhTvkZWvd4bgdF/view?usp=drivesdk,Study 2,NA,1,,,abstract,TRUE
CORE_91,"Svenson, O. (1981). Are we all less risky and more skillful than our fellow drivers?. Acta psychologica, 47(2), 143-148.",10.1016/0001-6918(81)90005-6,"Koppel, L., Andersson, D., Tinghög, G., Västfjäll, D., & Feldman, G. (2023). We are all less risky and more skillful than our fellow drivers: Successful replication and extension of Svenson (1981)‎. In Meta-Psychology (Vol. 7). Linnaeus University.",10.15626/mp.2021.2932,NA,https://drive.google.com/file/d/1eStHrGzruiZ8ryNoUKYA8v_Tc8cC-DTi/view?usp=drivesdk,1,"The better-than-average effect refers to the tendency to rate oneself as better than the average person on desirable traits and skills. In a classic study, Svenson (1981) asked participants to rate their driving safety and skill compared to other participants in the experiment. Results showed that the majority of participants rated themselves as far above the median, despite the statistical impossibility of more than 50% of participants being above the median. We report a preregistered, well-powered (total N = 1,203), very close replication and extension of the Svenson (1981) study. Our results indicate that the majority of participants rated their driving skill and safety as above average. We added different response scales as an extension and findings were stable across all three mesaures. Thus, our findings are consistent with the original findings by Svenson (1981). Materials, data, and code are available at https://osf.io/fxpwb/",1,,,abstract,TRUE
CORE_97,"Hsee, C. K., & Zhang, J. (2004). Distinction bias: misprediction and mischoice due to joint evaluation. Journal of personality and social psychology, 86(5), 680.",10.1037/0022-3514.86.5.680,"Anvari, F., Olsen, J., Hung, W. Y., & Feldman, G. (2021). Misprediction of affective outcomes due to different evaluation modes: Replication and extension of two distinction bias experiments by Hsee and Zhang (2004). In Journal of Experimental Social Psychology (Vol. 92, p. 104052). Elsevier BV.",10.1016/j.jesp.2020.104052,NA,https://drive.google.com/file/d/1niuyVn35u_z6REkObYjKmy6938AMNnYV/view?usp=drivesdk,1,NA,2,,,abstract,FALSE
CORE_101,"Malle, B. F., & Knobe, J. (1997). The folk concept of intentionality. Journal of experimental social psychology, 33(2), 101-121.",10.1006/jesp.1996.1314,"Chandrashekar, S. P., Chan, Y. Y., Cheng, K. L., Yao, D., Lo, C. Y. S., Cheung, T. C. A., Tang, H. Y. S., Leung, Y. T. A., Tsoi, C. N., Cheng, B. L., Ng, K. W., & Feldman, G. (2022). Revisiting the folk concept of intentionality: Replications of. In Journal of Experimental Social Psychology (Vol. 102, p. 104372). Elsevier BV.",10.1016/j.jesp.2022.104372,NA,https://drive.google.com/file/d/1rlRS2BG3uBAxtBduyMTZfa_qtnK6Z2-J/view?usp=drivesdk,NA,NA,1,,,abstract,TRUE
CORE_102,"Connolly, T., Reb, J., & Kausel, E. E. (2013). Regret salience and accountability in the decoy effect. Judgment and Decision making, 8(2), 136-149.",10.1017/S1930297500005064,"Xiao, Q., Zeng, S., & Feldman, G. (2020). Revisiting the decoy effect: replication and extension of Ariely and Wallsten (1995) and Connolly, Reb, and Kausel (2013)‎. In Comprehensive Results in Social Psychology (Vol. 4, Issue 2, pp. 164–198). Informa UK Limited.",10.1080/23743603.2021.1878340,NA,https://drive.google.com/file/d/1oIvSNrGQWhA_jLE1RRPe9hevRCdjKoPZ/view?usp=drivesdk,2,NA,1,,,abstract,TRUE
CORE_105,"Fetherstonhaugh, D., Slovic, P., Johnson, S., & Friedrich, J. (1997). Insensitivity to the value of human life: A study of psychophysical numbing. Journal of Risk and uncertainty, 14, 283-300.",10.1023/A:1007744326393,"Ziano, I., Xiao, Q., Yeung, S. K., Wong, C. Y., Cheung, M. Y., Lo, C. Y. J., Yan, H. C., Narendra, G. I., Kwan, L. W., Chow, C. S., Man, C. Y., & Feldman, G. (2021). Numbing or sensitization? Replications and extensions of Fetherstonhaugh et al. (1997)’s “Insensitivity to the Value of Human Life.” In Journal of Experimental Social Psychology (Vol. 97, p. 104222). Elsevier BV.",10.1016/j.jesp.2021.104222,NA,https://drive.google.com/file/d/1sJy0VbAO2JUZeEyRrrbhw8VkO2cWWHfk/view?usp=drivesdk,1,NA,1,,,abstract,TRUE
curatescience365_2,"Carter, T. J., Ferguson, M. J., & Hassin, R. R. (2011). A single exposure to the American flag shifts support toward Republicanism up to 8 months later. Psychological science, 22(8), 1011-1018.",10.1177/0956797611414726,"Klein, R. A., Ratliff, K. A., Vianello, M., Adams, R. B., Bahník, Š., Bernstein, M. J., ... & Nosek, B. A. (2014). Investigating variation in replicability: A ""Many Labs"" replication project. Social Psychology, 45(3), 142–152",10.1027/1864-9335/a000178,https://osf.io/y36m8,https://drive.google.com/file/d/1fIqa3RxgdnsQkWwGnLkF4XAbM2g_WN4q/view?usp=drivesdk,09 (as labeled in the Many Labs supplement).,"Although replication is a central tenet of science, direct replications are rare in psychology. This research tested variation in the replicability of 13 classic and contemporary effects across 36 independent samples totaling 6,344 participants. In the aggregate, 10 effects replicated consistently. One effect – imagined contact reducing prejudice – showed weak support for replicability. And two effects – flag priming influencing conservatism and currency priming influencing system justification – did not replicate. We compared whether the conditions such as lab versus online or US versus international sample predicted effect magnitudes. By and large they did not. The results of this small sample of effects suggest that replicability is more dependent on the effect itself than on the sample and setting used to investigate the effect.",7,,,abstract,FALSE
CORE_39,"Carter, T. J., & Gilovich, T. (2012). I am what I do, not what I have: the differential centrality of experiential and material purchases to the self. Journal of personality and social psychology, 102(6), 1304.",10.1037/a0027407,"Eva Yiyu Chen, Michelle Xingyu Chee, Gilad Feldman; Revisiting the Differential Centrality of Experiential and Material Purchases to the Self: Replication and Extension of Carter and Gilovich (2012). Collabra: Psychology 3 January 2023; 9 (1): 57785. doi:",10.1525/collabra.57789,NA,https://drive.google.com/file/d/1fRrMg1hubhuUHffJB3cZMOiGJueeEHu7/view?usp=drivesdk,3A,NA,1,,,abstract,FALSE
CORE_47,"Finucane, M. L., Alhakami, A., Slovic, P., & Johnson, S. M. (2000). The affect heuristic in judgments of risks and benefits. Journal of behavioral decision making, 13(1), 1-17.",10.1002/(SICI)1099-0771(200001/03)13:1<1::AID-BDM333>3.0.CO;2-S,"Efendić, E., Chandrashekar, S. P., Lee, C. S., Yeung, L. Y., Kim, M. J., Lee, C. Y., & Feldman, G. (2022). Risky Therefore Not Beneficial: Replication and Extension of Finucane et al.’s (2000) Affect Heuristic Experiment. Social Psychological and Personality Science, 13(7), 1173–1184.",10.1177/19485506211056761,NA,https://drive.google.com/file/d/1e5JPVizcHOsgKK4xXV265ST-ZX_9ks9e/view?usp=drivesdk,2,"Risks and benefits are negatively related in people’s minds. Finucane et al. causally demonstrated that increasing risks of a hazard leads people to judge its benefits as lower. Vice versa, increasing benefits leads people to judge its risks as lower (original: r = −.74 [−0.92, −0.30]). This finding is consistent with an affective explanation, and the negative relationship is often presented as evidence for an affect heuristic. In two well-powered studies, using a more stringent analytic strategy, we replicated the original finding. We observed a strong negative relationship between judgments of risks and benefits across three technologies, although we do find that there was no change in risks when highlighting low benefits. We note that risks seem to be more responsive to manipulation (as opposed to benefits) and find evidence that the negative relationship can depend on incidental mood. We provided materials, data sets, and analyses on https://osf.io/sufjn/?view_only=6f8f5dc6ff524149a4ed5c6de9296ae8 .",1,,,abstract,TRUE
CORE_52,"Miller, D. T., & Ratner, R. K. (1998). The disparity between the actual and assumed power of self-interest. Journal of personality and social psychology, 74(1), 53.",10.1037/0022-3514.74.1.53,"Cameron Brick, Adrien Fillon, Siu Kit Yeung, Meiying Wang‎, Hongye Lyu‎, Jing Yee Jane Ho‎, Sze Chai Wong, Gilad Feldman; Self-interest Is Overestimated: Two Successful Pre-registered Replications and Extensions of Miller and Ratner (1998). Collabra: Psychology 4 January 2021; 7 (1): 23443. doi:",10.1525/collabra.23443,NA,https://drive.google.com/file/d/16qXucG-y6NLesFNLtXKxNxVb-p-zDAcP/view?usp=drivesdk,1,"Self-interest is a central driver of attitudes and behaviors, but people also act against their immediate self-interest through prosocial behaviors, voting incongruously with their finances, or punishing others at personal cost. How much people believe that self-interest causes attitudes and behaviors is important, because this belief may shape regulation, shared narratives, and institutional structures. An influential paper claimed that people overestimate the power of self-interest on others’ attitudes and behavioral intentions (Miller & Ratner, 1998). We present two registered, close, and successful replications (U.S. MTurk, N = 800; U.K. Prolific, N = 799) that compared actual to estimated intentions, with open data and code. Consistent with the original article, participants overestimated the impact of payment on blood donation in Study 1, ds = 0.59 [0.51, 0.66], 0.57 [0.49, 0.64], and overestimated the importance of smoking status for smoking policy preferences in Study 4, ds = 0.75 [0.59, 0.90], 0.84 [0.73, 0.96]. These replications included two extensions: 1) communal orientation as a moderator of overestimation and 2) a more detailed measure of self-interest in Study 4 (ordinal smoking status). Communal orientation did not predict overestimation, and the ordinal smoking measure yielded similar results to the main study. Verifying the overestimation error informs behavioral theories across several fields and has practical implications for institutions that require trust and cooperation. All materials, data, and code are available at osf.io/57mdc/",1,,,abstract,FALSE
CORE_55,"Irmak, C., Wakslak, C. J., & Trope, Y. (2013). Selling the forest, buying the trees: The effect of construal level on seller-buyer price discrepancy. Journal of Consumer Research, 40(2), 284-297.",10.1086/670020,"Ziano, I., Yao, J., Gao, Y., & Feldman, G. (2020). Impact of ownership on liking and value: Replications and extensions of three ownership effect experiments. Journal of Experimental Social Psychology, 89, 103972.",10.1016/j.jesp.2020.103972,NA,https://drive.google.com/file/d/1uNRS_PKR04NJqpfF8RT8TGjnZf5pWTW7/view?usp=drivesdk,2a,NA,3,,,abstract,TRUE
CORE_59,"Mandel, D. R. (2002). Beyond mere ownership: Transaction demand as a moderator of the endowment effect. Organizational Behavior and Human Decision Processes, 88(2), 737-747.",10.1016/S0749-5978(02)00013-4,"Ziano, I., Yao, J., Gao, Y., & Feldman, G. (2020). Impact of ownership on liking and value: Replications and extensions of three ownership effect experiments. Journal of Experimental Social Psychology, 89, 103972.",10.1016/j.jesp.2020.103972,NA,https://drive.google.com/file/d/1uNRS_PKR04NJqpfF8RT8TGjnZf5pWTW7/view?usp=drivesdk,3a,NA,3,,,abstract,TRUE
CORE_80,"Shafir, E., Diamond, P., & Tversky, A. (1997). Money illusion. The Quarterly Journal of Economics, 112(2), 341-374.",10.1162/003355397555208,"Ziano, I., Li, J., Tsun, S. M., Lei, H. C., Kamath, A. A., Cheng, B. L., & Feldman, G. (2021). Revisiting “money illusion”: Replication and extension of Shafir, Diamond, and Tversky (1997). In Journal of Economic Psychology (Vol. 83, p. 102349). Elsevier BV.",10.1016/j.joep.2020.102349,NA,https://drive.google.com/file/d/1MTa7xK-r7d1ef7k6raOd4y1vTp0LnH4q/view?usp=drivesdk,1,NA,1,,,abstract,TRUE
CORE_86,"Spranca, M., Minsk, E., & Baron, J. (1991). Omission and commission in judgment and choice. Journal of experimental social psychology, 27(1), 76-105.",10.1016/0022-1031(91)90011-T,"Jamison, J., Yay, T., & Feldman, G. (2020). Action-inaction asymmetries in moral scenarios: Replication of the omission bias examining morality and blame with extensions linking to causality, intent, and regret. In Journal of Experimental Social Psychology (Vol. 89, p. 103977). Elsevier BV.",10.1016/j.jesp.2020.103977,NA,https://drive.google.com/file/d/1be9ymxv-Fkrrvnq4Mm-DqTXhMqG48Ril/view?usp=drivesdk,1,NA,1,,,abstract,TRUE
soscisubmission89,"Smith, K. C., Davoli, C. C., Knapp, W. H., & Abrams, R. A. (2019). Standing enhances cognitive control and alters visual search. Attention, Perception, & Psychophysics, 81, 2320-2329.",10.3758/s13414-019-01723-6,"Straub, E. R., Dames, H., Kiesel, A., & Dignath, D. (2022). Does body posture reduce the Stroop effect? Evidence from two conceptual replications and a meta-analysis. Acta Psychologica, 224, 103497.",10.1016/j.actpsy.2022.103497,NA,https://drive.google.com/file/d/16jKwdpMjv9iC7Mu_8eP1ZQM-NCwIIMLR/view?usp=drivesdk,Experiment 2,NA,2,,,abstract,TRUE
datareplicada1,"Jami, A. (2019). Having control over and above situations: The influence of elevated viewpoints on risk taking. Journal of Marketing Research, 56(2), 230-244.",10.1177/0022243718813544,"Simmons, J. &. Nelson, L.D. (2019). [82] Data Replicada #1: Do Elevated Viewpoints Increase Risk Taking? Data Colada. ‌",NA,https://datacolada.org/82,NA,1,NA,17,,,abstract,TRUE
add_ai84_iceland,"Amundadottir, L. T., Sulem, P., Gudmundsson, J., Helgason, A., Baker, A., Agnarsson, B. A., ... & Stefansson, K. (2006). A common variant associated with prostate cancer in European and African populations. Nature genetics, 38(6), 652-658.",10.1038/ng1808,"Okobia, M.N., Zmuda, J.M., Ferrell, R.E., Patrick, A.L., & Bunker, C.H. (2011). Chromosome 8q24 variants are associated with prostate cancer risk in a high risk population of African ancestry. The Prostate, 71(10), 1054-1063.",10.1002/pros.21320,NA,https://drive.google.com/file/d/1km2L9DNVunqU05rc4Kd_J4czp3x6Xkk1/view?usp=drivesdk,NA,"AbstractBACKGROUNDEarlier studies on the role of germline variations in the disproportionate higher burden of prostate cancer in men of African ancestry have been largely unrewarding. However, the successful replication of recent genome‐wide association findings implicating some regions of chromosome 8q24 in the disparate prostate cancer susceptibility in men of European and African ancestry have been encouraging. This case–control study was designed to evaluate the association between germline variations in chromosome 8q24 and prostate cancer risk in Afro‐Caribbean Tobago men, a population of predominantly West African ancestry.METHODSHigh molecular weight genomic DNA was isolated from blood clots using Qiagen kits. Genotyping was performed on genomic DNA using a pre‐designed TaqMan SNP assay according to the manufacture's protocol on a 7900HT Fast Real‐Time PCR system (Applied Biosystems, Foster City, CA).RESULTS
                      SNP rs16901979 in region 2 was associated with significantly increased risk of prostate cancer (OR = 1.41, 95% confidence interval [CI] 1.02–1.95,
                      P
                       = 0.04) with the risk stronger in men with early‐onset prostate cancer (OR = 2.37, 95% CI 1.40–3.99,
                      P
                       = 0.001). There was a tendency towards significantly increased risk for SNPs rs1447295 and rs6983267 in men with early‐onset prostate cancer.
                    CONCLUSIONSThe replication of the association of chromosome 8q24 variants with increased prostate cancer risk in Tobago men and the higher frequency of the risk alleles in controls in populations of African ancestry further strengthens the possible role of this genomic region in the disproportionate higher burden of prostate cancer in men of African ancestry. Prostate 71:1054–1063, 2011. © 2011 Wiley‐Liss, Inc.",1,,,abstract,FALSE
add_ai5_controls,"Cialdini, R. B., Vincent, J. E., Lewis, S. K., Catalan, J., Wheeler, D., & Darby, B. L. (1975). Reciprocal concessions procedure for inducing compliance: The door-in-the-face technique. Journal of personality and Social Psychology, 31(2), 206.",10.1037/h0076284,"Genschow, O., Westfal, M., Crusius, J., Bartosch, L., Feikes, K.I., Pallasch, N., & Wozniak, M. (2020). Does social psychology persist over half a century? A direct replication of Cialdini et al.’s (1975) classic door-in-the-face technique. JOURNAL MISSING.",10.31234/osf.io/w87yr,NA,https://drive.google.com/file/d/1ew0OSVU876rPzVsDvpN47BF_OOdkLKHm/view?usp=drivesdk,NA,NA,1,,,abstract,TRUE
add_ai60,"Collins, R. S., Cordon, C., & Julien, D. (1998). An empirical test of the rigid flexibility model. Journal of Operations Management, 16(2-3), 133-146.",10.1016/S0272-6963(97)00033-8,"Silveira, G.J.d. (2005). Effects of simplicity and discipline on operational flexibility: An empirical reexamination of the rigid flexibility model. Journal of Operations Management, 24(6), 932-947.",10.1016/j.jom.2005.11.004,NA,https://drive.google.com/file/d/16V6fX6zed8MKZ53zcmG18UMG8cS5fmS4/view?usp=drivesdk,NA,"AbstractThis study empirically tests the rigid flexibility model proposed by Collins and Schmenner [Collins, R.S., Schmenner, R.W., 1993. Achieving rigid flexibility: factory focus for the 1990s. European Management Journal 11 (4), 443–447]. It investigates relationships between flexibility performance and adoption of simplicity and discipline programs in manufacturing. The research replicates the study by Collins et al. [Collins, R.S., Cordon, C., Julien, D., 1998. An empirical test of the rigid flexibility model. Journal of Operations Management 16 (2–3), 133–146] with some modifications, including the use of a broader international database, the assessment of both technology and organizational programs, and the testing of the moderating role of dedicated line layout on the relationships between simplicity, discipline and flexibility. Analysis of data from 285 manufacturers of fabricated metal products, machinery, and equipment from 14 countries indicates that simplicity and discipline related positively to performance in product customization, volume flexibility, mix flexibility, and time to market, and that some of these relationships were more positive in high volume processes than in low volume processes. The results provide empirical validation to the rigid flexibility model in an international manufacturing context.",1,,,abstract,TRUE
add_ai57,"Eagly, A. H., & Wood, W. (1999). The origins of sex differences in human behavior: Evolved dispositions versus social roles. American psychologist, 54(6), 408.",10.1037/0003-066X.54.6.408,"Zhang, L., Lee, A.J., DeBruine, L.M., & Jones, B.C. (2018). Are sex differences in preferences for physical attractiveness and good earning capacity in potential mates smaller in countries with greater gender equality?. JOURNAL MISSING.",10.31234/osf.io/mtsx8,NA,NA,NA,NA,1,,,abstract,TRUE
add_ai6,"Garry, M., French, L., Kinzett, T., & Mori, K. (2008). Eyewitness memory following discussion: Using the MORI technique with a Western sample. Applied Cognitive Psychology: The Official Journal of the Society for Applied Research in Memory and Cognition, 22(4), 431-439.",10.1002/acp.1376,"Ito, H., Barzykowski, K., Grzesik, M., Gülgöz, S., Gürdere, C., Janssen, S.M.J., Khor, J., Rowthorn, H., Wade, K.A., Luna, K., Albuquerque, P.B., Kumar, D., Singh, A.D., Cecconello, W.W., Cadavid, S., Laird, N.C., Baldassari, M.J., Lindsay, D.S., & Mori, K. (2019). Eyewitness memory distortion following co-witness discussion: A replication of Garry, French, Kinzett, and Mori (2008) in ten countries.. Journal of Applied Research in Memory and Cognition, 8(1), 68-77.",10.1037/h0101833,NA,NA,NA,NA,1,,,abstract,TRUE
add_ai30,"Genschow, O., Reutner, L., & Wänke, M. (2012). The color red reduces snack food and soft drink intake. Appetite, 58(2), 699-702.",10.1016/j.appet.2011.12.023,"Dolezalova, B., Hubackova, N., Latalova, K., Vyborova, E., Zakova, M., Vaculik, M., & Prochazka, J. (2021). Can the color red trick you into drinking less? A replication study. Appetite, 167, 105619-105619.",10.1016/j.appet.2021.105619,NA,https://drive.google.com/file/d/1QuBW1YTzJmF7ZZ5KLsu8m14qTEgfOrf4/view?usp=drivesdk,NA,NA,1,,,abstract,TRUE
add_ai47,"Gries, S. T., & Wulff, S. (2009). Psycholinguistic and corpus-linguistic evidence for L2 constructions. Annual Review of Cognitive Linguistics, 7(1), 163-186.",10.1075/arcl.7.07gri,"Minnillo, S., Sánchez-Gutiérrez, C., Carando, A., Davidson, S., Mira, P.F., & Sagae, K. (2022). Preterit-imperfect acquisition in L2 Spanish writing: Moving beyond lexical aspect. Research in Corpus Linguistics, 10(1), 156-184.",10.32714/ricl.10.01.08,NA,https://drive.google.com/file/d/1P2HkNQwXMDHx-bxDaQ0QetAgbUaJlYq7/view?usp=drivesdk,NA,"While research on second language (L2) tense-aspect acquisition has flourished, most studies have focused on lexical aspect as an explanatory variable (Bardovi-Harlig and Comajoan-Colomé 2020). However, the role of the features of first language (L1) production in L2 Spanish preterit-imperfect acquisition has never been tested before. Prior research has found that the frequency and distinctiveness of verb forms in corpora of L1 English production predict L2 English learners’ tense-aspect production (Wulff et al. 2009). The present study aims to replicate these findings and test the predictions of hypotheses of L2 tense-aspect acquisition in another group of learners: English-dominant, instructed Spanish learners. Analyses were performed on longitudinal data from the Corpus of Written Spanish of L2 and Heritage Speakers (COWS-L2H; Yamada et al. 2020) and cross-sectional data from the Corpus Escrito del Español L2 (CEDEL2; Lozano 2021). Results indicate that L1 verb frequency and distinctiveness predict learners’ emergent use of the preterit and the imperfect.",1,,,abstract,FALSE
additional_studies220,"Kavussanu, M., Barkoukis, V., Hurst, P., Yukhymenko-Lescroart, M., Skoufa, L., Chirico, A., ... & Ring, C. (2022). A psychological intervention reduces doping likelihood in British and Greek athletes: A cluster randomized controlled trial. Psychology of Sport and Exercise, 61, 102099. 10.1016/j.psychsport.2021.102099",10.1016/j.psychsport.2021.102099,"Kavussanu, M., Rubaltelli, E., Leo, I., Hurst, P., Giovannoni, M., Barkoukis, V., ... & Ring, C. (2024). A Psychological Intervention Reduces Doping Likelihood in Italian Athletes: A Replication and Extension. Psychology of Sport and Exercise, 102761. 10.1016/j.psychsport.2024.102761",10.1016/j.psychsport.2024.102761,NA,https://drive.google.com/file/d/1T3kdw0-wjlu0E53OdEHLTRxSL1WV4GD2/view?usp=drivesdk,1,NA,1,,,abstract,TRUE
additional_studies223,"Bryan, C. J., Walton, G. M., Rogers, T., & Dweck, C. S. (2011). Motivating voter turnout by invoking the self. Proceedings of the National Academy of Sciences of the United States of America, 108(31), 12653–12656. 10.1073/pnas.1103343108 (2011).",10.1073/pnas.1103343108,"Gerber, A., Huber, G., & Fang, A. (2018). Do subtle linguistic interventions priming a social identity as a voter have outsized effects on voter turnout? Evidence from a new replication experiment. Political Psychology, 39(4), 925-938. 10.1111/pops.12446",10.1111/pops.12446,NA,https://drive.google.com/file/d/1v_yatdIaf9ah85hvTiT_i87-ZZKgyw8z/view?usp=drivesdk,1,"An ongoing debate in political psychology is about whether small wording differences have outsized behavioral effects. A leading example is whether subtle linguistic cues embedded in voter mobilization messages dramatically increase turnout. An initial study analyzing two small‐scale field experiments argued that describing someone as a voter (noun) instead of one who votes (verb) increases turnout rates 11 to 14 points because the noun activates a person's social identity as a voter. A subsequent study analyzing a large‐scale field experiment challenged this claim and found no effect. But questions about the initial claim's domain of applicability persist. The subsequent study may not have reproduced the conditions necessary for the psychological phenomenon to occur, specifically the electoral contexts were not competitive or important enough for the social identity to matter. To address the first of these critiques, as well as other potential explanations for different results between the first two studies, we conduct a large‐scale replication field experiment. We find no evidence that this minor wording change increases turnout levels. This research provides new evidence that the strategy of invoking the self does not appear to consistently increase turnout and calls into question whether subtle linguistic cues have outsized behavioral effects.",1,,,abstract,TRUE
additional_studies225,"Carter N. L., Weber M. J. (2010). Not pollyannas: Higher generalized trust predicts lie detection ability. Social Psychological and Personality Science, 1(3), 274–279. 10.1177/1948550609360261",10.1177/1948550609360261,"Levine, T. R., Markowitz, D. M., Serota, K. B., & Brunn, M. V. (2024). A Registered Conceptual Replication and Extension of Carter and Weber (2010): Generalized Trust, Lie Prevalence, and Deception Detection. Social Psychological and Personality Science, 0(0). 10.1177/19485506241298340",10.1177/19485506241298340,NA,https://drive.google.com/file/d/1rRD-Bh8mPPRN_LewNcfZj4uMszp6KoK9/view?usp=drivesdk,1,"This paper provides a conceptual replication and extension of Carter and Weber investigating the effects of generalized trust on deception detection. Three alternative predictions were tested: trust lowers accuracy, trust increases accuracy, or trust facilitates accuracy for truths but inhibits lie detection. Compared to Carter and Weber, our experiment involved different stimulus materials, a much larger sample, and the inclusion of a lie prevalence measure. As anticipated, Carter and Weber’s finding were not replicated. Neither generalized trust nor lie prevalence predicted deception detection accuracy or truth bias. We speculate about why generalized trust appears to play little role in deception detection.",1,,,abstract,FALSE
additional_studies228,"Devine, S., Germain, N., Ehrlich, S., & Eppinger, B. (2022). Changes in the prevalence of thin bodies bias young women’s judgments about body size. Psychological Science, 33(8), 1212-1225. 10.1177/09567976221082941",10.1177/09567976221082941,"Transparent Replications by Clearer Thinking. (2024). Report #11: Replication of a study from “Changes in the prevalence of thin bodies bias young women’s judgments about body size” (Psychological Science | Devine et al., 2022) https://replications.clearerthinking.org/replication-2022psci33-8",NA,https://replications.clearerthinking.org/replication-2022psci33-8,NA,1,NA,17,,,abstract,FALSE
additional_studies230,"Cornelissen, K. K., Gledhill, L. J., Cornelissen, P. L., & Tovée, M. J. (2016). Visual biases in judging body weight. British Journal of Health Psychology, 21(3), 555-569. 10.1111/bjhp.12185",10.1111/bjhp.12185,"Brokjøb, L. G., Cornelissen, P. L., Gumančík, J., McCarty, K., Tovée, M. J., & Cornelissen, K. K. (2024). Evidence for a specific distortion in perceptual body image in eating disorders: A replication and extension. PloS one, 19(11), e0313619. 10.1371/journal.pone.0313619",10.1371/journal.pone.0313619,NA,https://drive.google.com/file/d/1BP4_zT4-cr6_-LVpCLyDKXo4tlduP3B2/view?usp=drivesdk,1,"A core feature of eating disorders, such as anorexia nervosa, is an overestimation of body size. A key question is whether this overestimation arises solely from body image concerns typical in eating disorders, or if there is an additional perceptual disturbance. To address this question, we applied a two-component model of body size estimation that has been thoroughly replicated in the body image literature concerning healthy individuals. This model shows statistically independent, additive effects on body size estimates of: a) body image concerns, and b) a perceptual component known as contraction bias. Here body image concerns were defined by a principal components analysis (PCA) of psychometric tasks including the: Eating Disorder Examination Questionnaire, Beck Depression Inventory, Body Shape Questionnaire, Rosenberg Self-Esteem Scale, and Sociocultural Attitudes Towards Appearance Questionnaire-4. The PCA identified three components referred to as PSYCH, FAMPEER, and ATHIN. We investigated the influence of age, personal body mass index (BMI), and these three components on body size estimation in 33 women with a current or past history of eating disorders and 100 healthy controls. Low-BMI control participants overestimated their size, while high-BMI controls underestimated their size, exhibiting the expected normal perceptual contraction bias. However, the women with a history of eating disorders showed no evidence of contraction bias, suggesting a different processing of perceptual aspects of body size estimation compared to controls. We discuss two putative mechanisms that can explain these differences in accuracy of personal body size estimation.",1,,,abstract,TRUE
additional_studies234,"Olma, J., Sutter, C., & Sülzenbrück, S. Blended police firearms training improves performance in shoot/don't shoot scenarios: A systematic replication with police cadets. Frontiers in Psychology, 15, 1495812. 10.3389/fpsyg.2024.1495812",10.3389/fpsyg.2024.1495812,"Olma, J., Sutter, C., & Sülzenbrück, S. Blended police firearms training improves performance in shoot/don't shoot scenarios: A systematic replication with police cadets. Frontiers in Psychology, 15, 1495812. 10.3389/fpsyg.2024.1495812",10.3389/fpsyg.2024.1495812,NA,https://drive.google.com/file/d/1zSkXvd_SQ8Y3SFR5dbVcX3nOQXjwNUgz/view?usp=drivesdk,NA,"
                    Senior police officers' tactical gaze control and visual attention improve with an individual video-based police firearms training. To validate the efficacy of said intervention training, a previous experiment was systematically replicated with a sample of
                    N
                    = 52 second-year police cadets. Participants were randomly assigned to the intervention training that focused on situational awareness, tactical gaze control, and visual attention, or an active control training that addressed traditional marksmanship skills. In a pre- and post-test, they had to engage in dynamic shoot/don't shoot video scenarios in an indoor firing range. Overall, the previous findings were replicated: Baseline levels of performance were elevated, yet the intervention group significantly improved their response time and time until the first hit. False positive decision-making cannot be reported at all; false negatives were marginal in the pre-test and eliminated after training. Further, the outcomes of the previous sample of senior officers and the present sample of cadets are compared and lead to the conclusion that the presented approach is a valuable extension of current training standards for both senior police officers and police cadets.
                  ",1,,,abstract,TRUE
additional_studies235,"Hyun, J. S., & Luck, S. J. (2007). Visual working memory as the substrate for mental rotation. Psychonomic Bulletin & Review, 14, 154–158. 10.3758/BF03194043",10.3758/BF03194043,"Ebert, W.M., Jost, L., Jansen, P. et al. Visual working memory as the substrate for mental rotation: A replication. Psychon Bull Rev (2024). 10.3758/s13423-024-02602-4",10.3758/s13423-024-02602-4,NA,https://drive.google.com/file/d/1vN437k1uq3kRGPmKBi6jr-KfvJ0C_JhT/view?usp=drivesdk,1,"AbstractAn experimental study by Hyun and Luck suggests that object working memory, but not spatial working memory, is employed during mental rotation. In contrast, correlational research points to the relevance of spatial working memory in mental rotation. Considering these somewhat conflicting results and the fact that a small sample was acquired in the study of Hyun and Luck, a replication of their study was conducted. Additionally, potential sex effects were explored. We collected (usable) data from 213 individuals across two experiments. All participants performed a mental-rotation task alone, a working-memory task alone, and both tasks concurrently. We expected greater rotation-dependent interference between tasks when the working memory task concerned object features (Experiment 1) than when it concerned spatial locations (Experiment 2). In Experiment 1, dual-task interference was observed in working-memory accuracy. In Experiment 2, there were interference effects in both mental rotation accuracy and working-memory accuracy. However, interference did not differ between experiments. Moreover, interference was not rotation dependent in either of the experiments. Thus, we could not replicate the findings of Hyun and Luck. No sex differences were found in exploratory analyses. The general interference effects found in this study may reflect the involvement of visual working memory in the processing and decision-making stages of the mental rotation of letters. This study underscores the need for further research to fully understand the role of visual working memory in mental rotation, especially with more complex stimuli.",1,,,abstract,TRUE
additional_studies236,"Soroka, S., Fournier, P., & Nir, L. (2019). Cross-national evidence of a negativity bias in psychophysiological reactions to news. Proceedings of the National Academy of Sciences, 116(38), 18888-18892. 10.1073/pnas.1908369116",10.1073/pnas.1908369116,"Dubèl, R., Schumacher, G., Homan, M. D., Peterson, D., & Bakker, B. N. (2024). Replicating and extending Soroka, Fournier, and Nir: Negative news increases arousal and negative affect. Media and Communication, 12. 10.17645/mac.7807",10.17645/mac.7807,NA,https://drive.google.com/file/d/1iPBwaXn12azH6_c4xao-GstJS4IDhzaA/view?usp=drivesdk,1,"The negativity bias hypothesis in political communication contends that people are more aroused by negative vs. positive news. Soroka et al. (2019) provide evidence for this negativity bias in a study in 17 countries across six continents. We find suggestive evidence for Soroka et al.’s (2019) central finding that negativity causes an increase in skin conductance levels in a conceptually close, well-powered, and preregistered replication. We extend Soroka et al. (2019) in three ways. First, we theorise, test, and confirm that negative (vs. positive) news causes an increase in activity of the corrugator major muscle above the eyebrow (using facial electromyography activity) and is associated with a negative affect. Second, we find people self-reporting negative news causes negative affect but that positive (instead of negative) news increases self-reported arousal. Third, we test Soroka et al.’s (2019) argument in another context, the Netherlands. Our article suggests that negative news is, especially, causing negative affect. Doing so, we contribute to the negativity bias argument in political communication research and, at the same time, show the importance of replication in empirical communication research.",1,,,abstract,FALSE
additional_studies240,"Iyengar, S., Kinder, D. R., Peters, M. D., & Krosnick, J. A. (1984). The evening news and presidential evaluations. Journal of personality and social psychology, 46(4), 778. https://psycnet.apa.org/doi/10.1037/0022-3514.46.4.778",10.1037/0022-3514.46.4.778,"Kobayashi, T., Miura, A., & Inamasu, K. (2017). Media Priming Effect: A Preregistered Replication Experiment. Journal of Experimental Political Science, 4(1), 81–94.",10.1017/XPS.2017.8,NA,https://drive.google.com/file/d/1aV3ccn2w0Qw9IRbsqbByGUHxTunteFgK/view?usp=drivesdk,1,"AbstractIyengar et al. (1984, The Evening News and Presidential Evaluations. Journal of Personality and Social Psychology 46(4): 778–87) discovered the media priming effect, positing that by drawing attention to certain issues while ignoring others, television news programs help define the standards by which presidents are evaluated. We conducted a direct replication of Experiment 1 by Iyengar et al. (1984, The Evening News and Presidential Evaluations. Journal of Personality and Social Psychology 46(4): 778–87) with some changes. Specifically, we (a) collected data from Japanese undergraduates; (b) reduced the number of conditions to two; (c) used news coverage of the issue of relocating US bases in Okinawa as the treatment; (d) measured issue-specific evaluations of the Japanese Prime Minister in the pre-treatment questionnaire; and (e) performed statistical analyses that are more appropriate for testing heterogeneity in the treatment effect. We did not find statistically significant evidence of media priming. Overall, the results suggest that the effects of media priming may be quite sensitive either to the media environment or to differences in populations in which the effect has been examined.",1,,,abstract,TRUE
av_41,"Anderson, J. A., & Grice, J. W. (2009) Replicating a simple study of asymmetry in human cognition. Perceptual and Motor Skills, 109, 577-580.",10.2466/pms.109.2.577-580,"Anderson, J. A., Ramirez, D., & Stephenson, D. (2012). Asymmetry in Human Cognition: Further Replication and Extension. Perceptual and Motor Skills, 114(1), 185–188.",10.2466/20.22.PMS.114.1.185-188,NA,https://drive.google.com/file/d/19wmJxGTBjUjFYD3wWH-3wyZBpZdWuDFa/view?usp=drivesdk,1,"Vladimir Lefebvre proposed an algebraic model of self-reflexion in the 1980s. He viewed reflexion as a product of the structure and computational rules of Gamma algebra and his equations are considered metaphors for how consciousness is structured. From the framework of this model, Lefebvre hypothesized an asymmetry in human cognition. One of the early studies supporting his model was conducted by Victorina Lefebvre. Over the years, other studies have been conducted, but not all have shown similar support as the original findings of Victorina Lefebvre. This study attempted to extend her findings in testing whether or not other ambiguous stimuli could be used in support of the model.",1,,,abstract,TRUE
ManyLabs4_1a,"Greenberg, J., Pyszczynski, T., Solomon, S., Simon, L., & Breus, M. (1994). Role of consciousness in terror management processes: The effects of mortality salience on reactions to those who violate or uphold cultural values. Journal of Personality and Social Psychology, 67(4), 627–637.",10.1037//0022-3514.67.4.627,"Klein, R. A., Cook, C. L., Ebersole, C. R., Vitiello, C., Nosek, B. A., Hilgard, J., … Ratliff, K. A. (2022). Many Labs 4: Failure to Replicate Mortality Salience Effect With and Without Original Author Involvement. Collabra: Psychology, 8(1).",10.1525/collabra.35271,NA,https://docs.google.com/document/d/1mg6-WDW-Xu9emeWt65gj6jsaARopBVKZnSIi0mtEOAg/edit?tab=t.0,1,"Interpreting a failure to replicate is complicated by the fact that the failure could be due to the original finding being a false positive, unrecognized moderating influences between the original and replication procedures, or faulty implementation of the procedures in the replication. One strategy to maximize replication quality is involving the original authors in study design. We (N = 17 Labs and N = 1,550 participants, after exclusions) experimentally tested whether original author involvement improved replicability of a classic finding from Terror Management Theory (Greenberg et al., 1994). Our results were non-diagnostic of whether original author involvement improves replicability because we were unable to replicate the finding under any conditions. This suggests that the original finding was either a false positive or the conditions necessary to obtain it are not fully understood or no longer exist. Data, materials, analysis code, preregistration, and supplementary documents can be found on the OSF page: https://osf.io/8ccnw/",1,,,abstract,FALSE
ManyLabs5_1a,"Albarracín, D., Handley, I. M., Noguchi, K., McCulloch, K. C., Li, H., Leeper, J., Brown, R. D., Earl, A., & Hart, W. P. (2008). Increasing and decreasing motor and cognitive output: A model of general action and inaction goals. Journal of Personality and Social Psychology, 95(3), 510–523.",10.1037/a0012833,"Ebersole CR, Mathur MB, Baranski E, et al. Many Labs 5: Testing Pre-Data-Collection Peer Review as an Intervention to Increase Replicability. Advances in Methods and Practices in Psychological Science. 2020;3(3):309-331.",10.1177/2515245920958687,NA,https://journals.sagepub.com/doi/pdf/10.1177/2515245920958687,1,"Replication studies in psychological science sometimes fail to reproduce prior findings. If these studies use methods that are unfaithful to the original study or ineffective in eliciting the phenomenon of interest, then a failure to replicate may be a failure of the protocol rather than a challenge to the original finding. Formal pre-data-collection peer review by experts may address shortcomings and increase replicability rates. We selected 10 replication studies from the Reproducibility Project: Psychology (RP:P; Open Science Collaboration, 2015) for which the original authors had expressed concerns about the replication designs before data collection; only one of these studies had yielded a statistically significant effect ( p < .05). Commenters suggested that lack of adherence to expert review and low-powered tests were the reasons that most of these RP:P studies failed to replicate the original effects. We revised the replication protocols and received formal peer review prior to conducting new replication studies. We administered the RP:P and revised protocols in multiple laboratories (median number of laboratories per original study = 6.5, range = 3–9; median total sample = 1,279.5, range = 276–3,512) for high-powered tests of each original finding with both protocols. Overall, following the preregistered analysis plan, we found that the revised protocols produced effect sizes similar to those of the RP:P protocols (Δ r = .002 or .014, depending on analytic approach). The median effect size for the revised protocols ( r = .05) was similar to that of the RP:P protocols ( r = .04) and the original RP:P replications ( r = .11), and smaller than that of the original studies ( r = .37). Analysis of the cumulative evidence across the original studies and the corresponding three replication attempts provided very precise estimates of the 10 tested effects and indicated that their effect sizes (median r = .07, range = .00–.15) were 78% smaller, on average, than the original effect sizes (median r = .37, range = .19–.50).",4,,,abstract,TRUE
ManyLabs5_1b,"Albarracín, D., Handley, I. M., Noguchi, K., McCulloch, K. C., Li, H., Leeper, J., Brown, R. D., Earl, A., & Hart, W. P. (2008). Increasing and decreasing motor and cognitive output: A model of general action and inaction goals. Journal of Personality and Social Psychology, 95(3), 510–523.",10.1037/a0012833,"Ebersole CR, Mathur MB, Baranski E, et al. Many Labs 5: Testing Pre-Data-Collection Peer Review as an Intervention to Increase Replicability. Advances in Methods and Practices in Psychological Science. 2020;3(3):309-331.",10.1177/2515245920958687,NA,https://journals.sagepub.com/doi/pdf/10.1177/2515245920958687,2,"Replication studies in psychological science sometimes fail to reproduce prior findings. If these studies use methods that are unfaithful to the original study or ineffective in eliciting the phenomenon of interest, then a failure to replicate may be a failure of the protocol rather than a challenge to the original finding. Formal pre-data-collection peer review by experts may address shortcomings and increase replicability rates. We selected 10 replication studies from the Reproducibility Project: Psychology (RP:P; Open Science Collaboration, 2015) for which the original authors had expressed concerns about the replication designs before data collection; only one of these studies had yielded a statistically significant effect ( p < .05). Commenters suggested that lack of adherence to expert review and low-powered tests were the reasons that most of these RP:P studies failed to replicate the original effects. We revised the replication protocols and received formal peer review prior to conducting new replication studies. We administered the RP:P and revised protocols in multiple laboratories (median number of laboratories per original study = 6.5, range = 3–9; median total sample = 1,279.5, range = 276–3,512) for high-powered tests of each original finding with both protocols. Overall, following the preregistered analysis plan, we found that the revised protocols produced effect sizes similar to those of the RP:P protocols (Δ r = .002 or .014, depending on analytic approach). The median effect size for the revised protocols ( r = .05) was similar to that of the RP:P protocols ( r = .04) and the original RP:P replications ( r = .11), and smaller than that of the original studies ( r = .37). Analysis of the cumulative evidence across the original studies and the corresponding three replication attempts provided very precise estimates of the 10 tested effects and indicated that their effect sizes (median r = .07, range = .00–.15) were 78% smaller, on average, than the original effect sizes (median r = .37, range = .19–.50).",4,,,abstract,FALSE
ManyLabs5_1c,"Crosby, J. R., Monin, B., & Richardson, D. (2008). Where do we look during potentially offensive behavior? Psychological Science, 19(3), 226‑228.",10.1111/j.1467-9280.2008.02072.x,"Ebersole CR, Mathur MB, Baranski E, et al. Many Labs 5: Testing Pre-Data-Collection Peer Review as an Intervention to Increase Replicability. Advances in Methods and Practices in Psychological Science. 2020;3(3):309-331.",10.1177/2515245920958687,NA,https://journals.sagepub.com/doi/pdf/10.1177/2515245920958687,3,"Replication studies in psychological science sometimes fail to reproduce prior findings. If these studies use methods that are unfaithful to the original study or ineffective in eliciting the phenomenon of interest, then a failure to replicate may be a failure of the protocol rather than a challenge to the original finding. Formal pre-data-collection peer review by experts may address shortcomings and increase replicability rates. We selected 10 replication studies from the Reproducibility Project: Psychology (RP:P; Open Science Collaboration, 2015) for which the original authors had expressed concerns about the replication designs before data collection; only one of these studies had yielded a statistically significant effect ( p < .05). Commenters suggested that lack of adherence to expert review and low-powered tests were the reasons that most of these RP:P studies failed to replicate the original effects. We revised the replication protocols and received formal peer review prior to conducting new replication studies. We administered the RP:P and revised protocols in multiple laboratories (median number of laboratories per original study = 6.5, range = 3–9; median total sample = 1,279.5, range = 276–3,512) for high-powered tests of each original finding with both protocols. Overall, following the preregistered analysis plan, we found that the revised protocols produced effect sizes similar to those of the RP:P protocols (Δ r = .002 or .014, depending on analytic approach). The median effect size for the revised protocols ( r = .05) was similar to that of the RP:P protocols ( r = .04) and the original RP:P replications ( r = .11), and smaller than that of the original studies ( r = .37). Analysis of the cumulative evidence across the original studies and the corresponding three replication attempts provided very precise estimates of the 10 tested effects and indicated that their effect sizes (median r = .07, range = .00–.15) were 78% smaller, on average, than the original effect sizes (median r = .37, range = .19–.50).",4,,,abstract,TRUE
ManyLabs5_1d,"Förster, J., Liberman, N., & Kuschel, S. (2008). The effect of global versus local processing styles on assimilation versus contrast in social judgment. Journal Of Personality And Social Psychology, 94(4), 579‑599.",10.1037/0022-3514.94.4.579,"Ebersole CR, Mathur MB, Baranski E, et al. Many Labs 5: Testing Pre-Data-Collection Peer Review as an Intervention to Increase Replicability. Advances in Methods and Practices in Psychological Science. 2020;3(3):309-331.",10.1177/2515245920958687,NA,https://journals.sagepub.com/doi/pdf/10.1177/2515245920958687,4,"Replication studies in psychological science sometimes fail to reproduce prior findings. If these studies use methods that are unfaithful to the original study or ineffective in eliciting the phenomenon of interest, then a failure to replicate may be a failure of the protocol rather than a challenge to the original finding. Formal pre-data-collection peer review by experts may address shortcomings and increase replicability rates. We selected 10 replication studies from the Reproducibility Project: Psychology (RP:P; Open Science Collaboration, 2015) for which the original authors had expressed concerns about the replication designs before data collection; only one of these studies had yielded a statistically significant effect ( p < .05). Commenters suggested that lack of adherence to expert review and low-powered tests were the reasons that most of these RP:P studies failed to replicate the original effects. We revised the replication protocols and received formal peer review prior to conducting new replication studies. We administered the RP:P and revised protocols in multiple laboratories (median number of laboratories per original study = 6.5, range = 3–9; median total sample = 1,279.5, range = 276–3,512) for high-powered tests of each original finding with both protocols. Overall, following the preregistered analysis plan, we found that the revised protocols produced effect sizes similar to those of the RP:P protocols (Δ r = .002 or .014, depending on analytic approach). The median effect size for the revised protocols ( r = .05) was similar to that of the RP:P protocols ( r = .04) and the original RP:P replications ( r = .11), and smaller than that of the original studies ( r = .37). Analysis of the cumulative evidence across the original studies and the corresponding three replication attempts provided very precise estimates of the 10 tested effects and indicated that their effect sizes (median r = .07, range = .00–.15) were 78% smaller, on average, than the original effect sizes (median r = .37, range = .19–.50).",4,,,abstract,FALSE
av_40,"van Dijk, E., van Kleef, G. A., Steinel, W., van Beest, I. (2008). A social functional approach to emotions in bargaining: When communicating anger pays and when it backfires. Journal of Personality and Social Psychology, 94",10.1037/0022-3514.94.4.600,"Skorb, L., Aczel, B., Bakos, B. E., Feinberg, L., Hałasa, E., Kauff, M., Kovacs, M., Krasuska, K., Kuchno, K., Manfredi, D., Montealegre, A., Pękala, E., Pieńkosz, D., Ravid, J., Rentzsch, K., Szaszi, B., Schulz-Hardt, S., Sioma, B., Szecsi, P., … Hartshorne, J. K. (2020). Many Labs 5: Replication of van Dijk, van Kleef, Steinel, and van Beest (2008). Advances in Methods and Practices in Psychological Science, 3(3), 418–428.",10.1177/2515245920927643,NA,LINK,1,"As part of the Many Labs 5 project, we ran a replication of van Dijk, van Kleef, Steinel, and van Beest’s (2008) study examining the effect of emotions in negotiations. They reported that when the consequences of rejection were low, subjects offered fewer chips to angry bargaining partners than to happy partners. We ran this replication under three protocols: the protocol used in the Reproducibility Project: Psychology, a revised protocol, and an online protocol. The effect averaged one ninth the size of the originally reported effect and was significant only for the revised protocol. However, the difference between the original and revised protocols was not significant.",1,,,abstract,TRUE
add_ai78,"Güsten, J., Ziegler, G., Düzel, E., & Berron, D. (2021). Age impairs mnemonic discrimination of objects more than scenes: A web-based, large-scale approach across the lifespan. Cortex, 137, 138-148.",10.1016/j.cortex.2020.12.017,"Güsten, J., Berron, D., Düzel, E., & Ziegler, G. (2022). Bayesian modeling of item heterogeneity in dichotomous recognition memory data and prospects for computerized adaptive testing. Scientific Reports, 12(1).",10.1038/s41598-022-04997-3,NA,https://drive.google.com/file/d/1jwFLKdF0byi7hon5GCbVvBleRSu-vK6j/view?usp=drivesdk,1,"Abstract
                    Most current models of recognition memory fail to separately model item and person heterogeneity which makes it difficult to assess ability at the latent construct level and prevents the administration of adaptive tests. Here we propose to employ a General Condorcet Model for Recognition (GCMR) in order to estimate ability, response bias and item difficulty in dichotomous recognition memory tasks. Using a Bayesian modeling framework and MCMC inference, we perform 3 separate validation studies comparing GCMR to the Rasch model from IRT and the 2-High-Threshold (2HT) recognition model. First, two simulations demonstrate that recovery of GCMR ability estimates with varying sparsity and test difficulty is more robust and that estimates improve from the two other models under common test scenarios. Then, using a real dataset, face validity is confirmed by replicating previous findings of general and domain-specific age effects (Güsten et al. in Cortex 137:138–148,
                    https://doi.org/10.1016/j.cortex.2020.12.017
                    , 2021). Using cross-validation we show better out-of-sample prediction for the GCMR as compared to Rasch and 2HT model. In addition, we present a hierarchical extension of the model that is able to estimate age- and domain-specific effects directly, without recurring to a two-stage procedure. Finally, an adaptive test using the GCMR is simulated, showing that the test length necessary to obtain reliable ability estimates can be significantly reduced compared to a non-adaptive procedure. The GCMR allows to model trial-by-trial performance and to increase the efficiency and reliability of recognition memory assessments.
                  ",1,,,abstract,TRUE
add,"Hackl, M., Koster-Hale, J., & Varvoutis, J. (2012). Quantification and ACD: Evidence from real-time sentence processing. Journal of Semantics, 29(2), 145-206.",10.1093/jos/ffr009,"Edward, G., & Roger, L. (2016). An attempted replication of Hackl, Koster-Hale, Varvoutis (2012). arXiv (Cornell University).",10.48550/arxiv.1605.00178,NA,NA,Experiment 1,NA,2,,,abstract,TRUE
add_ai2,"Hackl, M., Koster-Hale, J., & Varvoutis, J. (2012). Quantification and ACD: Evidence from real-time sentence processing. Journal of Semantics, 29(2), 145-206.",10.1093/jos/ffr009,"Edward, G., & Roger, L. (2016). An attempted replication of Hackl, Koster-Hale, Varvoutis (2012). arXiv (Cornell University).",10.48550/arxiv.1605.00178,NA,NA,Experiment 2,NA,2,,,abstract,TRUE
add_ai66,"Hewitt, J. D., Muñoz Jr, R., Oliver, W. L., & Regoli, R. M. (2005). Race, performance, and baseball card values. Journal of Sport and Social Issues, 29(4), 411-425.",10.1177/0193723504273121,"Findlay, D.W., & Santos, J.M. (2012). Supplement to ""Race, Ethnicity, and Baseball Card Prices: A Replication, Correction, and Extension of Hewitt, Muñoz, Oliver, and Regoli"". Econ journal watch, 9(2), 1-18. https://doi.org/NA",Findlay_2012,NA,https://drive.google.com/file/d/1zzJqjPseaj8tYnvrCjrC4mDOV4pF9weU/view?usp=drivesdk,1,NA,1,,,abstract,TRUE
add_ai86,"Hoorens, V., & Bruckmüller, S. (2015). Less is more? Think again! A cognitive fluency-based more–less asymmetry in comparative communication. Journal of Personality and Social Psychology, 109(5), 753.",10.1037/pspa0000032,"Skylark, W.J. (2021). More is easier? Testing the role of fluency in the more-credible effect. Judgment and Decision Making, 16(3), 638-686.",10.1017/s1930297500007774,NA,https://drive.google.com/file/d/1GjhhZbbb8mAaVRt9zKR7GVU3Igrbxt67/view?usp=drivesdk,1,"Abstract
                    People are more likely to endorse statements of the form ""A is more than B"" than those of the form ""B is less than A"", even though the ordinal relationship being described is identical in both cases -– a result I dub the ""more-credible"" effect. This paper reports 9 experiments (total
                    N
                    = 5643) that probe the generality and basis for this effect. Studies 1–4 replicate the effect for comparative statements relating to environmental change and sustainable behaviours, finding that it is robust to changes in participant population, experimental design, response formats and data analysis strategy. However, it does not generalize to all stimulus sets. Studies 5–9 test the proposition that the effect is based on the greater ease of processing ""more than"" statements. I find no meaningful effect of warning people not to base their judgments on the fluency of the sentences (Studies 5 and 6), but do find associations between comparative language, credibility, and processing time: when the more-credible effect manifests, the more-than statements are read more quickly than the less-than statements, and this difference partly mediates the effect of comparative on agreement with the statements; in contrast, for a set of comparisons for which changes in the more/less framing did not affect truth judgments, there was no meaningful difference in the time taken to read the more- and less-than versions of the statements. Taken together, these results highlight the importance of comparative language in shaping the credibility of important socio-political messages, and provide some limited support for the idea that the effect of language choice is partly due to differences in how easily the statements can be processed -– although other mechanisms are also likely to be at work.
                  ",1,,,abstract,TRUE
add_ai86,"Hoorens, V., & Bruckmüller, S. (2015). Less is more? Think again! A cognitive fluency-based more–less asymmetry in comparative communication. Journal of Personality and Social Psychology, 109(5), 753.",10.1037/pspa0000032,"Skylark, W.J. (2021). More is easier? Testing the role of fluency in the more-credible effect. Judgment and Decision Making, 16(3), 638-686.",10.1017/s1930297500007774,NA,https://drive.google.com/file/d/1GjhhZbbb8mAaVRt9zKR7GVU3Igrbxt67/view?usp=drivesdk,2,"Abstract
                    People are more likely to endorse statements of the form ""A is more than B"" than those of the form ""B is less than A"", even though the ordinal relationship being described is identical in both cases -– a result I dub the ""more-credible"" effect. This paper reports 9 experiments (total
                    N
                    = 5643) that probe the generality and basis for this effect. Studies 1–4 replicate the effect for comparative statements relating to environmental change and sustainable behaviours, finding that it is robust to changes in participant population, experimental design, response formats and data analysis strategy. However, it does not generalize to all stimulus sets. Studies 5–9 test the proposition that the effect is based on the greater ease of processing ""more than"" statements. I find no meaningful effect of warning people not to base their judgments on the fluency of the sentences (Studies 5 and 6), but do find associations between comparative language, credibility, and processing time: when the more-credible effect manifests, the more-than statements are read more quickly than the less-than statements, and this difference partly mediates the effect of comparative on agreement with the statements; in contrast, for a set of comparisons for which changes in the more/less framing did not affect truth judgments, there was no meaningful difference in the time taken to read the more- and less-than versions of the statements. Taken together, these results highlight the importance of comparative language in shaping the credibility of important socio-political messages, and provide some limited support for the idea that the effect of language choice is partly due to differences in how easily the statements can be processed -– although other mechanisms are also likely to be at work.
                  ",1,,,abstract,TRUE
add_ai86,"Hoorens, V., & Bruckmüller, S. (2015). Less is more? Think again! A cognitive fluency-based more–less asymmetry in comparative communication. Journal of Personality and Social Psychology, 109(5), 753.",10.1037/pspa0000032,"Skylark, W.J. (2021). More is easier? Testing the role of fluency in the more-credible effect. Judgment and Decision Making, 16(3), 638-686.",10.1017/s1930297500007774,NA,https://drive.google.com/file/d/1GjhhZbbb8mAaVRt9zKR7GVU3Igrbxt67/view?usp=drivesdk,3,"Abstract
                    People are more likely to endorse statements of the form ""A is more than B"" than those of the form ""B is less than A"", even though the ordinal relationship being described is identical in both cases -– a result I dub the ""more-credible"" effect. This paper reports 9 experiments (total
                    N
                    = 5643) that probe the generality and basis for this effect. Studies 1–4 replicate the effect for comparative statements relating to environmental change and sustainable behaviours, finding that it is robust to changes in participant population, experimental design, response formats and data analysis strategy. However, it does not generalize to all stimulus sets. Studies 5–9 test the proposition that the effect is based on the greater ease of processing ""more than"" statements. I find no meaningful effect of warning people not to base their judgments on the fluency of the sentences (Studies 5 and 6), but do find associations between comparative language, credibility, and processing time: when the more-credible effect manifests, the more-than statements are read more quickly than the less-than statements, and this difference partly mediates the effect of comparative on agreement with the statements; in contrast, for a set of comparisons for which changes in the more/less framing did not affect truth judgments, there was no meaningful difference in the time taken to read the more- and less-than versions of the statements. Taken together, these results highlight the importance of comparative language in shaping the credibility of important socio-political messages, and provide some limited support for the idea that the effect of language choice is partly due to differences in how easily the statements can be processed -– although other mechanisms are also likely to be at work.
                  ",1,,,abstract,TRUE
add_ai86,"Hoorens, V., & Bruckmüller, S. (2015). Less is more? Think again! A cognitive fluency-based more–less asymmetry in comparative communication. Journal of Personality and Social Psychology, 109(5), 753.",10.1037/pspa0000032,"Skylark, W.J. (2021). More is easier? Testing the role of fluency in the more-credible effect. Judgment and Decision Making, 16(3), 638-686.",10.1017/s1930297500007774,NA,https://drive.google.com/file/d/1GjhhZbbb8mAaVRt9zKR7GVU3Igrbxt67/view?usp=drivesdk,4,"Abstract
                    People are more likely to endorse statements of the form ""A is more than B"" than those of the form ""B is less than A"", even though the ordinal relationship being described is identical in both cases -– a result I dub the ""more-credible"" effect. This paper reports 9 experiments (total
                    N
                    = 5643) that probe the generality and basis for this effect. Studies 1–4 replicate the effect for comparative statements relating to environmental change and sustainable behaviours, finding that it is robust to changes in participant population, experimental design, response formats and data analysis strategy. However, it does not generalize to all stimulus sets. Studies 5–9 test the proposition that the effect is based on the greater ease of processing ""more than"" statements. I find no meaningful effect of warning people not to base their judgments on the fluency of the sentences (Studies 5 and 6), but do find associations between comparative language, credibility, and processing time: when the more-credible effect manifests, the more-than statements are read more quickly than the less-than statements, and this difference partly mediates the effect of comparative on agreement with the statements; in contrast, for a set of comparisons for which changes in the more/less framing did not affect truth judgments, there was no meaningful difference in the time taken to read the more- and less-than versions of the statements. Taken together, these results highlight the importance of comparative language in shaping the credibility of important socio-political messages, and provide some limited support for the idea that the effect of language choice is partly due to differences in how easily the statements can be processed -– although other mechanisms are also likely to be at work.
                  ",1,,,abstract,TRUE
add_ai86,"Hoorens, V., & Bruckmüller, S. (2015). Less is more? Think again! A cognitive fluency-based more–less asymmetry in comparative communication. Journal of Personality and Social Psychology, 109(5), 753.",10.1037/pspa0000032,"Skylark, W.J. (2021). More is easier? Testing the role of fluency in the more-credible effect. Judgment and Decision Making, 16(3), 638-686.",10.1017/s1930297500007774,NA,https://drive.google.com/file/d/1GjhhZbbb8mAaVRt9zKR7GVU3Igrbxt67/view?usp=drivesdk,5,"Abstract
                    People are more likely to endorse statements of the form ""A is more than B"" than those of the form ""B is less than A"", even though the ordinal relationship being described is identical in both cases -– a result I dub the ""more-credible"" effect. This paper reports 9 experiments (total
                    N
                    = 5643) that probe the generality and basis for this effect. Studies 1–4 replicate the effect for comparative statements relating to environmental change and sustainable behaviours, finding that it is robust to changes in participant population, experimental design, response formats and data analysis strategy. However, it does not generalize to all stimulus sets. Studies 5–9 test the proposition that the effect is based on the greater ease of processing ""more than"" statements. I find no meaningful effect of warning people not to base their judgments on the fluency of the sentences (Studies 5 and 6), but do find associations between comparative language, credibility, and processing time: when the more-credible effect manifests, the more-than statements are read more quickly than the less-than statements, and this difference partly mediates the effect of comparative on agreement with the statements; in contrast, for a set of comparisons for which changes in the more/less framing did not affect truth judgments, there was no meaningful difference in the time taken to read the more- and less-than versions of the statements. Taken together, these results highlight the importance of comparative language in shaping the credibility of important socio-political messages, and provide some limited support for the idea that the effect of language choice is partly due to differences in how easily the statements can be processed -– although other mechanisms are also likely to be at work.
                  ",1,,,abstract,TRUE
add_ai86,"Hoorens, V., & Bruckmüller, S. (2015). Less is more? Think again! A cognitive fluency-based more–less asymmetry in comparative communication. Journal of Personality and Social Psychology, 109(5), 753.",10.1037/pspa0000032,"Skylark, W.J. (2021). More is easier? Testing the role of fluency in the more-credible effect. Judgment and Decision Making, 16(3), 638-686.",10.1017/s1930297500007774,NA,https://drive.google.com/file/d/1GjhhZbbb8mAaVRt9zKR7GVU3Igrbxt67/view?usp=drivesdk,6,"Abstract
                    People are more likely to endorse statements of the form ""A is more than B"" than those of the form ""B is less than A"", even though the ordinal relationship being described is identical in both cases -– a result I dub the ""more-credible"" effect. This paper reports 9 experiments (total
                    N
                    = 5643) that probe the generality and basis for this effect. Studies 1–4 replicate the effect for comparative statements relating to environmental change and sustainable behaviours, finding that it is robust to changes in participant population, experimental design, response formats and data analysis strategy. However, it does not generalize to all stimulus sets. Studies 5–9 test the proposition that the effect is based on the greater ease of processing ""more than"" statements. I find no meaningful effect of warning people not to base their judgments on the fluency of the sentences (Studies 5 and 6), but do find associations between comparative language, credibility, and processing time: when the more-credible effect manifests, the more-than statements are read more quickly than the less-than statements, and this difference partly mediates the effect of comparative on agreement with the statements; in contrast, for a set of comparisons for which changes in the more/less framing did not affect truth judgments, there was no meaningful difference in the time taken to read the more- and less-than versions of the statements. Taken together, these results highlight the importance of comparative language in shaping the credibility of important socio-political messages, and provide some limited support for the idea that the effect of language choice is partly due to differences in how easily the statements can be processed -– although other mechanisms are also likely to be at work.
                  ",1,,,abstract,TRUE
add_ai70,"Hsee, C. K., & Zhang, J. (2004). Distinction bias: misprediction and mischoice due to joint evaluation. Journal of personality and social psychology, 86(5), 680.",10.1037/0022-3514.86.5.680,"Anvari, F., Olsen, J., Hung, W.Y., & Feldman, G. (2020). Misprediction of affective outcomes due to different evaluation modes: Replication and extension of two distinction bias experiments by Hsee and Zhang (2004). Journal of Experimental Social Psychology, 92, 104052-104052.",10.1016/j.jesp.2020.104052,NA,https://drive.google.com/file/d/1niuyVn35u_z6REkObYjKmy6938AMNnYV/view?usp=drivesdk,2,NA,2,,,abstract,TRUE
add_ai17,"Kanai, R., Muggleton, N., & Walsh, V. (2012). Transcranial direct current stimulation of the frontal eye fields during pro-and antisaccade tasks. Frontiers in psychiatry, 3, 45.",10.3389/fpsyt.2012.00045,"Reteig, L., Knapen, T., Ridderinkhof, K., & Slagter, H. (2017). Transcranial direct current stimulation of the right frontal eye field to affect saccade execution. Journal of Vision, 17(10), 898-898.",10.1167/17.10.898,NA,NA,NA,NA,1,,,abstract,TRUE
add_ai24,"Katz, D., & Braly, K. (1933). Racial stereotypes of one hundred college students. The Journal of Abnormal and Social Psychology, 28(3), 280-290.",10.1037/h0074049,"Reed, J.S. (1991). Continuity and change in the regional stereotypes of southern college students, 1970–1987. Sociological Spectrum, 11(4), 369-377.",10.1080/02732173.1991.9981978,NA,NA,NA,NA,1,,,abstract,TRUE
add_ai11,"Kimonis, E. R., Fanti, K. A., Isoma, Z., & Donoghue, K. (2013). Maltreatment profiles among incarcerated boys with callous-unemotional traits. Child maltreatment, 18(2), 108-121.",10.1177/1077559513483002,"Awada, S.R., Ellis, R.A., Shelleby, E.C., & Orcutt, H.K. (2022). Gender Differences in Callous Unemotional Trait Profiles in an Undergraduate Sample. Journal of Aggression Maltreatment & Trauma, 31(7), 888-909.",10.1080/10926771.2022.2038753,NA,https://drive.google.com/file/d/1qD4WA9U-UCZHa3o07wjyZ9l8fP7hm9lA/view?usp=drivesdk,"1, Replication-Male",NA,1,,,abstract,TRUE
add_ai11,"Kimonis, E. R., Fanti, K. A., Isoma, Z., & Donoghue, K. (2013). Maltreatment profiles among incarcerated boys with callous-unemotional traits. Child maltreatment, 18(2), 108-121.",10.1177/1077559513483002,"Awada, S.R., Ellis, R.A., Shelleby, E.C., & Orcutt, H.K. (2022). Gender Differences in Callous Unemotional Trait Profiles in an Undergraduate Sample. Journal of Aggression Maltreatment & Trauma, 31(7), 888-909.",10.1080/10926771.2022.2038753,NA,https://drive.google.com/file/d/1qD4WA9U-UCZHa3o07wjyZ9l8fP7hm9lA/view?usp=drivesdk,"1, Replication-Female",NA,1,,,abstract,TRUE
add_ai79,"Kreegipuu, K., Murd, C., & Allik, J. (2006). Detection of colour changes in a moving object. Vision Research, 46(11), 1848-1855.",10.1016/j.visres.2005.11.013,"Murd, C., Kreegipuu, K., Kuldkepp, N., Raidvee, A., Tamm, M., & Allik, J. (2014). Visual evoked potentials to change in coloration of a moving bar. Frontiers in Human Neuroscience, 8.",10.3389/fnhum.2014.00019,NA,https://drive.google.com/file/d/1YPe33ofHhAUwjKqWyKcx7n5n-dL3gHG4/view?usp=drivesdk,Experiment 1,NA,1,,,abstract,FALSE
add_ai79,"Kreegipuu, K., Murd, C., & Allik, J. (2006). Detection of colour changes in a moving object. Vision Research, 46(11), 1848-1855.",10.1016/j.visres.2005.11.013,"Murd, C., Kreegipuu, K., Kuldkepp, N., Raidvee, A., Tamm, M., & Allik, J. (2014). Visual evoked potentials to change in coloration of a moving bar. Frontiers in Human Neuroscience, 8.",10.3389/fnhum.2014.00019,NA,https://drive.google.com/file/d/1YPe33ofHhAUwjKqWyKcx7n5n-dL3gHG4/view?usp=drivesdk,Experiment 2,NA,1,,,abstract,FALSE
add_ai79,"Kreegipuu, K., Murd, C., & Allik, J. (2006). Detection of colour changes in a moving object. Vision Research, 46(11), 1848-1855.",10.1016/j.visres.2005.11.013,"Murd, C., Kreegipuu, K., Kuldkepp, N., Raidvee, A., Tamm, M., & Allik, J. (2014). Visual evoked potentials to change in coloration of a moving bar. Frontiers in Human Neuroscience, 8.",10.3389/fnhum.2014.00019,NA,https://drive.google.com/file/d/1YPe33ofHhAUwjKqWyKcx7n5n-dL3gHG4/view?usp=drivesdk,Experiment 3,NA,1,,,abstract,FALSE
add_ai49,"Lane, K. A., Goh, J. X., & Driver-Linn, E. (2012). Implicit science stereotypes mediate the relationship between gender and academic participation. Sex Roles, 66, 220-234.",10.1007/s11199-011-0036-z,"Zitelny, H., Shalom, M., & Bar-Anan, Y. (2017). What Is the Implicit Gender-Science Stereotype? Exploring Correlations Between the Gender-Science IAT and Self-Report Measures. Social Psychological and Personality Science, 8(7), 719-735.",10.1177/1948550616683017,NA,https://drive.google.com/file/d/1fpZJLgIaE1sc6D3Ao9WYY-2RnjQ24Ey8/view?usp=drivesdk,1,"Implicit measures of the gender-science stereotype are often better than explicit measures in predicting relevant outcomes. This finding could reflect a discrepancy between implicit and explicit stereotypes, but an alternative is that the implicit measure is sensitive to constructs other than the stereotype. Analyzing an archival data set (total N = 478,550), we found that self-reported liking of science versus liberal arts was the best predictor of the gender-science implicit association test (IAT). In a reanalysis of a previous study and a replication of another study, we found that evidence for the IAT’s advantage over explicit stereotypes in predicting relevant outcomes disappeared when controlling for self-reported liking. Therefore, perhaps the IAT has often outperformed the explicit stereotype because the gender-science IAT captures personal attraction, whereas the explicit stereotype does not. It is premature to conclude that implicit constructs are superior to explicit constructs in predicting science-related plans and behavior.",1,,,abstract,TRUE
add_ai56,"Latham, O. (2012). Bias at the Beeb? A quantitative study of slant in BBC online reporting.",Latham_2012,"Ramsay, G. (2013). “Bias” at the BBC, Really? Replicating the CPS Analysis of BBC Online’s Coverage of Think Tanks. JOURNAL MISSING. https://doi.org/NA",Ramsay_2013,NA,https://drive.google.com/file/d/13utbybgNxGWl4f76AOUTFpqbbUPXSuno/view?usp=drivesdk,NA,NA,1,,,abstract,TRUE
soscisubmission97,"Wakslak, C. J., Trope, Y., Liberman, N., & Alony, R. (2006). Seeing the forest when entry is unlikely: Probability and the mental representation of events. Journal of Experimental Psychology: General, 135(4), 641–653.",10.1037/0096-3445.135.4.641,"Calderon, S., Mac Giolla, E., Ask, K., & Granhag, A. (2020, April 23). Subjective Likelihood and the Construal Level of Future Events: A Replication Study of Wakslak, Trope, Liberman, and Alony (2006).",10.1037/pspa0000214,NA,https://drive.google.com/file/d/1LpMZFwLmgIKPjzXBB9rbhzfaZHzARaIZ/view?usp=drivesdk,1,NA,2,,,abstract,FALSE
soscisubmission99,"Manning, J. T., Scutt, D., Wilson, J., & Lewis-Jones, D. I. (1998). The ratio of 2nd to 4th digit length: a predictor of sperm numbers and concentrations of testosterone, luteinizing hormone and oestrogen. Human Reproduction (Oxford, England), 13(11), 3000-3004.",10.1093/humrep/13.11.3000,"Kowal, M., Sorokowski, P., Żelaźniewicz, A., Nowak, J., Orzechowski, S., Żurek, G., ... & Danek, N. (2020). No relationship between the digit ratios (2D: 4D) and salivary testosterone change: Study on men under an acute exercise. Scientific reports, 10(1), 10068.",10.1038/s41598-020-66915-9,NA,https://drive.google.com/file/d/12GrUmwafEd6wwtYBQ9gYZoQAsg3wZO61/view?usp=drivesdk,NA,"AbstractThe digit ratio (2D:4D) is said to be a potential marker of exposure to prenatal sex steroids. Some studies suggest that the 2D:4D is also linked with the testosterone response to challenging situations due to organizational effect of prenatal hormonal milieu on adult endocrine functioning. However, up to date, there were only four studies (conducted on small samples) that examined the 2D:4D and the testosterone response to a challenging situation (i.e. physical exertion or aggressive context). Here, we examined the relationship between the 2D:4D and the testosterone change under an acute exercise among 97 men. We found that the digit ratios (the right 2D:4D, the left 2D:4D, and the right minus left 2D:4D) were neither predictors of pre-exercise testosterone, nor the change in testosterone level after a cycling task. Our results add a contradictory to previous studies evidence in a discussion on the links of the 2D:4D and the testosterone change.",1,,,abstract,TRUE
additional_studies235,"Hyun, J. S., & Luck, S. J. (2007). Visual working memory as the substrate for mental rotation. Psychonomic Bulletin & Review, 14, 154–158. 10.3758/BF03194043",10.3758/BF03194043,"Ebert, W.M., Jost, L., Jansen, P. et al. Visual working memory as the substrate for mental rotation: A replication. Psychon Bull Rev (2024). 10.3758/s13423-024-02602-4",10.3758/s13423-024-02602-4,NA,https://drive.google.com/file/d/1vN437k1uq3kRGPmKBi6jr-KfvJ0C_JhT/view?usp=drivesdk,2,"AbstractAn experimental study by Hyun and Luck suggests that object working memory, but not spatial working memory, is employed during mental rotation. In contrast, correlational research points to the relevance of spatial working memory in mental rotation. Considering these somewhat conflicting results and the fact that a small sample was acquired in the study of Hyun and Luck, a replication of their study was conducted. Additionally, potential sex effects were explored. We collected (usable) data from 213 individuals across two experiments. All participants performed a mental-rotation task alone, a working-memory task alone, and both tasks concurrently. We expected greater rotation-dependent interference between tasks when the working memory task concerned object features (Experiment 1) than when it concerned spatial locations (Experiment 2). In Experiment 1, dual-task interference was observed in working-memory accuracy. In Experiment 2, there were interference effects in both mental rotation accuracy and working-memory accuracy. However, interference did not differ between experiments. Moreover, interference was not rotation dependent in either of the experiments. Thus, we could not replicate the findings of Hyun and Luck. No sex differences were found in exploratory analyses. The general interference effects found in this study may reflect the involvement of visual working memory in the processing and decision-making stages of the mental rotation of letters. This study underscores the need for further research to fully understand the role of visual working memory in mental rotation, especially with more complex stimuli.",1,,,abstract,TRUE
NA,NA,NA,NA,NA,NA,NA,NA,NA,17,,,abstract,TRUE
