ref_o,doi_o,url_o,ref_r,doi_r,url_r,abstract_r,outcome,outcome_quote,out_quote_source,prep_notes,quote validated,year,target_match_liberal,Coder,validation_status,validator,validator_notes,alt_identifier_o,alt_identifier_r
"Rand, D. G., Greene, J. D., & Nowak, M. A. (2012). Spontaneous giving and calculated greed. Nature, 489(7416), 427–430. https://doi.org/10.1038/nature11467",10.1038/nature11467,https://doi.org/10.1038/nature11467,"Rand, D. G., Newman, G. E. (2014). Social Context and the Dynamics of Cooperative Choice. Journal of Behavioral Decision Making, 28(2), 159-166.",10.1002/bdm.1837,https://doi.org/10.1002/bdm.1837,"Abstract Recent work using decontextualized economic games suggests that cooperation is a dynamic decision‐making process: Automatic responses typically support cooperation on average, while deliberation leads to increased selfishness. Here, we performed two studies examining how these temporal effects generalize to games with richer social context cues. Study 1 found that time pressure increased cooperation to a similar extent in games played with in‐group members and out‐group members. Study 2 found that time pressure increased cooperation to a similar extent in games described as competitions and games described as collaborations. These results show that previous positive effects of time pressure on cooperation are not unique to neutrally framed games devoid of social context and are not driven by implicit assumptions of shared group membership or cooperative norms. In doing so, our findings provide further insight into the cognitive underpinnings of cooperative decision making. Copyright © 2014 John Wiley & Sons, Ltd.",successful,These results show that previous positive effects of time pressure on cooperation are not unique to neutrally framed games devoid of social context and are not driven by implicit assumptions of shared group membership or cooperative norms.,abstract,"flora-extractor offline run 2026-09-21 (works outside the survivor pool); link_method=llm_title_search, link_confidence=low. Corroborated by the Metascience Observatory: same original DOI and same outcome (success). These results show that previous positive effects of time pressure on cooperation are not unique to neutrally framed games devoid of social context | identified 2 of 5 targets; unidentified: Rand & Kr",,2015,,AI,,,,,
"Kumar, V., Kato, N., Urabe, Y., Takahashi, A., Muroyama, R., Hosono, N., Otsuka, M., Tateishi, R., Omata, M., Nakagawa, H., Koike, K., Kamatani, N., Kubo, M., Nakamura, Y., & Matsuda, K. (2011). Genome-wide association study identifies a susceptibility locus for HCV-induced hepatocellular carcinoma. Nature Genetics, 43(5), 455–458. https://doi.org/10.1038/ng.809",10.1038/ng.809,https://doi.org/10.1038/ng.809,"Burza, M. A., Motta, B. M. (2015). DEPDC5 variants increase fibrosis progression in Europeans with chronic hepatitis C virus infection. Hepatology, 63(2), 418-427.",10.1002/hep.28322,https://doi.org/10.1002/hep.28322,"UNLABELLED: Chronic hepatitis C virus (HCV) infection may progress to cirrhosis and hepatocellular carcinoma (HCC). Recently, two genetic variants, DEPDC5 rs1012068 and MICA rs2596542, were associated with the onset of HCC in Asian subjects with chronic HCV infection. The aim of the present study was to analyze whether DEPDC5 and MICA genetic variants were associated with liver disease progression in European subjects with chronic HCV infection. In a Northern Italian discovery cohort (n = 477), neither DEPDC5 rs1012068 nor MICA rs2596542 were associated with HCC (n = 150). However, DEPDC5 rs1012068 was independently associated with cirrhosis (n = 300; P = 0.049). The association of rs1012068 with moderate to severe fibrosis was confirmed in an independent cross-sectional German cohort (n = 415; P = 0.006). Furthermore, DEPDC5 rs1012068 predicted faster fibrosis progression in a prospective cohort (n = 247; P = 0.027). Next, we examined the distribution of nonsynonymous DEPDC5 variants in the overall cross-sectional cohort (n = 912). The presence of at least one variant increased the risk of moderate/severe fibrosis by 54% (P = 0.040). To understand the molecular mechanism underlying the genetic association of DEPDC5 variants with fibrosis progression, we performed in vitro studies on immortalized hepatic stellate cells (LX-2). In these cells, down-regulation of DEPDC5 resulted in increased expression of β-catenin and production of its target matrix metallopeptidase 2 (MMP2), a secreted enzyme involved in fibrosis progression. CONCLUSION: DEPDC5 variants increase fibrosis progression in European subjects with chronic HCV infection. Our findings suggest that DEPDC5 down-regulation may contribute to HCV-related fibrosis by increasing MMP2 synthesis through the β-catenin pathway.",failed,"Genome-wide association studies identified DEPDC5 rs1012068 and MICA rs2596542 as loci of susceptibility to HCC in Asian subjects with chronic HCV infection. 14,15 In the current study, we examined whether genotype distribution was different in European subjects with cirrhosis who did and did not also have HCC. We found that neither DEPDC5 rs1012068 nor MICA rs2596542 are associated with HCC in Europeans with chronic HCV infection.",discussion,"flora-extractor offline run 2026-09-21 (works outside the survivor pool); link_method=llm_title_search, link_confidence=low. Corroborated by the Metascience Observatory: same original DOI and same outcome (failure). Those two genome-wide association studies found that noncoding genetic variants in the DEP domain-containing 5 (DEPDC5) 14 and in the MHC class I polypeptide-related sequence A (MICA) 15 loci confer s",,2016,,AI,,,,,
"Miki, D., Ochi, H., Hayes, C. N., Abe, H., Yoshima, T., Aikata, H., Ikeda, K., Kumada, H., Toyota, J., Morizono, T., Tsunoda, T., Kubo, M., Nakamura, Y., Kamatani, N., & Chayama, K. (2011). Variation in the DEPDC5 locus is associated with progression to hepatocellular carcinoma in chronic hepatitis C virus carriers. Nature Genetics, 43(8), 797–800. https://doi.org/10.1038/ng.876",10.1038/ng.876,https://doi.org/10.1038/ng.876,"Burza, M. A., Motta, B. M. (2015). DEPDC5 variants increase fibrosis progression in Europeans with chronic hepatitis C virus infection. Hepatology, 63(2), 418-427.",10.1002/hep.28322,https://doi.org/10.1002/hep.28322,"UNLABELLED: Chronic hepatitis C virus (HCV) infection may progress to cirrhosis and hepatocellular carcinoma (HCC). Recently, two genetic variants, DEPDC5 rs1012068 and MICA rs2596542, were associated with the onset of HCC in Asian subjects with chronic HCV infection. The aim of the present study was to analyze whether DEPDC5 and MICA genetic variants were associated with liver disease progression in European subjects with chronic HCV infection. In a Northern Italian discovery cohort (n = 477), neither DEPDC5 rs1012068 nor MICA rs2596542 were associated with HCC (n = 150). However, DEPDC5 rs1012068 was independently associated with cirrhosis (n = 300; P = 0.049). The association of rs1012068 with moderate to severe fibrosis was confirmed in an independent cross-sectional German cohort (n = 415; P = 0.006). Furthermore, DEPDC5 rs1012068 predicted faster fibrosis progression in a prospective cohort (n = 247; P = 0.027). Next, we examined the distribution of nonsynonymous DEPDC5 variants in the overall cross-sectional cohort (n = 912). The presence of at least one variant increased the risk of moderate/severe fibrosis by 54% (P = 0.040). To understand the molecular mechanism underlying the genetic association of DEPDC5 variants with fibrosis progression, we performed in vitro studies on immortalized hepatic stellate cells (LX-2). In these cells, down-regulation of DEPDC5 resulted in increased expression of β-catenin and production of its target matrix metallopeptidase 2 (MMP2), a secreted enzyme involved in fibrosis progression. CONCLUSION: DEPDC5 variants increase fibrosis progression in European subjects with chronic HCV infection. Our findings suggest that DEPDC5 down-regulation may contribute to HCV-related fibrosis by increasing MMP2 synthesis through the β-catenin pathway.",failed,"Genome-wide association studies identified DEPDC5 rs1012068 and MICA rs2596542 as loci of susceptibility to HCC in Asian subjects with chronic HCV infection. 14,15 In the current study, we examined whether genotype distribution was different in European subjects with cirrhosis who did and did not also have HCC. We found that neither DEPDC5 rs1012068 nor MICA rs2596542 are associated with HCC in Europeans with chronic HCV infection.",discussion,"flora-extractor offline run 2026-09-21 (works outside the survivor pool); link_method=llm_title_search, link_confidence=low. Corroborated by the Metascience Observatory: same original DOI and same outcome (failure). Those two genome-wide association studies found that noncoding genetic variants in the DEP domain-containing 5 (DEPDC5) 14 and in the MHC class I polypeptide-related sequence A (MICA) 15 loci confer s",,2016,,AI,,,,,
"Roberts, K. E., Fallon, M. B., Krowka, M. J., Brown, R. S., Trotter, J. F., Peter, I., Tighiouart, H., Knowles, J. A., Rabinowitz, D., Benza, R. L., Badesch, D. B., Taichman, D. B., Horn, E. M., Zacks, S., Kaplowitz, N., & Kawut, S. M. (2009). Genetic Risk Factors for Portopulmonary Hypertension in Patients with Advanced Liver Disease. American Journal of Respiratory and Critical Care Medicine, 179(9), 835–842. https://doi.org/10.1164/rccm.200809-1472oc",10.1164/rccm.200809-1472oc,https://doi.org/10.1164/rccm.200809-1472oc,"Al‐Naamani, N., Krowka, M. J. (2020). Estrogen Signaling and Portopulmonary Hypertension: The Pulmonary Vascular Complications of Liver Disease Study (PVCLD2). Hepatology, 73(2), 726-737.",10.1002/hep.31314,https://doi.org/10.1002/hep.31314,"BACKGROUND AND AIMS: Portopulmonary hypertension (POPH) was previously associated with a single-nucleotide polymorphism (SNP) rs7175922 in aromatase (cytochrome P450 family 19 subfamily A member 1 [CYP19A1]). We sought to determine whether genetic variants and metabolites in the estrogen signaling pathway are associated with POPH. APPROACH AND RESULTS: , and pulmonary artery wedge pressure ≤15 mm Hg without another cause of pulmonary hypertension. Controls had advanced liver disease, right ventricular (RV) systolic pressure <40 mm Hg, and normal RV function by echocardiography. We genotyped three SNPs in CYP19A1 and CYP1B1 using TaqMan and imputed SNPs in estrogen receptor 1 using genome-wide markers. Estrogen metabolites were measured in blood and urine samples. There were 37 patients with POPH and 290 controls. Mean age was 57 years, and 36% were female. The risk allele A in rs7175922 (CYP19A1) was significantly associated with higher levels of estradiol (P = 0.02) and an increased risk of POPH (odds ratio [OR], 2.36; 95% confidence interval [CI], 1.12-4.91; P = 0.02) whereas other SNPs were not. Lower urinary 2-hydroxyestrogen/16-α-hydroxyestrone (OR per 1-ln decrease = 2.04; 95% CI, 1.16-3.57; P = 0.01), lower plasma levels of dehydroepiandrosterone-sulfate (OR per 1-ln decrease = 2.38; 95% CI, 1.56-3.85; P < 0.001), and higher plasma levels of 16-α-hydroxyestradiol (OR per 1-ln increase = 2.16; 95% CI, 1.61-2.98; P < 0.001) were associated with POPH. CONCLUSIONS: Genetic variation in aromatase and changes in estrogen metabolites were associated with POPH.",successful,"The risk allele A in rs7175922 (CYP19A1) was significantly associated with higher levels of estradiol (P = 0.02) and an increased risk of POPH (odds ratio [OR], 2.36; 95% confidence interval [CI], 1.12-4.91; P = 0.02) whereas other SNPs were not.",abstract,"flora-extractor offline run 2026-09-21 (works outside the survivor pool); link_method=llm_references, link_confidence=high. Corroborated by the Metascience Observatory: same original DOI and same outcome (success). Portopulmonary hypertension (POPH) was previously associated with a single-nucleotide polymorphism (SNP) rs7175922 in aromatase (cytochrome P450 family 19 subfamily A member 1 [CYP19A1]). We sought to",,2021,,AI,,,,,
"Monaghan, S., & Blaszczynski, A. (2007). Recall of electronic gaming machine signs: A static versus a dynamic mode of presentation. Journal of Gambling Issues, 253–253. https://doi.org/10.4309/jgi.2007.20.8",10.4309/jgi.2007.20.8,https://doi.org/10.4309/jgi.2007.20.8,"Monaghan, S., Blaszczynski, A. (2009). Impact of Mode of Display and Message Content of Responsible Gambling Signs for Electronic Gaming Machines on Regular Gamblers. Journal of Gambling Studies, 26(1), 67-88.",10.1007/s10899-009-9150-z,https://doi.org/10.1007/s10899-009-9150-z,"Harm-minimization strategies aim to reduce gambling-related risks; however, minimal evidence supports the effectiveness of current strategies involving the placement of warning signs in gambling venues and on electronic gaming machines (EGMs). This qualitative replication study evaluated the differential effect of pop-up messages compared to static signs and the content of messages on EGMs on recall, thoughts, and behaviors assessed during the session and at 2-week follow-up. In Study 1, 127 regular EGM gamblers (male = 97, mean age = 20.3) recruited from a university student population attended a laboratory where they were randomly assigned to play a computer-based simulated EGM analogue displaying signs that differed by (a) mode of presentation (pop-up and static) and (b) message content (informative, self-appraisal, and control/blank). In Study 2, an identical methodology was used but included the use of a simulated EGM within an in vivo gaming setting with 124 regular EGM players (male = 81, mean age = 44.1). Results from both studies showed that pop-up messages were recalled more effectively than static messages immediately and at 2-week follow-up. Pop-up messages reportedly had a significantly greater impact on within-session thoughts and behaviors. Messages encouraging self-appraisal resulted in significantly greater effect on self-reported thoughts and behaviors during both the experimental session and in subsequent EGM play. These findings support the effectiveness of pop-up messages containing self-appraisal messages as an appropriate harm-minimization initiative.",successful,Results from both studies showed that pop-up messages were recalled more effectively than static messages immediately and at 2-week follow-up. Pop-up messages reportedly had a significantly greater impact on within-session thoughts and behaviors.,abstract,"flora-extractor offline run 2026-09-21 (works outside the survivor pool); link_method=llm_references, link_confidence=low. Corroborated by the Metascience Observatory: same original DOI and same outcome (success). This qualitative replication study evaluated the differential effect of pop-up messages compared to static signs ... on recall, thoughts, and behaviors assessed during the session and at 2-week follow",,2010,,AI,,,,,
"Snyder, C., Blackford, A. L., Brahmer, J. R., Carducci, M. A., Пили, Р., Stearns, V., Wolff, A. C., Dy, S. M., & Wu, A. W. (2010). Needs assessments can identify scores on HRQOL questionnaires that represent problems for patients: an illustration with the Supportive Care Needs Survey and the QLQ-C30. Quality of Life Research, 19(6), 837–845. https://doi.org/10.1007/s11136-010-9636-2",10.1007/s11136-010-9636-2,https://doi.org/10.1007/s11136-010-9636-2,"Snyder, C., Blackford, A. L. (2013). Using the EORTC-QLQ-C30 in clinical practice for patient management: identifying scores requiring a clinician’s attention. Quality of Life Research, 22(10), 2685-2691.",10.1007/s11136-013-0387-8,https://doi.org/10.1007/s11136-013-0387-8,"PurposePatient-reported outcomes (PROs) are used increasingly for individual patient management. Identifying which PRO scores require a clinician's attention is an ongoing challenge. Previous research used a needs assessment to identify EORTC-QLQ-C30 cutoff scores representing unmet needs. This analysis attempted to replicate the previous findings in a new and larger sample.MethodsThis analysis used data from 408 Japanese ambulatory breast cancer patients who completed the QLQ-C30 and Supportive Care Needs Survey-Short Form-34 (SCNS-SF34). Applying the methods used previously, SCNS-SF34 item/domain scores were dichotomized as no versus some unmet need. We calculated area under the receiver operating characteristic curve (AUC) to evaluate QLQ-C30 scores' ability to discriminate between patients with no versus some unmet need based on SCNS-SF34 items/domains. For QLQ-C30 domains with AUC ≥ 0.70, we calculated the sensitivity, specificity, and predictive value of various cutoffs for identifying unmet needs. We hypothesized that compared to our original analysis, (1) the same six QLQ-C30 domains would have AUC ≥ 0.70, (2) the same SCNS-SF34 items would be best discriminated by QLQ-C30 scores, and (3) the sensitivity and specificity of our original cutoff scores would be supported.ResultsThe findings from our original analysis were supported. The same six domains with AUC ≥ 0.70 in the original analysis had AUC ≥ 0.70 in this new sample, and the same SCNS-SF34 item was best discriminated by QLQ-C30 scores. Cutoff scores were identified with sensitivity ≥0.84 and specificity ≥0.54.ConclusionGiven these findings' concordance with our previous analysis, these QLQ-C30 cutoffs could be implemented in clinical practice and their usefulness evaluated.",successful,The findings from our original analysis were supported.,abstract,"flora-extractor offline run 2026-09-21 (works outside the survivor pool); link_method=llm_references, link_confidence=high. Corroborated by the Metascience Observatory: same original DOI and same outcome (success). This analysis attempted to replicate the previous findings in a new and larger sample.",,2013,,AI,,,,,
"Shinkai, T., Ohmori, O., Hori, H., & Nakamura, J. (2002). Allelic association of the neuronal nitric oxide synthase (NOS1) gene with schizophrenia. Molecular Psychiatry, 7(6), 560–563. https://doi.org/10.1038/sj.mp.4001041",10.1038/sj.mp.4001041,https://doi.org/10.1038/sj.mp.4001041,"Okumura, T., Okochi, T. (2009). No Association Between Polymorphisms of Neuronal Oxide Synthase 1 Gene (NOS1) and Schizophrenia in a Japanese Population. NeuroMolecular Medicine, 11(2), 123-127.",10.1007/s12017-009-8068-z,https://doi.org/10.1007/s12017-009-8068-z,"The neuronal nitric oxide synthase gene (NOS1) is located on 12q24, in a susceptibility region for schizophrenia, and produces nitric oxide (NO) in the brain. NO plays a role in neurotransmitter release and is the second messenger of the N-methyl-D-aspartate (NMDA) receptor. Furthermore, it is connected to the dopaminergic and serotonergic neural transmission systems. Therefore, abnormalities in the NO pathway are thought to be involved in the pathophysiology of schizophrenia. Several genetic studies showed an association of NOS1 with schizophrenia. However, results of replication studies have been inconsistent. Therefore, we conducted a replication study of NOS1 with schizophrenia in a Japanese sample. We selected seven SNPs (rs41279104, rs3782221, rs3782219, rs561712, rs3782206, rs2682826, and rs6490121) in NOS1 that were positively associated with schizophrenia in previous studies. Two SNPs showed an association with Japanese schizophrenic patients (542 cases and 519 controls, rs3782219: P allele = 0.0291 and rs3782206: P allele = 0.0124, P genotype = 0.0490), and almost these significances remained with an increased sample size (1154 cases and 1260 controls, rs3782219: P allele = 0.0197 and rs3782206: P allele = 0.0480). However, these associations also might have resulted from type I error on account of multiple testing (rs3782219: P allele = 0.133 and rs3782206: P allele = 0.168). In conclusion, we could not replicate the association between seven SNPs in NOS1 and schizophrenia found in several earlier studies, using larger Japanese schizophrenia and control samples.",failed,"In conclusion, we could not replicate the association between seven SNPs in NOS1 and schizophrenia found in several earlier studies, using larger Japanese schizophrenia and control samples.",abstract,"flora-extractor offline run 2026-09-21 (works outside the survivor pool); link_method=llm_references, link_confidence=low. Corroborated by the Metascience Observatory: same original DOI and same outcome (failure). We selected seven SNPs (rs41279104, rs3782221, rs3782219, rs561712, rs3782206, rs2682826, and rs6490121) in NOS1 that were positively associated with schizophrenia in previous studies. | multi_target_",,2009,,AI,,,,,
"Reif, A., Herterich, S., Strobel, A., Ehlis, A., Saur, D., Jacob, C., Wienker, T. F., Töpner, T., Fritzen, S., Walter, U., Schmitt, A., Fallgatter, A. J., & Lesch, K. (2006). A neuronal nitric oxide synthase (NOS-I) haplotype associated with schizophrenia modifies prefrontal cortex function. Molecular Psychiatry, 11(3), 286–300. https://doi.org/10.1038/sj.mp.4001779",10.1038/sj.mp.4001779,https://doi.org/10.1038/sj.mp.4001779,"Okumura, T., Okochi, T. (2009). No Association Between Polymorphisms of Neuronal Oxide Synthase 1 Gene (NOS1) and Schizophrenia in a Japanese Population. NeuroMolecular Medicine, 11(2), 123-127.",10.1007/s12017-009-8068-z,https://doi.org/10.1007/s12017-009-8068-z,"The neuronal nitric oxide synthase gene (NOS1) is located on 12q24, in a susceptibility region for schizophrenia, and produces nitric oxide (NO) in the brain. NO plays a role in neurotransmitter release and is the second messenger of the N-methyl-D-aspartate (NMDA) receptor. Furthermore, it is connected to the dopaminergic and serotonergic neural transmission systems. Therefore, abnormalities in the NO pathway are thought to be involved in the pathophysiology of schizophrenia. Several genetic studies showed an association of NOS1 with schizophrenia. However, results of replication studies have been inconsistent. Therefore, we conducted a replication study of NOS1 with schizophrenia in a Japanese sample. We selected seven SNPs (rs41279104, rs3782221, rs3782219, rs561712, rs3782206, rs2682826, and rs6490121) in NOS1 that were positively associated with schizophrenia in previous studies. Two SNPs showed an association with Japanese schizophrenic patients (542 cases and 519 controls, rs3782219: P allele = 0.0291 and rs3782206: P allele = 0.0124, P genotype = 0.0490), and almost these significances remained with an increased sample size (1154 cases and 1260 controls, rs3782219: P allele = 0.0197 and rs3782206: P allele = 0.0480). However, these associations also might have resulted from type I error on account of multiple testing (rs3782219: P allele = 0.133 and rs3782206: P allele = 0.168). In conclusion, we could not replicate the association between seven SNPs in NOS1 and schizophrenia found in several earlier studies, using larger Japanese schizophrenia and control samples.",failed,"In conclusion, we could not replicate the association between seven SNPs in NOS1 and schizophrenia found in several earlier studies, using larger Japanese schizophrenia and control samples.",abstract,"flora-extractor offline run 2026-09-21 (works outside the survivor pool); link_method=llm_references, link_confidence=low. Corroborated by the Metascience Observatory: same original DOI and same outcome (failure). We selected seven SNPs (rs41279104, rs3782221, rs3782219, rs561712, rs3782206, rs2682826, and rs6490121) in NOS1 that were positively associated with schizophrenia in previous studies. | multi_target_",,2009,,AI,,,,,
"Levine, A. J., Horvath, S., Miller, E. N., Singer, E. J., Shapshak, P., Baldwin, G. C., Martı́nez-Maza, O., Witt, M. D., & Langfelder, P. (2013). Transcriptome analysis of HIV-infected peripheral blood monocytes: Gene transcripts and networks associated with neurocognitive functioning. Journal of Neuroimmunology, 265(1-2), 96–105. https://doi.org/10.1016/j.jneuroim.2013.09.016",10.1016/j.jneuroim.2013.09.016,https://doi.org/10.1016/j.jneuroim.2013.09.016,"Quach, A., Horvath, S. (2018). No reliable gene expression biomarkers of current or impending neurocognitive impairment in peripheral blood monocytes of persons living with HIV. Journal of NeuroVirology, 24(3), 350-361.",10.1007/s13365-018-0625-5,https://doi.org/10.1007/s13365-018-0625-5,"Events leading to and propagating neurocognitive impairment (NCI) in HIV-1-infected (HIV+) persons are largely mediated by peripheral blood monocytes. We previously identified expression levels of individual genes and gene networks in peripheral blood monocytes that correlated with neurocognitive functioning in HIV+ adults. Here, we expand upon those findings by examining if gene expression data at baseline is predictive of change in neurocognitive functioning 2 years later. We also attempt to validate the original findings in a new sample of HIV+ patients and determine if the findings are HIV specific by including HIV-uninfected (HIV-) participants as a comparison group. At two time points, messenger RNA (mRNA) was isolated from the monocytes of 123 HIV+ and 60 HIV- adults enrolled in the Multicenter AIDS Cohort Study and analyzed with the Illumina HT-12 v4 Expression BeadChip. All participants received baseline and follow-up neurocognitive testing 2 years after mRNA analysis. Data were analyzed using standard gene expression analysis and weighted gene co-expression network analysis with correction for multiple testing. Gene sets were analyzed for GO term enrichment. Only weak reproducibility of associations of single genes with neurocognitive functioning was observed, indicating that such measures are unreliable as biomarkers for HIV-related NCI; however, gene networks were generally preserved between time points and largely reproducible, suggesting that these may be more reliable. Several gene networks associated with variables related to HIV infection were found (e.g., MHC I antigen processing, TNF signaling, interferon gamma signaling, and antiviral defense); however, no significant associations were found for neurocognitive function. Furthermore, neither individual gene probes nor gene networks predicted later neurocognitive change. This study did not validate our previous findings and does not support the use of monocyte gene expression profiles as a biomarker for current or future HIV-associated neurocognitive impairment.",failed,This study did not validate our previous findings and does not support the use of monocyte gene expression profiles as a biomarker for current or future HIV-associated neurocognitive impairment.,abstract,"flora-extractor offline run 2026-09-21 (works outside the survivor pool); link_method=llm_references, link_confidence=high. Corroborated by the Metascience Observatory: same original DOI and same outcome (failure). We previously identified expression levels of individual genes and gene networks in peripheral blood monocytes that correlated with neurocognitive functioning in HIV+ adults. Here, we expand upon thos",,2018,,AI,,,,,
"Byrne, B. L., Rehfeldt, R. A., & Aguirre, A. A. (2014). Evaluating the Effectiveness of the Stimulus Pairing Observation Procedure and Multiple Exemplar Instruction on Tact and Listener Responses in Children with Autism. The Analysis of Verbal Behavior, 30(2), 160–169. https://doi.org/10.1007/s40616-014-0020-0",10.1007/s40616-014-0020-0,https://doi.org/10.1007/s40616-014-0020-0,"Solares, L., Fryling, M. J. (2018). Further Evaluation of the Stimulus Pairing Observation Procedure with Children with Autism Spectrum Disorder. The Analysis of Verbal Behavior, 35(1), 85-93.",10.1007/s40616-018-0101-6,https://doi.org/10.1007/s40616-018-0101-6,"A large amount of learning occurs through the observation of stimulus-stimulus relations. One procedure that involves this sort of learning is the stimulus-pairing observation procedure (SPOP). The current study involves a systematic replication of Byrne, Rehfeldt, and Aguirre (2014). Tests for the emergence of tact and listener relations were conducted pre- and post-SPOP intervention, which consisted of a therapist presenting auditory-visual stimulus relations to participants. The SPOP intervention resulted in the establishment of tact and listener relations for all participants. The importance of assessing prerequisite skills is considered in the context of previous research.",successful,The SPOP intervention resulted in the establishment of tact and listener relations for all participants.,abstract,"flora-extractor offline run 2026-09-21 (works outside the survivor pool); link_method=llm_cited_candidates, link_confidence=high. Corroborated by the Metascience Observatory: same original DOI and same outcome (success). The current study involves a systematic replication of Byrne, Rehfeldt, and Aguirre (2014).",,2019,,AI,,,,,
"Hanley, G. P., Jin, C. S., Vanselow, N. R., & Hanratty, L. A. (2014). Producing meaningful improvements in problem behavior of children with autism via synthesized analyses and treatments. Journal of Applied Behavior Analysis, 47(1), 16–36. https://doi.org/10.1002/jaba.106",10.1002/jaba.106,https://doi.org/10.1002/jaba.106,"Beaulieu, L., Nostrand, M. E. V. (2018). Incorporating Interview-Informed Functional Analyses into Practice. Behavior Analysis in Practice, 11(4), 385-389.",10.1007/s40617-018-0247-7,https://doi.org/10.1007/s40617-018-0247-7,"We replicated and extended the effects of an assessment and treatment model employed by Hanley et al. (Journal of Applied Behavior Analysis, 47, 16-36, 2014) with one participant receiving home-based services. Following a functional analysis, we taught the participant multiple functional communication responses (FCRs) and to tolerate delays and denials to requested items. The participant learned the FCRs and the delay to reinforcers was increased to 34 min. Results generalized across stimuli, people, settings, and time. Social validity results supported that the behaviors were important, the treatment was acceptable, and the effects were significant.",successful,"We replicated and extended the effects of an assessment and treatment model employed by Hanley et al. (Journal of Applied Behavior Analysis, 47, 16-36, 2014) with one participant receiving home-based services.",abstract,"flora-extractor offline run 2026-09-21 (works outside the survivor pool); link_method=llm_references, link_confidence=high. Corroborated by the Metascience Observatory: same original DOI and same outcome (success). We replicated and extended the effects of an assessment and treatment model employed by Hanley et al. (Journal of Applied Behavior Analysis, 47, 16-36, 2014) with one participant receiving home-based",,2018,,AI,,,,,
"Krstovska-Guerrero, I., & Jones, E. A. (2015). Social-Communication Intervention for Toddlers with Autism Spectrum Disorder: Eye Gaze in the Context of Requesting and Joint Attention. Journal of Developmental and Physical Disabilities, 28(2), 289–316. https://doi.org/10.1007/s10882-015-9466-9",10.1007/s10882-015-9466-9,https://doi.org/10.1007/s10882-015-9466-9,"Weisberg, H. R., Jones, E. A. (2018). Individualizing Intervention to Teach Joint Attention, Requesting, and Social Referencing to Children with Autism. Behavior Analysis in Practice, 12(1), 105-123.",10.1007/s40617-018-0265-5,https://doi.org/10.1007/s40617-018-0265-5,"Social communication skills such as joint attention (JA), requesting, and social referencing (SR) are deficits in children with autism spectrum disorder (ASD). Shifting gaze is a common response across these skills. In many studies, children respond variably to intervention, resulting in modifications to planned intervention procedures. In this study, we attempted to replicate the procedures of Krstovska-Guerrero and Jones (Journal of Developmental and Physical Disabilities 28; 289-316, 2016) and Muzammal and Jones (Journal of Developmental and Physical Disabilities 29; 203-221, 2017) to teach JA, requesting, and SR. In general, intervention procedures consisting of prompting and reinforcement were effective in teaching requesting, SR, and JA skills to children with ASD. However, not all children acquired each skill, and all children required individualized procedures to acquire some skills. We report the process of deciding how to modify intervention and discuss considerations for practitioners when planning intervention that may improve children's performance.",mixed,"Results replicated previous literature by demonstrating that, in general, prompting and reinforcement resulted in acquisition of RR, SR, RJA, and IJA for two children with ASD. | This is in contrast to Krstovska-Guerrero and Jones (2016) and Muzammal and Jones (2017), in which acquisition of RR led to increased levels of IJA and RJA for some children, and other literature, in which children were taught to mand (e.g., Charlop-Christy et al., 2002).",discussion,"flora-extractor offline run 2026-09-21 (works outside the survivor pool); link_method=llm_title_search, link_confidence=low. Corroborated by the Metascience Observatory: same original DOI and same outcome (inconclusive). In this study, we attempted to replicate the procedures of Krstovska-Guerrero and Jones (2016) and Muzammal and Jones (2017) to teach JA, requesting, and SR.",,2019,,AI,,,,,
"Muzammal, M. S., & Jones, E. A. (2016). Social-Communication Intervention for Toddlers with Autism Spectrum Disorder: Effects on Initiating Joint Attention and Interactions with Mother. Journal of Developmental and Physical Disabilities, 29(2), 203–221. https://doi.org/10.1007/s10882-016-9519-8",10.1007/s10882-016-9519-8,https://doi.org/10.1007/s10882-016-9519-8,"Weisberg, H. R., Jones, E. A. (2018). Individualizing Intervention to Teach Joint Attention, Requesting, and Social Referencing to Children with Autism. Behavior Analysis in Practice, 12(1), 105-123.",10.1007/s40617-018-0265-5,https://doi.org/10.1007/s40617-018-0265-5,"Social communication skills such as joint attention (JA), requesting, and social referencing (SR) are deficits in children with autism spectrum disorder (ASD). Shifting gaze is a common response across these skills. In many studies, children respond variably to intervention, resulting in modifications to planned intervention procedures. In this study, we attempted to replicate the procedures of Krstovska-Guerrero and Jones (Journal of Developmental and Physical Disabilities 28; 289-316, 2016) and Muzammal and Jones (Journal of Developmental and Physical Disabilities 29; 203-221, 2017) to teach JA, requesting, and SR. In general, intervention procedures consisting of prompting and reinforcement were effective in teaching requesting, SR, and JA skills to children with ASD. However, not all children acquired each skill, and all children required individualized procedures to acquire some skills. We report the process of deciding how to modify intervention and discuss considerations for practitioners when planning intervention that may improve children's performance.",mixed,"Results replicated previous literature by demonstrating that, in general, prompting and reinforcement resulted in acquisition of RR, SR, RJA, and IJA for two children with ASD. | This is in contrast to Krstovska-Guerrero and Jones (2016) and Muzammal and Jones (2017), in which acquisition of RR led to increased levels of IJA and RJA for some children, and other literature, in which children were taught to mand (e.g., Charlop-Christy et al., 2002).",discussion,"flora-extractor offline run 2026-09-21 (works outside the survivor pool); link_method=llm_title_search, link_confidence=low. Corroborated by the Metascience Observatory: same original DOI and same outcome (inconclusive). In this study, we attempted to replicate the procedures of Krstovska-Guerrero and Jones (2016) and Muzammal and Jones (2017) to teach JA, requesting, and SR.",,2019,,AI,,,,,
"Saini, V., Ubdegrove, K., Biran, S., & Duncan, R. (2019). A Preliminary Evaluation of Interrater Reliability and Concurrent Validity of Open-Ended Indirect Assessment. Behavior Analysis in Practice, 13(1), 114–125. https://doi.org/10.1007/s40617-019-00364-3",10.1007/s40617-019-00364-3,https://doi.org/10.1007/s40617-019-00364-3,"Rajaraman, A., Hanley, G. P. (2022). On the Reliability and Treatment Utility of the Practical Functional Assessment Process. Behavior Analysis in Practice, 15(3), 815-837.",10.1007/s40617-021-00665-6,https://doi.org/10.1007/s40617-021-00665-6,"Saini et al. (2019) urged caution with respect to the use of practical functional assessment (PFA) procedures to inform behavioral treatment when they found that responses to an open-ended caregiver interview were only somewhat reliable and showed moderate to weak correspondence with analog functional analyses. Because the practitioner's goal in conducting any functional assessment process is to inform the successful treatment of problem behavior, we replicated and extended Saini et al. by (a) evaluating the reliability of hypotheses gleaned from two independent PFA processes for each of four children, (b) conducting treatment informed by a randomly assigned PFA, and (c) determining the extent to which potentially different levels of reliability impacted the treatment utility of the PFA process. Results indicated that the reliability of the PFA process varied depending on the stringency with which it was evaluated. However, treatments developed from randomly determined PFA processes produced efficacious outcomes on problem behavior and targeted social skills that transferred to the context designed from the other PFA process in all evaluations, suggesting that the PFA has strong treatment utility despite parts of the process having ambiguous levels of reliability. We discuss implications for practitioners tasked with treating severe problem behavior.",successful,"Results indicated that the reliability of the PFA process varied depending on the stringency with which it was evaluated. However, treatments developed from randomly determined PFA processes produced efficacious outcomes on problem behavior and targeted social skills that transferred to the context designed from the other PFA process in all evaluations, suggesting that the PFA has strong treatment utility despite parts of the process having ambiguous levels of reliability.",abstract,"flora-extractor offline run 2026-09-21 (works outside the survivor pool); link_method=llm_cited_candidates, link_confidence=high. Corroborated by the Metascience Observatory: same original DOI and same outcome (success). Because the practitioner's goal in conducting any functional assessment process is to inform the successful treatment of problem behavior, we replicated and extended Saini et al.",,2022,,AI,,,,,
"Cowan, M. J., Reichenbach, D. D., Bruce, R. A., & Fisher, L. D. (1982). Estimation of myocardial infarct size by digital computer analysis of the VCG. Journal of Electrocardiology, 15(4), 307–316. https://doi.org/10.1016/s0022-0736(82)81002-9",10.1016/s0022-0736(82)81002-9,https://doi.org/10.1016/s0022-0736(82)81002-9,"Cowan, M. J., Bruce, R. A. (1986). Validation of a computerized QRS criterion for estimating myocardial infarction size and correlation with quantitative morphologic measurements. The American Journal of Cardiology, 57(1), 60-65.",10.1016/0002-9149(86)90952-5,https://doi.org/10.1016/0002-9149(86)90952-5,"This replication study describes the relation of myocardial infarction (MI) size, measured at autopsy, to initial and late QRS abnormalities, measured by computerized spatial vectorcardiography. Thirty-one patients with MIs of differing ages and left ventricular locations and 24 patients with no evidence of heart disease were studied. The percent volume of MI was significantly estimated by the initial QRS abnormalities (r = 0.94, p less than 0.00001). The 2 regression equations from the previous training set and from this present test set were compared to verify validity of the criterion, the integral of magnitudes of spatial vectors during initial abnormal depolarization to estimate MI size. There was not a significant difference between the 2 intercepts, the 2 slopes, the 2 straight-line regressions or the 2 correlation coefficients. The additional information obtained from late QRS abnormalities contributed little to improve estimation of size of multiple MIs of differing ages and left ventricular locations, but accurately predicted (r = 0.87) the size in single inferobasal MI. The results indicate that vectorcardiographic measurements of early activation abnormalities is a valid criterion to estimate MI size.",successful,"There was not a significant difference between the 2 intercepts, the 2 slopes, the 2 straight-line regressions or the 2 correlation coefficients. The results indicate that vectorcardiographic measurements of early activation abnormalities is a valid criterion to estimate MI size.",abstract,"flora-extractor offline run 2026-09-21 (works outside the survivor pool); link_method=llm_references, link_confidence=high. Corroborated by the Metascience Observatory: same original DOI and same outcome (success). This replication study describes the relation of myocardial infarction (MI) size, measured at autopsy, to initial and late QRS abnormalities, measured by computerized spatial vectorcardiography. The 2",,1986,,AI,,,,,
"Barnett, S.B., Miller, M. W., Cox, C., & Carstensen, E. L. (1988). Increased sister chromatid exchanges in chinese hamster ovary cells exposed to high intensity pulsed ultrasound. Ultrasound in Medicine & Biology, 14(5), 397–403. https://doi.org/10.1016/0301-5629(88)90075-0",10.1016/0301-5629(88)90075-0,https://doi.org/10.1016/0301-5629(88)90075-0,"Miller, M. W., Azadniv, M. (1989). Sister chromatid exchanges in Chinese hamster ovary cells exposed to high intensity pulsed ultrasound: Inability to confirm previous positive results. Ultrasound in Medicine & Biology, 15(3), 255-262.",10.1016/0301-5629(89)90069-0,https://doi.org/10.1016/0301-5629(89)90069-0,"This study was undertaken in an attempt to determine a physical mechanism of action for a recently published report of a small but statistically significant increase in sister chromatid exchanges (SCEs) in Chinese hamster ovary cells exposed to high-intensity pulsed ultrasound. The ""positive"" report's protocol involved a sizeable chance of ultrasound beam impingement on the side wall of the cell exposure chamber. Ten experiments per regimen were conducted; the regimens included exposures of (a) chamber center, (b) chamber wall, (c) nine grid sites, 0.5 mm between sites, and (d) nine grid sites, 1.5 mm between sites. The last was an exact replication of the conditions previously reported to induce the small SCE effect. The results did not support the postulate of an increase in SCEs with the ultrasound exposures.",failed,The last was an exact replication of the conditions previously reported to induce the small SCE effect. The results did not support the postulate of an increase in SCEs with the ultrasound exposures.,abstract,"flora-extractor offline run 2026-09-21 (works outside the survivor pool); link_method=llm_references, link_confidence=high. Corroborated by the Metascience Observatory: same original DOI and same outcome (failure). The last was an exact replication of the conditions previously reported to induce the small SCE effect.",,1989,,AI,,,,,
"Wilson, A. M., Gray, R. D., Hall, I. P., & Lipworth, B. J. (2006). The effect of β2‐adrenoceptor haplotypes on bronchial hyper‐responsiveness in patients with asthma. Allergy, 61(2), 254–259. https://doi.org/10.1111/j.1398-9995.2006.01001.x",10.1111/j.1398-9995.2006.01001.x,https://doi.org/10.1111/j.1398-9995.2006.01001.x,"Manoharan, A., Anderson, W. J. (2013). Influence of β2-adrenergic receptor polymorphism on methacholine hyperresponsiveness in asthmatic patients. Annals of Allergy Asthma & Immunology, 110(3), 161-164.",10.1016/j.anai.2012.12.019,https://doi.org/10.1016/j.anai.2012.12.019,"BackgroundWe previously reported that the β(2)-adrenergic receptor (ADRB2) polymorphism had no effect on bronchial hyperresponsiveness (BHR) to methacholine in asthmatic patients. We have now replicated this analysis in a different and larger cohort of patients.ObjectiveTo assess the effect of the ADRB2 polymorphism in methacholine-responsive patients with asthma.MethodsWe conducted a retrospective analysis of the effects of ADRB2 haplotypes at position 16 (Gly/Arg) and 27(Gln/Glu) in 449 patients with a physician diagnosis of asthma who were responsive to methacholine (ie, provocation concentration that caused a decrease in forced expiratory volume in 1 second [FEV(1)] of 20% [PC(20)], ResultsNo differences were found in age, FEV(1), or inhaled corticosteroid dose among the genotypes or haplotypes. No significant differences were found in methacholine PC(20) (ie, ConclusionWe have confirmed in this replication study that common ADRB2 genotypes or haplotypes at positions 16/27 do not influence BHR in methacholine-responsive patients with asthma.",successful,We have confirmed in this replication study that common ADRB2 genotypes or haplotypes at positions 16/27 do not influence BHR in methacholine-responsive patients with asthma.,abstract,"flora-extractor offline run 2026-09-21 (works outside the survivor pool); link_method=llm_references, link_confidence=high. Corroborated by the Metascience Observatory: same original DOI and same outcome (success). We previously reported that the β(2)-adrenergic receptor (ADRB2) polymorphism had no effect on bronchial hyperresponsiveness (BHR) to methacholine in asthmatic patients. We have now replicated this an",,2013,,AI,,,,,
"Tillmann, T., Ernst, H., Streckert, J., Zhou, Y., Taugner, F., Hansen, V., & Dasenbrock, C. (2010). Indication of cocarcinogenic potential of chronic UMTS-modulated radiofrequency exposure in an ethylnitrosourea mouse model. International Journal of Radiation Biology, 86(7), 529–541. https://doi.org/10.3109/09553001003734501",10.3109/09553001003734501,https://doi.org/10.3109/09553001003734501,"Lerchl, A., Klose, M. (2015). Tumor promotion by exposure to radiofrequency electromagnetic fields below exposure limits for humans. Biochemical and Biophysical Research Communications, 459(4), 585-590.",10.1016/j.bbrc.2015.02.151,https://doi.org/10.1016/j.bbrc.2015.02.151,"The vast majority of in vitro and in vivo studies did not find cancerogenic effects of exposure to electromagnetic fields (RF-EMF), i.e. emitted by mobile phones and base stations. Previously published results from a pilot study with carcinogen-treated mice, however, suggested tumor-promoting effects of RF-EMF (Tillmann et al., 2010). We have performed a replication study using higher numbers of animals per group and including two additional exposure levels (0 (sham), 0.04, 0.4 and 2 W/kg SAR). We could confirm and extend the originally reported findings. Numbers of tumors of the lungs and livers in exposed animals were significantly higher than in sham-exposed controls. In addition, lymphomas were also found to be significantly elevated by exposure. A clear dose-response effect is absent. We hypothesize that these tumor-promoting effects may be caused by metabolic changes due to exposure. Since many of the tumor-promoting effects in our study were seen at low to moderate exposure levels (0.04 and 0.4 W/kg SAR), thus well below exposure limits for the users of mobile phones, further studies are warranted to investigate the underlying mechanisms. Our findings may help to understand the repeatedly reported increased incidences of brain tumors in heavy users of mobile phones.",successful,We could confirm and extend the originally reported findings.,abstract,"flora-extractor offline run 2026-09-21 (works outside the survivor pool); link_method=llm_cited_candidates, link_confidence=high. Corroborated by the Metascience Observatory: same original DOI and same outcome (success). Previously published results from a pilot study with carcinogen-treated mice, however, suggested tumor-promoting effects of RF-EMF (Tillmann et al., 2010). We have performed a replication study using",,2015,,AI,,,,,
"Dépy, D., Fagot, J., & Vauclair, J. (1999). Processing of above/below categorical spatial relations by baboons (Papio papio). Behavioural Processes, 48(1-2), 1–9. https://doi.org/10.1016/s0376-6357(99)00055-8",10.1016/s0376-6357(99)00055-8,https://doi.org/10.1016/s0376-6357(99)00055-8,"Thompson, R. K. R., Flemming, T. M. (2015). Can old-world and new-world monkeys judge spatial above/below relations to be the same or different? Some of them, but not all of them. Behavioural Processes, 123, 74-83.",10.1016/j.beproc.2015.11.010,https://doi.org/10.1016/j.beproc.2015.11.010,"Chimpanzees (Pan troglodytes) with the aid of token training can achieve analogical reasoning, or the ability to understand relations-between-relations (e.g., Premack, 1976; Thompson, Oden, & Boysen, 1997). However, extraordinarily few numbers of old- and new-world monkeys have demonstrated this ability in variants of relational matching to sample tasks. Moreover, the rarity of replications leaves open the question of whether the results are normative for other captive colonies of the same species. In experiment one we attempted to replicate whether old world rhesus monkeys (Macaca mulatta) might demonstrate the same level of proficiency on a spatial above/below relational matching task as reported for old world baboons (Papio papio). None of the rhesus monkeys attained above chance performances over 10,000 training trials. In experiment two we attempted to replicate results demonstrating that new-world capuchin monkeys (Cebus apella) match above/below relations. The capuchin monkeys performed above chance only in the absence of 'Clever Hans' controls for cuing of the correct choice by the experimenters. These failures to replicate previously reported results demonstrate that some, but definitely not all monkeys can judge the equivalence of abstract 'relations between relations' and warrant further investigations into the behavioral and cognitive characteristics that underlie these similarities and differences within population and between individuals of different primate species.",failed,"In experiment one we attempted to replicate whether old world rhesus monkeys (Macaca mulatta) might demonstrate the same level of proficiency on a spatial above/below relational matching task as reported for old world baboons (Papio papio). None of the rhesus monkeys attained above chance performances over 10,000 training trials.",abstract,"flora-extractor offline run 2026-09-21 (works outside the survivor pool); link_method=llm_references, link_confidence=low. Corroborated by the Metascience Observatory: same original DOI and same outcome (failure). In experiment one we attempted to replicate whether old world rhesus monkeys (Macaca mulatta) might demonstrate the same level of proficiency on a spatial above/below relational matching task as repor",,2015,,AI,,,,,
"Spinozzi, G., Lubrano, G., & Truppa, V. (2004). Categorization of Above and Below Spatial Relations by Tufted Capuchin Monkeys (Cebus apella).. Journal of comparative psychology, 118(4), 403–412. https://doi.org/10.1037/0735-7036.118.4.403",10.1037/0735-7036.118.4.403,https://doi.org/10.1037/0735-7036.118.4.403,"Thompson, R. K. R., Flemming, T. M. (2015). Can old-world and new-world monkeys judge spatial above/below relations to be the same or different? Some of them, but not all of them. Behavioural Processes, 123, 74-83.",10.1016/j.beproc.2015.11.010,https://doi.org/10.1016/j.beproc.2015.11.010,"Chimpanzees (Pan troglodytes) with the aid of token training can achieve analogical reasoning, or the ability to understand relations-between-relations (e.g., Premack, 1976; Thompson, Oden, & Boysen, 1997). However, extraordinarily few numbers of old- and new-world monkeys have demonstrated this ability in variants of relational matching to sample tasks. Moreover, the rarity of replications leaves open the question of whether the results are normative for other captive colonies of the same species. In experiment one we attempted to replicate whether old world rhesus monkeys (Macaca mulatta) might demonstrate the same level of proficiency on a spatial above/below relational matching task as reported for old world baboons (Papio papio). None of the rhesus monkeys attained above chance performances over 10,000 training trials. In experiment two we attempted to replicate results demonstrating that new-world capuchin monkeys (Cebus apella) match above/below relations. The capuchin monkeys performed above chance only in the absence of 'Clever Hans' controls for cuing of the correct choice by the experimenters. These failures to replicate previously reported results demonstrate that some, but definitely not all monkeys can judge the equivalence of abstract 'relations between relations' and warrant further investigations into the behavioral and cognitive characteristics that underlie these similarities and differences within population and between individuals of different primate species.",failed,"In experiment two we attempted to replicate results demonstrating that new-world capuchin monkeys (Cebus apella) match above/below relations. The capuchin monkeys performed above chance only in the absence of 'Clever Hans' controls for cuing of the correct choice by the experimenters. These failures to replicate previously reported results demonstrate that some, but definitely not all monkeys can judge the equivalence of abstract 'relations between relations' and warrant further investigations into the behavioral and cognitive characteristics that underlie these similarities and differences within population and between individuals of different primate species.",abstract,"flora-extractor offline run 2026-09-21 (works outside the survivor pool); link_method=llm_references, link_confidence=low. Corroborated by the Metascience Observatory: same original DOI and same outcome (failure). In experiment two we attempted to replicate results demonstrating that new-world capuchin monkeys (Cebus apella) match above/below relations. | multi_target_no_document: reference-list link without fu",,2015,,AI,,,,,
"Strickland, J. C., Marks, K. R., Beckmann, J. S., Lile, J. A., Rush, C. R., & Stoops, W. W. (2018). Contribution of cocaine-related cues to concurrent monetary choice in humans. Psychopharmacology, 235(10), 2871–2881. https://doi.org/10.1007/s00213-018-4978-5",10.1007/s00213-018-4978-5,https://doi.org/10.1007/s00213-018-4978-5,"Strickland, J. C., Bergeria, C. L. (2020). Contribution of alcohol- and cigarette-related cues to concurrent reinforcer choice in humans. Behavioural Processes, 176, 104124-104124.",10.1016/j.beproc.2020.104124,https://doi.org/10.1016/j.beproc.2020.104124,"Drug-related cues have been extensively studied for their contributions to decision-making processes involving drug consumption. Less studied is how drug-related stimuli may impact decisions involving outcomes not directly related to substance use. Studies using concurrent choice tasks have demonstrated that cocaine and cannabis cues result in robust and selective biases for monetary reinforcers contiguous with those cues. The purpose of this study was to provide a conceptual replication of these findings with alcohol and cigarettes. Participants recruited using crowdsourcing completed a cued concurrent choice task involving presentation of two cues (one drug and one neutral) followed by concurrent monetary offers below each image. Alcohol (Experiment 1; N = 103) and cigarette (Experiment 2; N = 256) visual cues were evaluated. Participants with hazardous alcohol use and current cigarette use showed greater-than-indifference selection for the alcohol- (p = .004) and cigarette-cued (p = .02) monetary choices, respectively. Qualitative responses indicated that the most popular rationale for responding was ""image quality"" despite images having no explicit impact on the reinforcer received. Low alcohol use (p = .03) and non-cigarette using controls (p < .001) showed an avoidance bias with lower-than-indifference selection for drug-cued choices. These findings replicate and extend observations that spatially contiguous drug-related cues can bias decisions involving concurrently presented non-drug reinforcers.",successful,These findings replicate and extend observations that spatially contiguous drug-related cues can bias decisions involving concurrently presented non-drug reinforcers.,abstract,"flora-extractor offline run 2026-09-21 (works outside the survivor pool); link_method=llm_references, link_confidence=low. Corroborated by the Metascience Observatory: same original DOI and same outcome (success). Studies using concurrent choice tasks have demonstrated that cocaine and cannabis cues result in robust and selective biases for monetary reinforcers contiguous with those cues. The purpose of this st",,2020,,AI,,,,,
"Strickland, J. C., Lile, J. A., & Stoops, W. W. (2019). Contribution of cannabis-related cues to concurrent reinforcer choice in humans. Drug and Alcohol Dependence, 199, 85–91. https://doi.org/10.1016/j.drugalcdep.2019.02.022",10.1016/j.drugalcdep.2019.02.022,https://doi.org/10.1016/j.drugalcdep.2019.02.022,"Strickland, J. C., Bergeria, C. L. (2020). Contribution of alcohol- and cigarette-related cues to concurrent reinforcer choice in humans. Behavioural Processes, 176, 104124-104124.",10.1016/j.beproc.2020.104124,https://doi.org/10.1016/j.beproc.2020.104124,"Drug-related cues have been extensively studied for their contributions to decision-making processes involving drug consumption. Less studied is how drug-related stimuli may impact decisions involving outcomes not directly related to substance use. Studies using concurrent choice tasks have demonstrated that cocaine and cannabis cues result in robust and selective biases for monetary reinforcers contiguous with those cues. The purpose of this study was to provide a conceptual replication of these findings with alcohol and cigarettes. Participants recruited using crowdsourcing completed a cued concurrent choice task involving presentation of two cues (one drug and one neutral) followed by concurrent monetary offers below each image. Alcohol (Experiment 1; N = 103) and cigarette (Experiment 2; N = 256) visual cues were evaluated. Participants with hazardous alcohol use and current cigarette use showed greater-than-indifference selection for the alcohol- (p = .004) and cigarette-cued (p = .02) monetary choices, respectively. Qualitative responses indicated that the most popular rationale for responding was ""image quality"" despite images having no explicit impact on the reinforcer received. Low alcohol use (p = .03) and non-cigarette using controls (p < .001) showed an avoidance bias with lower-than-indifference selection for drug-cued choices. These findings replicate and extend observations that spatially contiguous drug-related cues can bias decisions involving concurrently presented non-drug reinforcers.",successful,These findings replicate and extend observations that spatially contiguous drug-related cues can bias decisions involving concurrently presented non-drug reinforcers.,abstract,"flora-extractor offline run 2026-09-21 (works outside the survivor pool); link_method=llm_references, link_confidence=low. Corroborated by the Metascience Observatory: same original DOI and same outcome (success). Studies using concurrent choice tasks have demonstrated that cocaine and cannabis cues result in robust and selective biases for monetary reinforcers contiguous with those cues. The purpose of this st",,2020,,AI,,,,,
"Dickerson, F., Boronow, J. J., Stallings, C., Origoni, A., Ruslanova, I., & Yolken, R. H. (2003). Association of Serum Antibodies to Herpes Simplex Virus 1 With Cognitive Deficits in Individuals With Schizophrenia. Archives of General Psychiatry, 60(5), 466–466. https://doi.org/10.1001/archpsyc.60.5.466",10.1001/archpsyc.60.5.466,https://doi.org/10.1001/archpsyc.60.5.466,"Dickerson, F., Boronow, J. J. (2004). Infection with herpes simplex virus type 1 is associated with cognitive deficits in bipolar disorder. Biological Psychiatry, 55(6), 588-593.",10.1016/j.biopsych.2003.10.008,https://doi.org/10.1016/j.biopsych.2003.10.008,"BackgroundIn a previous investigation, we found an association between reduced cognitive functioning and the prevalence of antibodies to herpes simplex virus type 1 in individuals with schizophrenia. The current study was undertaken to determine if this association also occurs in individuals with bipolar disorder.MethodsCognitive functioning and serologic evidence of infection with potentially neurotropic herpesviruses were measured in 117 individuals with bipolar disorder and in 100 individuals without a history of psychiatric disorder. Cognitive functioning was evaluated with the Repeatable Battery for the Assessment of Neuropsychological Status. For each patient, serologic evidence of infection was ascertained by the measurement of serum immunoglobulin G class antibodies with specificities for six potentially neurotropic human herpesviruses. The association between serologic evidence of herpesvirus infection and cognitive functioning was analyzed by univariate analyses, as well as multivariate analyses that included demographic and clinical factors associated with cognitive functioning.ResultsSerologic evidence of infection with herpes simplex virus type 1 was an independent predictor of decreased cognitive functioning in the individuals with bipolar disorder (F = 20.5, p ConclusionsSerologic evidence of herpes simplex virus type 1 infection is associated with cognitive impairment in individuals with bipolar disorder.",successful,Serologic evidence of herpes simplex virus type 1 infection is associated with cognitive impairment in individuals with bipolar disorder.,abstract,"flora-extractor offline run 2026-09-21 (works outside the survivor pool); link_method=llm_references, link_confidence=high. Corroborated by the Metascience Observatory: same original DOI and same outcome (success). In a previous investigation, we found an association between reduced cognitive functioning and the prevalence of antibodies to herpes simplex virus type 1 in individuals with schizophrenia. The curren",,2004,,AI,,,,,
"Peterson, C. K., & Harmon‐Jones, E. (2008). Circadian and seasonal variability of resting frontal EEG asymmetry. Biological Psychology, 80(3), 315–320. https://doi.org/10.1016/j.biopsycho.2008.11.002",10.1016/j.biopsycho.2008.11.002,https://doi.org/10.1016/j.biopsycho.2008.11.002,"Velo, J. R., Stewart, J. L. (2012). Should it matter when we record? Time of year and time of day as factors influencing frontal EEG asymmetry. Biological Psychology, 91(2), 283-291.",10.1016/j.biopsycho.2012.06.010,https://doi.org/10.1016/j.biopsycho.2012.06.010,"Resting frontal encephalographic (EEG) asymmetry, often conceptualized as a trait marker for depression, is influenced by occasion-specific factors, including time of year and the time of day of the recording session as demonstrated recently (Peterson and Harmon-Jones, 2009). The current study examined the influence of seasonal and chronological variables on resting frontal asymmetry, and also assessed whether different reference montages or surface transformations were equally susceptible to these influences. In a direct replication attempt, contrary to previous findings, no simple time of year by time of day interaction was found. Time awake at recording, however, was an important moderating variable of the relationship between photoperiod and time of day. EEG asymmetry scores based on current-source density (CSD) transformed data, however, appeared less vulnerable to these influences, providing further evidence to suggest that the CSD transform may be advantageous for examining stable trait estimates of frontal EEG asymmetry.",failed,"In a direct replication attempt, contrary to previous findings, no simple time of year by time of day interaction was found.",abstract,"flora-extractor offline run 2026-09-21 (works outside the survivor pool); link_method=llm_references, link_confidence=high. Corroborated by the Metascience Observatory: same original DOI and same outcome (failure). Resting frontal encephalographic (EEG) asymmetry, often conceptualized as a trait marker for depression, is influenced by occasion-specific factors, including time of year and the time of day of the r",,2012,,AI,,,,,
"Swami, V., Arthey, E., & Furnham, A. (2017). Perceptions of plagiarisers: The influence of target physical attractiveness, transgression severity, and sex on attributions of guilt and punishment. Body Image, 22, 144–147. https://doi.org/10.1016/j.bodyim.2017.06.009",10.1016/j.bodyim.2017.06.009,https://doi.org/10.1016/j.bodyim.2017.06.009,"Allen, M. S., McRae, K. (2018). Anti-doping rule violations in sport: The attractive leniency effect and attributions of guilt and punishment. Body Image, 28, 76-80.",10.1016/j.bodyim.2018.12.008,https://doi.org/10.1016/j.bodyim.2018.12.008,"The attractive-leniency effect predicts that more attractive people are perceived as less guilty and less deserving of punishment compared to less attractive people. This closely aligned conceptual replication study sought to explore athlete physical attractiveness, sex, and anti-doping rule violation severity (ADRV) as factors contributing to attributions of guilt and punishment. After initial pilot testing, 411 participants (135 men, 276 women; Mage = 20.30, SD = 4.69 years) were shown one of eight vignette-photograph pairings that differed in sex (male/female), ADRV severity (serious/minor), and physical attractiveness (high/low). Participants were asked to provide attributions of guilt, severity of punishment, and most appropriate course of action (sport-related punishment). Analyses of variance showed that attributions of guilt and punishment were related to ADRV severity, but there were no significant main or interaction effects for physical attractiveness on any of the outcome variables. Follow-up sensitivity analyses provided some evidence that less attractive athletes are afforded harsher punishments (reflecting a longer suspension from sport) than more attractive athletes, but this finding was not robust. Overall, the findings of this initial research indicate that an attractive leniency effect is likely to be trivial or negligible in the context of anti-doping rule violations in sport.",failed,"Analyses of variance showed that attributions of guilt and punishment were related to ADRV severity, but there were no significant main or interaction effects for physical attractiveness on any of the outcome variables. Overall, the findings of this initial research indicate that an attractive leniency effect is likely to be trivial or negligible in the context of anti-doping rule violations in sport.",abstract,"flora-extractor offline run 2026-09-21 (works outside the survivor pool); link_method=llm_references, link_confidence=high. Corroborated by the Metascience Observatory: same original DOI and same outcome (failure). This closely aligned conceptual replication study sought to explore athlete physical attractiveness, sex, and anti-doping rule violation severity (ADRV) as factors contributing to attributions of guil",,2018,,AI,,,,,
"Albagha, O., Visconti, M. R., Alonso, N., Langston, A. L., Cundy, T., Dargie, R., Dunlop, M. G., Fraser, W. D., Hooper, M., Isaia, G., Nicholson, G. C., Montes, J. d. P., González‐Sarmiento, R., Stefano, M. D., Tenesa, A., Walsh, J. P., & Ralston, S. H. (2010). Genome-wide association study identifies variants at CSF1, OPTN and TNFRSF11A as genetic risk factors for Paget's disease of bone. Nature Genetics, 42(6), 520–524. https://doi.org/10.1038/ng.562",10.1038/ng.562,https://doi.org/10.1038/ng.562,"Michou, L., Conceição, N. (2012). Genetic association study of UCMA/GRP and OPTN genes (PDB6 locus) with Paget's disease of bone. Bone, 51(4), 720-728.",10.1016/j.bone.2012.06.028,https://doi.org/10.1016/j.bone.2012.06.028,"We performed a genetic association study of rare variants and single nucleotide polymorphisms (SNPs) of UCMA/GRP and OPTN genes, in French-Canadian patients with Paget's disease of bone (PDB) and in healthy controls from the same population. We reproduced the variant found in the UCMA/GRP basal promoter and tested its functionality using in vitro transient transfection assays. Interestingly, this SNP rs17152980 appears to affect the transcription level of UCMA/GRP. In addition, we have identified five rare genetic variants in UCMA/GRP gene, four of them being population-specific, although none were found to be associated with PDB. Six Tag SNPs of UCMA/GRP gene were associated with PDB, particularly the SNP rs17152980 (uncorrected P=3.8 × 10(-3)), although not significant after Bonferroni's correction. More importantly, we replicated the strong and statistically significant genetic association of two SNPs of the OPTN gene, the rs1561570 (uncorrected P=5.7 × 10(-7)) and the rs2095388 (uncorrected P=4.9 × 10(-3)), with PDB. In addition, we identified a very rare variant found to be located close to the basal promoter of the OPTN gene, at -232bp from its distal transcription start site. Furthermore, depending on the type of allele present (G or A), the binding of several important nuclear factors such as the vitamin D or the retinoic acid receptors is predicted to be altered at this position, suggesting a significant effect in the regulation of transcription of the OPTN gene. In conclusion, we identified a functional SNP located in the basal promoter of the UCMA/GRP gene which provided a weak genetic association with PDB. In addition, we replicated the strong genetic association of two already known SNPs of the OPTN gene, with PDB in a founder effect population. We also identified a very rare variant in the promoter of OPTN, and through bioinformatic analysis, identified putative transcription factor binding sites likely to affect OPTN gene transcription.",successful,"In conclusion, we identified a functional SNP located in the basal promoter of the UCMA/GRP gene which provided a weak genetic association with PDB. In addition, we replicated the strong genetic association of two already known SNPs of the OPTN gene, with PDB in a founder effect population.",abstract,"flora-extractor offline run 2026-09-21 (works outside the survivor pool); link_method=llm_references, link_confidence=high. Corroborated by the Metascience Observatory: same original DOI and same outcome (success). More importantly, we replicated the strong and statistically significant genetic association of two SNPs of the OPTN gene, the rs1561570 (uncorrected P=5.7 × 10(-7)) and the rs2095388 (uncorrected P=4",,2012,,AI,,,,,
"Hermans, D., Martens, K., Cort, K. D., Pieters, G., & Eelen, P. (2003). Reality monitoring and metacognitive beliefs related to cognitive confidence in obsessive–compulsive disorder. Behaviour Research and Therapy, 41(4), 383–401. https://doi.org/10.1016/s0005-7967(02)00015-3",10.1016/s0005-7967(02)00015-3,https://doi.org/10.1016/s0005-7967(02)00015-3,"Hermans, D., Engelen, U. (2007). Cognitive confidence in obsessive-compulsive disorder: Distrusting perception, attention and memory. Behaviour Research and Therapy, 46(1), 98-113.",10.1016/j.brat.2007.11.001,https://doi.org/10.1016/j.brat.2007.11.001,"Previous studies have established that obsessive-compulsive disorder (OCD) is characterised by significant levels of distrust in memory (e.g. for actions). Ironically, this lowered confidence is at least in part due to repeated checking, which is assumed to lower perceptual processing and thereby reduces vividness and detail of the recollections. In a previous study, Hermans, D., Martens, K., De Cort, K., Pieters, G., and Eelen, P. [(2003). Reality monitoring and metacognitive beliefs related to cognitive confidence in OCD. Behaviour Research and Therapy, 41, 383-401] observed that OCD is not only characterised by reduced confidence in memory, but also by a similar distrust in attention (Hermans et al., 2003). The present study aimed at replicating and extending this finding. It was observed (a) that patients suffering from OCD showed less confidence in attention and memory than a clinical and a nonclinical control group; (b) that confidence in attention was uniquely related to checking behaviour, and (c) that repeated checking caused increased levels of distrust in attention. In addition, it was observed that cognitive distrust while performing OCD-related actions not only extends to attention, but also to perception. It is argued that research on metacognition in OCD should move beyond the study of memory.",successful,The present study aimed at replicating and extending this finding. It was observed (a) that patients suffering from OCD showed less confidence in attention and memory than a clinical and a nonclinical control group,abstract,"flora-extractor offline run 2026-09-21 (works outside the survivor pool); link_method=llm_cited_candidates, link_confidence=high. Corroborated by the Metascience Observatory: same original DOI and same outcome (success). In a previous study, Hermans, D., Martens, K., De Cort, K., Pieters, G., and Eelen, P. [(2003). Reality monitoring and metacognitive beliefs related to cognitive confidence in OCD. Behaviour Research",,2008,,AI,,,,,
"Filho, S. R. P., Goldfarb, D., Zibetti, M. R., & Aznar-Blefari, C. (2020). Brazilian Child Protection Professionals’ Resilient Behavior during the COVID-19 Pandemic. Child Abuse & Neglect, 110(Pt 2), 104701–104701. https://doi.org/10.1016/j.chiabu.2020.104701",10.1016/j.chiabu.2020.104701,https://doi.org/10.1016/j.chiabu.2020.104701,"Goldfarb, D., Zibetti, M. R. (2022). Resilience during times of enduring challenge: Brazilian Child Protection Professionals' resilience and psychological distress one year into the COVID-19 pandemic. Child Abuse & Neglect, 134, 105925-105925.",10.1016/j.chiabu.2022.105925,https://doi.org/10.1016/j.chiabu.2022.105925,"BackgroundThe impact of the COVID-19 pandemic on Child Protection Professionals (CPPs) was widespread. Evidence regarding how those professionals dealt with the pandemic adversities and consequences for their wellbeing are scarce.ObjectiveWe sought to analyze whether predictors of resilience had changed one year into the COVID-19 pandemic in Brazil. Specifically, we explored the resiliency of CPPs as the stress of the pandemic evolved from an acute stressor to a more chronic and persistent stressor.Participants and setting263 CPPs from the five regions of Brazil engaged in this study. Participants had a mean age of 40 years and, on average, 13 years of experience in their field.MethodsCPPs were recruited between March and April of 2021 via professional social media outlets to complete an online survey. CPPs answered questions regarding their perceptions of their work conditions, psychological distress, and resilience. Survey questions were adopted from a prior survey distributed in 2020.ResultsWe replicated findings from our earlier study in the pandemic: A model of CPPs' resilient behaviors showed good indices of fit even one year into the pandemic. Despite this, paths related to individual importance for personal resilient behavior were not significant in this model. Unmet resilient needs significantly predicted general psychological distress.ConclusionsCPPs revealed some changing resiliency needs as the pandemic progressed. Results revealed that meeting resilience-related needs is key to decreasing the psychological distress of this population. This work adds to the literature on the understudied topic of CPPs' psychological distress and resilience during international challenges.",successful,We replicated findings from our earlier study in the pandemic: A model of CPPs' resilient behaviors showed good indices of fit even one year into the pandemic.,abstract,"flora-extractor offline run 2026-09-21 (works outside the survivor pool); link_method=llm_references, link_confidence=high. Corroborated by the Metascience Observatory: same original DOI and same outcome (success). We replicated findings from our earlier study in the pandemic: A model of CPPs' resilient behaviors showed good indices of fit even one year into the pandemic.",,2022,,AI,,,,,
"Keysar, B., Hayakawa, S., & An, S. (2012). The Foreign-Language Effect. Psychological Science, 23(6), 661–668. https://doi.org/10.1177/0956797611432178",10.1177/0956797611432178,https://doi.org/10.1177/0956797611432178,"Costa, A., Foucart, A. (2013). “Piensa” twice: On the foreign language effect in decision making. Cognition, 130(2), 236-254.",10.1016/j.cognition.2013.11.010,https://doi.org/10.1016/j.cognition.2013.11.010,"In this article, we assess to what extent decision making is affected by the language in which a given problem is presented (native vs. foreign). In particular, we aim to ask whether the impact of various heuristic biases in decision making is diminished when the problems are presented in a foreign language. To this end, we report four main studies in which more than 700 participants were tested on different types of individual decision making problems. In the first study, we replicated Keysar et al.'s (2012) recent observation regarding the foreign language effect on framing effects related to loss aversion. In the second section, we assessed whether the foreign language effect is present in other types of framing problems that involve psychological accounting biases rather than gain/loss dichotomies. In the third section, we studied the foreign language effect in several key aspects of the theory of decision making under risk and uncertainty. In the fourth study, we assessed the presence of a foreign language effect in the cognitive reflection test, a test that includes logical problems that do not carry emotional connotations. The absence of such an effect in this test suggests that foreign language leads to a reduction of heuristic biases in decision making across a range of decision making situations and provide also some evidence about the boundaries of the phenomenon. We explore several potential factors that may underlie the foreign language effect in decision making.",successful,"In the first study, we replicated Keysar et al.'s (2012) recent observation regarding the foreign language effect on framing effects related to loss aversion.",abstract,"flora-extractor offline run 2026-09-21 (works outside the survivor pool); link_method=llm_cited_candidates, link_confidence=high. Corroborated by the Metascience Observatory: same original DOI and same outcome (success). In the first study, we replicated Keysar et al.'s (2012) recent observation regarding the foreign language effect on framing effects related to loss aversion.",,2014,,AI,,,,,
"Leder, H., Bär, S., & Topolinski, S. (2012). Covert Painting Simulations Influence Aesthetic Appreciation of Artworks. Psychological Science, 23(12), 1479–1481. https://doi.org/10.1177/0956797612452866",10.1177/0956797612452866,https://doi.org/10.1177/0956797612452866,"McLean, C., Want, S. C. (2015). The role of similarity, sound and awareness in the appreciation of visual artwork via motor simulation. Cognition, 137, 174-181.",10.1016/j.cognition.2015.01.002,https://doi.org/10.1016/j.cognition.2015.01.002,"One way to increase art appreciation is to create congruency between the actions performed by the artist and the actions performed by the viewer. Leder, Bar, and Topolinski (2012) successfully created such a link by asking participants to make either stroking or stippling motions while viewing stroke-style and pointillist-style paintings. We carried out a direct replication of Leder et al. (2012) in Experiment 1 but failed to reproduce their results. In Experiment 2, we achieved the desired cross-over interaction between image and action but only when the relationship was made more transparent. Experiment 3 demonstrated that this effect requires a motor component and cannot be reproduced by simply hearing the sounds associated with drawing production. Experiment 4 investigated whether either an external manipulation or a self-report measure of awareness of the image-action match modulated the liking ratings, in addition to artwork familiarity and participants' own hypotheses regarding the direction of the image-action effect. Participants who predicted that congruent relationships between what they saw and what they did would increase liking showed enhanced congruency effects. The links between historical production and contemporary exposure to art may then be an overt rather than covert process.",failed,We carried out a direct replication of Leder et al. (2012) in Experiment 1 but failed to reproduce their results.,abstract,"flora-extractor offline run 2026-09-21 (works outside the survivor pool); link_method=llm_cited_candidates, link_confidence=high. Corroborated by the Metascience Observatory: same original DOI and same outcome (failure). We carried out a direct replication of Leder et al. (2012) in Experiment 1 but failed to reproduce their results.",,2015,,AI,,,,,
"Mascaro, O., & Csibra, G. (2012). Representation of stable social dominance relations by human infants. Proceedings of the National Academy of Sciences, 109(18), 6862–6867. https://doi.org/10.1073/pnas.1113194109",10.1073/pnas.1113194109,https://doi.org/10.1073/pnas.1113194109,"Enright, E., Gweon, H. (2017). ‘To the victor go the spoils’: Infants expect resources to align with dominance structures. Cognition, 164, 8-21.",10.1016/j.cognition.2017.03.008,https://doi.org/10.1016/j.cognition.2017.03.008,"Previous research has found that within the first year of life infants possess rich knowledge about social structures (i.e., that some individuals are dominant over other individuals) as well as expectations about resource distributions (i.e., that resources are typically distributed equally to recipients). We investigated whether infants' expectations about resource distribution can be modulated by information about the dominance structure between the recipients. We first replicated the finding that infants attribute a stable dominance hierarchy to a pair of individuals when their goals conflicted and one individual yielded to the other (Expt. 1), and that this sensitivity is not driven by lower-level perceptual factors (Expt. 2). In Experiments 3-5, we tested our main hypothesis that infants' attention to equal and unequal distributions varies as a function of prior social dominance information. We first replicated and extended prior work by establishing that infants looked significantly longer to unequal than equal resource distributions when no prior information about dominance was provided about recipients (Expt. 3). Critically, following social dominance information, infants looked significantly longer to an equal distribution of resources than a distribution that favored the dominant individual (Expt. 4), and looked significantly longer when the submissive individual received more resources compared to when the dominant individual received more resources (Expts. 4 and 5). Together, these findings suggest that infants expect resources to align with social dominance structures.",successful,"We first replicated the finding that infants attribute a stable dominance hierarchy to a pair of individuals when their goals conflicted and one individual yielded to the other (Expt. 1), and that this sensitivity is not driven by lower-level perceptual factors (Expt. 2).",abstract,"flora-extractor offline run 2026-09-21 (works outside the survivor pool); link_method=llm_references, link_confidence=low. Corroborated by the Metascience Observatory: same original DOI and same outcome (success). We first replicated the finding that infants attribute a stable dominance hierarchy to a pair of individuals when their goals conflicted and one individual yielded to the other (Expt. 1), and that thi",,2017,,AI,,,,,
"Bühner, M., König, C. J., Pick, M., & Krumm, S. (2006). Working Memory Dimensions as Differential Predictors of the Speed and Error Aspect of Multitasking Performance. Human Performance, 19(3), 253–275. https://doi.org/10.1207/s15327043hup1903_4",10.1207/s15327043hup1903_4,https://doi.org/10.1207/s15327043hup1903_4,"Himi, S. A., Bühner, M. (2019). Multitasking behavior and its related constructs: Executive functions, working memory capacity, relational integration, and divided attention. Cognition, 189, 275-298.",10.1016/j.cognition.2019.04.010,https://doi.org/10.1016/j.cognition.2019.04.010,"Although prior investigations have revealed cognitive abilities to be important predictors of multitasking behavior, few investigations have been conducted on the relation between executive functions (EFs) and multitasking behavior. The current study examines the underlying cognitive constructs associated with the concept of multitasking behavior. A sample of 202 young adults completed a battery of EFs (shifting, updating, and inhibition), three working memory capacity (WMC) tests, three relational integration tests, two divided attention tests, and a multitasking scenario (Simultaneous Capacity). First, in direct replication attempts, the results replicated the multitasking behavior model (Bühner, König, Pick, & Krumm, 2006) and partially replicated the three-factor and nested factors EFs models (Friedman et al., 2016). Second, hierarchical multiple regression analyses and relative weight analyses revealed that updating, inhibition, relational integration, and divided attention had strong contributions in explaining multitasking behavior variance, whereas shifting and WMC did not show any explanatory power beyond these constructs. Finally, using structural equation modeling, we found that the general EF ability (common EF) representing variance common to shifting, updating, and inhibition highly overlapped with multitasking behavior. Our results are of value not only to shed light on the relevant cognitive correlates of multitasking behavior but also to position multitasking behavior in an established framework of cognitive abilities.",successful,"First, in direct replication attempts, the results replicated the multitasking behavior model (Bühner, König, Pick, & Krumm, 2006) and partially replicated the three-factor and nested factors EFs models (Friedman et al., 2016).",abstract,"flora-extractor offline run 2026-09-21 (works outside the survivor pool); link_method=llm_references, link_confidence=low. Corroborated by the Metascience Observatory: same original DOI and same outcome (success). First, in direct replication attempts, the results replicated the multitasking behavior model (Bühner, König, Pick, & Krumm, 2006) | multi_target_no_document: reference-list link without full text",,2019,,AI,,,,,
"Rolfs, M., Dambacher, M., & Cavanagh, P. (2013). Visual Adaptation of the Perception of Causality. Current Biology, 23(3), 250–254. https://doi.org/10.1016/j.cub.2012.12.017",10.1016/j.cub.2012.12.017,https://doi.org/10.1016/j.cub.2012.12.017,"Kominsky, J. F., Scholl, B. J. (2020). Retinotopic adaptation reveals distinct categories of causal perception. Cognition, 203, 104339-104339.",10.1016/j.cognition.2020.104339,https://doi.org/10.1016/j.cognition.2020.104339,"We can perceive not only low-level features of events such as color and motion, but also seemingly higher-level properties such as causality. A prototypical example of causal perception is the 'launching effect': one object (A) moves toward a stationary second object (B) until they are adjacent, at which point A stops and B starts moving in the same direction. Beyond these motions themselves - and regardless of any higher-level beliefs - this display induces a vivid visual impression of causality, wherein A is seen to cause B's motion. Do such percepts reflect a unitary category of visual processing, or might there be multiple distinct forms of causal perception? While launching is often simply equated with causal perception, researchers have sometimes described other phenomena such as 'triggering' (in which B moves faster than A) and 'entraining' (in which A continues to move alongside B). We used psychophysical methods to determine whether these labels really carve visual processing at its joints, and how putatively different forms of causal perception relate to each other. Previous research demonstrated retinotopically specific adaptation to causality: exposure to causal launching makes subsequent ambiguous events in that same location more likely to be seen as non-causal 'passing'. Here, after replicating this effect, we show that exposure to triggering also yields retinotopically specific adaptation for subsequent ambiguous launching displays, but that exposure to entraining does not. Collectively, these results reveal that visual processing distinguishes some (but not all) types of causal interactions.",successful,"Previous research demonstrated retinotopically specific adaptation to causality: exposure to causal launching makes subsequent ambiguous events in that same location more likely to be seen as non-causal 'passing'. Here, after replicating this effect, we show that exposure to triggering also yields retinotopically specific adaptation for subsequent ambiguous launching displays, but that exposure to entraining does not.",abstract,"flora-extractor offline run 2026-09-21 (works outside the survivor pool); link_method=llm_references, link_confidence=high. Corroborated by the Metascience Observatory: same original DOI and same outcome (success). Previous research demonstrated retinotopically specific adaptation to causality: exposure to causal launching makes subsequent ambiguous events in that same location more likely to be seen as non-caus",,2020,,AI,,,,,
"Dienes, Z., & Hutton, S. (2012). Understanding hypnosis metacognitively: rTMS applied to left DLPFC increases hypnotic suggestibility. Cortex, 49(2), 386–392. https://doi.org/10.1016/j.cortex.2012.07.009",10.1016/j.cortex.2012.07.009,https://doi.org/10.1016/j.cortex.2012.07.009,"Coltheart, M., Cox, R. E. (2018). Belief, delusion, hypnosis, and the right dorsolateral prefrontal cortex: A transcranial magnetic stimulation study. Cortex, 101, 234-248.",10.1016/j.cortex.2018.01.001,https://doi.org/10.1016/j.cortex.2018.01.001,"According to the Two-Factor theory of delusional belief (see e.g. Coltheart at al., 2011), there exists a cognitive system dedicated to the generation, evaluation, and acceptance or rejection of beliefs. Studies of the neuropsychology of delusion provide evidence that this system is neurally realized in right dorsolateral prefrontal cortex (rDLPFC). Furthermore, we have shown that convincing analogues of many specific delusional beliefs can be created in nonclinical subjects by hypnotic suggestion and we think of hypnosis as having the effect of temporarily interfering with the operation of the belief system, which allows acceptance of the delusional suggestions. If the belief system does depend on rDLPFC, then disrupting the activity of that region of the brain by the application of repetitive transcranial magnetic stimulation (rTMS) will increase hypnotizability. Dienes and Hutton (2013) have reported such an experiment except that it was left DLPFC to which rTMS was applied. An effect on a subjective measure of hypnotizability was observed, but whether there was an effect on an objective measure could not be determined. We report two experiments. The first was an exact replication of the Dienes and Hutton experiment; here we found no effect of rTMS to lDLPFC on any hypnotic measure. Our second experiment used rTMS applied to right rather then left DLPFC. This right-sided stimulation enhanced hypnotizability (when hypnotic response was measured objectively), as predicted by our hypothesis. These results imply a role for rDLPFC in the cognitive process of belief evaluation, as is proposed in our two-factor theory of delusion. They are also consistent with a conception of the acceptance of a hypnotic suggestion as involving suspension of disbelief.",failed,The first was an exact replication of the Dienes and Hutton experiment; here we found no effect of rTMS to lDLPFC on any hypnotic measure.,abstract,"flora-extractor offline run 2026-09-21 (works outside the survivor pool); link_method=llm_cited_candidates, link_confidence=high. Corroborated by the Metascience Observatory: same original DOI and same outcome (failure). The first was an exact replication of the Dienes and Hutton experiment; here we found no effect of rTMS to lDLPFC on any hypnotic measure.",,2018,,AI,,,,,
"Shebani, Z., & Pulvermüller, F. (2011). Moving the hands and feet specifically impairs working memory for arm- and leg-related action words. Cortex, 49(1), 222–231. https://doi.org/10.1016/j.cortex.2011.10.005",10.1016/j.cortex.2011.10.005,https://doi.org/10.1016/j.cortex.2011.10.005,"Montero‐Melis, G., Paridon, J. v. (2022). No evidence for embodiment: The motor system is not needed to keep action verbs in working memory. Cortex, 150, 108-125.",10.1016/j.cortex.2022.02.006,https://doi.org/10.1016/j.cortex.2022.02.006,"Increasing evidence implicates the sensorimotor systems with high-level cognition, but the extent to which these systems play a functional role remains debated. Using an elegant design, Shebani and Pulvermüller (2013) reported that carrying out a demanding rhythmic task with the hands led to selective impairment of working memory for hand-related words (e.g., clap), while carrying out the same task with the feet led to selective memory impairment for foot-related words (e.g., kick). Such a striking double dissociation is acknowledged even by critics to constitute strong evidence for an embodied account of working memory. Here, we report on an attempt at a direct replication of this important finding. We followed a sequential sampling design and stopped data collection at N = 77 (more than five times the original sample size), at which point the evidence for the lack of the critical selective interference effect was very strong (BF01 = 91). This finding constitutes strong evidence against a functional contribution of the motor system to keeping action verbs in working memory. Our finding fits into the larger emerging picture in the field of embodied cognition that sensorimotor simulations are neither required nor automatic in high-level cognitive processes, but that they may play a role depending on the task. Importantly, we invite researchers to engage in transparent, high-powered, and fully pre-registered experiments like the present one to ensure the field advances on a solid basis.",failed,"We followed a sequential sampling design and stopped data collection at N = 77 (more than five times the original sample size), at which point the evidence for the lack of the critical selective interference effect was very strong (BF01 = 91). This finding constitutes strong evidence against a functional contribution of the motor system to keeping action verbs in working memory.",abstract,"flora-extractor offline run 2026-09-21 (works outside the survivor pool); link_method=llm_references, link_confidence=high. Corroborated by the Metascience Observatory: same original DOI and same outcome (failure). Here, we report on an attempt at a direct replication of this important finding.",,2022,,AI,,,,,
"Gueorguieva, R., Wu, R., Pittman, B., Cramer, J. A., Rosenheck, R. A., O’Malley, S. S., & Krystal, J. H. (2007). New Insights into the Efficacy of Naltrexone Based on Trajectory-Based Reanalyses of Two Negative Clinical Trials. Biological Psychiatry, 61(11), 1290–1295. https://doi.org/10.1016/j.biopsych.2006.09.038",10.1016/j.biopsych.2006.09.038,https://doi.org/10.1016/j.biopsych.2006.09.038,"Gueorguieva, R., Wu, R. (2009). Naltrexone and combined behavioral intervention effects on trajectories of drinking in the COMBINE study. Drug and Alcohol Dependence, 107(2-3), 221-229.",10.1016/j.drugalcdep.2009.10.017,https://doi.org/10.1016/j.drugalcdep.2009.10.017,"ObjectiveCOMBINE is the largest study of pharmacotherapy for alcoholism in the United States to date, designed to answer questions about the benefits of combining behavioral and pharmacological interventions. Trajectory-based analyses of daily drinking data allowed identification of distinct drinking trajectories in smaller studies and demonstrated significant naltrexone effects even when primary analyses on summary drinking measures were unsuccessful. The objective of this study was to replicate and refine trajectory estimation and to assess effects of naltrexone, acamprosate and therapy on the probabilities of following particular trajectories in COMBINE. It was hypothesized that different treatments may affect different trajectories of drinking.MethodsWe conducted exploratory analyses of daily indicators of any drinking and heavy drinking using a trajectory-based approach and assessed trajectory membership probabilities and odds ratios for treatment effects.ResultsWe replicated the trajectories (""abstainer"", ""sporadic drinker"", ""consistent drinker"") established previously in smaller studies. However, greater numbers of trajectories better described the heterogeneity of drinking over time. Naltrexone reduced the chance to follow a ""nearly daily"" trajectory and Combined Behavioral Intervention (CBI) reduced the chance to be in an ""increasing to nearly daily"" trajectory of any drinking. The combination of naltrexone and CBI increased the probability of membership in a trajectory in which the frequency of any drinking declined over time. Trajectory membership was associated with different patterns of treatment compliance.ConclusionThe trajectory-analyses identified specific patterns of drinking that were differentially influenced by each treatment and provided support for hypotheses about the mechanisms by which these treatments work.",successful,"We replicated the trajectories (""abstainer"", ""sporadic drinker"", ""consistent drinker"") established previously in smaller studies.",abstract,"flora-extractor offline run 2026-09-21 (works outside the survivor pool); link_method=llm_references, link_confidence=high. Corroborated by the Metascience Observatory: same original DOI and same outcome (success). Trajectory-based analyses of daily drinking data allowed identification of distinct drinking trajectories in smaller studies and demonstrated significant naltrexone effects even when primary analyses",,2010,,AI,,,,,
"Peters, E. N., & Hughes, J. R. (2009). The day-to-day process of stopping or reducing smoking: A prospective study of self-changers. Nicotine & Tobacco Research, 11(9), 1083–1092. https://doi.org/10.1093/ntr/ntp105",10.1093/ntr/ntp105,https://doi.org/10.1093/ntr/ntp105,"Hughes, J. R., Solomon, L. J. (2012). The natural history of efforts to stop smoking: A prospective cohort study. Drug and Alcohol Dependence, 128(1-2), 171-174.",10.1016/j.drugalcdep.2012.08.010,https://doi.org/10.1016/j.drugalcdep.2012.08.010,"BackgroundIn a prior study, we found changing tobacco use was more complex than previously thought, with users often transitioning between intending to quit and not intending to quit, and among typical use, abstinence, and reduction, on multiple occasions. The current study attempted to replicate those results.MethodsA convenience sample of 40 tobacco smokers who intended to quit within the next 3 months called in nightly for 28 days to an interactive voice response system to report cigs/day and daily intentions to smoke or not for the next day. We provided no treatment.ResultsWithin the month of the study, 32% of smokers had multiple episodes of intentions to not smoke, and 64% transitioned among smoking as usual, abstinence, and reduction status on multiple occasions. When participants reported that they intended not to smoke the next day, 56% of the time they did not make a quit attempt the next day. Just under half (44%) of quit attempts occurred on days with no intentions to quit the night before. Most quit attempts (69%) lasted less than a day. Reduction in cigs/day was as common as abstinence.ConclusionsOur prospective results replicated retrospective findings that most attempts to stop smoking result in a complex pattern of changes in smoking. These results suggest treatments should accommodate (a) multiple quit attempts over a short period, (b) reduction episodes, (c) unplanned quit attempts, and (d) immediate relapse.",successful,Our prospective results replicated retrospective findings that most attempts to stop smoking result in a complex pattern of changes in smoking.,abstract,"flora-extractor offline run 2026-09-21 (works outside the survivor pool); link_method=llm_references, link_confidence=high. Corroborated by the Metascience Observatory: same original DOI and same outcome (success). The current study attempted to replicate those results.",,2013,,AI,,,,,
"Wetherill, L., Agrawal, A., Kapoor, M., Bertelsen, S., Bierut, L. J., Brooks, A. I., Dick, D. M., Hesselbrock, M., Hesselbrock, V., Koller, D. L., Le, N., Nürnberger, J. I., Salvatore, J. E., Schuckit, M. A., Tischfield, J. A., Wang, J., Xuei, X., Edenberg, H. J., Porjesz, B., Bucholz, K. K., Goate, A., & Foroud, T. (2014). Association of substance dependence phenotypes in the COGA sample. Addiction Biology, 20(3), 617–627. https://doi.org/10.1111/adb.12153",10.1111/adb.12153,https://doi.org/10.1111/adb.12153,"Pineda-Cirera, L., Cabana‐Domínguez, J. (2018). Evaluation of previous substance dependence genome-wide significant findings in a Spanish sample. Drug and Alcohol Dependence, 187, 358-362.",10.1016/j.drugalcdep.2018.03.013,https://doi.org/10.1016/j.drugalcdep.2018.03.013,"BackgroundSubstance dependence is a chronic and relapsing disorder explained by genetic and environmental risk factors. The aim of our study is to replicate previous genome-wide significant (GWS) hits identified in substance dependence in general or in cocaine dependence in particular using an independent sample from Spain.MethodsWe evaluated, in a Spanish sample of 1711 subjects with substance dependence (1011 of them cocaine dependent) and 1719 control individuals, three SNPs identified as GWS in previous studies: rs1868152 and rs2952621 (located near LINC02052 and LINC01854, respectively), associated with substance dependence, and rs2629540 (in the first intron of FAM53B), associated with cocaine dependence.ResultsWe replicated the association between rs2952621 and substance dependence under the dominant model (P = 0.020), with the risk allele (T) being the same in our sample and in those two reported previously. We then performed a meta-analysis of the two samples used in the original study that reported the association of rs2952621 with substance dependence (Collaborative Studies on Genetics of Alcoholism (COGA) and Study of Addiction: Genetics and Environment (SAGE)) together with our Spanish sample. The meta-analysis of 3747 cases and 4043 controls confirmed the association (OR = 1.26, 95% CI = 1.15-1.39).ConclusionsThe rs2952621 variant, located downstream from the yet uncharacterized gene LINC01854, is associated with substance dependence in our Spanish sample. Further research is needed to understand its contribution to the susceptibility to substance dependence.",successful,"We replicated the association between rs2952621 and substance dependence under the dominant model (P = 0.020), with the risk allele (T) being the same in our sample and in those two reported previously. We then performed a meta-analysis of the two samples used in the original study that reported the association of rs2952621 with substance dependence (Collaborative Studies on Genetics of Alcoholism (COGA) and Study of Addiction: Genetics and Environment (SAGE)) together with our Spanish sample. The meta-analysis of 3747 cases and 4043 controls confirmed the association (OR = 1.26, 95% CI = 1.15-1.39).",abstract,"flora-extractor offline run 2026-09-21 (works outside the survivor pool); link_method=llm_references, link_confidence=low. Corroborated by the Metascience Observatory: same original DOI and same outcome (success). We replicated the association between rs2952621 and substance dependence under the dominant model (P = 0.020), with the risk allele (T) being the same in our sample and in those two reported previousl",,2018,,AI,,,,,
"Buono, R. J., Lohoff, F. W., Sander, T., Sperling, M. R., O’Connor, M. J., Dlugos, D., Ryan, S. G., Golden, G. T., Zhao, H., Scattergood, T., Berrettini, W. H., & Ferraro, T. N. (2004). Association between variation in the human KCNJ10 potassium ion channel gene and seizure susceptibility. Epilepsy Research, 58(2-3), 175–183. https://doi.org/10.1016/j.eplepsyres.2004.02.003",10.1016/j.eplepsyres.2004.02.003,https://doi.org/10.1016/j.eplepsyres.2004.02.003,"Lenzen, K. P., Heils, A. (2005). Supportive evidence for an allelic association of the human KCNJ10 potassium channel gene with idiopathic generalized epilepsy. Epilepsy Research, 63(2-3), 113-118.",10.1016/j.eplepsyres.2005.01.002,https://doi.org/10.1016/j.eplepsyres.2005.01.002,"PurposeQuantitative trait loci (QTL) mapping in mice revealed a seizure-related QTL (Szs1), for which the inward-rectifying potassium channel Kcnj10 is the most compelling candidate gene. Association analysis of the human KCNJ10 gene identified a common KCNJ10 missense variation (Arg271Cys) that influences susceptibility to focal and generalized epilepsies. The present replication study tested the initial finding that the KCNJ10 Cys271 allele is associated with seizure resistance to common syndromes of idiopathic generalized epilepsy (IGE).MethodsThe study sample comprised 563 German IGE patients and 660 healthy population controls. To search for seizure type-specific effects, two IGE subgroups were formed, comprising 258 IGE patients with typical absences (IAE group) and 218 patients with juvenile myoclonic epilepsy (JME group). A TaqMan nuclease assay was used to genotype the KCNJ10 single nucleotide polymorphism c.1037C > T (dbSNP: rs1130183) that alters amino acid at position 271 from arginine to cysteine.ResultsReplication analysis revealed a significant decrease of the Cys271 allele frequency in 446 IGE patients compared to controls (chi2 = 3.52, d.f. = 1, P = 0.030, one-sided; OR(Cys271+) = 0.69; 95% CI: 0.50-0.95). Among the IGE subgroups, lack of the Cys271 allele was accentuated in the JME group (chi2 = 5.20, d.f. = 1, P = 0.011, one-sided).ConclusionOur results support previous evidence that the common KCNJ10 Arg271Cys missense variation influences seizure susceptibility of common IGE syndromes.",successful,Our results support previous evidence that the common KCNJ10 Arg271Cys missense variation influences seizure susceptibility of common IGE syndromes.,abstract,"flora-extractor offline run 2026-09-21 (works outside the survivor pool); link_method=llm_references, link_confidence=high. Corroborated by the Metascience Observatory: same original DOI and same outcome (success). Association analysis of the human KCNJ10 gene identified a common KCNJ10 missense variation (Arg271Cys) that influences susceptibility to focal and generalized epilepsies. The present replication stud",,2005,,AI,,,,,
"Mas, C., Taske, N., Deutsch, S., Guipponi, M., Thomas, P., Covanis, A., Friis, M., Kjeldsen, M. J., Pizzolato, G. P., Villemure, J., Buresi, C., Rees, M., Malafosse, A., Gardiner, M., Antonarakis, S. E., & Meda, P. (2004). Association of the connexin36 gene with juvenile myoclonic epilepsy. Journal of Medical Genetics, 41(7), e93–e93. https://doi.org/10.1136/jmg.2003.017954",10.1136/jmg.2003.017954,https://doi.org/10.1136/jmg.2003.017954,"Hempelmann, A., Heils, A. (2006). Confirmatory evidence for an association of the connexin-36 gene with juvenile myoclonic epilepsy. Epilepsy Research, 71(2-3), 223-228.",10.1016/j.eplepsyres.2006.06.021,https://doi.org/10.1016/j.eplepsyres.2006.06.021,"Juvenile myoclonic epilepsy (JME) is a genetically determined common subtype of idiopathic generalized epilepsy. Recently, linkage of JME to the chromosomal region 15q14, as well as an allelic and genotypic association between the synonymous coding single nucleotide polymorphism c.588C>T (dbSNP: rs3743123, S196S) of the positional candidate gene connexin-36 (CX36) and JME have been reported. The present replication study examined this tentative association in 247 German JME patients and 621 population controls. The frequency of the c.588T allele was significantly increased in the JME patients (35%) compared to controls (29.7%; P=0.016, one-tailed). Consistent to the original report, we also observed a significant increase of T/T homozygotes (13.4%) in the JME patients compared to controls (8.7%; P=0.019, one-tailed; OR(T/T+)=1.62; 95%-CI: 1.02-2.57). The present results provide confirmatory evidence for an allelic and genotypic association of the CX36 gene with JME.",successful,"Consistent to the original report, we also observed a significant increase of T/T homozygotes (13.4%) in the JME patients compared to controls (8.7%; P=0.019, one-tailed; OR(T/T+)=1.62; 95%-CI: 1.02-2.57). The present results provide confirmatory evidence for an allelic and genotypic association of the CX36 gene with JME.",abstract,"flora-extractor offline run 2026-09-21 (works outside the survivor pool); link_method=llm_references, link_confidence=high. Corroborated by the Metascience Observatory: same original DOI and same outcome (success). Recently, linkage of JME to the chromosomal region 15q14, as well as an allelic and genotypic association between the synonymous coding single nucleotide polymorphism c.588C>T (dbSNP: rs3743123, S196S",,2006,,AI,,,,,
"Sjoberg, D. D., Vickers, A. J., Assel, M., Dahlin, A., Poon, B. Y., Ulmert, D., & Lilja, H. (2018). Twenty-year Risk of Prostate Cancer Death by Midlife Prostate-specific Antigen and a Panel of Four Kallikrein Markers in a Large Population-based Cohort of Healthy Men. European Urology, 73(6), 941–948. https://doi.org/10.1016/j.eururo.2018.02.016",10.1016/j.eururo.2018.02.016,https://doi.org/10.1016/j.eururo.2018.02.016,"Bjerner, J., Bratt, O. (2023). Baseline Serum Prostate-specific Antigen Value Predicts the Risk of Subsequent Prostate Cancer Death—Results from the Norwegian Prostate Cancer Consortium. European Urology, 86(1), 20-26.",10.1016/j.eururo.2023.04.028,https://doi.org/10.1016/j.eururo.2023.04.028,"Background and objectiveProstate-specific antigen (PSA) levels in midlife are strongly associated with the long-term risk of lethal prostate cancer in cohorts not subject to screening. This is the first study evaluating the association between PSA levels drawn as part of routine medical care in the Norwegian population and prostate cancer incidence and mortality. The objective of the study was to determine the association between midlife PSA levels MethodsThe Norwegian Prostate Cancer Consortium collected >8 million PSA results from >1 million Norwegian males (more than or equal to) 40 yr of age. We studied 176 099 men (predefined age strata: 40-54 and 55-69 yr) without a prior prostate cancer diagnosis who had a nonelevated baseline PSA level (Key findings and limitationsThe median follow-up time of men who did not get prostate cancer was 17.9 yr. Overall, 84% of men had a baseline PSA level of Conclusions and clinical implicationsWe replicated prior studies that baseline PSA at age 40-69 yr can be used to stratify a man's risk of dying from prostate cancer within the next 15-20 yr.Patient summaryA prostate-specific antigen level obtained as part of routine medical care is strongly associated with a man's risk of dying from prostate cancer in the next two decades.",successful,We replicated prior studies that a baseline PSA value at age 40-69 yr can be used to stratify a man's risk of dying from prostate cancer within the next 15-20 yr and demonstrated the applicability of routinely measured PSA.,discussion,"flora-extractor offline run 2026-09-21 (works outside the survivor pool); link_method=llm_title_search, link_confidence=low. Corroborated by the Metascience Observatory: same original DOI and same outcome (success). We replicated prior studies that a baseline PSA value at age 40-69 yr can be used to stratify a man's risk of dying from prostate cancer within the next 15-20 yr and demonstrated the applicability of",,2024,,AI,,,,,
"Vertosick, E., Häggström, C., Sjoberg, D. D., Hallmans, G., Johansson, R., Vickers, A. J., Stattin, P., & Lilja, H. (2020). Prespecified 4-Kallikrein Marker Model at Age 50 or 60 for Early Detection of Lethal Prostate Cancer in a Large Population Based Cohort of Asymptomatic Men Followed for 20 Years. The Journal of Urology, 204(2), 281–288. https://doi.org/10.1097/ju.0000000000001007",10.1097/ju.0000000000001007,https://doi.org/10.1097/ju.0000000000001007,"Bjerner, J., Bratt, O. (2023). Baseline Serum Prostate-specific Antigen Value Predicts the Risk of Subsequent Prostate Cancer Death—Results from the Norwegian Prostate Cancer Consortium. European Urology, 86(1), 20-26.",10.1016/j.eururo.2023.04.028,https://doi.org/10.1016/j.eururo.2023.04.028,"Background and objectiveProstate-specific antigen (PSA) levels in midlife are strongly associated with the long-term risk of lethal prostate cancer in cohorts not subject to screening. This is the first study evaluating the association between PSA levels drawn as part of routine medical care in the Norwegian population and prostate cancer incidence and mortality. The objective of the study was to determine the association between midlife PSA levels MethodsThe Norwegian Prostate Cancer Consortium collected >8 million PSA results from >1 million Norwegian males (more than or equal to) 40 yr of age. We studied 176 099 men (predefined age strata: 40-54 and 55-69 yr) without a prior prostate cancer diagnosis who had a nonelevated baseline PSA level (Key findings and limitationsThe median follow-up time of men who did not get prostate cancer was 17.9 yr. Overall, 84% of men had a baseline PSA level of Conclusions and clinical implicationsWe replicated prior studies that baseline PSA at age 40-69 yr can be used to stratify a man's risk of dying from prostate cancer within the next 15-20 yr.Patient summaryA prostate-specific antigen level obtained as part of routine medical care is strongly associated with a man's risk of dying from prostate cancer in the next two decades.",successful,We replicated prior studies that a baseline PSA value at age 40-69 yr can be used to stratify a man's risk of dying from prostate cancer within the next 15-20 yr and demonstrated the applicability of routinely measured PSA.,discussion,"flora-extractor offline run 2026-09-21 (works outside the survivor pool); link_method=llm_title_search, link_confidence=low. Corroborated by the Metascience Observatory: same original DOI and same outcome (success). We replicated prior studies that a baseline PSA value at age 40-69 yr can be used to stratify a man's risk of dying from prostate cancer within the next 15-20 yr and demonstrated the applicability of",,2024,,AI,,,,,
"Simard, J. M., Tsymbalyuk, O., Ivanov, A. V., Ivanova, S., Bhatta, S., Geng, Z., Woo, S., & Gerzanich, V. (2007). Endothelial sulfonylurea receptor 1–regulated NCCa-ATP channels mediate progressive hemorrhagic necrosis following spinal cord injury. Journal of Clinical Investigation, 117(8), 2105–2113. https://doi.org/10.1172/jci32041",10.1172/jci32041,https://doi.org/10.1172/jci32041,"Popovich, P. G., Lemeshow, S. (2010). Independent evaluation of the effects of glibenclamide on reducing progressive hemorrhagic necrosis after cervical spinal cord injury. Experimental Neurology, 233(2), 615-622.",10.1016/j.expneurol.2010.11.016,https://doi.org/10.1016/j.expneurol.2010.11.016,"These experiments were completed as part of an NIH-NINDS contract entitled ""Facilities of Research Excellence - Spinal Cord Injury (FORE-SCI) - Replication"". Our goal was to replicate pre-clinical data from Simard et al. (2007) showing that glibenclamide, an FDA approved anti-diabetic drug that targets sulfonylurea receptor 1 (SUR1)-regulated Ca(2+) activated, [ATP](i)-sensitive nonspecific cation channels, attenuates secondary intraspinal hemorrhage and secondary neurodegeneration caused by hemicontusion injury in rat cervical spinal cord. In an initial replication attempt, the Infinite Horizons impactor was used to deliver a standard unilateral contusion injury near the spinal cord midline. Glibenclamide was administered continuously via osmotic pump beginning immediately post-SCI. The ability of glibenclamide to limit intraspinal hemorrhage was analyzed at 6, 12 and 24 h post-injury using a colorimetric assay. Acute recovery (24 h) of forelimb function was also assessed. Analysis of data from these initial studies revealed no difference between glibenclamide and vehicle-treated SCI rats. Later, it was determined that differences in primary trauma affect the efficacy of glibenclamide. Indeed, the magnitude and distribution of primary intraspinal hemorrhage was greater when the impact was directed to the dorsomedial region of the cervical hemicord (as in our initial replication experiment), as compared to the dorsolateral spinal cord (as in the Simard et al. experiment). In three subsequent experiments, injury was directed to the dorsolateral spinal cord. In each case, glibenclamide reduced post-traumatic hemorrhage 24-48 h post-injury. In the third experiment, we also assessed function and found that acute reduction of hemorrhage led to improved functional recovery. Thus, independent replication of the Simard et al. data was achieved. These data illustrate that the injury model and type of trauma can determine the efficacy of pre-clinical pharmacological treatments after SCI.",successful,"Thus, independent replication of the Simard et al. data was achieved.",abstract,"flora-extractor offline run 2026-09-21 (works outside the survivor pool); link_method=llm_cited_candidates, link_confidence=high. Corroborated by the Metascience Observatory: same original DOI and same outcome (success). Our goal was to replicate pre-clinical data from Simard et al. (2007) showing that glibenclamide ... attenuates secondary intraspinal hemorrhage and secondary neurodegeneration caused by hemicontusion",,2012,,AI,,,,,
"Benowitz, L. I., Goldberg, D. E., Madsen, J. R., Soni, D., & Irwin, N. (1999). Inosine stimulates extensive axon collateral growth in the rat corticospinal tract after injury. Proceedings of the National Academy of Sciences, 96(23), 13486–13490. https://doi.org/10.1073/pnas.96.23.13486",10.1073/pnas.96.23.13486,https://doi.org/10.1073/pnas.96.23.13486,"Steward, O., Sharp, K. (2011). A re-assessment of the effects of intracortical delivery of inosine on transmidline growth of corticospinal tract axons after unilateral lesions of the medullary pyramid. Experimental Neurology, 233(2), 662-673.",10.1016/j.expneurol.2011.09.019,https://doi.org/10.1016/j.expneurol.2011.09.019,"This study was undertaken as part of the NIH ""Facilities of Research Excellence-Spinal Cord Injury"", which supports independent replication of published studies. Here, we repeat an experiment reporting that intracortical delivery of inosine promoted trans-midline growth of corticospinal tract (CST) axons in the spinal cord after unilateral injury to the medullary pyramid. Rats received unilateral transections of the medullary pyramid and 1 day later, a cannula assembly was implanted into the sensorimotor cortex contralateral to the pyramidotomy to deliver either inosine or vehicle. The cannula assembly was attached to an osmotic minipump that was implanted sub-cutaneously. Seventeen or 18 days post-injury, the CST was traced by making multiple injections of miniruby-BDA into the sensorimotor cortex. Rats were killed for tract tracing 14 days after the BDA injections. Sections through the cervical spinal cord were stained for BDA and immunostained for GAP43 and GFAP. Our results revealed no evidence for enhanced growth of CST axons across the midline of the dorsal column in rats that received intracortical infusion of inosine. Possible reasons for the failure to replicate are discussed.",failed,Our results revealed no evidence for enhanced growth of CST axons across the midline of the dorsal column in rats that received intracortical infusion of inosine.,abstract,"flora-extractor offline run 2026-09-21 (works outside the survivor pool); link_method=llm_references, link_confidence=high. Corroborated by the Metascience Observatory: same original DOI and same outcome (failure). Here, we repeat an experiment reporting that intracortical delivery of inosine promoted trans-midline growth of corticospinal tract (CST) axons in the spinal cord after unilateral injury to the medull",,2011,,AI,,,,,
"Kim, S. H., Song, J. Y., Joo, E., Lee, K. Y., Shin, S. Y., Lee, Y. H., Ahn, Y. M., & Kim, Y. S. (2012). Genetic association of theEGR2gene with bipolar disorder in Korea. Experimental & Molecular Medicine, 44(2), 121–121. https://doi.org/10.3858/emm.2012.44.2.007",10.3858/emm.2012.44.2.007,https://doi.org/10.3858/emm.2012.44.2.007,"Balan, S., Yamada, K. (2013). Lack of association of EGR2 variants with bipolar disorder in Japanese population. Gene, 526(2), 246-250.",10.1016/j.gene.2013.05.055,https://doi.org/10.1016/j.gene.2013.05.055,"The early growth response gene 2 (EGR2) has been recently reported to be associated with bipolar disorder in the Korean population. However replication studies in independent cohorts of same and different ethnicities are essential for establishing the credibility of a genotype-phenotype association. With this notion, in the present study we have performed a replication study of the reported association of SNPs in EGR2 in a case-control study comprising of 867 unrelated Japanese bipolar disorder patients and 895 age-, sex- and ethnicity-matched controls. Results showed no significant differences in allele and genotype frequencies of EGR2 SNPs between bipolar disorder patients and controls and also in a sex-stratified genetic analysis. The haplotype and meta-analyses also showed no significant association with bipolar disorder. In conclusion, this is the first replication study of the previously reported association of EGR2 with bipolar disorder in a larger sample set and the results showed that the EGR2 gene is unlikely to contribute to the susceptibility of bipolar disorder in a Japanese cohort.",failed,"Results showed no significant differences in allele and genotype frequencies of EGR2 SNPs between bipolar disorder patients and controls and also in a sex-stratified genetic analysis. The haplotype and meta-analyses also showed no significant association with bipolar disorder. In conclusion, this is the first replication study of the previously reported association of EGR2 with bipolar disorder in a larger sample set and the results showed that the EGR2 gene is unlikely to contribute to the susceptibility of bipolar disorder in a Japanese cohort.",abstract,"flora-extractor offline run 2026-09-21 (works outside the survivor pool); link_method=llm_references, link_confidence=high. Corroborated by the Metascience Observatory: same original DOI and same outcome (failure). The early growth response gene 2 (EGR2) has been recently reported to be associated with bipolar disorder in the Korean population. With this notion, in the present study we have performed a replicati",,2013,,AI,,,,,
"Wakil, S. M., Ram, R., Muiya, N. P., Mehta, M., Andres, E., Mazhar, N., Baz, B., Hagos, S., Alshahid, M., Meyer, B. F., Morahan, G., & Dzimiri, N. (2015). A genome-wide association study reveals susceptibility loci for myocardial infarction/coronary artery disease in Saudi Arabs. Atherosclerosis, 245, 62–70. https://doi.org/10.1016/j.atherosclerosis.2015.11.019",10.1016/j.atherosclerosis.2015.11.019,https://doi.org/10.1016/j.atherosclerosis.2015.11.019,"Al‐Rasheed, M., Hefnawy, M. M. (2018). The role of CDKN2B in cardiovascular risk in ethnic Saudi Arabs: A validation study. Gene, 673, 206-210.",10.1016/j.gene.2018.06.024,https://doi.org/10.1016/j.gene.2018.06.024,"BackgroundGenome-wide association studies (GWASs) have yielded a wealth of information furnishing support for the variability in genetic predisposition to disease. However, the actual impact of such findings on any particular ethnic population needs to be validated through replication studies. In the present study, we verified recent findings of a GWAS demonstrating a strong association for the cyclin-dependent kinase 4 inhibitor B (CDKN2B) genomic region with coronary artery disease (CAD)/myocardial infarction (MI) in ethnic Saudi Arabs.MethodologyWe genotyped 8 CDKN2B SNPs for cardiovascular risk in 4650 Saudi Arabs, comprising 2429 CAD cases (1860 males; 569 female) and 2221 controls (1189 male; 1032 female) by Taqman assay.ResultsFour SNPs, rs4977574_A [0.56(0.50-0.63); p ConclusionsOur findings strongly support the notion of a critical role for the CDKN2B gene locus as a cardiovascular risk in ethnic Arabs. The study also demonstrates the importance of replication studies in ascertaining the role of a genomic sequence in disease.",successful,Our findings strongly support the notion of a critical role for the CDKN2B gene locus as a cardiovascular risk in ethnic Arabs.,abstract,"flora-extractor offline run 2026-09-21 (works outside the survivor pool); link_method=llm_references, link_confidence=high. Corroborated by the Metascience Observatory: same original DOI and same outcome (success). In the present study, we verified recent findings of a GWAS demonstrating a strong association for the cyclin-dependent kinase 4 inhibitor B (CDKN2B) genomic region with coronary artery disease (CAD)/",,2018,,AI,,,,,
"Kayser, J., Tenke, C. E., Malaspina, D., Kroppmann, C. J., Schaller, J. D., Deptula, A. E., Gates, N. A., Harkavy‐Friedman, J., Gil, R., & Bruder, G. E. (2010). Neuronal generator patterns of olfactory event-related brain potentials in schizophrenia. Psychophysiology, 47(6), no–no. https://doi.org/10.1111/j.1469-8986.2010.01013.x",10.1111/j.1469-8986.2010.01013.x,https://doi.org/10.1111/j.1469-8986.2010.01013.x,"Kayser, J., Tenke, C. E. (2013). Olfaction in the psychosis prodrome: Electrophysiological and behavioral measures of odor detection. International Journal of Psychophysiology, 90(2), 190-206.",10.1016/j.ijpsycho.2013.07.003,https://doi.org/10.1016/j.ijpsycho.2013.07.003,"Smell identification deficits (SIDs) are relatively specific to schizophrenia and its negative symptoms, and may predict transition to psychosis in clinical high-risk (CHR) individuals. Moreover, event-related potentials (ERPs) to odors are reduced in schizophrenia. This study examined whether CHR patients show SIDs and abnormal olfactory N1 and P2 potentials. ERPs (49 channels) were recorded from 21 CHR and 20 healthy participants (13 males/group; ages 13-27 years) during an odor detection task using three concentrations of hydrogen sulfide (H2S) or blank air presented unilaterally by a constant-flow olfactometer. Neuronal generator patterns underlying olfactory ERPs were identified and measured by principal components analysis (unrestricted Varimax) of reference-free current source densities (CSD). Replicating previous findings, CSD waveforms to H2S stimuli were characterized by an early N1 sink (345 ms, lateral-temporal) and a late P2 source (600 ms, mid-frontocentroparietal). N1 and P2 varied monotonically with odor intensity (strong > medium > weak) and did not differ across groups. Patients and controls also showed comparable odor detection and had normal odor identification and thresholds (Sniffin' Sticks). However, olfactory ERPs strongly reflected differences in odor intensity and detection in controls, but these associations were substantially weaker in patients. Moreover, severity of negative symptoms in patients was associated with reduced olfactory ERPs and poorer odor detection, identification and thresholds. Three patients who developed psychosis had poorer odor detection and thresholds, and marked reductions of N1 and P2. Thus, despite the lack of overall group differences, olfactory measures may be of utility in predicting transition to psychosis among CHR patients.",successful,"Replicating previous findings, CSD waveforms to H2S stimuli were characterized by an early N1 sink (345 ms, lateral-temporal) and a late P2 source (600 ms, mid-frontocentroparietal).",abstract,"flora-extractor offline run 2026-09-21 (works outside the survivor pool); link_method=llm_references, link_confidence=high. Corroborated by the Metascience Observatory: same original DOI and same outcome (success). Replicating previous findings, CSD waveforms to H2S stimuli were characterized by an early N1 sink (345 ms, lateral-temporal) and a late P2 source (600 ms, mid-frontocentroparietal).",,2013,,AI,,,,,
"Iakoubova, O. A., Tong, C. H., Rowland, C. M., Kirchgessner, T. G., Young, B. A., Arellano, A. R., Shiffman, D., Sabatine, M. S., Campos, H., Packard, C. J., Pfeffer, M. A., White, T. J., Braunwald, E., Shepherd, J., Devlin, J. J., & Sacks, F. M. (2008). Association of the Trp719Arg Polymorphism in Kinesin-Like Protein 6 With Myocardial Infarction and Coronary Heart Disease in 2 Prospective Trials. Journal of the American College of Cardiology, 51(4), 435–443. https://doi.org/10.1016/j.jacc.2007.05.057",10.1016/j.jacc.2007.05.057,https://doi.org/10.1016/j.jacc.2007.05.057,"Shiffman, D., Chasman, D. I. (2008). A Kinesin Family Member 6 Variant Is Associated With Coronary Heart Disease in the Women’s Health Study. Journal of the American College of Cardiology, 51(4), 444-448.",10.1016/j.jacc.2007.09.044,https://doi.org/10.1016/j.jacc.2007.09.044,"ObjectivesWe asked if carriers of the 719Arg allele of kinesin family member 6 (KIF6) have increased risk of coronary heart disease (CHD) in a cohort of initially healthy Caucasian American women.BackgroundThe 719Arg allele of KIF6 (rs20455) has been reported to be associated with increased risk of CHD in a large population-based prospective study, ARIC (Atherosclerosis Risk in Communities), and in the placebo arms of 2 statin trials, CARE (Cholesterol and Recurrent Events) and WOSCOPS (West of Scotland Coronary Prevention Study). However, this KIF6 variant was not specifically investigated in the female subgroup in the ARIC study, and the CARE and WOSCOPS trials included only a small number of female patients.MethodsGenotypes of the rs20455 single nucleotide polymorphism (SNP) were determined among 25,283 initially healthy Caucasian women, age 45 years and older, participating in the WHS (Women's Health Study) who were prospectively followed over a 12-year period for incident cardiovascular events. The risk associated with the 719Arg allele of KIF6 was estimated using Cox proportional hazards models that adjusted for age and traditional risk factors.ResultsDuring follow-up, 953 women suffered a first-ever CHD event (myocardial infarction, coronary revascularization, or cardiovascular death) or first-ever ischemic stroke. Compared with noncarriers, carriers of the 719Arg allele had an increased risk of CHD (hazard ratio [HR] = 1.24 [95% confidence interval (CI) 1.04 to 1.46, p = 0.013]) and myocardial infarction (HR = 1.34 [95% CI 1.02 to 1.75, p = 0.034]) but not ischemic stroke.ConclusionsConfirming and extending previous reports, carriers of the 719Arg allele of KIF6 have 34% higher risk of myocardial infarction and 24% higher risk of CHD compared with noncarriers among 25,283 women from the WHS.",successful,"Confirming and extending previous reports, carriers of the 719Arg allele of KIF6 have 34% higher risk of myocardial infarction and 24% higher risk of CHD compared with noncarriers among 25,283 women from the WHS.",abstract,"flora-extractor offline run 2026-09-21 (works outside the survivor pool); link_method=llm_references, link_confidence=low. Corroborated by the Metascience Observatory: same original DOI and same outcome (success). The 719Arg allele of KIF6 (rs20455) has been reported to be associated with increased risk of CHD ... in the placebo arms of 2 statin trials, CARE (Cholesterol and Recurrent Events) and WOSCOPS (West",,2008,,AI,,,,,
"Morrison, A. C., Bare, L. A., Chambless, L. E., Ellis, S. G., Malloy, M. J., Kane, J. P., Pankow, J. S., Devlin, J. J., Willerson, J. T., & Boerwinkle, E. (2007). Prediction of Coronary Heart Disease Risk using a Genetic Risk Score: The Atherosclerosis Risk in Communities Study. American Journal of Epidemiology, 166(1), 28–35. https://doi.org/10.1093/aje/kwm060",10.1093/aje/kwm060,https://doi.org/10.1093/aje/kwm060,"Shiffman, D., Chasman, D. I. (2008). A Kinesin Family Member 6 Variant Is Associated With Coronary Heart Disease in the Women’s Health Study. Journal of the American College of Cardiology, 51(4), 444-448.",10.1016/j.jacc.2007.09.044,https://doi.org/10.1016/j.jacc.2007.09.044,"ObjectivesWe asked if carriers of the 719Arg allele of kinesin family member 6 (KIF6) have increased risk of coronary heart disease (CHD) in a cohort of initially healthy Caucasian American women.BackgroundThe 719Arg allele of KIF6 (rs20455) has been reported to be associated with increased risk of CHD in a large population-based prospective study, ARIC (Atherosclerosis Risk in Communities), and in the placebo arms of 2 statin trials, CARE (Cholesterol and Recurrent Events) and WOSCOPS (West of Scotland Coronary Prevention Study). However, this KIF6 variant was not specifically investigated in the female subgroup in the ARIC study, and the CARE and WOSCOPS trials included only a small number of female patients.MethodsGenotypes of the rs20455 single nucleotide polymorphism (SNP) were determined among 25,283 initially healthy Caucasian women, age 45 years and older, participating in the WHS (Women's Health Study) who were prospectively followed over a 12-year period for incident cardiovascular events. The risk associated with the 719Arg allele of KIF6 was estimated using Cox proportional hazards models that adjusted for age and traditional risk factors.ResultsDuring follow-up, 953 women suffered a first-ever CHD event (myocardial infarction, coronary revascularization, or cardiovascular death) or first-ever ischemic stroke. Compared with noncarriers, carriers of the 719Arg allele had an increased risk of CHD (hazard ratio [HR] = 1.24 [95% confidence interval (CI) 1.04 to 1.46, p = 0.013]) and myocardial infarction (HR = 1.34 [95% CI 1.02 to 1.75, p = 0.034]) but not ischemic stroke.ConclusionsConfirming and extending previous reports, carriers of the 719Arg allele of KIF6 have 34% higher risk of myocardial infarction and 24% higher risk of CHD compared with noncarriers among 25,283 women from the WHS.",successful,"Confirming and extending previous reports, carriers of the 719Arg allele of KIF6 have 34% higher risk of myocardial infarction and 24% higher risk of CHD compared with noncarriers among 25,283 women from the WHS.",abstract,"flora-extractor offline run 2026-09-21 (works outside the survivor pool); link_method=llm_references, link_confidence=low. Corroborated by the Metascience Observatory: same original DOI and same outcome (success). The 719Arg allele of KIF6 (rs20455) has been reported to be associated with increased risk of CHD in a large population-based prospective study, ARIC (Atherosclerosis Risk in Communities). Confirming",,2008,,AI,,,,,
"Jollant, F., Lawrence, N., Giampietro, V., Brammer, M., Fullana, M. A., Drapier, D., Courtet, P., & Phillips, M. L. (2008). Orbitofrontal Cortex Response to Angry Faces in Men With Histories of Suicide Attempts. American Journal of Psychiatry, 165(6), 740–748. https://doi.org/10.1176/appi.ajp.2008.07081239",10.1176/appi.ajp.2008.07081239,https://doi.org/10.1176/appi.ajp.2008.07081239,"Vanyukov, P. M., Szántó, K. (2014). Impulsive Traits and Unplanned Suicide Attempts Predict Exaggerated Prefrontal Response to Angry Faces in the Elderly. American Journal of Geriatric Psychiatry, 23(8), 829-839.",10.1016/j.jagp.2014.10.004,https://doi.org/10.1016/j.jagp.2014.10.004,"ObjectiveAbnormal responses to social stimuli are seen in people vulnerable to suicidal behavior, indicating possible disruptions in the neural circuitry mediating the interpretation of socioemotional cues. These disruptions have not been empirically related to psychological and cognitive pathways to suicide. In the present study of older suicide attempters, we examined neural responses to emotional faces and their relationship to impulsivity, one of the components of the suicidal diathesis.MethodsUsing functional magnetic resonance imaging, we recorded neurohemodynamic responses to angry faces in a carefully characterized sample of 18 depressed elderly with history of suicide attempts, 13 depressed nonsuicidal patients, and 18 healthy individuals, all aged 60+. Impulsivity was assessed with the Social Problem Solving Inventory Impulsivity/Carelessness Style subscale and Barratt Impulsiveness Scale. The Suicide Intent Scale planning subscale was used to describe the degree of planning associated with the most lethal attempt.ResultsDepression and history of attempted suicide were not associated with neural responses to angry faces, failing to replicate earlier studies. Higher impulsivity, however, predicted exaggerated responses to angry faces in fronto-opercular and dorsomedial prefrontal cortex (pcorr ConclusionImpulsive traits and history of unplanned suicide attempts partly explain the heterogeneity in neural responses to angry faces in depressed elderly. Displays of social emotion command excessive cortical processing in impulsive suicide attempters.",failed,"Depression and history of attempted suicide were not associated with neural responses to angry faces, failing to replicate earlier studies.",abstract,"flora-extractor offline run 2026-09-21 (works outside the survivor pool); link_method=llm_references, link_confidence=high. Corroborated by the Metascience Observatory: same original DOI and same outcome (failure). Depression and history of attempted suicide were not associated with neural responses to angry faces, failing to replicate earlier studies.",,2015,,AI,,,,,
"Kindt, M., & Hout, M. v. d. (2003). Dissociation and memory fragmentation: experimental effects on meta-memory but not on actual memory performance. Behaviour Research and Therapy, 41(2), 167–178. https://doi.org/10.1016/s0005-7967(01)00135-8",10.1016/s0005-7967(01)00135-8,https://doi.org/10.1016/s0005-7967(01)00135-8,"Kindt, M., Hout, M. v. d. (2005). Dissociation related to subjective memory fragmentation and intrusions but not to objective memory disturbances. Journal of Behavior Therapy and Experimental Psychiatry, 36(1), 43-59.",10.1016/j.jbtep.2004.11.005,https://doi.org/10.1016/j.jbtep.2004.11.005,"The present study was a replication of Kindt and Van den Hout (Behaviour Research and Therapy 41 (2003) 167) with several methodological adaptations. Two experiments were designed to test whether state dissociation is related to objective memory disturbances, or whether dissociation is confined to the realm of subjective experience. High trait dissociative participants (N(exp.1)=25; N(exp.2)=25) and low trait dissociative participants (N(exp.1)=25; N(exp.2)=25) were selected from normal samples (N(exp.1)=372; N(exp.2)=341) on basis of scores on the Dissociative Experience Scale (DES). Participants watched an extremely aversive film, after which state dissociation was measured by the Peri-traumatic Dissociative Experience Questionnaire (PDEQ). Memory disturbances were assessed 4h later (Exp. 1) or 1 week later (Exp. 2). Objective memory disturbances were assessed by a sequential memory task, items tapping perceptual representations (Exp. 1), or an open question with respect to the remembrance of the film (Exp. 2). Subjective memory disturbances were measured by means of visual analogue scales assessing fragmentation and intrusions. The two experiments provided a fairly exact replication of an earlier experiment (Behaviour Research and Therapy 41 (2003) 167-178), indicating a relation between dissociation and memory disturbances that appeared to be confined to the subjective experience of memory.",successful,"The two experiments provided a fairly exact replication of an earlier experiment (Behaviour Research and Therapy 41 (2003) 167-178), indicating a relation between dissociation and memory disturbances that appeared to be confined to the subjective experience of memory.",abstract,"flora-extractor offline run 2026-09-21 (works outside the survivor pool); link_method=llm_references, link_confidence=high. Corroborated by the Metascience Observatory: same original DOI and same outcome (success). The present study was a replication of Kindt and Van den Hout (Behaviour Research and Therapy 41 (2003) 167) with several methodological adaptations.",,2005,,AI,,,,,
"Yamauchi, T., & Markman, A. B. (1998). Category Learning by Inference and Classification. Journal of Memory and Language, 39(1), 124–148. https://doi.org/10.1006/jmla.1998.2566",10.1006/jmla.1998.2566,https://doi.org/10.1006/jmla.1998.2566,"Deng, W., Sloutsky, V. M. (2012). The role of linguistic labels in inductive generalization. Journal of Experimental Child Psychology, 114(3), 432-455.",10.1016/j.jecp.2012.10.011,https://doi.org/10.1016/j.jecp.2012.10.011,"What is the role of linguistic labels in inductive generalization? According to one approach labels denote categories and differ from object features, whereas according to another approach labels start out as features and may become category markers in the course of development. This issue was addressed in four experiments with 4- and 5-year-olds and adults. In Experiments 1 to 3, we replicated Yamauchi and Markman's findings with adults (Journal of Memory and Language, 1998, Vol. 39, pp. 124-148, and Journal of Experimental Psychology: Learning, Memory, and Cognition, 2000, Vol. 26, pp. 776-795) and extended the paradigm to young children. In Experiment 4, we compared effects of labels with those of highly salient visual features. Overall, results of these experiments provide strong support for the idea that early in development labels function the same way as other features, but they may become category markers in the course of development. A related finding is that whereas categorization and induction may be different processes in adults, they seem to be equivalent in young children. These results are discussed with respect to theories of development of inductive generalization.",successful,"In Experiments 1 to 3, we replicated Yamauchi and Markman's findings with adults (Journal of Memory and Language, 1998, Vol. 39, pp. 124-148, and Journal of Experimental Psychology: Learning, Memory, and Cognition, 2000, Vol. 26, pp. 776-795)",abstract,"flora-extractor offline run 2026-09-21 (works outside the survivor pool); link_method=llm_references, link_confidence=low. Corroborated by the Metascience Observatory: same original DOI and same outcome (success). In Experiments 1 to 3, we replicated Yamauchi and Markman's findings with adults (Journal of Memory and Language, 1998, Vol. 39, pp. 124-148, and Journal of Experimental Psychology: Learning, Memory,",,2013,,AI,,,,,
"Pexman, P. M., Holyk, G. G., & Monfils, Marie‐H. (2003). Number-of-features effects and semantic processing. Memory & Cognition, 31(6), 842–855. https://doi.org/10.3758/bf03196439",10.3758/bf03196439,https://doi.org/10.3758/bf03196439,"Grondin, R., Lupker, S. J. (2008). Shared features dominate semantic richness effects for concrete concepts. Journal of Memory and Language, 60(1), 1-19.",10.1016/j.jml.2008.09.001,https://doi.org/10.1016/j.jml.2008.09.001,"When asked to list semantic features for concrete concepts, participants list many features for some concepts and few for others. Concepts with many semantic features are processed faster in lexical and semantic decision tasks (Pexman, Holyk, & Monfils, 2003; Pexman, Lupker, & Hino, 2002). Using both lexical and concreteness decision tasks, we provided further insight into these number-of-features (NoF) effects. We began by replicating the effect using a larger and better controlled set of items. We then investigated the relationship between NoF and feature distinctiveness and found that features shared by numerous concrete concepts such as  facilitate decisions to a greater extent than do distinctive features such as . Finally, we showed that NoF effects are carried by shared visual form and surface, encyclopedic, tactile, and taste knowledge. We propose a decision-making account of these results, rather than one based on the computation of word meaning.",successful,We began by replicating the effect using a larger and better controlled set of items.,abstract,"flora-extractor offline run 2026-09-21 (works outside the survivor pool); link_method=llm_cited_candidates, link_confidence=high. Corroborated by the Metascience Observatory: same original DOI and same outcome (success). Concepts with many semantic features are processed faster in lexical and semantic decision tasks (Pexman, Holyk, & Monfils, 2003; Pexman, Lupker, & Hino, 2002). Using both lexical and concreteness dec",,2009,,AI,,,,,
"Schotter, E. R. (2013). Synonyms provide semantic preview benefit in English. Journal of Memory and Language, 69(4), 619–633. https://doi.org/10.1016/j.jml.2013.09.002",10.1016/j.jml.2013.09.002,https://doi.org/10.1016/j.jml.2013.09.002,"Schotter, E. R., Lee, M. (2015). The effect of contextual constraint on parafoveal processing in reading. Journal of Memory and Language, 83, 118-139.",10.1016/j.jml.2015.04.005,https://doi.org/10.1016/j.jml.2015.04.005,"Semantic preview benefit in reading is an elusive and controversial effect because empirical studies do not always (but sometimes) find evidence for it. Its presence seems to depend on (at least) the language being read, visual properties of the text (e.g., initial letter capitalization), the type of relationship between preview and target, and as shown here, semantic constraint generated by the prior sentence context. Schotter (2013) reported semantic preview benefit for synonyms, but not semantic associates when the preview/target was embedded in a neutral sentence context. In Experiment 1, we embedded those same previews/targets into constrained sentence contexts and in Experiment 2 we replicated the effects reported by Schotter (2013; in neutral sentence contexts) and Experiment 1 (in constrained contexts) in a within-subjects design. In both experiments, we found an early (i.e., first-pass) apparent preview benefit for semantically associated previews in constrained contexts that went away in late measures (e.g., total time). These data suggest that sentence constraint (at least as manipulated in the current study) does not operate by making a single word form expected, but rather generates expectations about what kinds of words are likely to appear. Furthermore, these data are compatible with the assumption of the E-Z Reader model that early oculomotor decisions reflect ""hedged bets"" that a word will be identifiable and, when wrong, lead the system to identify the wrong word, triggering regressions.",successful,In Experiment 2 we replicated the effects reported by Schotter (2013; in neutral sentence contexts) and Experiment 1 (in constrained contexts) in a within-subjects design.,abstract,"flora-extractor offline run 2026-09-21 (works outside the survivor pool); link_method=llm_cited_candidates, link_confidence=high. Corroborated by the Metascience Observatory: same original DOI and same outcome (success). In Experiment 2 we replicated the effects reported by Schotter (2013; in neutral sentence contexts) and Experiment 1 (in constrained contexts) in a within-subjects design.",,2015,,AI,,,,,
"Beutler, A. S., Kulkarni, A., Kanwar, R., Klein, C. J., Therneau, T. M., Qin, R., Banck, M. S., Boora, G. K., Ruddy, K. J., Wu, Y., Smalley, R. L., Cunningham, J. M., Le‐Lindqwister, N., Beyerlein, P., Schroth, G. P., Windebank, A. J., Züchner, S., & Loprinzi, C. L. (2014). Sequencing of C harcot– M arie– T ooth disease genes in a toxic polyneuropathy. Annals of Neurology, 76(5), 727–737. https://doi.org/10.1002/ana.24265",10.1002/ana.24265,https://doi.org/10.1002/ana.24265,"Boora, G. K., Kulkarni, A. (2015). Association of the Charcot–Marie–Tooth disease gene ARHGEF10 with paclitaxel induced peripheral neuropathy in NCCTG N08CA (Alliance). Journal of the Neurological Sciences, 357(1-2), 35-40.",10.1016/j.jns.2015.06.056,https://doi.org/10.1016/j.jns.2015.06.056,"The predisposition of patients to develop polyneuropathy in response to toxic exposure may have a genetic basis. The previous study Alliance N08C1 found an association of the Charcot-Marie-Tooth disease (CMT) gene ARHGEF10 with paclitaxel chemotherapy induced peripheral neuropathy (CIPN) related to the three non-synonymous, recurrent single nucleotide variants (SNV), whereby rs9657362 had the strongest effect, and rs2294039 and rs17683288 contributed only weakly. In the present report, Alliance N08CA was chosen to attempt to replicate the above finding. N08CA was chosen because it is the methodologically most similar study (to N08C1) performed in the CIPN field to date. N08CA enrolled patients receiving the neurotoxic chemotherapy agent paclitaxel. Polyneuropathy was assessed by serial repeat administration of the previously validated patient reported outcome instrument CIPN20. A study-wide, Rasch type model was used to perform extreme phenotyping in n=138 eligible patients from which ""cases"" and ""controls"" were selected for genetic analysis of SNV performed by TaqMan PCR. A significant association of ARHGEF10 with CIPN was found under the pre-specified primary endpoint, with a significance level of p=0.024. As in the original study, the strongest association of a single SNV was seen for rs9657362 (odds ratio=3.56, p=0.018). To further compare results across the new and the previous study, a statistical ""classifier"" was tested, which achieved a ROC area under the curve of 0.60 for N08CA and 0.66 for N08C1, demonstrating good agreement. Retesting of the primary endpoint of N08C1 in the replication study N08CA validated the association of ARHGEF10 with CIPN.",successful,Retesting of the primary endpoint of N08C1 in the replication study N08CA validated the association of ARHGEF10 with CIPN.,abstract,"flora-extractor offline run 2026-09-21 (works outside the survivor pool); link_method=llm_references, link_confidence=high. Corroborated by the Metascience Observatory: same original DOI and same outcome (success). The previous study Alliance N08C1 found an association of the Charcot-Marie-Tooth disease (CMT) gene ARHGEF10 with paclitaxel chemotherapy induced peripheral neuropathy (CIPN) related to the three non",,2015,,AI,,,,,
"Kiluk, B. D., Nich, C., Babuscio, T., & Carroll, K. M. (2010). Quality versus quantity: acquisition of coping skills following computerized cognitive–behavioral therapy for substance use disorders. Addiction, 105(12), 2120–2127. https://doi.org/10.1111/j.1360-0443.2010.03076.x",10.1111/j.1360-0443.2010.03076.x,https://doi.org/10.1111/j.1360-0443.2010.03076.x,"Kiluk, B. D., DeVito, E. E. (2017). Effect of computerized cognitive behavioral therapy on acquisition of coping skills among cocaine-dependent individuals enrolled in methadone maintenance. Journal of Substance Abuse Treatment, 82, 87-92.",10.1016/j.jsat.2017.09.011,https://doi.org/10.1016/j.jsat.2017.09.011,"The acquisition of coping skills has long been considered one of the putative mechanisms of cognitive behavioral therapy (CBT) for substance use disorders, yet consistent statistical support is lacking. This study sought to replicate and extend prior findings regarding the quality of coping skills as a mediator of abstinence outcomes from a computerized CBT program for substance users. Participants were methadone-maintained, cocaine dependent individuals enrolled in a clinical trial evaluating the efficacy of computer-based training for CBT ('CBT4CBT') as an add-on to treatment as usual (TAU+CBT4CBT) compared to TAU only. A subsample (N=71) completed a role play assessment to measure coping skills, the Drug Risk Response Test (DRRT), which was administered before, during (week 4), and after the 8-week treatment period. Participants' verbal responses to various high-risk situations for cocaine use were recorded and independent evaluators rated the quality of the coping responses. Results of repeated measures analyses revealed a main effect of time for the quality of overall responses [F(1, 141.26)=4.29, pConclusionsThis study failed to replicate the quality of coping skills as a mediator of CBT4CBT's effect on reducing drug use previously shown in a mixed outpatient substance use sample. However, in this methadone maintained sample, those with poorer quality skills in response to certain high-risk situations at baseline appeared to improve their coping strategies following CBT4CBT compared to standard methadone treatment alone.",failed,This study failed to replicate the quality of coping skills as a mediator of CBT4CBT's effect on reducing drug use previously shown in a mixed outpatient substance use sample.,abstract,"flora-extractor offline run 2026-09-21 (works outside the survivor pool); link_method=llm_references, link_confidence=high. Corroborated by the Metascience Observatory: same original DOI and same outcome (failure). This study sought to replicate and extend prior findings regarding the quality of coping skills as a mediator of abstinence outcomes from a computerized CBT program for substance users. This study fai",,2017,,AI,,,,,
"Novak, G., Kim, D. S., Seeman, P., & Tallerico, T. (2002). Schizophrenia and Nogo: elevated mRNA in cortex, and high prevalence of a homozygous CAA insert. Molecular Brain Research, 107(2), 183–189. https://doi.org/10.1016/s0169-328x(02)00492-8",10.1016/s0169-328x(02)00492-8,https://doi.org/10.1016/s0169-328x(02)00492-8,"Chen, W., Gu, N. (2004). No association between the genetic polymorphisms within RTN4 and schizophrenia in the Chinese population. Neuroscience Letters, 365(1), 23-27.",10.1016/j.neulet.2004.04.021,https://doi.org/10.1016/j.neulet.2004.04.021,"The RTN4 gene on chromosome 2p13-14 has been reported to be over-expressed in schizophrenia by a cDNA subtractive hybridization experiment between postmortem human frontal cerebral cortices from Canadian schizophrenia individuals and neurological controls. The same study also reported a high prevalence of homozygous CAA insertion in the schizophrenia. In a replication attempt to investigate the role of RTN4 in the etiology of schizophrenia, we genotyped the CAA insertion polymorphism and other three genetic polymorphisms (a TATC deletion in the 3'-untranslated region and two single nucleotide polymorphisms in the 5' region) within RTN4 and conducted a case-control study in the Chinese population. There were no significant discrepancies in allele and genotype frequencies of the four polymorphisms individually and haplotype distribution between the cases and the controls. Our current data suggest that the genetic polymorphisms within RTN4 are unlikely to confer an increased susceptibility to schizophrenia in the Chinese population.",failed,There were no significant discrepancies in allele and genotype frequencies of the four polymorphisms individually and haplotype distribution between the cases and the controls. Our current data suggest that the genetic polymorphisms within RTN4 are unlikely to confer an increased susceptibility to schizophrenia in the Chinese population.,abstract,"flora-extractor offline run 2026-09-21 (works outside the survivor pool); link_method=llm_references, link_confidence=high. Corroborated by the Metascience Observatory: same original DOI and same outcome (failure). The same study also reported a high prevalence of homozygous CAA insertion in the schizophrenia. In a replication attempt to investigate the role of RTN4 in the etiology of schizophrenia, we genotyped",,2004,,AI,,,,,
"Mukai, J., Liu, H., Burt, R., Swor, D. E., Lai, W., Karayiorgou, M., & Gogos, J. A. (2004). Evidence that the gene encoding ZDHHC8 contributes to the risk of schizophrenia. Nature Genetics, 36(7), 725–731. https://doi.org/10.1038/ng1375",10.1038/ng1375,https://doi.org/10.1038/ng1375,"Saito, S., Ikeda, M. (2004). No association was found between a functional SNP in ZDHHC8 and schizophrenia in a Japanese case–control population. Neuroscience Letters, 374(1), 21-24.",10.1016/j.neulet.2004.10.015,https://doi.org/10.1016/j.neulet.2004.10.015,"ZDHHC8 is a new and attractive candidate for a schizophrenia-susceptibility factor. First, several lines of linkage studies showed that 22q11, on which ZDHHC8 is located, is a ""hot"" region. Second, fine linkage disequilibrium mapping revealed a significant association around ZDHHC8. Moreover, a very recent study reported that one single nucleotide polymorphism (SNP: rs175174) in ZDHHC8 might affect the splicing process, the ZDHHC8 knock-out mice showed the gender-specific phenotype, and the transmission disequilibrium test (TDT) using this SNP also showed significant association with human female schizophrenia. Thus, we attempted a replication study of this SNP using relatively large Japanese case-control samples (561 schizophrenics and 529 controls). No association was found between schizophrenia and controls even after dividing samples by gender. Because our sample size provided quite high power, ZDHHC8 may not play a major role in Japanese schizophrenia. And our results did not support the gender-specific effect of this SNP.",failed,"No association was found between schizophrenia and controls even after dividing samples by gender. Because our sample size provided quite high power, ZDHHC8 may not play a major role in Japanese schizophrenia. And our results did not support the gender-specific effect of this SNP.",abstract,"flora-extractor offline run 2026-09-21 (works outside the survivor pool); link_method=llm_references, link_confidence=high. Corroborated by the Metascience Observatory: same original DOI and same outcome (failure). Moreover, a very recent study reported that one single nucleotide polymorphism (SNP: rs175174) in ZDHHC8 might affect the splicing process, the ZDHHC8 knock-out mice showed the gender-specific phenoty",,2005,,AI,,,,,
"Xiromerisiou, G., Hadjigeorgiou, G. M., Papadimitriou, A., Katsarogiannis, E., Gourbali, V., & Singleton, A. (2008). Association between AKT1 gene and Parkinson's disease: A protective haplotype. Neuroscience Letters, 436(2), 232–234. https://doi.org/10.1016/j.neulet.2008.03.026",10.1016/j.neulet.2008.03.026,https://doi.org/10.1016/j.neulet.2008.03.026,"Ran, C., Westerlund, M. (2011). Genetic studies of the protein kinase AKT1 in Parkinson's disease. Neuroscience Letters, 501(1), 41-44.",10.1016/j.neulet.2011.06.038,https://doi.org/10.1016/j.neulet.2011.06.038,"The protein kinase AKT1 belongs to the Akt family and is a potent mediator of cell growth and survival and fully activated when phosphorylated. The AKT family has been found to be phosphorylated to a lesser extent in the dopaminergic cells of Parkinson's disease patients compared to control individuals, which might influence cell survival. Several publications support the implication of AKT1 in disorders of the dopaminergic system including bipolar disease and schizophrenia. In 2008 an association study performed in a Greek Parkinson's disease case-control material reported the identification of a protective AKT1 haplotype. Based on their work we have performed a replication study in a Swedish Parkinson's disease cohort. We genotyped the four single nucleotide polymorphims (SNPs): rs2494743, rs2498788, rs2494746 and rs1130214 in a case-control material consisting of 243 Parkinson patients and 315 controls. We did not find any associations with Parkinson's disease for either the individual SNPs or any of the haplotypes. In contrast to previously published results, our data do not support the hypothesis of genetic variants in AKT1 confering protection against Parkinson's disease.",failed,"We did not find any associations with Parkinson's disease for either the individual SNPs or any of the haplotypes. In contrast to previously published results, our data do not support the hypothesis of genetic variants in AKT1 confering protection against Parkinson's disease.",abstract,"flora-extractor offline run 2026-09-21 (works outside the survivor pool); link_method=llm_references, link_confidence=high. Corroborated by the Metascience Observatory: same original DOI and same outcome (failure). In 2008 an association study performed in a Greek Parkinson's disease case-control material reported the identification of a protective AKT1 haplotype. Based on their work we have performed a replicat",,2011,,AI,,,,,
"Maraganore, D. M., Andrade, M. d., Lesnick, T. G., Strain, K. J., Farrer, M. J., Rocca, W. A., Pant, P.V. K., Frazer, K. A., Cox, D. R., & Ballinger, D. G. (2005). High-Resolution Whole-Genome Association Study of Parkinson Disease. The American Journal of Human Genetics, 77(5), 685–693. https://doi.org/10.1086/496902",10.1086/496902,https://doi.org/10.1086/496902,"Sharma, M., Lichtner, P. (2008). Further delineation of the association signal on chromosome 5 from the first whole genome association study in Parkinson's disease. Neurobiology of Aging, 30(10), 1706-1709.",10.1016/j.neurobiolaging.2007.12.016,https://doi.org/10.1016/j.neurobiolaging.2007.12.016,"A recently published whole genome association study showed the involvement of 13 SNPs in the pathogenesis of Parkinson disease (PD). We performed a replication study to assess their involvement in our sporadic cohort consisting of 663 cases and 1002 controls ascertained from Germany. One of the previously reported SNP, rs7723605, showed evidence of association (p value 0.04) in our sample. We further refined the signal by genotyping additional 22 SNPs around SNP rs7723605. Our refinement analysis, however, did not provide evidence for association in our sample after adjusting for multiple testing by permutation procedure. In conclusion, our study did not lend support to the finding that the reported SNPs are directly influencing the susceptibility to sporadic form of PD at least in our population.",failed,"In conclusion, our study did not lend support to the finding that the reported SNPs are directly influencing the susceptibility to sporadic form of PD at least in our population.",abstract,"flora-extractor offline run 2026-09-21 (works outside the survivor pool); link_method=llm_references, link_confidence=high. Corroborated by the Metascience Observatory: same original DOI and same outcome (failure). A recently published whole genome association study showed the involvement of 13 SNPs in the pathogenesis of Parkinson disease (PD). We performed a replication study to assess their involvement in our",,2009,,AI,,,,,
"Jónsson, T., Stefánsson, H., Steinberg, S., Jónsdóttir, I., Jónsson, P. V., Snædal, J., Björnsson, S., Huttenlocher, J., Levey, A. I., Lah, J. J., Rujescu, D., Hampel, H., Giegling, I., Andreassen, O. A., Engedal, K., Ulstein, I., Djurovic, S., Ibrahim‐Verbaas, C. A., Hofman, A., Ikram, M. A., Duijn, C. M. v., Þorsteinsdóttir, U., Kong, A., & Stefánsson, K. (2012). Variant of TREM2 Associated with the Risk of Alzheimer's Disease. New England Journal of Medicine, 368(2), 107–116. https://doi.org/10.1056/nejmoa1211103",10.1056/nejmoa1211103,https://doi.org/10.1056/nejmoa1211103,"Benítez, B. A., Cooper, B. (2013). TREM2 is associated with the risk of Alzheimer's disease in Spanish population. Neurobiology of Aging, 34(6), 1711.e15-1711.e17.",10.1016/j.neurobiolaging.2012.12.018,https://doi.org/10.1016/j.neurobiolaging.2012.12.018,"Two recent studies have reported the association of rs75932628-T in the TREM2 gene with the risk for Alzheimer's disease (AD). Rs75932628-T is a rare nonsynonymous variant (p.R47H) that confers a high risk of AD with an effect size similar to that of the APOE ɛ4 allele. However, this association has not been replicated in any independent studies to date. The allelic frequency of rs75932628 varies according to the population from 0.02% to 0.63% among healthy controls. In an attempt to replicate the association between rs75932628-T and AD risk, we genotyped rs75932628 in a cohort of 504 AD subjects and 550 healthy controls from a Spanish population. Rs75932628-T showed a minor allele frequency of 0.3% among this cohort. Interestingly, in our study, rs75932628-T was found exclusively in 1.4% of AD cases (7/504), including 4 early-onset AD cases, and in none of the controls (n = 0/550). Here, we report the first positive replication study in a Spanish population and confirm that TREM2 rs75932628-T is associated with the risk for AD.",successful,"Here, we report the first positive replication study in a Spanish population and confirm that TREM2 rs75932628-T is associated with the risk for AD.",abstract,"flora-extractor offline run 2026-09-21 (works outside the survivor pool); link_method=llm_references, link_confidence=low. Corroborated by the Metascience Observatory: same original DOI and same outcome (success). Two recent studies have reported the association of rs75932628-T in the TREM2 gene with the risk for Alzheimer's disease (AD). In an attempt to replicate the association between rs75932628-T and AD ri",,2013,,AI,,,,,
"Guerreiro, R., Wojtas, A., Brás, J., Carrasquillo, M. M., Rogaeva, E., Majounie, E., Cruchaga, C., Sassi, C., Kauwe, J., Younkin, S. G., Hazrati, L., Collinge, J., Pocock, J. M., Lashley, T., Williams, J., Lambert, J., Amouyel, P., Goate, A., Rademakers, R., Morgan, K., Powell, J., George‐Hyslop, P. S., Singleton, A., & Hardy, J. (2012). TREM2 Variants in Alzheimer's Disease. New England Journal of Medicine, 368(2), 117–127. https://doi.org/10.1056/nejmoa1211851",10.1056/nejmoa1211851,https://doi.org/10.1056/nejmoa1211851,"Benítez, B. A., Cooper, B. (2013). TREM2 is associated with the risk of Alzheimer's disease in Spanish population. Neurobiology of Aging, 34(6), 1711.e15-1711.e17.",10.1016/j.neurobiolaging.2012.12.018,https://doi.org/10.1016/j.neurobiolaging.2012.12.018,"Two recent studies have reported the association of rs75932628-T in the TREM2 gene with the risk for Alzheimer's disease (AD). Rs75932628-T is a rare nonsynonymous variant (p.R47H) that confers a high risk of AD with an effect size similar to that of the APOE ɛ4 allele. However, this association has not been replicated in any independent studies to date. The allelic frequency of rs75932628 varies according to the population from 0.02% to 0.63% among healthy controls. In an attempt to replicate the association between rs75932628-T and AD risk, we genotyped rs75932628 in a cohort of 504 AD subjects and 550 healthy controls from a Spanish population. Rs75932628-T showed a minor allele frequency of 0.3% among this cohort. Interestingly, in our study, rs75932628-T was found exclusively in 1.4% of AD cases (7/504), including 4 early-onset AD cases, and in none of the controls (n = 0/550). Here, we report the first positive replication study in a Spanish population and confirm that TREM2 rs75932628-T is associated with the risk for AD.",successful,"Here, we report the first positive replication study in a Spanish population and confirm that TREM2 rs75932628-T is associated with the risk for AD.",abstract,"flora-extractor offline run 2026-09-21 (works outside the survivor pool); link_method=llm_references, link_confidence=low. Corroborated by the Metascience Observatory: same original DOI and same outcome (success). Two recent studies have reported the association of rs75932628-T in the TREM2 gene with the risk for Alzheimer's disease (AD). In an attempt to replicate the association between rs75932628-T and AD ri",,2013,,AI,,,,,
"Pankratz, N., Beecham, G. W., DeStefano, A. L., Dawson, T. M., Doheny, K. F., Factor, S. A., Hamza, T. H., Hung, A. Y., Hyman, B. T., Ivinson, A. J., Krainc, D., Latourelle, J. C., Clark, L. N., Marder, K., Martin, E. R., Mayeux, R., Ross, O. A., Scherzer, C. R., Simon, D. K., Tanner, C. M., Vance, J. M., Wszołek, Z. K., Zabetian, C. P., Myers, R. H., Payami, H., Scott, W. K., & Foroud, T. (2011). Meta‐analysis of Parkinson's Disease: Identification of a novel locus, RIT2. Annals of Neurology, 71(3), 370–384. https://doi.org/10.1002/ana.22687",10.1002/ana.22687,https://doi.org/10.1002/ana.22687,"Liu, Z., Guo, J. (2014). Assessment of RIT2 rs12456492 association with Parkinson's disease in Mainland China. Neurobiology of Aging, 36(3), 1600.e9-1600.e11.",10.1016/j.neurobiolaging.2014.12.012,https://doi.org/10.1016/j.neurobiolaging.2014.12.012,"A recent meta-analysis of genome-wide association studies in Parkinson's disease (PD) has identified the rs12456492 variant in RIT2 as a new susceptibility loci. Because the characteristics of this locus in a Han Chinese population from mainland China was still unknown, we performed a case-control replication study in this population and investigated RIT2 rs12456492 variant in a large cohort of Chinese Han individuals. In total, 933 subjects comprising 460 PD patients and 473 control subjects were genotyped. We found a significant difference in the distributions of genotype and allele between PD and control groups (genotype p = 0.008, allele p = 0.007, odds ratio = 1.296, 95% confidence interval = 1.075-1.563). This study replicates the association between rs12456492 variant and risk of developing PD in a Han Chinese population.",successful,This study replicates the association between rs12456492 variant and risk of developing PD in a Han Chinese population.,abstract,"flora-extractor offline run 2026-09-21 (works outside the survivor pool); link_method=llm_references, link_confidence=high. Corroborated by the Metascience Observatory: same original DOI and same outcome (success). A recent meta-analysis of genome-wide association studies in Parkinson's disease (PD) has identified the rs12456492 variant in RIT2 as a new susceptibility loci. Because the characteristics of this lo",,2015,,AI,,,,,
"Blauw, H. M., Rheenen, W. v., Koppers, M., Damme, P. V., Waibel, S., Lemmens, R., Vught, P. W.J. v., Meyer, T., Schulte, C., Gasser, T., Cuppen, E., Pasterkamp, R. J., Robberecht, W., Ludolph, A. C., Veldink, J. H., & Berg, L. H. v. d. (2012). NIPA1 polyalanine repeat expansions are associated with amyotrophic lateral sclerosis. Human Molecular Genetics, 21(11), 2497–2502. https://doi.org/10.1093/hmg/dds064",10.1093/hmg/dds064,https://doi.org/10.1093/hmg/dds064,"Tazelaar, G. H.P., Dekker, A. M. (2018). Association of NIPA1 repeat expansions with amyotrophic lateral sclerosis in a large international cohort. Neurobiology of Aging, 74, 234.e9-234.e15.",10.1016/j.neurobiolaging.2018.09.012,https://doi.org/10.1016/j.neurobiolaging.2018.09.012,"NIPA1 (nonimprinted in Prader-Willi/Angelman syndrome 1) mutations are known to cause hereditary spastic paraplegia type 6, a neurodegenerative disease that phenotypically overlaps to some extent with amyotrophic lateral sclerosis (ALS). Previously, a genomewide screen for copy number variants found an association with rare deletions in NIPA1 and ALS, and subsequent genetic analyses revealed that long (or expanded) polyalanine repeats in NIPA1 convey increased ALS susceptibility. We set out to perform a large-scale replication study to further investigate the role of NIPA1 polyalanine expansions with ALS, in which we characterized NIPA1 repeat size in an independent international cohort of 3955 patients with ALS and 2276 unaffected controls and combined our results with previous reports. Meta-analysis on a total of 6245 patients with ALS and 5051 controls showed an overall increased risk of ALS in those with expanded (>8) GCG repeat length (odds ratio = 1.50, p = 3.8×10-5). Together with previous reports, these findings provide evidence for an association of an expanded polyalanine repeat in NIPA1 and ALS.",successful,"Meta-analysis on a total of 6245 patients with ALS and 5051 controls showed an overall increased risk of ALS in those with expanded (>8) GCG repeat length (odds ratio = 1.50, p = 3.8×10-5). Together with previous reports, these findings provide evidence for an association of an expanded polyalanine repeat in NIPA1 and ALS.",abstract,"flora-extractor offline run 2026-09-21 (works outside the survivor pool); link_method=llm_references, link_confidence=high. Corroborated by the Metascience Observatory: same original DOI and same outcome (success). We set out to perform a large-scale replication study to further investigate the role of NIPA1 polyalanine expansions with ALS",,2019,,AI,,,,,
"Aron, A. R., & Poldrack, R. A. (2006). Cortical and Subcortical Contributions to Stop Signal Response Inhibition: Role of the Subthalamic Nucleus. Journal of Neuroscience, 26(9), 2424–2433. https://doi.org/10.1523/jneurosci.4682-05.2006",10.1523/jneurosci.4682-05.2006,https://doi.org/10.1523/jneurosci.4682-05.2006,"Li, C. R., Yan, P. (2008). Subcortical processes of motor response inhibition during a stop signal task. NeuroImage, 41(4), 1352-1363.",10.1016/j.neuroimage.2008.04.023,https://doi.org/10.1016/j.neuroimage.2008.04.023,"Previous studies have delineated the neural processes of motor response inhibition during a stop signal task, with most reports focusing on the cortical mechanisms. A recent study highlighted the importance of subcortical processes during stop signal inhibition in 13 individuals and suggested that the subthalamic nucleus (STN) may play a role in blocking response execution (Aron and Poldrack, 2006. Cortical and subcortical contributions to Stop signal response inhibition: role of the subthalamic nucleus. J Neurosci 26, 2424-2433). Here in a functional magnetic resonance imaging (fMRI) study we replicated the finding of greater activation in the STN during stop (success or error) trials, compared to go trials, in a larger sample of subjects (n=30). However, since a contrast between stop and go trials involved processes that could be distinguished from response inhibition, the role of subthalamic activity during stop signal inhibition remained to be specified. To this end we followed an alternative strategy to isolate the neural correlates of response inhibition (Li et al., 2006a. Imaging response inhibition in a stop signal task--neural correlates independent of signal monitoring and post-response processing. J Neurosci 26, 186-192). We compared individuals with short and long stop signal reaction time (SSRT) as computed by the horse race model. The two groups of subjects did not differ in any other aspects of stop signal performance. We showed greater activity in the short than the long SSRT group in the caudate head during stop successes, as compared to stop errors. Caudate activity was positively correlated with medial prefrontal activity previously shown to mediate stop signal inhibition. Conversely, bilateral thalamic nuclei and other parts of the basal ganglia, including the STN, showed greater activation in subjects with long than short SSRT. Thus, fMRI delineated contrasting roles of the prefrontal-caudate and striato-thalamic activities in mediating motor response inhibition.",successful,"Here in a functional magnetic resonance imaging (fMRI) study we replicated the finding of greater activation in the STN during stop (success or error) trials, compared to go trials, in a larger sample of subjects (n=30).",abstract,"flora-extractor offline run 2026-09-21 (works outside the survivor pool); link_method=llm_cited_candidates, link_confidence=high. Corroborated by the Metascience Observatory: same original DOI and same outcome (success). Here in a functional magnetic resonance imaging (fMRI) study we replicated the finding of greater activation in the STN during stop (success or error) trials, compared to go trials, in a larger sample",,2008,,AI,,,,,
"Dickerson, F., Boronow, J. J., Stallings, C., Origoni, A., Cole, S., Krivogorsky, B., & Yolken, R. H. (2004). Infection with herpes simplex virus type 1 is associated with cognitive deficits in bipolar disorder. Biological Psychiatry, 55(6), 588–593. https://doi.org/10.1016/j.biopsych.2003.10.008",10.1016/j.biopsych.2003.10.008,https://doi.org/10.1016/j.biopsych.2003.10.008,"Gerber, S., Krienke, U. J. (2011). Impaired functioning in euthymic patients with bipolar disorder — HSV-1 as a predictor. Progress in Neuro-Psychopharmacology and Biological Psychiatry, 36(1), 110-116.",10.1016/j.pnpbp.2011.09.003,https://doi.org/10.1016/j.pnpbp.2011.09.003,"There is a possible association between infectious agents and psychiatric disorders. Previous studies in the US provided evidence for cognitive impairment correlated with Herpes simplex virus type 1 (HSV-1) infection. For a replication study in Europe we chosed individuals diagnosed with bipolar disorder to analyse the correlation with HSV-1 infection. Antibody prevalence was analyzed by using solid phase immunoassay techniques. Cognitive functioning was tested with the Repeatable Battery for the Assessment of Neuropsychological Status (RBANS) Form A, the Trail Making Test A&B, and two subtests from the WAIS III: the Letter Number Sequencing Task and the subtest on information. History and psychopathology was assessed using structured interviews and validated rating scales (SCID, HRSD-21, YMRS, PANSS). Additionally, we investigated social functioning and quality of life using self-assessment-scales (SAS, LQLP). Prevalence rates of antibodies against diverse infectious agents did not differ significantly between patients and controls. We found a significant correlation between cognitive impairment in patients with bipolar disorder and the prevalence of antibodies directed against HSV-1. Cognitive functions were significantly impaired including language, attention, and immediate memory. The results of this study confirm previous findings suggesting that HSV-1 affects cognitive functions in patients with bipolar disorder. This may also result in more impaired functioning, less quality of life and difficulties in social adjustment.",successful,We found a significant correlation between cognitive impairment in patients with bipolar disorder and the prevalence of antibodies directed against HSV-1. The results of this study confirm previous findings suggesting that HSV-1 affects cognitive functions in patients with bipolar disorder.,abstract,"flora-extractor offline run 2026-09-21 (works outside the survivor pool); link_method=llm_references, link_confidence=high. Corroborated by the Metascience Observatory: same original DOI and same outcome (success). For a replication study in Europe we chosed individuals diagnosed with bipolar disorder to analyse the correlation with HSV-1 infection.",,2012,,AI,,,,,
"Gard, D. E., Kring, A. M., Gard, M. G., Horan, W. P., & Green, M. F. (2007). Anhedonia in schizophrenia: Distinctions between anticipatory and consummatory pleasure. Schizophrenia Research, 93(1-3), 253–260. https://doi.org/10.1016/j.schres.2007.03.008",10.1016/j.schres.2007.03.008,https://doi.org/10.1016/j.schres.2007.03.008,"Strauss, G. P., Wilbur, R. C. (2011). Anticipatory vs. consummatory pleasure: What is the nature of hedonic deficits in schizophrenia?. Psychiatry Research, 187(1-2), 36-41.",10.1016/j.psychres.2011.01.012,https://doi.org/10.1016/j.psychres.2011.01.012,"Recent research has distinguished between anticipatory and consummatory pleasure. In the current study, we examined the psychometric properties of the Temporal Experience of Pleasure Scale (TEPS) to determine whether reliability and validity findings reported in previous research replicate in an additional sample of schizophrenia patients. Participants included 86 individuals with schizophrenia and 59 demographically matched healthy controls. Inconsistent with previous research, patients differed from controls in their reports of consummatory (TEPS-CON), but not anticipatory (TEPS-ANT) pleasure. We also failed to replicate some important correlational findings reported in previous research indicating relationships between the TEPS-ANT subscale and external validators. Analyses of the stability of the TEPS subscales were conducted in a sub-group of patients (n=19), and indicated excellent stability for the TEPS-CON (ICC (intraclass correlation coefficient)=0.93), but somewhat lower stability for the TEPS-ANT subscale (ICC=0.74). These findings suggest that additional studies are needed using the TEPS, as well as other measures, to determine the nature of anhedonia in individuals with schizophrenia.",failed,"Inconsistent with previous research, patients differed from controls in their reports of consummatory (TEPS-CON), but not anticipatory (TEPS-ANT) pleasure. We also failed to replicate some important correlational findings reported in previous research indicating relationships between the TEPS-ANT subscale and external validators.",abstract,"flora-extractor offline run 2026-09-21 (works outside the survivor pool); link_method=llm_references, link_confidence=high. Corroborated by the Metascience Observatory: same original DOI and same outcome (failure). Inconsistent with previous research, patients differed from controls in their reports of consummatory (TEPS-CON), but not anticipatory (TEPS-ANT) pleasure. We also failed to replicate some important c",,2011,,AI,,,,,
"Chen, W., Zhang, Q., Su, W., Zhang, H., Yu, Y., Qiao, J., Sui, N., & Li, M. (2013). Effects of 5-hydroxytryptamine 2C receptor agonist MK212 and 2A receptor antagonist MDL100907 on maternal behavior in postpartum female rats. Pharmacology Biochemistry and Behavior, 117, 25–33. https://doi.org/10.1016/j.pbb.2013.11.034",10.1016/j.pbb.2013.11.034,https://doi.org/10.1016/j.pbb.2013.11.034,"Wu, R., Gao, J. (2016). Behavioral, pharmacological and neuroanatomical analysis of serotonin 2C receptor agonism on maternal behavior in rats. Psychoneuroendocrinology, 73, 252-262.",10.1016/j.psyneuen.2016.08.017,https://doi.org/10.1016/j.psyneuen.2016.08.017,"As a highly motivated social behavior, maternal behavior in rats has been routinely used to study psychoactive drugs for clinical, neuroscience and pharmacological purposes. Recent evidence indicates that acute activation of serotonin 2C (5-HT2C) receptors causes a disruption of rat maternal behavior. The present study was designed to elucidate the behavioral, pharmacological mechanisms and neuroanatomical basis of this 5-HT2C effect. First, we replicated the finding that acute MK212 injection (2.0mg/kg, a highly selective 5-HT2C agonist) disrupts maternal behavior, especially on pup retrieval. Interestingly, this disruption was significantly attenuated by 4-h pup separation (a procedure putatively increased maternal motivation). MK212 also suppressed food retrieval, indicating that it has a general effect on motivated behaviors. Second, we showed that MK212 disrupts maternal behavior by specifically activating 5-HT2C receptor, as pretreatment with a 5-HT2C receptor antagonist SB242084 (0.6 and 1.0mg/kg) alleviated MK212-induced disruption on pup retrieval. Third, we microinjected MK212 into various brain regions implicated in the regulation of maternal behavior: nucleus accumbens shell (25, 75, 250ng/0.5μl/side), medial prefrontal cortex (25 and 250ng, 1, 2 and 5μg/0.5μl/side), and medial preoptic area (MPOA, 75ng, 1 and 5μg/0.5μl/side). Pup retrieval and other maternal responses were not affected by any of these manipulations. Finally, we used c-Fos immunohistochemistry to identify the central mechanisms of the acute and repeated MK212 effects on maternal behavior. Acute MK212 (2.0mg/kg) disrupted pup retrieval and concurrently decreased c-Fos expression in the ventral part of lateral septal nucleus (LSv), MPOA, dentate gyrus (DG) and dorsal raphe (DR), but increased it in the central amygdala (CeA). Five days of repeated MK212 (2.0mg/kg) treatment produced a persistent disruption of pup retrieval and only decreased c-Fos expression in the DR. These findings not only confirm a role of 5-HT2C receptor in rat maternal behavior, but also suggest that the coordinated 5-HT2C activity in various limbic (e.g., LSv, DG, CeA), hypothalamic regions (e.g., MPOA) and brainstem areas (e.g. DR), is likely involved in the mediation of important psychological processes (e.g. motor function, motivation) necessary for the normal expression of maternal behavior.",successful,"First, we replicated the finding that acute MK212 injection (2.0mg/kg, a highly selective 5-HT2C agonist) disrupts maternal behavior, especially on pup retrieval.",abstract,"flora-extractor offline run 2026-09-21 (works outside the survivor pool); link_method=llm_references, link_confidence=high. Corroborated by the Metascience Observatory: same original DOI and same outcome (success). First, we replicated the finding that acute MK212 injection (2.0mg/kg, a highly selective 5-HT2C agonist) disrupts maternal behavior, especially on pup retrieval.",,2016,,AI,,,,,
"Coster, L. D., Mueller, S. C., T’Sjoen, G., Saedeleer, L. D., & Braß, M. (2014). The influence of Oxytocin on automatic motor simulation. Psychoneuroendocrinology, 50, 220–226. https://doi.org/10.1016/j.psyneuen.2014.08.021",10.1016/j.psyneuen.2014.08.021,https://doi.org/10.1016/j.psyneuen.2014.08.021,"Morrison, T., Coster, L. D. (2020). Automatic Imitation in Comorbid PTSD & Alcohol Use Disorder and Controls: an RCT of Intranasal Oxytocin. Psychoneuroendocrinology, 120, 104787-104787.",10.1016/j.psyneuen.2020.104787,https://doi.org/10.1016/j.psyneuen.2020.104787,"IntroductionMimicking movements of others makes both the imitating and imitated partners feel closer. Oxytocin may increase focus on others and has been shown to increase automatic imitation in healthy controls (HC). However, this has not been replicated, and oxytocin's effects on automatic imitation have not been demonstrated in clinical populations. This study attempts to replicate effects on HC and examine effects on people with comorbid posttraumatic stress disorder and alcohol use disorder (PTSD-AUD).MethodsFifty-four males with PTSD-AUD and 43 male HC received three intranasal treatment conditions (placebo, oxytocin 20 International Units (IU), and oxytocin 40 IU) in a randomized order, across three separate testing days, as part of a double-blind, crossover parent study. At 135 min post-administration, each performed the imitation-inhibition task, which quantifies automatic imitation as the congruency effect (CE). After exclusions, the final analyzed data set included 49 participants with PTSD-AUD and 38 HC.ResultsIn HC, oxytocin 20 IU demonstrated a statistically significant increase in CE, and 40 IU showed a trend-level increase. In PTSD-AUD, oxytocin did not significantly increase CE. Post-hoc analysis showed the PTSD-AUD group had higher CE than HC on placebo visits.DiscussionOur data suggest PTSD-AUD is associated with higher automatic imitation than HC in the absence of oxytocin administration. We successfully replicated findings that oxytocin increases automatic imitation in HC. This demonstrates an unconscious motor effect induced by oxytocin, likely relevant to more complex forms of imitative movements, which have the potential to improve social connection. We did not find a significant effect of oxytocin on automatic imitation in PTSD-AUD. Future research should examine imitation in both sexes, at peak oxytocin levels, and on increasingly complex forms of imitation.",successful,We successfully replicated findings that oxytocin increases automatic imitation in HC.,abstract,"flora-extractor offline run 2026-09-21 (works outside the survivor pool); link_method=llm_references, link_confidence=high. Corroborated by the Metascience Observatory: same original DOI and same outcome (success). This study attempts to replicate effects on HC and examine effects on people with comorbid posttraumatic stress disorder and alcohol use disorder (PTSD-AUD).",,2020,,AI,,,,,
"Boyton, R. J., Smith, J. D., Ward, R. D., Jones, M. C., Ozerovitch, L., Wilson, R., Rose, M. L., Trowsdale, J., & Altmann, D. M. (2005). HLA-C and Killer Cell Immunoglobulin-like Receptor Genes in Idiopathic Bronchiectasis. American Journal of Respiratory and Critical Care Medicine, 173(3), 327–333. https://doi.org/10.1164/rccm.200501-124oc",10.1164/rccm.200501-124oc,https://doi.org/10.1164/rccm.200501-124oc,"McDonnell, M. J., Anwar, G. A. (2014). Lack of association between KIR and HLA-C type and susceptibility to idiopathic bronchiectasis. Respiratory Medicine, 108(8), 1127-1133.",10.1016/j.rmed.2014.05.017,https://doi.org/10.1016/j.rmed.2014.05.017,"IntroductionIdiopathic bronchiectasis is a poorly defined disease characterised by persistent inflammation, infection and progressive lung damage. Natural killer (NK) cells provide a major defense against infection, through the interaction of their surface receptors, including the activating and inhibitory killer immunoglobulin-like receptors (KIR), and human leukocyte antigens (HLA) class I molecules. Homozygosity for HLA-C has been shown in a single study to confer increased genetic susceptibility to idiopathic bronchiectasis. We aimed to assess whether the KIR and HLA repertoire, alone or in combination, may influence the risk of developing idiopathic bronchiectasis, in an independent replication study.MethodsIn this prospective, observational, case-control association study, 79 idiopathic bronchiectasis patients diagnosed following extensive aetiological investigation were compared with 98 anonymous, healthy, age, sex and ethnically-matched controls attending blood donor sessions in the same geographical location. DNA extraction was performed according to standardised techniques. Determination of presence or absence of KIR genes was performed by a sequence specific oligonucleotide probe method. Allele frequencies for the proposed KIR, HLA-B and HLA-C risk alleles both individually and in combinations were compared.ResultsWe found no significant differences in allele frequency between the idiopathic bronchiectasis and control samples, whether considering HLA-C group homozygosity alone or in combination with the KIR type.DiscussionOur results do not show an association between HLA-C and KIR and therefore do not confirm previous positive findings. This may be explained by the lower frequency of HLA-C1 group homozygosity in the control population of the previous study (27.2%), compared to 42.3% in our study, which is consistent with the genetic profiling of control groups across the UK. The previous positive association study may therefore have been driven by an anomalous control group. Further larger prospective multicentre replication studies are needed to determine if an association exists.",failed,Our results do not show an association between HLA-C and KIR and therefore do not confirm previous positive findings.,abstract,"flora-extractor offline run 2026-09-21 (works outside the survivor pool); link_method=llm_references, link_confidence=high. Corroborated by the Metascience Observatory: same original DOI and same outcome (failure). Homozygosity for HLA-C has been shown in a single study to confer increased genetic susceptibility to idiopathic bronchiectasis. We aimed to assess whether the KIR and HLA repertoire, alone or in comb",,2014,,AI,,,,,
"Fujii, Y., Shibata, H., Kikuta, R., Makino, C., Tani, A., Hirata, N., Shibata, A., Ninomiya, H., Tashiro, N., & Fukumaki, Y. (2003). Positive associations of polymorphisms in the metabotropic glutamate receptor type 3 gene ( GRM3 ) with schizophrenia. Psychiatric Genetics, 13(2), 71–76. https://doi.org/10.1097/01.ypg.0000056682.82896.b0",10.1097/01.ypg.0000056682.82896.b0,https://doi.org/10.1097/01.ypg.0000056682.82896.b0,"Chen, Q., He, G. (2004). A case-control study of the relationship between the metabotropic glutamate receptor 3 gene and schizophrenia in the Chinese population. Schizophrenia Research, 73(1), 21-26.",10.1016/j.schres.2004.07.002,https://doi.org/10.1016/j.schres.2004.07.002,"Recent studies of the association between the metabotropic glutamate receptor 3 gene (GRM3) and schizophrenia have produced conflicting results, although GRM3 is a promising candidate gene. Fujii et al. found a single nuclear polymorphism (SNP) for within this gene, rs1468412 to have a positive association to schizophrenia in Japanese patients. To investigate this further, we genotyped 7 SNPs around GRM3 including rs1468412, in 752 Chinese patients with schizophrenia and 752 controls using Taqman technology. We did not detect any association between rs1468412 and schizophrenia, however we found differences in the allele frequency distribution of SNP rs2299225 (p=0.0297, odds ration [OR]=1.44, 95% confidence interval 1.05-1.99) between cases and controls. Moreover, the overall frequency of haplotypes constructed from three SNPs including rs2299225 showed significant differences between cases and controls (p=0.0017). Our results partially support the previous studies in other ethnic groups and indicate that the GRM3 gene may play an important role in the etiology of schizophrenia in the Han Chinese.",failed,We did not detect any association between rs1468412 and schizophrenia,abstract,"flora-extractor offline run 2026-09-21 (works outside the survivor pool); link_method=llm_references, link_confidence=high. Corroborated by the Metascience Observatory: same original DOI and same outcome (failure). Fujii et al. found a single nuclear polymorphism (SNP) for within this gene, rs1468412 to have a positive association to schizophrenia in Japanese patients. To investigate this further, we genotyped 7",,2005,,AI,,,,,
"Duan, J., Martínez, M., Sanders, A. R., Hou, C., Saitou, N., Kitano, T., Mowry, B., Crowe, R. R., Silverman, J. M., Levinson, D. F., & Gejman, P. V. (2004). Polymorphisms in the Trace Amine Receptor 4 (TRAR4) Gene on Chromosome 6q23.2 Are Associated with Susceptibility to Schizophrenia. The American Journal of Human Genetics, 75(4), 624–638. https://doi.org/10.1086/424887",10.1086/424887,https://doi.org/10.1086/424887,"Ikeda, M., Iwata, N. (2005). No association of haplotype-tagging SNPs in TRAR4 with schizophrenia in Japanese patients. Schizophrenia Research, 78(2-3), 127-130.",10.1016/j.schres.2005.05.002,https://doi.org/10.1016/j.schres.2005.05.002,"Recent study of linkage disequilibrium mapping showed one of the trace amine receptor (TRAR) genes, TRAR4, was associated with schizophrenia. We conducted a replication study of TRAR4 with schizophrenia in Japanese patients. We used two large independent sets of samples in a first-set analysis (cases=405, controls=401) and second-set analysis (cases=503, controls=440). In the first-set analysis, one Marker (Marker5) showed a significant association, but this significance was not seen in the second-set analysis. Our results indicate that TRAR4 may not play a major role in Japanese schizophrenia patients, and that it is important to examine the possibility of false positives in genetic association analysis.",failed,"In the first-set analysis, one Marker (Marker5) showed a significant association, but this significance was not seen in the second-set analysis. Our results indicate that TRAR4 may not play a major role in Japanese schizophrenia patients, and that it is important to examine the possibility of false positives in genetic association analysis.",abstract,"flora-extractor offline run 2026-09-21 (works outside the survivor pool); link_method=llm_references, link_confidence=high. Corroborated by the Metascience Observatory: same original DOI and same outcome (failure). Recent study of linkage disequilibrium mapping showed one of the trace amine receptor (TRAR) genes, TRAR4, was associated with schizophrenia. We conducted a replication study of TRAR4 with schizophren",,2005,,AI,,,,,
"Pinkham, A. E., Penn, D. L., Green, M. F., & Harvey, P. D. (2015). Social Cognition Psychometric Evaluation: Results of the Initial Psychometric Study. Schizophrenia Bulletin, 42(2), 494–504. https://doi.org/10.1093/schbul/sbv056",10.1093/schbul/sbv056,https://doi.org/10.1093/schbul/sbv056,"Davidson, C. A., Lesser, R. (2017). Psychometrics of social cognitive measures for psychosis treatment research. Schizophrenia Research, 193, 51-57.",10.1016/j.schres.2017.06.018,https://doi.org/10.1016/j.schres.2017.06.018,"Social cognition represents an important treatment target, closely linked to everyday social function. While a number of social cognitive interventions have recently been developed, measures used to evaluate these treatments are only beginning to receive psychometric scrutiny. Study goals were to replicate recently-published psychometrics for several social cognitive measures, and to provide information for additional social cognitive measures not included in recent reports. Forty-eight outpatients with psychotic-spectrum disorders completed measures of emotion perception, theory of mind, and attributional bias on two occasions, one month apart. Measures were tested for distributional characteristics, test-retest reliability, utility as a repeated measure, and relationship to symptoms and functioning. For a subgroup of participants, information about sensitivity to social cognitive treatment was also available. We replicated aspects of prior work, including largely favorable psychometric characteristics for the Bell-Lysaker Emotion Recognition Task, and promising but weaker characteristics for The Awareness of Social Inferences Test subscales and Reading the Mind in the Eyes Task. The Hinting Task had adequate test-retest statistics but a more pronounced ceiling effect. Ambiguous Intentions and Hostility Questionnaire data showed evidence of validity but were limited by inconsistency over time. Our results strongly support the Davos Assessment of Cognitive Biases Scale for future evaluation as a social cognitive treatment outcome measure. Its scores were adequately distributed, consistent over time, related to symptoms and functioning, and sensitive to treatment effects. Other relatively novel assessments of attributional bias and theory of mind showed some promise, although more work is needed.",mixed,"We replicated aspects of prior work, including largely favorable psychometric characteristics for the Bell-Lysaker Emotion Recognition Task, and promising but weaker characteristics for The Awareness of Social Inferences Test subscales and Reading the Mind in the Eyes Task. The Hinting Task had adequate test-retest statistics but a more pronounced ceiling effect. Ambiguous Intentions and Hostility Questionnaire data showed evidence of validity but were limited by inconsistency over time.",abstract,"flora-extractor offline run 2026-09-21 (works outside the survivor pool); link_method=llm_references, link_confidence=high. Corroborated by the Metascience Observatory: same original DOI and same outcome (inconclusive). Study goals were to replicate recently-published psychometrics for several social cognitive measures, and to provide information for additional social cognitive measures not included in recent reports",,2018,,AI,,,,,
"Prasad, K. M., Eack, S. M., Keshavan, M. S., Yolken, R. H., Iyengar, S., & Nimgaonkar, V. L. (2012). Antiherpes Virus–Specific Treatment and Cognition in Schizophrenia: A Test-of-Concept Randomized Double-Blind Placebo-Controlled Trial. Schizophrenia Bulletin, 39(4), 857–866. https://doi.org/10.1093/schbul/sbs040",10.1093/schbul/sbs040,https://doi.org/10.1093/schbul/sbs040,"Breier, A., Buchanan, R. W. (2018). Herpes simplex virus 1 infection and valacyclovir treatment in schizophrenia: Results from the VISTA study. Schizophrenia Research, 206, 291-299.",10.1016/j.schres.2018.11.002,https://doi.org/10.1016/j.schres.2018.11.002,"BackgroundSeveral studies have implicated herpes simplex virus-type 1 (HSV-1) in the pathophysiology of schizophrenia. A recent trial demonstrated that the anti-viral medication valacylovir, which prevents replication of activated HSV-1, improved selected cognitive deficits in people with schizophrenia. In this study, we examined demographic and illness related differences between HSV-1 positive versus HSV-1 negative subjects with early phase schizophrenia and attempted to replicate the previous valacyclovir treatment results in this population.Methods170 subjects with schizophrenia (HSV-1 positive N = 70; HSV-1 negative N = 96) from 12 US sites participated in the HSV-1 positive versus negative comparisons, and were randomized 1:1 to valacyclovir (1.5 g BID) or placebo for a 16-week, double-blind efficacy trial. The primary endpoints were working and verbal memory.ResultsThe HSV-1 positive group, as compared to the HSV-1 negative group, were older (p ConclusionsHSV-1 sero-positivity appears to be a marker of a subgroup with a more severe form of schizophrenia. Valacyclovir was not efficacious in the study, perhaps because the herpes virus was in the dormant, non-activated state and therefore non-responsive to valacyclovir effects. ClinicalTrials.gov Identifier: NCT02008773.",failed,"Valacyclovir was not efficacious in the study, perhaps because the herpes virus was in the dormant, non-activated state and therefore non-responsive to valacyclovir effects.",abstract,"flora-extractor offline run 2026-09-21 (works outside the survivor pool); link_method=llm_references, link_confidence=high. Corroborated by the Metascience Observatory: same original DOI and same outcome (failure). A recent trial demonstrated that the anti-viral medication valacylovir, which prevents replication of activated HSV-1, improved selected cognitive deficits in people with schizophrenia. In this study,",,2019,,AI,,,,,
"Helfand, G. E., McWilliams, M., Bolon, K., Reichle, L.F.C., Sha, M., Smith, A., & Beach, R. (2016). Searching for hidden costs: A technology-based approach to the energy efficiency gap in light-duty vehicles. Energy Policy, 98, 590–606. https://doi.org/10.1016/j.enpol.2016.09.014",10.1016/j.enpol.2016.09.014,https://doi.org/10.1016/j.enpol.2016.09.014,"Huang, H., Helfand, G. E. (2018). Re-searching for hidden costs: Evidence from the adoption of fuel-saving technologies in light-duty vehicles. Transportation Research Part D Transport and Environment, 65, 194-212.",10.1016/j.trd.2018.08.009,https://doi.org/10.1016/j.trd.2018.08.009,"A variety of fuel-saving technologies have been implemented in light-duty vehicles since 2012 under the U.S. Environmental Protection Agency's (EPA) and Department of Transportation (DOT)'s light-duty vehicle greenhouse gas emissions and fuel economy standards. Questions have arisen whether there are hidden costs that have not been included in the net benefit calculations as a result of adoption of the new technologies. In this paper, we replicate and expand results from Helfand et al. (2016). We define hidden costs of the new technologies as problems with operational characteristics such as acceleration, handling, ride comfort, noise, braking feel, and vibration, not all of which are easily measured by objective criteria. We overcome the empirical challenge by using data coded from online professional auto reviews that qualitatively evaluate fuel-saving technologies and operational characteristics for model years 2014 and 2015 vehicles. We estimate relationships of fuel-saving technologies and operational characteristics, including an overall vehicle assessment, and find little correlation of hidden costs with the technologies themselves. Variable quality of implementation of technologies across automakers may better explain negatively evaluated operational characteristics. The results imply that automakers have typically been able to implement fuel-saving technologies without harm to vehicle operational characteristics.",successful,"We estimate relationships of fuel-saving technologies and operational characteristics, including an overall vehicle assessment, and find little correlation of hidden costs with the technologies themselves. The results imply that automakers have typically been able to implement fuel-saving technologies without harm to vehicle operational characteristics.",abstract,"flora-extractor offline run 2026-09-21 (works outside the survivor pool); link_method=llm_cited_candidates, link_confidence=high. Corroborated by the Metascience Observatory: same original DOI and same outcome (success). In this paper, we replicate and expand results from Helfand et al. (2016).",,2018,,AI,,,,,
"Ball, K., & Sekuler, R. (1987). Direction-specific improvement in motion discrimination. Vision Research, 27(6), 953–965. https://doi.org/10.1016/0042-6989(87)90011-3",10.1016/0042-6989(87)90011-3,https://doi.org/10.1016/0042-6989(87)90011-3,"Zhang, J., Yang, Y. (2013). Perceptual learning of motion direction discrimination transfers to an opposite direction with TPE training. Vision Research, 99, 93-98.",10.1016/j.visres.2013.10.011,https://doi.org/10.1016/j.visres.2013.10.011,"Motion direction learning is known to be specific to the trained direction. However, in this study we used our recently developed TPE (training-plus-exposure) method to demonstrate that motion direction learning can transfer to an opposite direction. Specifically, we first replicated the strict direction specificity of motion direction learning with a group of moving dots. However, when the participants were exposed to the opposite direction in an irrelevant dot number discrimination task, either simultaneously with motion direction training or at a later time, but not in a reversed order, motion direction learning transferred to the opposite direction significantly and sometimes completely. These results suggest that motion direction learning may be a high-level process in which the brain learns the potentially transferrable rules of reweighting the motion direction inputs. However, we speculate that high-level learning may not functionally connect to sensory neurons that are tuned to other directions but are not stimulated during training, which leads to direction specificity. It is the stimulus exposure in TPE training that connects high-level learning to the exposed opposite direction to enable learning transfer.",successful,"Specifically, we first replicated the strict direction specificity of motion direction learning with a group of moving dots.",abstract,"flora-extractor offline run 2026-09-21 (works outside the survivor pool); link_method=llm_title_search, link_confidence=low. Corroborated by the Metascience Observatory: same original DOI and same outcome (success). Specifically, we first replicated the strict direction specificity of motion direction learning with a group of moving dots.",,2014,,AI,,,,,
"Conci, M., Deichsel, C., Müller, H. J., & Töllner, T. (2019). Feature guidance by negative attentional templates depends on search difficulty. Visual Cognition, 27(3-4), 317–326. https://doi.org/10.1080/13506285.2019.1581316",10.1080/13506285.2019.1581316,https://doi.org/10.1080/13506285.2019.1581316,"Zhang, Z., Sahatdjian, R. (2022). Benefits from negative templates in easy and difficult search depend on rapid distractor rejection and enhanced guidance. Vision Research, 197, 108031-108031.",10.1016/j.visres.2022.108031,https://doi.org/10.1016/j.visres.2022.108031,"While most research on attentional templates focuses on how attention can be guided toward targets, a growing body of research has been examining our ability to guide attention away from distractors using negative templates. A recent report showed larger reaction time benefits from negative templates during a difficult search task compared to an easy search task. However, it remains unclear what shifts in attentional processing led to these differences in reaction time benefits. In the current study, we tested the predictions of enhanced guidance and rapid rejection as potential explanations for the differential impact of negative templates based on search difficulty. In Experiment 1, we replicated the larger benefits from negative templates in a within-subjects design. In Experiment 2, we use eye tracking to measure the proportion of fixations directed towards target-colored distractors as an index of enhanced guidance and the dwell time on distractors as a measure of rapid rejection. We found more attentional guidance from negative templates in the difficult search condition. In addition, we found larger benefits of rapid rejection from negative templates in the difficult search condition. While we typically focus on templates as a way of guiding attention, these results highlight another key role played by attentional templates: rapid distractor rejection.",successful,"In Experiment 1, we replicated the larger benefits from negative templates in a within-subjects design.",abstract,"flora-extractor offline run 2026-09-21 (works outside the survivor pool); link_method=llm_references, link_confidence=high. Corroborated by the Metascience Observatory: same original DOI and same outcome (success). A recent report showed larger reaction time benefits from negative templates during a difficult search task compared to an easy search task. In Experiment 1, we replicated the larger benefits from neg",,2022,,AI,,,,,
"Wang, V., Sable, H. J.K., Ju, Y. H., Allred, C. D., Helferich, W. G., Korol, D. L., & Schantz, S. L. (2008). Effects of chronic estradiol treatment on delayed spatial alternation and differential reinforcement of low rates of responding.. Behavioral Neuroscience, 122(4), 794–804. https://doi.org/10.1037/a0012513",10.1037/a0012513,https://doi.org/10.1037/a0012513,"Wang, V., Neese, S. L. (2009). Chronic estradiol replacement impairs performance on an operant delayed spatial alternation task in young, middle-aged, and old rats. Hormones and Behavior, 56(4), 382-390.",10.1016/j.yhbeh.2009.07.005,https://doi.org/10.1016/j.yhbeh.2009.07.005,"The current study examined effects of chronic estradiol replacement on a prefrontally-mediated working memory task at different ages in a rodent model. Ovariectomized young, middle-aged, and old Long-Evans rats were given 5% or 10% 17beta-estradiol in cholesterol vehicle via Silastic implants and tested on an operant delayed spatial alternation task (DSA). The two estradiol exposed groups did not perform as well as the vehicle control group did. Deficits were present at all but the longest delay, where all groups including the vehicle control group performed poorly. Surprisingly, there was not a significant effect of age or an age by estradiol interaction, despite the fact that old rats had longer latencies to respond after both correct and incorrect lever presses. These data confirm our earlier finding that chronic estradiol treatment has an impairing effect on working memory as measured on DSA task. However, contrary to expectations, young, middle-aged and old rats were similarly impaired by chronic estradiol treatment; there were no indications of differential effects at different periods of the lifespan. Also contrary to expectations, there were no indications of a decline in DSA performance with advancing age. Overall, the results demonstrate that chronic estradiol exposure causes deficits in the DSA performance of ovariectomized female rats, not only in young adulthood, but also at older ages analogous to those at which hormone replacement therapy is commonly prescribed in humans.",successful,These data confirm our earlier finding that chronic estradiol treatment has an impairing effect on working memory as measured on DSA task.,abstract,"flora-extractor offline run 2026-09-21 (works outside the survivor pool); link_method=llm_references, link_confidence=high. Corroborated by the Metascience Observatory: same original DOI and same outcome (success). These data confirm our earlier finding that chronic estradiol treatment has an impairing effect on working memory as measured on DSA task.",,2009,,AI,,,,,
"Wang, V., Neese, S. L., Korol, D. L., & Schantz, S. L. (2009). Chronic estradiol replacement impairs performance on an operant delayed spatial alternation task in young, middle-aged, and old rats. Hormones and Behavior, 56(4), 382–390. https://doi.org/10.1016/j.yhbeh.2009.07.005",10.1016/j.yhbeh.2009.07.005,https://doi.org/10.1016/j.yhbeh.2009.07.005,"Neese, S. L., Korol, D. L. (2010). Impact of estrogen receptor alpha and beta agonists on delayed alternation in middle-aged rats. Hormones and Behavior, 58(5), 878-890.",10.1016/j.yhbeh.2010.08.017,https://doi.org/10.1016/j.yhbeh.2010.08.017,"Estrogens act in the adult brain to modulate cognition, enhancing performance on some learning tests and impairing performance on others. Our previous research has revealed an impairing effect of chronic 17β-estradiol treatment in young and aged rats on a prefrontally-mediated working memory task, delayed spatial alternation (DSA). Little is known about the mechanisms of these impairing effects. The current study examined the effects of selective estrogen receptor (ER) α or ERβ activation on DSA performance in middle-aged female rats. Ovariectomized 12 month old Long-Evans (LE) rats were treated by subcutaneous injection with the ERα agonist propyl pyrazole triol (PPT) or the ERβ agonist diarylpropionitrile (DPN) at 0.02, 0.08, or 0.20mg/kg/day, or with oil vehicle and tested on an operant variable delay DSA task. A 17β-estradiol group (10% in cholesterol) was included as a positive control group. We replicated our previous finding of a 17β-estradiol induced deficit on DSA performance and this effect was paralleled by low dose (0.02mg/kg/day) DPN treatment. Higher doses of DPN failed to produce a significant change in performance. The highest dose of PPT (0.20mg/kg/day) also impaired performance, but this effect was subtle and limited to the longest delay during the final block of testing. These data confirm our earlier findings that chronic 17β-estradiol treatment has an impairing effect on the DSA task, and suggest that ERβ activation may underlie the deficit.",successful,We replicated our previous finding of a 17β-estradiol induced deficit on DSA performance and this effect was paralleled by low dose (0.02mg/kg/day) DPN treatment.,abstract,"flora-extractor offline run 2026-09-21 (works outside the survivor pool); link_method=llm_references, link_confidence=high. Corroborated by the Metascience Observatory: same original DOI and same outcome (success). Our previous research has revealed an impairing effect of chronic 17β-estradiol treatment in young and aged rats on a prefrontally-mediated working memory task, delayed spatial alternation (DSA).",,2010,,AI,,,,,
"Bobst, C., & Lobmaier, J. S. (2012). Men's preference for the ovulating female is triggered by subtle face shape differences. Hormones and Behavior, 62(4), 413–417. https://doi.org/10.1016/j.yhbeh.2012.07.008",10.1016/j.yhbeh.2012.07.008,https://doi.org/10.1016/j.yhbeh.2012.07.008,"Catena, T., Simmons, Z. L. (2019). Do women's faces become more attractive near ovulation?. Hormones and Behavior, 115, 104560-104560.",10.1016/j.yhbeh.2019.07.008,https://doi.org/10.1016/j.yhbeh.2019.07.008,"There have been mixed findings regarding whether raters judge women's natural faces more attractive when the women were photographed near ovulation relative to when photographed in other cycle regions. Bobst and Lobmaier (2012) isolated shape cues associated with ovulatory timing via computer morphing techniques and found that men judged face shapes characteristic of the fertile window as more attractive than those characteristic of the luteal phase. Here, we tested replication of their findings but also added stimuli from the early follicular phase. We constructed three composite faces constructed from photos of the same 23 women who had each been photographed in the early follicular phase, during the fertile window, and during the luteal phase. We next warped 20 other identity faces to the shapes of the composite faces representing each cycle phase, and asked male participants to rank order the resulting face triplets for attractiveness. Men ranked fertile window and luteal phase stimuli as more attractive than early follicular stimuli, but ranked fertile window and luteal phase faces as equally attractive. This result failed to replicate preferences for fertile window over luteal phase stimuli, and thereby argues against perceivers' ability to detect face shape cues of immediate fecundity. Because estradiol was lower in the early follicular phase relative to the other two cycle phases, our findings are consistent with the possibility that within-women increases in estradiol produce subtle increases in face shape attractiveness. Discussion addresses the overall evidence for facial cues of women's ovulatory timing.",failed,"This result failed to replicate preferences for fertile window over luteal phase stimuli, and thereby argues against perceivers' ability to detect face shape cues of immediate fecundity.",abstract,"flora-extractor offline run 2026-09-21 (works outside the survivor pool); link_method=llm_cited_candidates, link_confidence=high. Corroborated by the Metascience Observatory: same original DOI and same outcome (failure). Bobst and Lobmaier (2012) isolated shape cues associated with ovulatory timing via computer morphing techniques and found that men judged face shapes characteristic of the fertile window as more attra",,2019,,AI,,,,,
"Aulchenko, Y. S., Hoppenbrouwers, I. A., Ramagopalan, S. V., Broer, L., Jafari, N., Hillert, J., Link, J., Lundström, W., Greiner, E., Sadovnick, A. D., Goossens, D., Broeckhoven, C. V., Del‐Favero, J., Ebers, G. C., Oostra, B. A., Duijn, C. M. v., & Hintzen, R. Q. (2008). Genetic variation in the KIF1B locus influences susceptibility to multiple sclerosis. Nature Genetics, 40(12), 1402–1403. https://doi.org/10.1038/ng.251",10.1038/ng.251,https://doi.org/10.1038/ng.251,"Kudryavtseva, E. A., Rozhdestvenskii, A. S. (2011). Polymorphic locus rs10492972 of the KIF1B gene association with multiple sclerosis in Russia: Case control study. Molecular Genetics and Metabolism, 104(3), 390-394.",10.1016/j.ymgme.2011.05.018,https://doi.org/10.1016/j.ymgme.2011.05.018,"Axonal degeneration is responsible for the progression of the irreversible destruction caused by multiple sclerosis (MS) resulting ultimately in permanent disability. The KIF1B protein, a member of the kinesin family, is necessary for axon growth and myelination in vertebrates. In the recent paper, Aulchenko et al. suggested that the rs10492972[C] variant of KIF1B increases susceptibility to MS, but three following replication study didn't confirm this association. We studied the association of the polymorphic locus rs10492972 present in the KIF1B gene with genetic predisposition and its occurrence in clinical presentations of MS patients resident in western Siberia and the Sakha Republic (Yakutia), Russia. rs10492972 has been genotype in 833 samples of MS patient and 689 healthy controls. Distribution of rs10492972 genotypes corresponded with a Hardy-Weinberg distribution in both the MS patient and control groups, with the frequency of the C allele being the same in both groups (33%). Frequencies of occurrence of the genotypes were not shown to be associated with different disease courses or other characteristics of the disease, such as age at onset or duration. A complete meta-analysis of all analogous studies published to date showed that the protective effect of the rs10492972[C] allele is statistically significant (OR=0.95, C.I.95% [0.90-0.99], p=0.02).",failed,"In the recent paper, Aulchenko et al. suggested that the rs10492972[C] variant of KIF1B increases susceptibility to MS, but three following replication study didn't confirm this association. Distribution of rs10492972 genotypes corresponded with a Hardy-Weinberg distribution in both the MS patient and control groups, with the frequency of the C allele being the same in both groups (33%).",abstract,"flora-extractor offline run 2026-09-21 (works outside the survivor pool); link_method=llm_references, link_confidence=high. Corroborated by the Metascience Observatory: same original DOI and same outcome (failure). In the recent paper, Aulchenko et al. suggested that the rs10492972[C] variant of KIF1B increases susceptibility to MS, but three following replication study didn't confirm this association. We studie",,2011,,AI,,,,,
"Slaap, B.R., Vliet, I. M. v., Westenberg, H.G.M., & Boer, J. A. d. (1995). Phobic symptoms as predictors of nonresponse to drug therapy in panic disorder patients (a preliminary report). Journal of Affective Disorders, 33(1), 31–38. https://doi.org/10.1016/0165-0327(94)00070-p",10.1016/0165-0327(94)00070-p,https://doi.org/10.1016/0165-0327(94)00070-p,"Overbeek, T., Büchold, H. (2002). Blood-injury related phobic avoidance as predictor of nonresponse to pharmacotherapy in panic disorder with agoraphobia. Journal of Affective Disorders, 78(3), 227-233.",10.1016/s0165-0327(02)00312-9,https://doi.org/10.1016/s0165-0327(02)00312-9,"BackgroundSeveral factors have been investigated as possible predictors of nonresponse to pharmacotherapy in Panic Disorder (PD) patients. In 1995 a study was published by Slaap et al. in this journal that found high Blood-Injury phobia scores on the Marks and Matthews Fear Questionnaire were predictive for a worse treatment-outcome for drug treatment in PD.MethodsThe present paper describes a replication study with 61 PD patients, by means of a retrospective chart analysis, who were assessed at baseline and after 12 weeks of SSRI-treatment. Nonresponse was defined as still having panic attacks. Response was defined as absence of panic attacks and/or a reduction of at least 50% on the FQ Agoraphobia subscale.ResultsTwenty (32%) patients were nonresponders. Nonresponders had a higher score on the FQ Blood-Injury subscale more often (55%) than responders (19.5%), significant at P=0.008. These results fully support the findings of Slaap et al. Implications of these findings are further discussed.LimitationsLimitations of this study are the retrospective design, and the absence of other psycho-physiological parameters of the specific blood-injury phobic complex.ConclusionsHowever, it is tentatively concluded that the presence of comorbid blood-injury related phobic symptoms negatively affects treatment for panic disorder and agoraphobia.",successful,These results fully support the findings of Slaap et al.,abstract,"flora-extractor offline run 2026-09-21 (works outside the survivor pool); link_method=llm_references, link_confidence=high. Corroborated by the Metascience Observatory: same original DOI and same outcome (success). In 1995 a study was published by Slaap et al. in this journal that found high Blood-Injury phobia scores on the Marks and Matthews Fear Questionnaire were predictive for a worse treatment-outcome for",,2004,,AI,,,,,
"Tsai, S., Liu, H., Liu, T., Wang, Y., & Hong, C. (1999). Association analysis of the 5-HT6 receptor polymorphism C267T in Alzheimer's disease. Neuroscience Letters, 276(2), 138–139. https://doi.org/10.1016/s0304-3940(99)00802-2",10.1016/s0304-3940(99)00802-2,https://doi.org/10.1016/s0304-3940(99)00802-2,"Orlacchio, A., Orlacchio, A. (2002). Association study of the 5-hydroxytryptamine6 receptor gene in Alzheimer's disease. Neuroscience Letters, 325(1), 13-16.",10.1016/s0304-3940(02)00221-5,https://doi.org/10.1016/s0304-3940(02)00221-5,Serotonergic (5-hydroxytryptamine; 5-HT) transmission has been implicated in the pathogenesis of Alzheimer's disease (AD). A coding single nucleotide polymorphism 267 (C/T) in the 5-HT(6) receptor gene was previously reported as a susceptibility factor for AD. An extensive replication study was performed using our data set including sporadic and familial cases. No significant association between the 5-HT(6) receptor gene and AD was obtained with or without the stratification of apolipoprotein E epsilon 4 status. Our result suggests that the 267C allele of the 5-HT(6) receptor gene may not be a genetic risk factor for AD.,failed,No significant association between the 5-HT(6) receptor gene and AD was obtained with or without the stratification of apolipoprotein E epsilon 4 status. Our result suggests that the 267C allele of the 5-HT(6) receptor gene may not be a genetic risk factor for AD.,abstract,"flora-extractor offline run 2026-09-21 (works outside the survivor pool); link_method=llm_references, link_confidence=high. Corroborated by the Metascience Observatory: same original DOI and same outcome (failure). A coding single nucleotide polymorphism 267 (C/T) in the 5-HT(6) receptor gene was previously reported as a susceptibility factor for AD. An extensive replication study was performed using our data se",,2002,,AI,,,,,
"Thiede, K. W., Anderson, M. C., & Therriault, D. J. (2003). Accuracy of metacognitive monitoring affects learning of texts.. Journal of Educational Psychology, 95(1), 66–73. https://doi.org/10.1037/0022-0663.95.1.66",10.1037/0022-0663.95.1.66,https://doi.org/10.1037/0022-0663.95.1.66,"Thiede, K. W., Dunlosky, J. (2005). Understanding the Delayed-Keyword Effect on Metacomprehension Accuracy.. Journal of Experimental Psychology Learning Memory and Cognition, 31(6), 1267-1280.",10.1037/0278-7393.31.6.1267,https://doi.org/10.1037/0278-7393.31.6.1267,"The typical finding from research on metacomprehension is that accuracy is quite low. However, recent studies have shown robust accuracy improvements when judgments follow certain generation tasks (summarizing or keyword listing) but only when these tasks are performed at a delay rather than immediately after reading (K. W. Thiede & M. C. M. Anderson, 2003; K. W. Thiede, M. C. M. Anderson, & D. Therriault, 2003). The delayed and immediate conditions in these studies confounded the delay between reading and generation tasks with other task lags, including the lag between multiple generation tasks and the lag between generation tasks and judgments. The first 2 experiments disentangle these confounded manipulations and provide clear evidence that the delay between reading and keyword generation is the only lag critical to improving metacomprehension accuracy. The 3rd and 4th experiments show that not all delayed tasks produce improvements and suggest that delayed generative tasks provide necessary diagnostic cues about comprehension for improving metacomprehension accuracy.",successful,"However, recent studies have shown robust accuracy improvements when judgments follow certain generation tasks (summarizing or keyword listing) but only when these tasks are performed at a delay rather than immediately after reading (K. W. Thiede & M. C. M. Anderson, 2003; K. W. Thiede, M. C. M. Anderson, & D. Therriault, 2003). The delayed and immediate conditions in these studies confounded the delay between reading and generation tasks with other task lags, including the lag between multiple generation tasks and the lag between generation tasks and judgments. The first 2 experiments disentangle these confounded manipulations and provide clear evidence that the delay between reading and keyword generation is the only lag critical to improving metacomprehension accuracy.",abstract,"flora-extractor offline run 2026-09-21 (works outside the survivor pool); link_method=llm_cited_candidates, link_confidence=high. Corroborated by the Metascience Observatory: same original DOI and same outcome (success). However, recent studies have shown robust accuracy improvements when judgments follow certain generation tasks (summarizing or keyword listing) but only when these tasks are performed at a delay rathe",,2005,,AI,,,,,
"Senju, A., & Csibra, G. (2008). Gaze Following in Human Infants Depends on Communicative Signals. Current Biology, 18(9), 668–671. https://doi.org/10.1016/j.cub.2008.03.059",10.1016/j.cub.2008.03.059,https://doi.org/10.1016/j.cub.2008.03.059,"Szufnarowska, J., Rohlfing, K. J. (2014). Is ostension any more than attention?. Scientific Reports, 4(1), 5304-5304.",10.1038/srep05304,https://doi.org/10.1038/srep05304,"According to natural pedagogy theory, infants are sensitive to particular ostensive cues that communicate to them that they are being addressed and that they can expect to learn referential information. We demonstrate that 6-month-old infants follow others' gaze direction in situations that are highly attention-grabbing. This occurs irrespective of whether these situations include communicative intent and ostensive cues (a model looks directly into the child's eyes prior to shifting gaze to an object) or not (a model shivers while looking down prior to shifting gaze to an object). In contrast, in less attention-grabbing contexts in which the model simply looks down prior to shifting gaze to an object, no effect is found. These findings demonstrate that one of the central pillars of natural pedagogy is false. Sensitivity to gaze following in infancy is not restricted to contexts in which ostensive cues are conveyed.",failed,These findings demonstrate that one of the central pillars of natural pedagogy is false. Sensitivity to gaze following in infancy is not restricted to contexts in which ostensive cues are conveyed.,abstract,"flora-extractor offline run 2026-09-21 (works outside the survivor pool); link_method=llm_references, link_confidence=high. Corroborated by the Metascience Observatory: same original DOI and same outcome (failure). We demonstrate that 6-month-old infants follow others' gaze direction in situations that are highly attention-grabbing. This occurs irrespective of whether these situations include communicative inten",,2014,,AI,,,,,
"Furberg, H., Kim, Y., Dackor, J., Mohlke, K. L., Sullivan, P. F., Boerwinkle, E., Franceschini, N., Ardissino, D., Bernardinelli, L., Mannucci, P. M., Mauri, F., Merlini, P. A., Absher, D., Assimes, T. L., Knowles, J. W., Quertermous, T., Fortmann, S. P., Iribarren, C., Ferrucci, L., Tanaka, T., Bis, J. C., McKnight, B., Psaty, B. M., Thacker, E. L., Schwartz, S. M., Furberg, C. D., Haritunians, T., Taylor, K. D., Almgren, P., Groop, L., Ladenvall, C., Boehnke, M., Jackson, A. U., Stringham, H. M., Tuomilehto, J., Kaprio, J., Benjamin, E. J., Vasan, R. S., Hwang, S., Preis, S. R., Levy, D., Duan, J., Gejman, P. V., Sanders, A. R., Levinson, D. F., Shi, J., Lips, E. H., McKay, J., Brennan, P., Agudo, A., Castellsagué, X., Barzan, L., Bencko, V., Holcátová, I., Benhamou, S., Canova, C., Conway, D. I., Fabianova, E., Foretova, L., Janout, V., Healy, C. M., Kjærheim, K., Lagiou, P., Lissowska, J., Lowry, R., Macfarlane, T. V., Mates, D., Richiardi, L., Rudnai, P., Szeszenia-Dabrowska, N., Zaridze, D., Znaor, A., Lathrop, M., Bandinelli, S., Frayling, T. M., Perry, J. R. B., Guralnik, J. M., Milaneschi, Y., Altshuler, D., Kathiresan, S., Elosúa, R., Lucas, G., Melander, O., O'Donnell, C. J., Salomaa, V., Voight, B. F., Penninx, B. W., Smit, J. H., Vogelzangs, N., Boomsma, D. I., Geus, E. J. C. d., Vink, J. M., Willemsen, G., Chanock, S. J., Gu, F., Hunter, D. J., Kraft, P., Hankinson, S. E., Hofman, A., & Tiemeier, H. (2010). Genome-wide meta-analyses identify multiple loci associated with smoking behavior. Nature Genetics, 42(5), 441–447. https://doi.org/10.1038/ng.571",10.1038/ng.571,https://doi.org/10.1038/ng.571,"David, S. P., Hamidovic, A. (2012). Genome-wide meta-analyses of smoking behaviors in African Americans. Translational Psychiatry, 2(5), e119-e119.",10.1038/tp.2012.41,https://doi.org/10.1038/tp.2012.41,"The identification and exploration of genetic loci that influence smoking behaviors have been conducted primarily in populations of the European ancestry. Here we report results of the first genome-wide association study meta-analysis of smoking behavior in African Americans in the Study of Tobacco in Minority Populations Genetics Consortium (n = 32,389). We identified one non-coding single-nucleotide polymorphism (SNP; rs2036527[A]) on chromosome 15q25.1 associated with smoking quantity (cigarettes per day), which exceeded genome-wide significance (β = 0.040, s.e. = 0.007, P = 1.84 × 10(-8)). This variant is present in the 5'-distal enhancer region of the CHRNA5 gene and defines the primary index signal reported in studies of the European ancestry. No other SNP reached genome-wide significance for smoking initiation (SI, ever vs never smoking), age of SI, or smoking cessation (SC, former vs current smoking). Informative associations that approached genome-wide significance included three modestly correlated variants, at 15q25.1 within PSMA4, CHRNA5 and CHRNA3 for smoking quantity, which are associated with a second signal previously reported in studies in European ancestry populations, and a signal represented by three SNPs in the SPOCK2 gene on chr10q22.1. The association at 15q25.1 confirms this region as an important susceptibility locus for smoking quantity in men and women of African ancestry. Larger studies will be needed to validate the suggestive loci that did not reach genome-wide significance and further elucidate the contribution of genetic variation to disparities in cigarette consumption, SC and smoking-attributable disease between African Americans and European Americans.",successful,The association at 15q25.1 confirms this region as an important susceptibility locus for smoking quantity in men and women of African ancestry.,abstract,"flora-extractor offline run 2026-09-21 (works outside the survivor pool); link_method=llm_title_search, link_confidence=low. Corroborated by the Metascience Observatory: same original DOI and same outcome (success). The single genome-wide significant association we observed between rs2036527 and CPD is the same signal that was reported previously at 15q25.1 for nicotine dependence, smoking intensity and lung canc",,2012,,AI,,,,,
"Oreopoulos, P. (2006). Estimating Average and Local Average Treatment Effects of Education when Compulsory Schooling Laws Really Matter. American Economic Review, 96(1), 152–175. https://doi.org/10.1257/000282806776157641",10.1257/000282806776157641,https://doi.org/10.1257/000282806776157641,"Devereux, P. J., Hart, R. A. (2010). Forced to be Rich? Returns to Compulsory Schooling in Britain. The Economic Journal, 120(549), 1345-1364.",10.1111/j.1468-0297.2010.02365.x,https://doi.org/10.1111/j.1468-0297.2010.02365.x,"Do students benefit from compulsory schooling? Researchers using changes in compulsory schooling laws as instruments have typically estimated very high returns to additional schooling that are greater than the corresponding OLS estimates and concluded that the group of individuals who are influenced by the law change have particularly high returns to education. That is, the Local Average Treatment Effect (LATE) is larger than the average treatment effect (ATE). However, studies of a 1947 British compulsory schooling law change that impacted about half the relevant population have also found very high instrumental variables returns to schooling (about 15%), suggesting that the ATE of schooling is also very high and higher than OLS estimates suggest. We utilize the New Earnings Survey Panel Data-set (NESPD), that has superior earnings information compared to the datasets previously used and find instrumental variable estimates that are small and much lower than OLS. In fact, there is no evidence of any positive return for women and the return for men is in the 4-7% range. These estimates provide no evidence that the ATE of schooling is very high.",failed,"Oreopoulos (2006) also uses an RD approach using Britain alone and finds IV estimates for earnings of .15 (.06) for all workers, and .15 (.13) for men. It is puzzling that our RD estimates using the GHS are very different from his. | We find no evidence of any wage or earnings return for women and our preferred estimates suggest a modest return of 5 or 6% for men.",discussion,"flora-extractor offline run 2026-09-21 (works outside the survivor pool); link_method=llm_title_search, link_confidence=low. Corroborated by the Metascience Observatory: same original DOI and same outcome (failure). Oreopoulos (2006) also uses an RD approach using Britain alone and finds IV estimates for earnings of .15 (.06) for all workers, and .15 (.13) for men. It is puzzling that our RD estimates using the G",,2008,,AI,,,,,
"Wolfe‐Simon, F., Blum, J. S., Kulp, T. R., Gordon, G. W., Hoeft, S. E., Pett‐Ridge, J., Stolz, J. F., Webb, S. M., Weber, P., Davies, P., Anbar, A. D., & Oremland, R. S. (2010). RETRACTED: A Bacterium That Can Grow by Using Arsenic Instead of Phosphorus. Science, 332(6034), 1163–1166. https://doi.org/10.1126/science.1197258",10.1126/science.1197258,https://doi.org/10.1126/science.1197258,"Erb, T. J., Kiefer, P. (2012). GFAJ-1 Is an Arsenate-Resistant, Phosphate-Dependent Organism. Science, 337(6093), 467-470.",10.1126/science.1218455,https://doi.org/10.1126/science.1218455,"The bacterial isolate GFAJ-1 has been proposed to substitute arsenic for phosphorus to sustain growth. We have shown that GFAJ-1 is able to grow at low phosphate concentrations (1.7 μM), even in the presence of high concentrations of arsenate (40 mM), but lacks the ability to grow in phosphorus-depleted (<0.3 μM), arsenate-containing medium. High-resolution mass spectrometry analyses revealed that phosphorylated central metabolites and phosphorylated nucleic acids predominated. A few arsenylated compounds, including C6 sugar arsenates, were detected in extracts of GFAJ-1, when GFAJ-1 was incubated with arsenate, but further experiments showed they formed abiotically. Inductively coupled plasma mass spectrometry confirmed the presence of phosphorus in nucleic acid extracts, while arsenic could not be detected and was below 1 per mil relative to phosphorus. Taken together, we conclude that GFAJ-1 is an arsenate-resistant, but still a phosphate-dependent, bacterium.",failed,"Taken together, we conclude that GFAJ-1 is an arsenate-resistant, but still a phosphate-dependent, bacterium.",abstract,"flora-extractor offline run 2026-09-21 (works outside the survivor pool); link_method=llm_references, link_confidence=high. Corroborated by the Metascience Observatory: same original DOI and same outcome (failure). The bacterial isolate GFAJ-1 has been proposed to substitute arsenic for phosphorus to sustain growth. We have shown that GFAJ-1 is able to grow at low phosphate concentrations (1.7 μM), even in the p",,2012,,AI,,,,,
"Wolfe‐Simon, F., Blum, J. S., Kulp, T. R., Gordon, G. W., Hoeft, S. E., Pett‐Ridge, J., Stolz, J. F., Webb, S. M., Weber, P., Davies, P., Anbar, A. D., & Oremland, R. S. (2010). RETRACTED: A Bacterium That Can Grow by Using Arsenic Instead of Phosphorus. Science, 332(6034), 1163–1166. https://doi.org/10.1126/science.1197258",10.1126/science.1197258,https://doi.org/10.1126/science.1197258,"Reaves, M. L., Sinha, S. (2012). Absence of Detectable Arsenate in DNA from Arsenate-Grown GFAJ-1 Cells. Science, 337(6093), 470-473.",10.1126/science.1219861,https://doi.org/10.1126/science.1219861,"Resisting Arsenic The discovery of a bacterium living in the extreme conditions of Mono Lake, California, created a major controversy because it was claimed to be able to grow solely on arsenic and could substitute arsenate for phosphate in its key macromolecules, including DNA. Working with the same Halomonas spp. bacterium, known as GFAJ-1, and ultrapure reagents, Erb et al. (p. 467 ) found that the bacterium needed a low level of phosphate (1.6 µM) to grow at all. Rather than significant specific arsenic incorporation, when the organism was grown in 40 mM arsenic, its nucleic acids acquired a trace of arsenic. Similarly, Reaves et al. (p. 470 ) found that GFAJ-1 could not grow in the absence of phosphate and, moreover, that its growth was not stimulated by the addition of arsenate, although a trace amount of arsenic was also detected in DNA. Thus, GFAJ-1 shows no particular facility to substitute arsenic for phosphate, when phosphate is limiting, but it can tolerate high concentrations of the poison while efficiently scavenging phosphate.",failed,"Thus, GFAJ-1 shows no particular facility to substitute arsenic for phosphate, when phosphate is limiting, but it can tolerate high concentrations of the poison while efficiently scavenging phosphate.",abstract,"flora-extractor offline run 2026-09-21 (works outside the survivor pool); link_method=llm_references, link_confidence=high. Corroborated by the Metascience Observatory: same original DOI and same outcome (failure). The discovery of a bacterium living in the extreme conditions of Mono Lake, California, created a major controversy because it was claimed to be able to grow solely on arsenic and could substitute ars",,2012,,AI,,,,,
"Li, W., Wang, M., Irigoyen, P., & Gregersen, P. K. (2006). Inferring causal relationships among intermediate phenotypes and biomarkers: a case study of rheumatoid arthritis. Bioinformatics, 22(12), 1503–1507. https://doi.org/10.1093/bioinformatics/btl100",10.1093/bioinformatics/btl100,https://doi.org/10.1093/bioinformatics/btl100,"Karlson, E. W., Chibnik, L. B. (2007). Associations between Human leukocyte antigen, PTPN22, CTLA4 genotypes and rheumatoid arthritis phenotypes of autoantibody status, age at diagnosis and erosions in a large cohort study. Annals of the Rheumatic Diseases, 67(3), 358-363.",10.1136/ard.2007.071662,https://doi.org/10.1136/ard.2007.071662,"BackgroundHLA-DRB1 shared epitope (HLA-SE), PTPN22 and CTLA4 alleles are associated with cyclic citrullinated peptide (CCP) and rheumatoid arthritis (RA).ObjectiveWe examined associations between HLA-SE, PTPN22, CTLA4 genotypes and RA phenotypes in a large cohort to (a) replicate prior associations with CCP status, and (b) determine associations with radiographic erosions and age of diagnosis.MethodsA total of 689 RA patients from the Brigham RA Sequential Study (BRASS) were genotyped for HLA-SE, PTPN22 (rs2476601) and CTLA4 (rs3087243). Association between genotypes and CCP, rheumatoid factor (RF) erosive phenotypes and age at diagnosis were assessed with multivariable models adjusting for age, sex and disease duration. Novel causal pathway analysis was used to test the hypothesis that genetic risk factors and CCP are in the causal pathway for predicting erosions.ResultsIn multivariable analysis, presence of any HLA-SE was strongly associated with CCP+ (odds ratio (OR) 3.05, 95% CI 2.18-4.25), and RF+ (OR 2.53, 95% CI 1.83-3.5) phenotypes; presence of any PTPN22 T allele was associated with CCP+ (OR 1.81, 95% CI 1.24-2.66) and RF+ phenotypes (OR 1.84, 95% CI 1.27-2.66). CTLA4 was not associated with CCP or RF phenotypes. While HLA-SE was associated with erosive RA phenotype (OR 1.52, 95% CI 1.01-2.17), this was no longer significant after conditioning on CCP. PTPN22 and CTLA4 were not associated with erosive phenotype. Presence of any HLA-SE was associated with an average 3.6 years earlier diagnosis compared with absence of HLA-SE (41.3 vs 44.9 years, p = 0.002) and PTPN22 was associated with a 4.2 years earlier age of diagnosis (39.5 vs 43.6 years, p = 0.002). CTLA4 genotypes were not associated with age at diagnosis of RA.ConclusionsIn this large clinical cohort, we replicated the association between HLA-SE and PTPN22, but not CTLA4 with CCP+ and RF+ phenotypes. We also found evidence for associations between HLA-SE, and PTPN22 and earlier age at diagnosis. Since HLA-SE is associated with erosive phenotype in unconditional analysis, but is not significant after conditioning on CCP, this suggests that CCP is in the causal pathway for predicting erosive phenotype.",successful,"In this clinical cohort, using causal pathway analysis we replicated prior findings from the North American Rheumatoid Arthritis Consortium (NARAC), 18 32 and the Leiden Early Arthritis Clinic (EAC) 17 that suggest that HLA-SE is causally associated with the CCP phenotype, and CCP is causally associated with the RF phenotype, but HLA-SE is not causally associated with the RF phenotype.",discussion,"flora-extractor offline run 2026-09-21 (works outside the survivor pool); link_method=llm_title_search, link_confidence=low. Corroborated by the Metascience Observatory: same original DOI and same outcome (success). In this clinical cohort, using causal pathway analysis we replicated prior findings from the North American Rheumatoid Arthritis Consortium (NARAC), 18 32 and the Leiden Early Arthritis Clinic (EAC) 1",,2008,,AI,,,,,
"Fonseca, C., Lindahl, G., Ponticos, M., Sestini, P., Renzoni, E., Holmes, A., Spagnolo, P., Pantelidis, P., Leoni, P., McHugh, N., Stock, C., Xu, S., Denton, C. P., Black, C. M., Welsh, K. I., Bois, R. M. d., & Abraham, D. (2007). A Polymorphism in theCTGFPromoter Region Associated with Systemic Sclerosis. New England Journal of Medicine, 357(12), 1210–1220. https://doi.org/10.1056/nejmoa067655",10.1056/nejmoa067655,https://doi.org/10.1056/nejmoa067655,"Rueda, B., Simeon, C. (2008). A large multicentre analysis of CTGF −945 promoter polymorphism does not confirm association with systemic sclerosis susceptibility or phenotype. Annals of the Rheumatic Diseases, 68(10), 1618-1620.",10.1136/ard.2008.100180,https://doi.org/10.1136/ard.2008.100180,"ObjectiveTo conduct a replication study to investigate whether the -945 CTGF genetic variant is associated with systemic sclerosis (SSc) susceptibility or specific SSc phenotype.MethodsThe study population comprised 1180 patients with SSc and 1784 healthy controls from seven independent case-control sets of European ancestry (Spanish, French, Dutch, German, British, Swedish and North American). The -945 CTGF genetic variant was genotyped using a Taqman 5' allelic discrimination assay.ResultsAn independent association study showed in all the case-control cohorts no association of the CTGF -945 polymorphism with SSc susceptibility. These findings were confirmed by a meta-analysis giving a pooled OR = 1.12 (95% CI 0.99 to 1.25), p = 0.06. Investigation of the possible contribution of the -945 CTGF genetic variant to SSc phenotype showed that stratification according to SSc subtypes (limited or diffuse), selective autoantibodies (anti-topoisomerase I or anticentromere) or pulmonary involvement reached no statistically significant skewing.ConclusionThe results do not confirm previous findings and suggest that the CTGF -945 promoter polymorphism does not play a major role in SSc susceptibility or clinical phenotype.",failed,ConclusionThe results do not confirm previous findings and suggest that the CTGF -945 promoter polymorphism does not play a major role in SSc susceptibility or clinical phenotype.,abstract,"flora-extractor offline run 2026-09-21 (works outside the survivor pool); link_method=llm_references, link_confidence=low. Corroborated by the Metascience Observatory: same original DOI and same outcome (failure). ObjectiveTo conduct a replication study to investigate whether the -945 CTGF genetic variant is associated with systemic sclerosis (SSc) susceptibility or specific SSc phenotype. | multi_target_no_doc",,2009,,AI,,,,,
"Damberg, M., Garpenstrand, H., Alfredsson, J., Ekblom, J., Forslund, K., Rylander, G., & Oreland, L. (2000). A polymorphic region in the human transcription factor AP-2β gene is associated with specific personality traits. Molecular Psychiatry, 5(2), 220–224. https://doi.org/10.1038/sj.mp.4000691",10.1038/sj.mp.4000691,https://doi.org/10.1038/sj.mp.4000691,"Damberg, M., Berggård, C. (2003). Transcription Factor AP-2β Genotype Associated with Anxiety-Related Personality Traits in Women. Neuropsychobiology, 48(4), 169-175.",10.1159/000074633,https://doi.org/10.1159/000074633,"Attempts to link transmitter system genes to certain aspects of personality have been performed. Several monoamine-related gene variants have been investigated. We previously reported an association between a transcription factor activating protein-2beta (AP-2beta) variant and anxiety-related personality traits as estimated by Karolinska Scales of Personality (KSP). To confirm this reported association, we have, in the present study, analysed an enlarged group of healthy volunteers (n = 370) with regard to AP-2beta genotype and personality traits. For estimation of personality traits, individuals completed 5 different personality questionnaires, i.e. Swedish Universities Scales of Personality (SSP), Health-Relevant 5- Factor Personality Inventory (HP5i), Temperament and Character Inventory, the Revised NEO Personality Inventory and KSP. In contrast to men, women having two long AP-2beta alleles displayed lower scores for muscular tension (KSP; F = 10.65, p = 0.0013), somatic trait anxiety (SSP; F = 7.18, p = 0.0081), trait irritability (SSP; F = 4.51, p = 0.032), mistrust (SSP; F = 4.01, p = 0.0468) and negative affectivity (HP5i; F = 10.20, p = 0.0017) than women with at least one short allele. The data presented in this study, together with our previously published data, suggest that AP-2beta intron 2 genotype is associated with low levels of anxiety-related personality traits in women. Hence, these data further suggest the human AP-2beta gene as a novel candidate gene in personality.",successful,"The data presented in this study, together with our previously published data, suggest that AP-2beta intron 2 genotype is associated with low levels of anxiety-related personality traits in women. Hence, these data further suggest the human AP-2beta gene as a novel candidate gene in personality.",abstract,"flora-extractor offline run 2026-09-21 (works outside the survivor pool); link_method=llm_references, link_confidence=high. Corroborated by the Metascience Observatory: same original DOI and same outcome (success). To confirm this reported association, we have, in the present study, analysed an enlarged group of healthy volunteers (n = 370) with regard to AP-2beta genotype and personality traits.",,2003,,AI,,,,,
"Sussman, S., Arpawong, T. E., Sun, P., Tsai, J., Rohrbach, L. A., & Spruijt‐Metz, D. (2014). Prevalence and co-occurrence of addictive behaviors among former alternative high school youth. Journal of Behavioral Addictions, 3(1), 33–40. https://doi.org/10.1556/jba.3.2014.005",10.1556/jba.3.2014.005,https://doi.org/10.1556/jba.3.2014.005,"Tsai, J., Huh, J. (2016). Prevalence and Co-Occurrence of Addictive Behaviors Among Russian and Spanish Youth. Journal of Drug Education, 46(1-2), 32-46.",10.1177/0047237917704635,https://doi.org/10.1177/0047237917704635,"Recently, an addiction matrix measure was assessed among U.S. former alternative high school youth. This presentation seeks to examine the generalizability of findings using this measure among Russian and Spanish high school adolescents. Latent class analysis was used to explore addiction subgroups among adolescents in Russia (average age = 16.27; n = 715) and Spain (average age = 14.9; n = 811). Last 30-day prevalence of one or more of 11 addictions reviewed in the previous work was the primary focus (i.e., cigarettes, alcohol, hard drugs, eating, gambling, Internet, love, sex, exercise, work, and shopping) among Russian youth, and last-30 prevalence of one or more of 8 addictions among Spanish youth (the three drug use items had not been included in the questionnaire for these youths). Results confirmed a two-class model (addicted class and non-addicted class) among both Russian and Spanish adolescents. The mean number of addictions reported was 1.39 ( SD = 1.78) addictions among Russian youth and 1.56 ( SD = 1.68) addictions among Spanish youth. The prevalence of the sample that constituted the “addicted group” in Russia and Spain was 32.2% and 28.6%, respectively. The most prevalent addictions (i.e., love, Internet, exercise) were similar. These results are similar to the findings previously reported for U.S. sample. Latent class structures for addictive behaviors are similar across international adolescent populations. Our results highlight the need to address multiple addictions in health education programming.",successful,These results are similar to the findings previously reported for U.S. sample. Latent class structures for addictive behaviors are similar across international adolescent populations.,abstract,"flora-extractor offline run 2026-09-21 (works outside the survivor pool); link_method=llm_references, link_confidence=high. Corroborated by the Metascience Observatory: same original DOI and same outcome (success). Recently, an addiction matrix measure was assessed among U.S. former alternative high school youth. This presentation seeks to examine the generalizability of findings using this measure among Russian",,2016,,AI,,,,,
"Breen, E. C., Fatahi, S., Epeldegui, M., Boscardin, W. J., Detels, R., & nez-Maza, O. M. i. (2006). Elevated Serum Soluble CD30 Precedes the Development of AIDS-Associated Non-Hodgkin’s B Cell Lymphoma. Tumor Biology, 27(4), 187–194. https://doi.org/10.1159/000093022",10.1159/000093022,https://doi.org/10.1159/000093022,"Purdue, M. P., Lan, Q. (2009). A prospective study of serum soluble CD30 concentration and risk of non-Hodgkin lymphoma. Blood, 114(13), 2730-2732.",10.1182/blood-2009-04-217521,https://doi.org/10.1182/blood-2009-04-217521,"Prediagnostic serum concentration of soluble CD30 (sCD30), a marker for chronic B-cell stimulation, has been associated with increased risk of developing AIDS-related non-Hodgkin lymphoma (NHL) in a recent study of HIV(+) patients. To investigate among healthy persons whether serum sCD30 is associated with NHL risk, we carried out a nested case-control study within the Prostate, Lung, Colorectal and Ovarian Cancer Screening Trial. There was a strong dose-response relationship between prediagnostic sCD30 concentration and NHL risk among 234 cases and 234 individually matched controls (odds ratio [95% confidence interval] for second, third, and fourth quartiles vs first quartile: 1.4 [0.8-2.6], 2.2 [1.2-4.1], 4.1 [2.2-7.8]; P(trend) < .001), which persisted among cases diagnosed 6 to 10 years after providing a blood sample. Given that a similar relationship has been observed among HIV(+) patients, our findings suggest that chronic B-cell stimulation may be an important mechanism involved in B-cell lymphomagenesis among severely immunocompromised and healthy populations alike.",successful,"There was a strong dose-response relationship between prediagnostic sCD30 concentration and NHL risk among 234 cases and 234 individually matched controls (odds ratio [95% confidence interval] for second, third, and fourth quartiles vs first quartile: 1.4 [0.8-2.6], 2.2 [1.2-4.1], 4.1 [2.2-7.8]; P(trend) < .001), which persisted among cases diagnosed 6 to 10 years after providing a blood sample. Given that a similar relationship has been observed among HIV(+) patients, our findings suggest that chronic B-cell stimulation may be an important mechanism involved in B-cell lymphomagenesis among severely immunocompromised and healthy populations alike.",abstract,"flora-extractor offline run 2026-09-21 (works outside the survivor pool); link_method=llm_references, link_confidence=high. Corroborated by the Metascience Observatory: same original DOI and same outcome (success). Prediagnostic serum concentration of soluble CD30 (sCD30), a marker for chronic B-cell stimulation, has been associated with increased risk of developing AIDS-related non-Hodgkin lymphoma (NHL) in a r",,2009,,AI,,,,,
"Fernández‐Arquero, M., Arroyo, R. A., Rubio, A. R., Martín, C.E. S., Vigil, P., Conejero, L., Figueredo, M. Á., & Concha, E. G. d. l. (1999). Primary association of a TNF gene polymorphism with susceptibility to multiple sclerosis. Neurology, 53(6), 1361–1361. https://doi.org/10.1212/wnl.53.6.1361",10.1212/wnl.53.6.1361,https://doi.org/10.1212/wnl.53.6.1361,"Martínez, A., Rubio, A. (2004). TNF -376A marks susceptibility to MS in the Spanish population. Neurology, 62(5), 809-810.",10.1212/01.wnl.0000113722.93895.8b,https://doi.org/10.1212/01.wnl.0000113722.93895.8b,"This study was designed as a reappraisal of the association between the TNF-376A promoter polymorphism and susceptibility to multiple sclerosis found in the Spanish population but not in other populations. With a new dataset of patients (n = 241) and control subjects (n = 288), the association was confirmed (p = 0.018). The authors' data suggest that this association is specific of the Spanish white (or related) population or, alternatively, that only studies in their population have the adequate statistical power because of the higher frequency of an extended, conserved haplotype carrying the TNF-376A allele.",successful,"With a new dataset of patients (n = 241) and control subjects (n = 288), the association was confirmed (p = 0.018).",abstract,"flora-extractor offline run 2026-09-21 (works outside the survivor pool); link_method=llm_references, link_confidence=high. Corroborated by the Metascience Observatory: same original DOI and same outcome (success). This study was designed as a reappraisal of the association between the TNF-376A promoter polymorphism and susceptibility to multiple sclerosis found in the Spanish population but not in other populat",,2004,,AI,,,,,
"Oster, E. (2005). Hepatitis B and the Case of the Missing Women. Journal of Political Economy, 113(6), 1163–1216. https://doi.org/10.1086/498588",10.1086/498588,https://doi.org/10.1086/498588,"Lin, M., Luoh, M. (2008). Can Hepatitis B Mothers Account for the Number of Missing Women? Evidence from Three Million Newborns in Taiwan. American Economic Review, 98(5), 2259-2273.",10.1257/aer.98.5.2259,https://doi.org/10.1257/aer.98.5.2259,"The “missing women” phenomenon in many Asian countries has previously been regarded as the result of son preference. However, some studies have argued half of the missing women can be explained by infection with Hepatitis B virus (HBV). We demonstrate that the probability of having a male birth is only slightly higher for HBV mothers than for mothers without HBV. The sex ratio at birth rises for the higher birth order and that in families where the first two children are female. Our findings suggest that HBV status has little impact on the missing women phenomenon. (JEL I12, J16)",failed,"However, some studies have argued half of the missing women can be explained by infection with Hepatitis B virus (HBV). We demonstrate that the probability of having a male birth is only slightly higher for HBV mothers than for mothers without HBV. Our findings suggest that HBV status has little impact on the missing women phenomenon.",abstract,"flora-extractor offline run 2026-09-21 (works outside the survivor pool); link_method=llm_references, link_confidence=high. Corroborated by the Metascience Observatory: same original DOI and same outcome (failure). However, some studies have argued half of the missing women can be explained by infection with Hepatitis B virus (HBV). We demonstrate that the probability of having a male birth is only slightly high",,2008,,AI,,,,,
"Duke, A. A., & Bègue, L. (2014). The drunk utilitarian: Blood alcohol concentration predicts utilitarian responses in moral dilemmas. Cognition, 134, 121–127. https://doi.org/10.1016/j.cognition.2014.09.006",10.1016/j.cognition.2014.09.006,https://doi.org/10.1016/j.cognition.2014.09.006,"Paruzel‐Czachura, M., Pypno‐Blajda, K. (2021). The Drunk Utilitarian Revisited: Does Alcohol Really Increase Utilitarianism in Moral Judgment?.",10.31234/osf.io/hb69x,https://doi.org/10.31234/osf.io/hb69x,"The “drunk utilitarian” phenomenon suggests that people are more likely to accept harm for the greater good when they are under the influence of alcohol. This phenomenon conflicts with the ideas that (1) acceptance of pro-sacrificial harm requires inhibitory control of automatic emotional responses to the idea of causing harm and (2) alcohol impairs inhibitory control. The current preregistered experiment aimed to provide deeper insights into the effects of alcohol on moral judgments by using a formal modeling approach to disentangle three factors in moral dilemma judgments and by distinguishing between instrumental harm and impartial beneficence as two distinct dimensions of utilitarian psychology. Despite the use of a substantially larger sample and higher doses of alcohol compared to the ones in prior studies, alcohol had no significant effect on moral judgments. The results pose a challenge to the idea that alcohol increases utilitarianism in moral judgments.",failed,"Despite the use of a substantially larger sample and higher doses of alcohol compared to the ones in prior studies, alcohol had no significant effect on moral judgments. The results pose a challenge to the idea that alcohol increases utilitarianism in moral judgments.",abstract,"flora-extractor offline run 2026-09-21 (works outside the survivor pool); link_method=llm_references, link_confidence=high. Corroborated by the Metascience Observatory: same original DOI and same outcome (failure). The Drunk Utilitarian Revisited: Does Alcohol Really Increase Utilitarianism in Moral Judgment?",,2021,,AI,,,,,
"Kerzel, D., & Bekkering, H. (2000). Motor activation from visible speech: Evidence from stimulus response compatibility.. Journal of Experimental Psychology Human Perception & Performance, 26(2), 634–647. https://doi.org/10.1037/0096-1523.26.2.634",10.1037/0096-1523.26.2.634,https://doi.org/10.1037/0096-1523.26.2.634,"Galantucci, B., Fowler, C. A. (2009). Perceptuomotor compatibility effects in speech. Attention Perception & Psychophysics, 71(5), 1138-1149.",10.3758/app.71.5.1138,https://doi.org/10.3758/app.71.5.1138,"Kerzel and Bekkering (2000) found perceptuomotor compatibility effects between spoken syllables and visible speech gestures and interpreted them as evidence in favor of the distinctive claim of the motor theory of speech perception that the motor system is recruited for perceiving speech. We present three experiments aimed at testing this interpretation. In Experiment 1, we replicated the original findings by Kerzel and Bekkering but with audible syllables. In Experiments 2 and 3, we tested the results of Experiment 1 under more stringent conditions, with different materials and different experimental designs. In all of our experiments, we found the same result: Perceiving syllables affects uttering syllables. The result is consistent both with the results of a number of other behavioral and neural studies related to speech and with more general findings of perceptuomotor interactions. Taken together, these studies provide evidence in support of the motor theory claim that the motor system is recruited for perceiving speech.",successful,"In Experiment 1, we replicated the original findings by Kerzel and Bekkering but with audible syllables.",abstract,"flora-extractor offline run 2026-09-21 (works outside the survivor pool); link_method=llm_title_search, link_confidence=low. Corroborated by the Metascience Observatory: same original DOI and same outcome (success). In Experiment 1, we replicated the original findings by Kerzel and Bekkering but with audible syllables. | target named but unmatched to any record; picked by gpt-5.6-luna from 2 candidate(s) (crossre",,2009,,AI,,,,,
"Carrasco, M., Ling, S., & Read, S. (2004). Attention alters appearance. Nature Neuroscience, 7(3), 308–313. https://doi.org/10.1038/nn1194",10.1038/nn1194,https://doi.org/10.1038/nn1194,"Ling, S., Carrasco, M. (2007). Transient covert attention does alter appearance: A reply to Schneider (2006). Perception & Psychophysics, 69(6), 1051-1058.",10.3758/bf03193943,https://doi.org/10.3758/bf03193943,"We recently demonstrated that transient covert attention increases the apparent contrast of a stimulus (Carrasco, Ling, & Read, 2004). Schneider (2006) proposes that the observed increase in apparent contrast is largely due to sensory interactions occurring between the precue a nd stimulus,rather than to attention. Specifically, hereports that cuing effects only occur at contrasts ne ar detection threshold, and that there a re confounding sensoryinteractions between the cue and stimulus at suprathreshold detection contrasts. Our response is twofold. First, we outline the key methodological differences between our original study and Schneider's that are likely to account for the different results, and explain how we had ruled out the sensory interaction explanation of the cue. Second, we directly test the prediction put forth by Schneider. If the effects were due to sensory interactions, reversing the luminance polarity of the precue in our paradigm should lead to differential cuing effects. We replicate one of the experiments of our original study and add a condition in which the cue luminance is either black or white. Our results replicated our previous findings-they showed an increase in apparent contrast to a high-contrast stimulus when it was precued. Moreover, we found that the black cue and the white cue had the same effect, thus ruling out the alternative explanation proposed by Schneider. Transient attention does alter contrast appearance.",successful,Our results replicated our previous findings-they showed an increase in apparent contrast to a high-contrast stimulus when it was precued.,abstract,"flora-extractor offline run 2026-09-21 (works outside the survivor pool); link_method=llm_cited_candidates, link_confidence=high. Corroborated by the Metascience Observatory: same original DOI and same outcome (success). We replicate one of the experiments of our original study and add a condition in which the cue luminance is either black or white.",,2007,,AI,,,,,
"Pexman, P. M., Lupker, S. J., & Hino, Y. (2002). The impact of feedback semantics in visual word recognition: Number-of-features effects in lexical decision and naming tasks. Psychonomic Bulletin & Review, 9(3), 542–549. https://doi.org/10.3758/bf03196311",10.3758/bf03196311,https://doi.org/10.3758/bf03196311,"Pexman, P. M., Holyk, G. G. (2003). Number-of-features effects and semantic processing. Memory & Cognition, 31(6), 842-855.",10.3758/bf03196439,https://doi.org/10.3758/bf03196439,"Participants list many semantic features for some concrete nouns (e.g., lion) and fewer for others (e.g., lime; McRae, de Sa, & Seidenberg, 1997). Pexman, Lupker, and Hino (2002) reported faster lexical decision and naming responses for high number of features (NOF) words than for low-NOF words. In the present research, we investigated the impact of NOF on semantic processing. We observed NOF effects in a self-paced reading task when prior context was not congruent with the target word (Experiment 1) and in a semantic categorization task (concrete vs. abstract; Experiment 2A). When we narrowed our stimuli to include high- and low-NOF words from a single category (birds), we found substantial NOF effects that were modulated by the specificity of the categorization task (Experiments 3A, 3B, and 3C). We argue that these results provide support for distributed representation of word meaning.",successful,"Pexman, Lupker, and Hino (2002) reported faster lexical decision and naming responses for high number of features (NOF) words than for low-NOF words. In the present research, we investigated the impact of NOF on semantic processing. We observed NOF effects in a self-paced reading task when prior context was not congruent with the target word (Experiment 1) and in a semantic categorization task (concrete vs. abstract; Experiment 2A). When we narrowed our stimuli to include high- and low-NOF words from a single category (birds), we found substantial NOF effects that were modulated by the specificity of the categorization task (Experiments 3A, 3B, and 3C).",abstract,"flora-extractor offline run 2026-09-21 (works outside the survivor pool); link_method=llm_cited_candidates, link_confidence=high. Corroborated by the Metascience Observatory: same original DOI and same outcome (success). Pexman, Lupker, and Hino (2002) reported faster lexical decision and naming responses for high number of features (NOF) words than for low-NOF words. In the present research, we investigated the impac",,2003,,AI,,,,,
"Besner, D., & Stolz, J. A. (1999). What kind of attention modulates the Stroop effect?. Psychonomic Bulletin & Review, 6(1), 99–104. https://doi.org/10.3758/bf03210815",10.3758/bf03210815,https://doi.org/10.3758/bf03210815,"Manwell, L., Roberts, M. A. (2004). Single letter coloring and spatial cuing eliminates a semantic contribution to the Stroop effect. Psychonomic Bulletin & Review, 11(3), 458-462.",10.3758/bf03196595,https://doi.org/10.3758/bf03196595,"Previous work has shown that the Stroop effect is reduced in size when a single letter is colored and spatially precued. The present experiment addresses a number of criticisms of this work by (1) providing a direct measure of semantic processing, (2) using a vocal response instead of a manual one, and (3) using a more appropriate baseline. A semantically based Stroop effect (slower color naming for color-associated words than for color-neutral words) is observed when all letters in the display are precued and appear in a homogeneous color. This Stroop effect is statistically eliminated when a single letter is precued and is the ""odd man out"" in terms of its color. Two explanations are considered. In one, single-letter coloring and cuing serve to curtail semantic processing. In the other, single-letter coloring and cuing help to keep the informational sources (i.e, color, word) separate and hence reduce interference, but semantic analysis is not curtailed. The latter account provides a more complete account of existing data.",statistically_successful_but_fundamentally_flawed,"This Stroop effect is statistically eliminated when a single letter is precued and is the ""odd man out"" in terms of its color. Two explanations are considered. In one, single-letter coloring and cuing serve to curtail semantic processing. In the other, single-letter coloring and cuing help to keep the informational sources (i.e, color, word) separate and hence reduce interference, but semantic analysis is not curtailed. The latter account provides a more complete account of existing data.",abstract,"flora-extractor offline run 2026-09-21 (works outside the survivor pool); link_method=llm_title_search, link_confidence=low. Corroborated by the Metascience Observatory: same original DOI and same outcome (inconclusive). Previous work has shown that the Stroop effect is reduced in size when a single letter is colored and spatially precued. The present experiment addresses a number of criticisms of this work by (1) pro",,2004,,AI,,,,,
"Eich, E. (1984). Memory for unattended events: Remembering with and without awareness. Memory & Cognition, 12(2), 105–111. https://doi.org/10.3758/bf03198423",10.3758/bf03198423,https://doi.org/10.3758/bf03198423,"Wood, N. L., Stadler, M. A. (1997). Is there implicit memory without attention? A reexamination of task demands in Eich’s (1984) procedure. Memory & Cognition, 25(6), 772-779.",10.3758/bf03211320,https://doi.org/10.3758/bf03211320,"The relation between memory and attention has been of long-standing interest. Eich (1984) made an important discovery of implicit but not explicit memory for contextually determined homophones (e.g., taxi-FARE) presented in a channel to be ignored within a selective listening procedure. However, his slow rate of presentation of shadowing task materials may have allowed frequent attention shifts to the allegedly ignored channel. With a direct replication of Eich's timing parameters, we reproduced his results, but when the attended channel was presented twice as fast as Eich's, implicit memory for the to-be-ignored words vanished. Our results contradict claims of extensive semantic processing of unattended auditory information in this task.",mixed,"With a direct replication of Eich's timing parameters, we reproduced his results, but when the attended channel was presented twice as fast as Eich's, implicit memory for the to-be-ignored words vanished.",abstract,"flora-extractor offline run 2026-09-21 (works outside the survivor pool); link_method=llm_cited_candidates, link_confidence=high. Corroborated by the Metascience Observatory: same original DOI and same outcome (inconclusive). With a direct replication of Eich's timing parameters, we reproduced his results, but when the attended channel was presented twice as fast as Eich's, implicit memory for the to-be-ignored words vanis",,1997,,AI,,,,,
"Mann, V. A. (1980). Influence of preceding liquid on stop-consonant perception. Perception & Psychophysics, 28(5), 407–412. https://doi.org/10.3758/bf03204884",10.3758/bf03204884,https://doi.org/10.3758/bf03204884,"Fowler, C. A., Best, C. T. (1990). Young infants’ perception of liquid coarticulatory influences on following stop consonants. Perception & Psychophysics, 48(6), 559-570.",10.3758/bf03211602,https://doi.org/10.3758/bf03211602,"Phonetic segments are coarticulated in speech. Accordingly, the articulatory and acoustic properties of the speech signal during the time frame traditionally identified with a given phoneme are highly context-sensitive. For example, due to carryover coarticulation, the front tongue-tip position for /1/ results in more fronted tongue-body contact for a /g/ preceded by /1/ than for a /g/ preceded by /r/. Perception by mature listeners shows a complementary sensitivity--when a synthetic /da/-/ga/ continuum is preceded by either /al/ or /ar/, adults hear more /g/s following /l/ rather than /r/. That is, some of the fronting information in the temporal domain of the stop is perceptually attributed to /l/ (Mann, 1980). We replicated this finding and extended it to a signal-detection test of discrimination with adults, using triads of disyllables. Three equidistant items from a /da/-/ga/ continuum were used preceded by /al/ and /ar/. In the identification test, adults had identified item ga5 as ""ga,' and dal as ""da,' following both /al/ and /ar/, whereas they identified the crucial item d/ga3 predominantly as ""ga' after /al/ but as ""da' after /ar/. In the discrimination test, they discriminated d/ga3 from da1 preceded by /al/ but not /ar/; compatibly, they discriminated d/ga3 readily from ga5 preceded by /ar/ but poorly preceded by /al/. We obtained similar results with 4-month-old infants. Following habituation to either ald/ga3 or ard/ga3, infants heard either the corresponding ga5 or da1 disyllable. As predicted, the infants discriminated d/ga3 from da1 following /al/ but not /ar/; conversely, they discriminated d/ga3 from ga5 following /ar/ but not /al/. The results suggest that prelinguistic infants disentangle consonant-consonant coarticulatory influences in speech in an adult-like fashion.",successful,"We replicated this finding and extended it to a signal-detection test of discrimination with adults, using triads of disyllables.",abstract,"flora-extractor offline run 2026-09-21 (works outside the survivor pool); link_method=llm_references, link_confidence=high. Corroborated by the Metascience Observatory: same original DOI and same outcome (success). We replicated this finding and extended it to a signal-detection test of discrimination with adults, using triads of disyllables.",,1990,,AI,,,,,
"Markman, A. B., Maddox, W. T., & Worthy, D. A. (2006). Choking and Excelling Under Pressure. Psychological Science, 17(11), 944–948. https://doi.org/10.1111/j.1467-9280.2006.01809.x",10.1111/j.1467-9280.2006.01809.x,https://doi.org/10.1111/j.1467-9280.2006.01809.x,"Worthy, D. A., Markman, A. B. (2009). What is pressure? Evidence for social pressure as a type of regulatory focus. Psychonomic Bulletin & Review, 16(2), 344-349.",10.3758/pbr.16.2.344,https://doi.org/10.3758/pbr.16.2.344,"Previous research (Markman, Maddox, & Worthy, 2006) suggests that pressure leads to choking when one is learning to classify items on the basis of an explicit rule, but it leads to excelling when one is learning to classify items on the basis of an implicit strategy. In this article, we relate social pressure to regulatory focus theory. We propose that the effects of pressure on performance arise because pressure induces a prevention focus that interacts with the more local reward structure of the task. To test this hypothesis, we repeated previous research, but using a losses reward structure, so that participants under pressure were in a regulatory fit. We also successfully replicated previous results by using a gains reward structure. In contrast with participants who attempted to maximize gains on each trial, participants who attempted to minimize losses choked on the implicit-learning task but excelled on the explicit-learning task. The results suggest a three-way interaction between pressure level, task type, and reward structure.",successful,We also successfully replicated previous results by using a gains reward structure.,abstract,"flora-extractor offline run 2026-09-21 (works outside the survivor pool); link_method=llm_cited_candidates, link_confidence=high. Corroborated by the Metascience Observatory: same original DOI and same outcome (success). Previous research (Markman, Maddox, & Worthy, 2006) suggests that pressure leads to choking when one is learning to classify items on the basis of an explicit rule, but it leads to excelling when one",,2009,,AI,,,,,
"Manwell, L., Roberts, M. A., & Besner, D. (2004). Single letter coloring and spatial cuing eliminates a semantic contribution to the Stroop effect. Psychonomic Bulletin & Review, 11(3), 458–462. https://doi.org/10.3758/bf03196595",10.3758/bf03196595,https://doi.org/10.3758/bf03196595,"Augustinova, M., Flaudias, V. (2010). Single-letter coloring and spatial cuing do not eliminate or reduce a semantic contribution to the Stroop effect. Psychonomic Bulletin & Review, 17(6), 827-833.",10.3758/pbr.17.6.827,https://doi.org/10.3758/pbr.17.6.827,"The automaticity of semantic activation in the Stroop task is still the subject of considerable debate (Augustinova & Ferrand, 2007; Manwell, Roberts, & Besner, 2004). The present experiments were designed to assess whether coloring and cuing a single letter (vs. all letters) in the Stroop task reliably eliminates semantically based Stroop interference or whether the elimination observed by Manwell et al. was due to insufficient statistical power. Experiment 1 was an exact replication of the experiment conducted by Manwell and colleagues and involved a large population. Experiment 2 replicated and extended Experiment 1 by controlling for initial fixation. In line with previous findings obtained by Augustinova and Ferrand, both experiments indicated that coloring and cuing a single letter failed to eliminate or even reduce the semantically based Stroop effect. Thus, these results add to the growing body of evidence suggesting that semantic activation in the Stroop task is automatic.",failed,"The present experiments were designed to assess whether coloring and cuing a single letter (vs. all letters) in the Stroop task reliably eliminates semantically based Stroop interference or whether the elimination observed by Manwell et al. was due to insufficient statistical power. Experiment 1 was an exact replication of the experiment conducted by Manwell and colleagues and involved a large population. Experiment 2 replicated and extended Experiment 1 by controlling for initial fixation. In line with previous findings obtained by Augustinova and Ferrand, both experiments indicated that coloring and cuing a single letter failed to eliminate or even reduce the semantically based Stroop effect.",abstract,"flora-extractor offline run 2026-09-21 (works outside the survivor pool); link_method=llm_cited_candidates, link_confidence=high. Corroborated by the Metascience Observatory: same original DOI and same outcome (failure). The present experiments were designed to assess whether coloring and cuing a single letter (vs. all letters) in the Stroop task reliably eliminates semantically based Stroop interference or whether th",,2010,,AI,,,,,
"Turk‐Browne, N. B., Junge, J. A., & Scholl, B. J. (2005). The Automaticity of Visual Statistical Learning.. Journal of Experimental Psychology General, 134(4), 552–564. https://doi.org/10.1037/0096-3445.134.4.552",10.1037/0096-3445.134.4.552,https://doi.org/10.1037/0096-3445.134.4.552,"Musz, E., Weber, M. J. (2014). Visual statistical learning is not reliably modulated by selective attention to isolated events. Attention Perception & Psychophysics, 77(1), 78-96.",10.3758/s13414-014-0757-5,https://doi.org/10.3758/s13414-014-0757-5,"Recent studies of visual statistical learning (VSL) have indicated that the visual system can automatically extract the temporal and spatial relationships between objects. We report several attempts to replicate and extend earlier work (Journal of Experimental Psychology: General, 134, 552-564, 2005) in which observers performed a cover task on one of two interleaved stimulus sets, resulting in the learning of temporal relationships that occurred in the attended stream, but not those present in the unattended stream. Across four experiments, we exposed observers to similar or identical familiarization protocols, directing attention to one of two interleaved stimulus sets; afterward, we assessed the VSL efficacy for both sets using either implicit response time measures or explicit familiarity judgments. In line with prior work, we observed learning for the attended stimulus set. However, unlike in previous reports, we also observed learning for the unattended stimulus set. When instructed to selectively attend to only one of the stimulus sets and ignore the other set, observers could extract temporal regularities for both sets. Our efforts to experimentally decrease this effect by changing the cover task (Exp. 1) or the complexity of the statistical regularities (Exp. 3) were unsuccessful. A fourth experiment using a different assessment of learning likewise failed to show an attentional effect. Simulations drawing random samples from our first three experiments (n = 64) confirmed that the distribution of attentional effects in our sample closely approximated the null. We offer several potential explanations for our failure to replicate earlier findings and discuss how our results suggest limiting conditions on the relevance of attention to VSL.",failed,"However, unlike in previous reports, we also observed learning for the unattended stimulus set. When instructed to selectively attend to only one of the stimulus sets and ignore the other set, observers could extract temporal regularities for both sets.",abstract,"flora-extractor offline run 2026-09-21 (works outside the survivor pool); link_method=llm_references, link_confidence=high. Corroborated by the Metascience Observatory: same original DOI and same outcome (failure). We report several attempts to replicate and extend earlier work (Journal of Experimental Psychology: General, 134, 552-564, 2005) in which observers performed a cover task on one of two interleaved st",,2015,,AI,,,,,
"Zimmermann, E., Morrone, M. C., & Burr, D. C. (2013). Spatial Position Information Accumulates Steadily over Time. Journal of Neuroscience, 33(47), 18396–18401. https://doi.org/10.1523/jneurosci.1864-13.2013",10.1523/jneurosci.1864-13.2013,https://doi.org/10.1523/jneurosci.1864-13.2013,"Collins, T. (2016). The spatiotopic representation of visual objects across time. Attention Perception & Psychophysics, 78(6), 1531-1537.",10.3758/s13414-016-1155-y,https://doi.org/10.3758/s13414-016-1155-y,"Each eye movement introduces changes in the retinal location of objects. How a stable spatiotopic representation emerges from such variable input is an important question for the study of vision. Researchers have classically probed human observers' performance in a task requiring a location judgment about an object presented at different locations across a saccade. Correct performance on this task requires realigning or remapping retinal locations to compensate for the saccade. A recent study showed that performance improved with longer presaccadic viewing time, suggesting that accurate spatiotopic representations take time to build up. The first goal of the study was to replicate that finding. Two experiments, one an exact replication and the second a modified version, failed to replicate improved performance with longer presaccadic viewing time. The second goal of this study was to examine the role of attention in constructing spatiotopic representations, as theoretical and neurophysiological accounts of remapping have proposed that only attended targets are remapped. A third experiment thus manipulated attention with a spatial cueing paradigm and compared transsaccadic location performance of attended versus unattended targets. No difference in spatiotopic performance was found between attended and unattended targets. Although only negative results are reported, they might nevertheless suggest that spatiotopic representations are relatively stable over time.",failed,"A recent study showed that performance improved with longer presaccadic viewing time, suggesting that accurate spatiotopic representations take time to build up. The first goal of the study was to replicate that finding. Two experiments, one an exact replication and the second a modified version, failed to replicate improved performance with longer presaccadic viewing time.",abstract,"flora-extractor offline run 2026-09-21 (works outside the survivor pool); link_method=llm_references, link_confidence=high. Corroborated by the Metascience Observatory: same original DOI and same outcome (failure). A recent study showed that performance improved with longer presaccadic viewing time, suggesting that accurate spatiotopic representations take time to build up. The first goal of the study was to rep",,2016,,AI,,,,,
"Awh, E., Sgarlata, A. M., & Kliestik, J. (2005). Resolving Visual Interference During Covert Spatial Orienting: Online Attentional Control Through Static Records of Prior Visual Experience.. Journal of Experimental Psychology General, 134(2), 192–206. https://doi.org/10.1037/0096-3445.134.2.192",10.1037/0096-3445.134.2.192,https://doi.org/10.1037/0096-3445.134.2.192,"Scolari, M., Awh, E. (2019). Object-based biased competition during covert spatial orienting. Attention Perception & Psychophysics, 81(5), 1366-1385.",10.3758/s13414-018-01656-6,https://doi.org/10.3758/s13414-018-01656-6,"Biased-competition models assert that spatial attention facilitates visual perception by biasing competitive interactions in favor of relevant input. In line with this view, past work has shown that the benefits of covert spatial attention are greatest when targets must compete with interfering stimuli. Here we propose a boundary condition for the resolution of interference via exogenous attention: Attention resolves visual interference between targets and distractors, but only when they can be individuated into distinct representations. Thus, we propose that biased competition may be object-based. We replicated previous observations of larger attention effects when targets were flanked by irrelevant distractors (interference-present displays) than when targets were presented alone (interference-absent displays). Critically, we then showed that this amplification of cueing effects in the presence of interference is eliminated when strong crowding hampers individuation of the targets and distractors. Likewise, when targets were embedded within a noise mask that did not evoke the percept of an individuated distractor, the attention effects were equivalent across noise and lone-target displays. Thus, we conclude that exogenous spatial attention resolves interference in an object-based fashion that depends on the perception of individuated targets and distractors.",successful,We replicated previous observations of larger attention effects when targets were flanked by irrelevant distractors (interference-present displays) than when targets were presented alone (interference-absent displays).,abstract,"flora-extractor offline run 2026-09-21 (works outside the survivor pool); link_method=llm_references, link_confidence=high. Corroborated by the Metascience Observatory: same original DOI and same outcome (success). We replicated previous observations of larger attention effects when targets were flanked by irrelevant distractors (interference-present displays) than when targets were presented alone (interference",,2019,,AI,,,,,
"Sato, A., & Itakura, S. (2013). Intersubjective action-effect binding: Eye contact modulates acquisition of bidirectional association between our and others’ actions. Cognition, 127(3), 383–390. https://doi.org/10.1016/j.cognition.2013.02.010",10.1016/j.cognition.2013.02.010,https://doi.org/10.1016/j.cognition.2013.02.010,"Riechelmann, E., Weller, L. (2019). Revisiting intersubjective action-effect binding: No evidence for social moderators. Attention Perception & Psychophysics, 81(6), 1991-2002.",10.3758/s13414-019-01715-6,https://doi.org/10.3758/s13414-019-01715-6,"Effect-based accounts of human action control have recently highlighted the possibility of representing one's own actions in terms of anticipated changes in the behavior of social interaction partners. In contrast to action effects that pertain to the agent's body or the agent's physical environment, social action effects have been proposed to come with peculiarities inherent to their social nature. Here, we revisit the currently most prominent demonstration of such a peculiarity: the role of eye contact for action-effect learning in social contexts (Sato & Itakura, 2013, Cognition, 127, 383-390). In contrast to the previous demonstration of action-effect learning, a conceptual and a direct replication both yielded evidence for the absence of action-effect learning in the proposed design, irrespective of eye contact. Bayesian statistics supported this claim by demonstrating evidence in favor of the null hypothesis of no effect. These results suggest a limited generalizability of the original findings-for example, due to limitations that are inherent in the proposed study design or due to cultural differences.",failed,"In contrast to the previous demonstration of action-effect learning, a conceptual and a direct replication both yielded evidence for the absence of action-effect learning in the proposed design, irrespective of eye contact. Bayesian statistics supported this claim by demonstrating evidence in favor of the null hypothesis of no effect.",abstract,"flora-extractor offline run 2026-09-21 (works outside the survivor pool); link_method=llm_cited_candidates, link_confidence=high. Corroborated by the Metascience Observatory: same original DOI and same outcome (failure). Here, we revisit the currently most prominent demonstration of such a peculiarity: the role of eye contact for action-effect learning in social contexts (Sato & Itakura, 2013, Cognition, 127, 383-390)",,2019,,AI,,,,,
"Geddert, R., & Egner, T. (2022). No need to choose: Independent regulation of cognitive stability and flexibility challenges the stability-flexibility trade-off.. Journal of Experimental Psychology General, 151(12), 3009–3027. https://doi.org/10.1037/xge0001241",10.1037/xge0001241,https://doi.org/10.1037/xge0001241,"Geddert, R., Egner, T. (2024). Contextual control demands determine whether stability and flexibility trade off against each other. Attention Perception & Psychophysics, 86(7), 2529-2551.",10.3758/s13414-024-02955-x,https://doi.org/10.3758/s13414-024-02955-x,"Cognitive stability, the ability to focus on a current task, and cognitive flexibility, the ability to switch between different tasks, are traditionally conceptualized as opposing end-points on a one-dimensional continuum. This assumption obligates a stability-flexibility trade-off - greater stability equates to less flexibility, and vice versa. In contrast, a recent cued task-switching study suggested that stability and flexibility can be regulated independently, evoking a two-dimensional perspective where trade-offs are optional (Geddert & Egner, Journal of Experimental Psychology: General, 151, 3009-3027, 2022). This raises the question of under what circumstances trade-offs occur. We here tested the hypothesis that trade-offs are guided by cost-of-control considerations whereby stability and flexibility trade off in contexts that selectively promote stability or flexibility, but not when neither or both are promoted. This proposal was probed by analyzing whether a trial-level metric of a stability-flexibility trade-off, an interaction between task-rule congruency and task sequence, varied as a function of a broader block-level context that independently varied demands on stability or flexibility by manipulating the proportion of incongruent and switch trials, respectively. In Experiment 1, we reanalyzed data from Geddert and Egner, Journal of Experimental Psychology: General, 151, 3009-3027, (2022); Experiment 2 was a conceptual replication with a design tweak that controlled for potential confounds due to local trial history effects. The experiments produced robust evidence for independent stability and flexibility adaptation, and for a context-dependent expression of trial-level stability-flexibility trade-offs that generally conformed to the cost-of-control predictions. The current study thus documents that stability-flexibility trade-offs are not obligatory but arise in contexts where either stability or flexibility are selectively encouraged.",successful,"The experiments produced robust evidence for independent stability and flexibility adaptation, and for a context-dependent expression of trial-level stability-flexibility trade-offs that generally conformed to the cost-of-control predictions. The current study thus documents that stability-flexibility trade-offs are not obligatory but arise in contexts where either stability or flexibility are selectively encouraged.",abstract,"flora-extractor offline run 2026-09-21 (works outside the survivor pool); link_method=llm_references, link_confidence=high. Corroborated by the Metascience Observatory: same original DOI and same outcome (success). In Experiment 1, we reanalyzed data from Geddert and Egner, Journal of Experimental Psychology: General, 151, 3009-3027, (2022); Experiment 2 was a conceptual replication with a design tweak that cont",,2024,,AI,,,,,
"Jacoby, L. L., Bishara, A. J., Hessels, S., & Toth, J. P. (2005). Aging, Subjective Experience, and Cognitive Control: Dramatic False Remembering by Older Adults.. Journal of Experimental Psychology General, 134(2), 131–148. https://doi.org/10.1037/0096-3445.134.2.131",10.1037/0096-3445.134.2.131,https://doi.org/10.1037/0096-3445.134.2.131,"Failes, E., Sommers, M. S. (2020). Blurring past and present: Using false memory to better understand false hearing in young and older adults. Memory & Cognition, 48(8), 1403-1416.",10.3758/s13421-020-01068-8,https://doi.org/10.3758/s13421-020-01068-8,"A number of recent studies have shown that older adults are more susceptible to context-based misperceptions in hearing (Rogers, Jacoby, & Sommers, Psychology and Aging, 27, 33-45, 2012; Sommers, Morton, & Rogers, Remembering: Attributions, Processes, and Control in Human Memory [Essays in Honor of Larry Jacoby], pp. 269-284, 2015) than are young adults. One explanation for these age-related increases in what we term false hearing is that older adults are less able than young individuals to inhibit a prepotent response favored by context. A similar explanation has been proposed for demonstrations of age-related increases in false memory (Jacoby, Bishara, Hessels, & Toth, Journal of Experimental Psychology: General, 134, 131-148, 2005). The present study was designed to compare susceptibility to false hearing and false memory in a group of young and older adults. In Experiment 1, we replicated the findings of past studies demonstrating increased frequency of false hearing in older, relative to young, adults. In Experiment 2, we demonstrated older adults' increased susceptibility to false memory in the same sample. Importantly, we found that participants who were more prone to false hearing also tended to be more prone to false memory, supporting the idea that the two phenomena share a common mechanism. The results are discussed within the framework of a capture model, which differentiates between context-based responding resulting from failures of cognitive control and context-based guessing.",successful,"In Experiment 2, we demonstrated older adults' increased susceptibility to false memory in the same sample.",abstract,"flora-extractor offline run 2026-09-21 (works outside the survivor pool); link_method=llm_title_search, link_confidence=low. Corroborated by the Metascience Observatory: same original DOI and same outcome (success). A similar explanation has been proposed for demonstrations of age-related increases in false memory (Jacoby, Bishara, Hessels, & Toth, Journal of Experimental Psychology: General, 134, 131-148, 2005).",,2020,,AI,,,,,
"Rogers, C. S., Jacoby, L. L., & Sommers, M. S. (2011). Frequent false hearing by older adults: The role of age differences in metacognition.. Psychology and Aging, 27(1), 33–45. https://doi.org/10.1037/a0026231",10.1037/a0026231,https://doi.org/10.1037/a0026231,"Failes, E., Sommers, M. S. (2020). Blurring past and present: Using false memory to better understand false hearing in young and older adults. Memory & Cognition, 48(8), 1403-1416.",10.3758/s13421-020-01068-8,https://doi.org/10.3758/s13421-020-01068-8,"A number of recent studies have shown that older adults are more susceptible to context-based misperceptions in hearing (Rogers, Jacoby, & Sommers, Psychology and Aging, 27, 33-45, 2012; Sommers, Morton, & Rogers, Remembering: Attributions, Processes, and Control in Human Memory [Essays in Honor of Larry Jacoby], pp. 269-284, 2015) than are young adults. One explanation for these age-related increases in what we term false hearing is that older adults are less able than young individuals to inhibit a prepotent response favored by context. A similar explanation has been proposed for demonstrations of age-related increases in false memory (Jacoby, Bishara, Hessels, & Toth, Journal of Experimental Psychology: General, 134, 131-148, 2005). The present study was designed to compare susceptibility to false hearing and false memory in a group of young and older adults. In Experiment 1, we replicated the findings of past studies demonstrating increased frequency of false hearing in older, relative to young, adults. In Experiment 2, we demonstrated older adults' increased susceptibility to false memory in the same sample. Importantly, we found that participants who were more prone to false hearing also tended to be more prone to false memory, supporting the idea that the two phenomena share a common mechanism. The results are discussed within the framework of a capture model, which differentiates between context-based responding resulting from failures of cognitive control and context-based guessing.",successful,"In Experiment 1, we replicated the findings of past studies demonstrating increased frequency of false hearing in older, relative to young, adults.",abstract,"flora-extractor offline run 2026-09-21 (works outside the survivor pool); link_method=llm_title_search, link_confidence=low. Corroborated by the Metascience Observatory: same original DOI and same outcome (success). A number of recent studies have shown that older adults are more susceptible to context-based misperceptions in hearing (Rogers, Jacoby, & Sommers, Psychology and Aging, 27, 33-45, 2012; Sommers, Mort",,2020,,AI,,,,,
"Nunes, L., & Weinstein, Y. (2012). Testing improves true recall and protects against the build-up of proactive interference without increasing false recall. Memory, 20(2), 138–154. https://doi.org/10.1080/09658211.2011.648198",10.1080/09658211.2011.648198,https://doi.org/10.1080/09658211.2011.648198,"Ahn, D., Chan, J. C. K. (2022). Does testing enhance new learning because it insulates against proactive interference?. Memory & Cognition, 50(8), 1664-1682.",10.3758/s13421-022-01273-7,https://doi.org/10.3758/s13421-022-01273-7,"Taking a test on previously learned material can enhance new learning. One explanation for this forward testing effect is that retrieval inoculates learners from proactive interference (PI). Although this release-from-PI account has received considerable empirical support, most extant evidence is correlational rather than causal. We tested this account by manipulating the level of PI that participants experience as they studied several lists while receiving interpolated tests or not. In Experiments 1 and 2, we found that testing benefited new learning similarly regardless of PI level. These results contradict those from Nunes and Weinstein (Memory, 20(2), 138-154, 2012), who found no forward testing effect when encoding conditions minimized PI. In Experiments 3 and 4, we failed to replicate their results. Together, our data indicate that reduced PI might be a byproduct, rather than a causal factor, of the forward testing effect.",failed,"These results contradict those from Nunes and Weinstein (Memory, 20(2), 138-154, 2012), who found no forward testing effect when encoding conditions minimized PI. In Experiments 3 and 4, we failed to replicate their results.",abstract,"flora-extractor offline run 2026-09-21 (works outside the survivor pool); link_method=llm_references, link_confidence=high. Corroborated by the Metascience Observatory: same original DOI and same outcome (failure). These results contradict those from Nunes and Weinstein (Memory, 20(2), 138-154, 2012), who found no forward testing effect when encoding conditions minimized PI. In Experiments 3 and 4, we failed to",,2022,,AI,,,,,
"Shrikanth, S., Szpunar, P. M., & Szpunar, K. K. (2018). Staying positive in a dystopian future: A novel dissociation between personal and collective cognition.. Journal of Experimental Psychology General, 147(8), 1200–1210. https://doi.org/10.1037/xge0000421",10.1037/xge0000421,https://doi.org/10.1037/xge0000421,"Deng, W., Rosenblatt, A. (2022). People from the U.S. and China think about their personal and collective future differently. Memory & Cognition, 51(1), 87-100.",10.3758/s13421-022-01344-9,https://doi.org/10.3758/s13421-022-01344-9,"We investigated how people think about their personal life and their country by testing how participants in the U.S. and China think about personal and collective events in the past and future. Using a fluency task, we replicated prior research in showing that participants in the U.S. had a positivity bias toward their personal future and a negativity bias toward their country's future. In contrast, participants in China did not display a positivity or negativity bias toward either their personal or collective future. This result suggests that the valence dissociation between personal and collective future thinking is not universal. Additionally, when people considered the past in addition to the future, they displayed similar valence patterns for both temporal periods, providing evidence that people think about the past and the future similarly. We suggest political and cultural differences (such as dialectical thought) as potential explanations for the differences between countries in future thinking and memory.",successful,"Using a fluency task, we replicated prior research in showing that participants in the U.S. had a positivity bias toward their personal future and a negativity bias toward their country's future.",abstract,"flora-extractor offline run 2026-09-21 (works outside the survivor pool); link_method=llm_references, link_confidence=high. Corroborated by the Metascience Observatory: same original DOI and same outcome (success). Using a fluency task, we replicated prior research in showing that participants in the U.S. had a positivity bias toward their personal future and a negativity bias toward their country's future.",,2023,,AI,,,,,
"Nairne, J. S., Thompson, S. R., & Pandeirada, J. N. S. (2007). Adaptive memory: Survival processing enhances retention.. Journal of Experimental Psychology Learning Memory and Cognition, 33(2), 263–273. https://doi.org/10.1037/0278-7393.33.2.263",10.1037/0278-7393.33.2.263,https://doi.org/10.1037/0278-7393.33.2.263,"Cook, A. M., Klin, C. M. (2023). Surviving with story characters: What do we remember?. Memory & Cognition, 51(6), 1303-1316.",10.3758/s13421-022-01391-2,https://doi.org/10.3758/s13421-022-01391-2,"Readers simulate story characters' emotions, memories, and perceptual experiences. The current study consists of three experiments that investigated whether survival threat would amplify the mnemonic experience of a narrative. First, a replication study of Nairne et al. (Journal of Experimental Psychology: Learning, Memory, and Cognition, 33 (2), 263-273, 2007) was conducted with minor methodological alternations and yielded improved recall for participants imagining themselves in a survival scenario over a moving scenario (Experiment 1). In Experiments 2 and 3, participants read stories about a character either stranded in the grasslands or moving to a foreign land. Improved recall for objects included in the story (Experiments 2 and 3) and recognition of story details (Experiment 3) was found when the character was in a survival situation. The largest effects were observed when the reader was asked to imagine themselves as the story character (Experiment 3). Overall, readers remembered survival-relevant details as if they were experiencing the story character's plight. These results extend research showing that survival processing enhances memory for word lists (e.g., Nairne et al., Psychological Science, 19 (2), 176-180, 2008).",successful,"First, a replication study of Nairne et al. (Journal of Experimental Psychology: Learning, Memory, and Cognition, 33 (2), 263-273, 2007) was conducted with minor methodological alternations and yielded improved recall for participants imagining themselves in a survival scenario over a moving scenario (Experiment 1).",abstract,"flora-extractor offline run 2026-09-21 (works outside the survivor pool); link_method=llm_references, link_confidence=high. Corroborated by the Metascience Observatory: same original DOI and same outcome (success). First, a replication study of Nairne et al. (Journal of Experimental Psychology: Learning, Memory, and Cognition, 33 (2), 263-273, 2007) was conducted with minor methodological alternations and yielde",,2023,,AI,,,,,
"Elliot, A. J., Kayser, D. N., Greitemeyer, T., Lichtenfeld, S., Gramzow, R. H., Maier, M., & Liu, H. (2010). Red, rank, and romance in women viewing men.. Journal of Experimental Psychology General, 139(3), 399–417. https://doi.org/10.1037/a0019689",10.1037/a0019689,https://doi.org/10.1037/a0019689,"Hesslinger, V. M., Goldbach, L. (2015). Men in red: A reexamination of the red-attractiveness effect. Psychonomic Bulletin & Review, 22(4), 1142-1148.",10.3758/s13423-015-0866-8,https://doi.org/10.3758/s13423-015-0866-8,"Elliot, Kayser, Greitemeyer, Lichtenfeld, Gramzow, Maier, and Liu (Journal of Experimental Psychology: General, 139(3), 399-417, 2010) showed that presenting men in front of a red background or with a red shirt enhances their attractiveness, sexual desirability, and status in the eyes of female observers. The purpose of the present research was to gain further insights concerning the robustness and the ecological validity of this red effect. In two experiments, we replicated the basic paradigm used by Elliot et al. Experiment 1 was a close replication of the first experiment in their original series. We presented the photo of a young man used by Elliot et al. on either a red or white background and asked participants (N = 89, female subsample n = 72) to rate it with regard to perceived attractiveness. Experiment 2 (N = 32) represents a somewhat more complex version of the first experiment; we increased the variance of the stimuli by showing photos of multiple men wearing different apparel styles (formal and casual, respectively). We did not find any significant impact of red in either of the studies. What we found, however, was a significant effect of apparel style with attractiveness ratings being higher for men wearing formal apparel than for men wearing casual apparel. Our results question the robustness and the ecological validity of Elliot et al.'s finding. On a more general level, they further point to limitations arising from (often necessary) restrictions in experimental designs.",failed,We did not find any significant impact of red in either of the studies. Our results question the robustness and the ecological validity of Elliot et al.'s finding.,abstract,"flora-extractor offline run 2026-09-21 (works outside the survivor pool); link_method=llm_references, link_confidence=high. Corroborated by the Metascience Observatory: same original DOI and same outcome (failure). In two experiments, we replicated the basic paradigm used by Elliot et al. Experiment 1 was a close replication of the first experiment in their original series.",,2015,,AI,,,,,
"Golomb, J. D., & Kanwisher, N. (2012). Retinotopic memory is more precise than spatiotopic memory. Proceedings of the National Academy of Sciences, 109(5), 1796–1801. https://doi.org/10.1073/pnas.1113168109",10.1073/pnas.1113168109,https://doi.org/10.1073/pnas.1113168109,"Shafer-Skelton, A., Golomb, J. D. (2017). Memory for retinotopic locations is more accurate than memory for spatiotopic locations, even for visually guided reaching. Psychonomic Bulletin & Review, 25(4), 1388-1398.",10.3758/s13423-017-1401-x,https://doi.org/10.3758/s13423-017-1401-x,"To interact successfully with objects, we must maintain stable representations of their locations in the world. However, their images on the retina may be displaced several times per second by large, rapid eye movements. A number of studies have demonstrated that visual processing is heavily influenced by gaze-centered (retinotopic) information, including a recent finding that memory for an object's location is more accurate and precise in gaze-centered (retinotopic) than world-centered (spatiotopic) coordinates (Golomb & Kanwisher, 2012b). This effect is somewhat surprising, given our intuition that behavior is successfully guided by spatiotopic representations. In the present experiment, we asked whether the visual system may rely on a more spatiotopic memory store depending on the mode of responding. Specifically, we tested whether reaching toward and tapping directly on an object's location could improve memory for its spatiotopic location. Participants performed a spatial working memory task under four conditions: retinotopic vs. spatiotopic task, and computer mouse click vs. touchscreen reaching response. When participants responded by clicking with a mouse on the screen, we replicated Golomb & Kanwisher's original results, finding that memory was more accurate in retinotopic than spatiotopic coordinates and that the accuracy of spatiotopic memory deteriorated substantially more than retinotopic memory with additional eye movements during the memory delay. Critically, we found the same pattern of results when participants responded by using their finger to reach and tap the remembered location on the monitor. These results further support the hypothesis that spatial memory is natively retinotopic; we found no evidence that engaging the motor system improves spatiotopic memory across saccades.",successful,"When participants responded by clicking with a mouse on the screen, we replicated Golomb & Kanwisher's original results, finding that memory was more accurate in retinotopic than spatiotopic coordinates and that the accuracy of spatiotopic memory deteriorated substantially more than retinotopic memory with additional eye movements during the memory delay. Critically, we found the same pattern of results when participants responded by using their finger to reach and tap the remembered location on the monitor.",abstract,"flora-extractor offline run 2026-09-21 (works outside the survivor pool); link_method=llm_cited_candidates, link_confidence=high. Corroborated by the Metascience Observatory: same original DOI and same outcome (success). When participants responded by clicking with a mouse on the screen, we replicated Golomb & Kanwisher's original results",,2018,,AI,,,,,
